email,name,semester,subjects,subjectType,course,seatNumber,batch
aksa.ansari@somaiya.edu,Aksa Gulam Ansari,1,"[Algorithm and Cpp programming,Web Technology,Digital Electronics,Discrete Mathematics,Professional Communication Skill I,Web Technology,Digital Electronics,Algorithm and Cpp programming,Constitution and Public Policy]","[Theory,Theory,Theory,Theory,Theory,Practical,Practical,Practical,Theory]",Bachelor of Science (Computer Science),31011124001,"[1,1,1,1,1,1,1,1,1]"
mantasha.a@somaiya.edu,Mantasha Naushad Ansari,1,"[Algorithm and Cpp programming,Web Technology,Digital Electronics,Discrete Mathematics,Professional Communication Skill I,Web Technology,Digital Electronics,Algorithm and Cpp programming,Constitution and Public Policy]","[Theory,Theory,Theory,Theory,Theory,Practical,Practical,Practical,Theory]",Bachelor of Science (Computer Science),31011124002,"[1,1,1,1,1,1,1,1,1]"
moiz.arsiwala@somaiya.edu,Moiz Huzefa Arsiwala,1,"[Algorithm and Cpp programming,Web Technology,Digital Electronics,Discrete Mathematics,Professional Communication Skill I,Web Technology,Digital Electronics,Algorithm and Cpp programming,Constitution and Public Policy]","[Theory,Theory,Theory,Theory,Theory,Practical,Practical,Practical,Theory]",Bachelor of Science (Computer Science),31011124003,"[1,1,1,1,1,1,1,1,1]"
shravani.bhoir@somaiya.edu,Shravani Sadanand Bhoir,1,"[Algorithm and Cpp programming,Web Technology,Digital Electronics,Discrete Mathematics,Professional Communication Skill I,Web Technology,Digital Electronics,Algorithm and Cpp programming,Constitution and Public Policy]","[Theory,Theory,Theory,Theory,Theory,Practical,Practical,Practical,Theory]",Bachelor of Science (Computer Science),31011124004,"[1,1,1,1,1,1,1,1,1]"
sushil.bhonsle@somaiya.edu,Sushil Siddhartha Bhonsle,1,"[Algorithm and Cpp programming,Web Technology,Digital Electronics,Discrete Mathematics,Professional Communication Skill I,Web Technology,Digital Electronics,Algorithm and Cpp programming,Constitution and Public Policy]","[Theory,Theory,Theory,Theory,Theory,Practical,Practical,Practical,Theory]",Bachelor of Science (Computer Science),31011124005,"[1,1,1,1,1,1,1,1,1]"
deepak.b@somaiya.edu,Deepak Gorakh Bhul,1,"[Algorithm and Cpp programming,Web Technology,Digital Electronics,Discrete Mathematics,Professional Communication Skill I,Web Technology,Digital Electronics,Algorithm and Cpp programming,Constitution and Public Policy]","[Theory,Theory,Theory,Theory,Theory,Practical,Practical,Practical,Theory]",Bachelor of Science (Computer Science),31011124006,"[1,1,1,1,1,1,1,1,1]"
raj.biramane@somaiya.edu,Raj Jitendra Biramane,1,"[Algorithm and Cpp programming,Web Technology,Digital Electronics,Discrete Mathematics,Professional Communication Skill I,Web Technology,Digital Electronics,Algorithm and Cpp programming,Constitution and Public Policy]","[Theory,Theory,Theory,Theory,Theory,Practical,Practical,Practical,Theory]",Bachelor of Science (Computer Science),31011124007,"[1,1,1,1,1,1,1,1,1]"
aryan.sb@somaiya.edu,Aryan Santosh Bodke,1,"[Algorithm and Cpp programming,Web Technology,Digital Electronics,Discrete Mathematics,Professional Communication Skill I,Web Technology,Digital Electronics,Algorithm and Cpp programming,Constitution and Public Policy]","[Theory,Theory,Theory,Theory,Theory,Practical,Practical,Practical,Theory]",Bachelor of Science (Computer Science),31011124008,"[1,1,1,1,1,1,1,1,1]"
kismat.c@somaiya.edu,Kismat Kailash Champawat,1,"[Algorithm and Cpp programming,Web Technology,Digital Electronics,Discrete Mathematics,Professional Communication Skill I,Web Technology,Digital Electronics,Algorithm and Cpp programming,Constitution and Public Policy]","[Theory,Theory,Theory,Theory,Theory,Practical,Practical,Practical,Theory]",Bachelor of Science (Computer Science),31011124009,"[1,1,1,1,1,1,1,1,1]"
chaudhary.r@somaiya.edu,Rahul  Chaudhary,1,"[Algorithm and Cpp programming,Web Technology,Digital Electronics,Discrete Mathematics,Professional Communication Skill I,Web Technology,Digital Electronics,Algorithm and Cpp programming,Constitution and Public Policy]","[Theory,Theory,Theory,Theory,Theory,Practical,Practical,Practical,Theory]",Bachelor of Science (Computer Science),31011124010,"[1,1,1,1,1,1,1,1,1]"
shlokpratap.c@somaiya.edu,Shlok Pratap Chauhan,1,"[Algorithm and Cpp programming,Web Technology,Digital Electronics,Discrete Mathematics,Professional Communication Skill I,Web Technology,Digital Electronics,Algorithm and Cpp programming,Constitution and Public Policy]","[Theory,Theory,Theory,Theory,Theory,Practical,Practical,Practical,Theory]",Bachelor of Science (Computer Science),31011124011,"[1,1,1,1,1,1,1,1,1]"
nancy.chawla@somaiya.edu,Nancy Deepak Chawla,1,"[Algorithm and Cpp programming,Web Technology,Digital Electronics,Discrete Mathematics,Professional Communication Skill I,Web Technology,Digital Electronics,Algorithm and Cpp programming,Constitution and Public Policy]","[Theory,Theory,Theory,Theory,Theory,Practical,Practical,Practical,Theory]",Bachelor of Science (Computer Science),31011124012,"[1,1,1,1,1,1,1,1,1]"
aisha.chougle@somaiya.edu,Aisha Abdulkalam Chougle,1,"[Algorithm and Cpp programming,Web Technology,Digital Electronics,Discrete Mathematics,Professional Communication Skill I,Web Technology,Digital Electronics,Algorithm and Cpp programming,Constitution and Public Policy]","[Theory,Theory,Theory,Theory,Theory,Practical,Practical,Practical,Theory]",Bachelor of Science (Computer Science),31011124013,"[1,1,1,1,1,1,1,1,1]"
vaishnavi.dhotre@somaiya.edu,Vaishnavi Vinayak Dhotre,1,"[Algorithm and Cpp programming,Web Technology,Digital Electronics,Discrete Mathematics,Professional Communication Skill I,Web Technology,Digital Electronics,Algorithm and Cpp programming,Constitution and Public Policy]","[Theory,Theory,Theory,Theory,Theory,Practical,Practical,Practical,Theory]",Bachelor of Science (Computer Science),31011124014,"[1,1,1,1,1,1,1,1,1]"
yash.dornala@somaiya.edu,Yash Srinivas Dornala,1,"[Algorithm and Cpp programming,Web Technology,Digital Electronics,Discrete Mathematics,Professional Communication Skill I,Web Technology,Digital Electronics,Algorithm and Cpp programming,Constitution and Public Policy]","[Theory,Theory,Theory,Theory,Theory,Practical,Practical,Practical,Theory]",Bachelor of Science (Computer Science),31011124015,"[1,1,1,1,1,1,1,1,1]"
divyansh.d@somaiya.edu,Divyansh Dinesh Dwivedi,1,"[Algorithm and Cpp programming,Web Technology,Digital Electronics,Discrete Mathematics,Professional Communication Skill I,Web Technology,Digital Electronics,Algorithm and Cpp programming,Constitution and Public Policy]","[Theory,Theory,Theory,Theory,Theory,Practical,Practical,Practical,Theory]",Bachelor of Science (Computer Science),31011124016,"[1,1,1,1,1,1,1,1,1]"
bhargav.gadekar@somaiya.edu,Bhargav Swayamprakash Gadekar,1,"[Algorithm and Cpp programming,Web Technology,Digital Electronics,Discrete Mathematics,Professional Communication Skill I,Web Technology,Digital Electronics,Algorithm and Cpp programming,Constitution and Public Policy]","[Theory,Theory,Theory,Theory,Theory,Practical,Practical,Practical,Theory]",Bachelor of Science (Computer Science),31011124017,"[1,1,1,1,1,1,1,1,1]"
siddhi.ag@somaiya.edu,Siddhi Ankush Gaikwad,1,"[Algorithm and Cpp programming,Web Technology,Digital Electronics,Discrete Mathematics,Professional Communication Skill I,Web Technology,Digital Electronics,Algorithm and Cpp programming,Constitution and Public Policy]","[Theory,Theory,Theory,Theory,Theory,Practical,Practical,Practical,Theory]",Bachelor of Science (Computer Science),31011124018,"[1,1,1,1,1,1,1,1,1]"
nirek.g@somaiya.edu,Nirek Nishit Ganguly,1,"[Algorithm and Cpp programming,Web Technology,Digital Electronics,Discrete Mathematics,Professional Communication Skill I,Web Technology,Digital Electronics,Algorithm and Cpp programming,Constitution and Public Policy]","[Theory,Theory,Theory,Theory,Theory,Practical,Practical,Practical,Theory]",Bachelor of Science (Computer Science),31011124019,"[1,1,1,1,1,1,1,1,1]"
tanisha.gawali@somaiya.edu,Tanisha Rohit Gawali,1,"[Algorithm and Cpp programming,Web Technology,Digital Electronics,Discrete Mathematics,Professional Communication Skill I,Web Technology,Digital Electronics,Algorithm and Cpp programming,Constitution and Public Policy]","[Theory,Theory,Theory,Theory,Theory,Practical,Practical,Practical,Theory]",Bachelor of Science (Computer Science),31011124020,"[1,1,1,1,1,1,1,1,1]"
nishita.ghogale@somaiya.edu,Nishita Sharad Ghogale,1,"[Algorithm and Cpp programming,Web Technology,Digital Electronics,Discrete Mathematics,Professional Communication Skill I,Web Technology,Digital Electronics,Algorithm and Cpp programming,Constitution and Public Policy]","[Theory,Theory,Theory,Theory,Theory,Practical,Practical,Practical,Theory]",Bachelor of Science (Computer Science),31011124021,"[1,1,1,1,1,1,1,1,1]"
ayan.ghosh@somaiya.edu,Ayan Alokekumar Ghosh,1,"[Algorithm and Cpp programming,Web Technology,Digital Electronics,Discrete Mathematics,Professional Communication Skill I,Web Technology,Digital Electronics,Algorithm and Cpp programming,Constitution and Public Policy]","[Theory,Theory,Theory,Theory,Theory,Practical,Practical,Practical,Theory]",Bachelor of Science (Computer Science),31011124022,"[1,1,1,1,1,1,1,1,1]"
m.gill@somaiya.edu,Manthan Kumar Gill,1,"[Algorithm and Cpp programming,Web Technology,Digital Electronics,Discrete Mathematics,Professional Communication Skill I,Web Technology,Digital Electronics,Algorithm and Cpp programming,Constitution and Public Policy]","[Theory,Theory,Theory,Theory,Theory,Practical,Practical,Practical,Theory]",Bachelor of Science (Computer Science),31011124023,"[1,1,1,1,1,1,1,1,1]"
shashank.giri@somaiya.edu,Shashank Rambaksh Giri,1,"[Algorithm and Cpp programming,Web Technology,Digital Electronics,Discrete Mathematics,Professional Communication Skill I,Web Technology,Digital Electronics,Algorithm and Cpp programming,Constitution and Public Policy]","[Theory,Theory,Theory,Theory,Theory,Practical,Practical,Practical,Theory]",Bachelor of Science (Computer Science),31011124024,"[1,1,1,1,1,1,1,1,1]"
karanpuri.g@somaiya.edu,Karanpuri Prakash Goswami,1,"[Algorithm and Cpp programming,Web Technology,Digital Electronics,Discrete Mathematics,Professional Communication Skill I,Web Technology,Digital Electronics,Algorithm and Cpp programming,Constitution and Public Policy]","[Theory,Theory,Theory,Theory,Theory,Practical,Practical,Practical,Theory]",Bachelor of Science (Computer Science),31011124025,"[1,1,1,1,1,1,1,1,1]"
priyansh.gupta@somaiya.edu,Priyansh Mahendra Gupta,1,"[Algorithm and Cpp programming,Web Technology,Digital Electronics,Discrete Mathematics,Professional Communication Skill I,Web Technology,Digital Electronics,Algorithm and Cpp programming,Constitution and Public Policy]","[Theory,Theory,Theory,Theory,Theory,Practical,Practical,Practical,Theory]",Bachelor of Science (Computer Science),31011124026,"[1,1,1,1,1,1,1,1,1]"
shreshth.g@somaiya.edu,Shreshth Pankaj Gupta,1,"[Algorithm and Cpp programming,Web Technology,Digital Electronics,Discrete Mathematics,Professional Communication Skill I,Web Technology,Digital Electronics,Algorithm and Cpp programming,Constitution and Public Policy]","[Theory,Theory,Theory,Theory,Theory,Practical,Practical,Practical,Theory]",Bachelor of Science (Computer Science),31011124027,"[1,1,1,1,1,1,1,1,1]"
aayush.hiwalkar@somaiya.edu,Aayush Uday Hiwalkar,1,"[Algorithm and Cpp programming,Web Technology,Digital Electronics,Discrete Mathematics,Professional Communication Skill I,Web Technology,Digital Electronics,Algorithm and Cpp programming,Constitution and Public Policy]","[Theory,Theory,Theory,Theory,Theory,Practical,Practical,Practical,Theory]",Bachelor of Science (Computer Science),31011124028,"[1,1,1,1,1,1,1,1,1]"
samruddh.j@somaiya.edu,Samruddh Sagar Jadhav,1,"[Algorithm and Cpp programming,Web Technology,Digital Electronics,Discrete Mathematics,Professional Communication Skill I,Web Technology,Digital Electronics,Algorithm and Cpp programming,Constitution and Public Policy]","[Theory,Theory,Theory,Theory,Theory,Practical,Practical,Practical,Theory]",Bachelor of Science (Computer Science),31011124029,"[1,1,1,1,1,1,1,1,1]"
riya.jathan@somaiya.edu,Riya Nagesh Jathan,1,"[Algorithm and Cpp programming,Web Technology,Digital Electronics,Discrete Mathematics,Professional Communication Skill I,Web Technology,Digital Electronics,Algorithm and Cpp programming,Constitution and Public Policy]","[Theory,Theory,Theory,Theory,Theory,Practical,Practical,Practical,Theory]",Bachelor of Science (Computer Science),31011124030,"[1,1,1,1,1,1,1,1,1]"
dia.jhonsa@somaiya.edu,Dia Rajesh Jhonsa,1,"[Algorithm and Cpp programming,Web Technology,Digital Electronics,Discrete Mathematics,Professional Communication Skill I,Web Technology,Digital Electronics,Algorithm and Cpp programming,Constitution and Public Policy]","[Theory,Theory,Theory,Theory,Theory,Practical,Practical,Practical,Theory]",Bachelor of Science (Computer Science),31011124031,"[1,1,1,1,1,1,1,1,1]"
madhura.kj@somaiya.edu,Madhura Kishor Joshi,1,"[Algorithm and Cpp programming,Web Technology,Digital Electronics,Discrete Mathematics,Professional Communication Skill I,Web Technology,Digital Electronics,Algorithm and Cpp programming,Constitution and Public Policy]","[Theory,Theory,Theory,Theory,Theory,Practical,Practical,Practical,Theory]",Bachelor of Science (Computer Science),31011124032,"[1,1,1,1,1,1,1,1,1]"
krishi.kad@somaiya.edu,Krishi Ashok Kad,1,"[Algorithm and Cpp programming,Web Technology,Digital Electronics,Discrete Mathematics,Professional Communication Skill I,Web Technology,Digital Electronics,Algorithm and Cpp programming,Constitution and Public Policy]","[Theory,Theory,Theory,Theory,Theory,Practical,Practical,Practical,Theory]",Bachelor of Science (Computer Science),31011124033,"[1,1,1,1,1,1,1,1,1]"
soham.vk@somaiya.edu,Soham Vijay Kadam,1,"[Algorithm and Cpp programming,Web Technology,Digital Electronics,Discrete Mathematics,Professional Communication Skill I,Web Technology,Digital Electronics,Algorithm and Cpp programming,Constitution and Public Policy]","[Theory,Theory,Theory,Theory,Theory,Practical,Practical,Practical,Theory]",Bachelor of Science (Computer Science),31011124034,"[1,1,1,1,1,1,1,1,1]"
siddhi.mk@somaiya.edu,Siddhi Mangesh Kamble,1,"[Algorithm and Cpp programming,Web Technology,Digital Electronics,Discrete Mathematics,Professional Communication Skill I,Web Technology,Digital Electronics,Algorithm and Cpp programming,Constitution and Public Policy]","[Theory,Theory,Theory,Theory,Theory,Practical,Practical,Practical,Theory]",Bachelor of Science (Computer Science),31011124035,"[1,1,1,1,1,1,1,1,1]"
vaishnavi.kane@somaiya.edu,Vaishnavi Vasant Kane,1,"[Algorithm and Cpp programming,Web Technology,Digital Electronics,Discrete Mathematics,Professional Communication Skill I,Web Technology,Digital Electronics,Algorithm and Cpp programming,Constitution and Public Policy]","[Theory,Theory,Theory,Theory,Theory,Practical,Practical,Practical,Theory]",Bachelor of Science (Computer Science),31011124036,"[1,1,1,1,1,1,1,1,1]"
mahiba.khan@somaiya.edu,Mahiba Shuaib Khan,1,"[Algorithm and Cpp programming,Web Technology,Digital Electronics,Discrete Mathematics,Professional Communication Skill I,Web Technology,Digital Electronics,Algorithm and Cpp programming,Constitution and Public Policy]","[Theory,Theory,Theory,Theory,Theory,Practical,Practical,Practical,Theory]",Bachelor of Science (Computer Science),31011124037,"[1,1,1,1,1,1,1,1,1]"
shafia.khan@somaiya.edu,Shafia Parveen Khan,1,"[Algorithm and Cpp programming,Web Technology,Digital Electronics,Discrete Mathematics,Professional Communication Skill I,Web Technology,Digital Electronics,Algorithm and Cpp programming,Constitution and Public Policy]","[Theory,Theory,Theory,Theory,Theory,Practical,Practical,Practical,Theory]",Bachelor of Science (Computer Science),31011124038,"[1,1,1,1,1,1,1,1,1]"
zaki.khan@somaiya.edu,Zaki Shoeb Khan,1,"[Algorithm and Cpp programming,Web Technology,Digital Electronics,Discrete Mathematics,Professional Communication Skill I,Web Technology,Digital Electronics,Algorithm and Cpp programming,Constitution and Public Policy]","[Theory,Theory,Theory,Theory,Theory,Practical,Practical,Practical,Theory]",Bachelor of Science (Computer Science),31011124039,"[1,1,1,1,1,1,1,1,1]"
harsh.kharade@somaiya.edu,Harsh Vaibhav Kharade,1,"[Algorithm and Cpp programming,Web Technology,Digital Electronics,Discrete Mathematics,Professional Communication Skill I,Web Technology,Digital Electronics,Algorithm and Cpp programming,Constitution and Public Policy]","[Theory,Theory,Theory,Theory,Theory,Practical,Practical,Practical,Theory]",Bachelor of Science (Computer Science),31011124040,"[1,1,1,1,1,1,1,1,1]"
darsh.khedekar@somaiya.edu,Darsh Rajesh Khedekar,1,"[Algorithm and Cpp programming,Web Technology,Digital Electronics,Discrete Mathematics,Professional Communication Skill I,Web Technology,Digital Electronics,Algorithm and Cpp programming,Constitution and Public Policy]","[Theory,Theory,Theory,Theory,Theory,Practical,Practical,Practical,Theory]",Bachelor of Science (Computer Science),31011124041,"[1,1,1,1,1,1,1,1,1]"
aryan.khedkar@somaiya.edu,Aryan Mangesh Khedkar,1,"[Algorithm and Cpp programming,Web Technology,Digital Electronics,Discrete Mathematics,Professional Communication Skill I,Web Technology,Digital Electronics,Algorithm and Cpp programming,Constitution and Public Policy]","[Theory,Theory,Theory,Theory,Theory,Practical,Practical,Practical,Theory]",Bachelor of Science (Computer Science),31011124042,"[1,1,1,1,1,1,1,1,1]"
tauqeer.khot@somaiya.edu,Tauqeer Husna Khot,1,"[Algorithm and Cpp programming,Web Technology,Digital Electronics,Discrete Mathematics,Professional Communication Skill I,Web Technology,Digital Electronics,Algorithm and Cpp programming,Constitution and Public Policy]","[Theory,Theory,Theory,Theory,Theory,Practical,Practical,Practical,Theory]",Bachelor of Science (Computer Science),31011124043,"[1,1,1,1,1,1,1,1,1]"
k.kothari@somaiya.edu,Kavish Lalit Kothari,1,"[Algorithm and Cpp programming,Web Technology,Digital Electronics,Discrete Mathematics,Professional Communication Skill I,Web Technology,Digital Electronics,Algorithm and Cpp programming,Constitution and Public Policy]","[Theory,Theory,Theory,Theory,Theory,Practical,Practical,Practical,Theory]",Bachelor of Science (Computer Science),31011124044,"[1,1,1,1,1,1,1,1,1]"
neha.kulria@somaiya.edu,Neha Rohatash Kulria,1,"[Algorithm and Cpp programming,Web Technology,Digital Electronics,Discrete Mathematics,Professional Communication Skill I,Web Technology,Digital Electronics,Algorithm and Cpp programming,Constitution and Public Policy]","[Theory,Theory,Theory,Theory,Theory,Practical,Practical,Practical,Theory]",Bachelor of Science (Computer Science),31011124045,"[1,1,1,1,1,1,1,1,1]"
vinit.kurdekar@somaiya.edu,Vinit Manoj Kurdekar,1,"[Algorithm and Cpp programming,Web Technology,Digital Electronics,Discrete Mathematics,Professional Communication Skill I,Web Technology,Digital Electronics,Algorithm and Cpp programming,Constitution and Public Policy]","[Theory,Theory,Theory,Theory,Theory,Practical,Practical,Practical,Theory]",Bachelor of Science (Computer Science),31011124046,"[1,1,1,1,1,1,1,1,1]"
pooja.l@somaiya.edu,Pooja Chandulal Limbachiya,1,"[Algorithm and Cpp programming,Web Technology,Digital Electronics,Discrete Mathematics,Professional Communication Skill I,Web Technology,Digital Electronics,Algorithm and Cpp programming,Constitution and Public Policy]","[Theory,Theory,Theory,Theory,Theory,Practical,Practical,Practical,Theory]",Bachelor of Science (Computer Science),31011124047,"[1,1,1,1,1,1,1,1,1]"
krrish.maji@somaiya.edu,Krrish Somnath Maji,1,"[Algorithm and Cpp programming,Web Technology,Digital Electronics,Discrete Mathematics,Professional Communication Skill I,Web Technology,Digital Electronics,Algorithm and Cpp programming,Constitution and Public Policy]","[Theory,Theory,Theory,Theory,Theory,Practical,Practical,Practical,Theory]",Bachelor of Science (Computer Science),31011124048,"[1,1,1,1,1,1,1,1,1]"
sanju.maji@somaiya.edu,Sanju Samar Maji,1,"[Algorithm and Cpp programming,Web Technology,Digital Electronics,Discrete Mathematics,Professional Communication Skill I,Web Technology,Digital Electronics,Algorithm and Cpp programming,Constitution and Public Policy]","[Theory,Theory,Theory,Theory,Theory,Practical,Practical,Practical,Theory]",Bachelor of Science (Computer Science),31011124049,"[1,1,1,1,1,1,1,1,1]"
y.malpathak@somaiya.edu,Yash Yogesh Malpathak,1,"[Algorithm and Cpp programming,Web Technology,Digital Electronics,Discrete Mathematics,Professional Communication Skill I,Web Technology,Digital Electronics,Algorithm and Cpp programming,Constitution and Public Policy]","[Theory,Theory,Theory,Theory,Theory,Practical,Practical,Practical,Theory]",Bachelor of Science (Computer Science),31011124050,"[1,1,1,1,1,1,1,1,1]"
m.maniyar@somaiya.edu,Mohd Saqlain Maniyar,1,"[Algorithm and Cpp programming,Web Technology,Digital Electronics,Discrete Mathematics,Professional Communication Skill I,Web Technology,Digital Electronics,Algorithm and Cpp programming,Constitution and Public Policy]","[Theory,Theory,Theory,Theory,Theory,Practical,Practical,Practical,Theory]",Bachelor of Science (Computer Science),31011124051,"[1,1,1,1,1,1,1,1,1]"
adhira.m@somaiya.edu,Adhira Viswas Mannadiar,1,"[Algorithm and Cpp programming,Web Technology,Digital Electronics,Discrete Mathematics,Professional Communication Skill I,Web Technology,Digital Electronics,Algorithm and Cpp programming,Constitution and Public Policy]","[Theory,Theory,Theory,Theory,Theory,Practical,Practical,Practical,Theory]",Bachelor of Science (Computer Science),31011124052,"[1,1,1,1,1,1,1,1,1]"
debargho.mitra@somaiya.edu,Debargho Dipankar Mitra,1,"[Algorithm and Cpp programming,Web Technology,Digital Electronics,Discrete Mathematics,Professional Communication Skill I,Web Technology,Digital Electronics,Algorithm and Cpp programming,Constitution and Public Policy]","[Theory,Theory,Theory,Theory,Theory,Practical,Practical,Practical,Theory]",Bachelor of Science (Computer Science),31011124053,"[1,1,1,1,1,1,1,1,1]"
s.mohandule@somaiya.edu,Sharvari Anand Mohandule,1,"[Algorithm and Cpp programming,Web Technology,Digital Electronics,Discrete Mathematics,Professional Communication Skill I,Web Technology,Digital Electronics,Algorithm and Cpp programming,Constitution and Public Policy]","[Theory,Theory,Theory,Theory,Theory,Practical,Practical,Practical,Theory]",Bachelor of Science (Computer Science),31011124054,"[1,1,1,1,1,1,1,1,1]"
ishan.mohile@somaiya.edu,Ishan Swapnil Mohile,1,"[Algorithm and Cpp programming,Web Technology,Digital Electronics,Discrete Mathematics,Professional Communication Skill I,Web Technology,Digital Electronics,Algorithm and Cpp programming,Constitution and Public Policy]","[Theory,Theory,Theory,Theory,Theory,Practical,Practical,Practical,Theory]",Bachelor of Science (Computer Science),31011124055,"[1,1,1,1,1,1,1,1,1]"
carissa.nair@somaiya.edu,Carissa Anil Nair,1,"[Algorithm and Cpp programming,Web Technology,Digital Electronics,Discrete Mathematics,Professional Communication Skill I,Web Technology,Digital Electronics,Algorithm and Cpp programming,Constitution and Public Policy]","[Theory,Theory,Theory,Theory,Theory,Practical,Practical,Practical,Theory]",Bachelor of Science (Computer Science),31011124056,"[1,1,1,1,1,1,1,1,1]"
aarya.narvekar@somaiya.edu,Aarya Mahendra Narvekar,1,"[Algorithm and Cpp programming,Web Technology,Digital Electronics,Discrete Mathematics,Professional Communication Skill I,Web Technology,Digital Electronics,Algorithm and Cpp programming,Constitution and Public Policy]","[Theory,Theory,Theory,Theory,Theory,Practical,Practical,Practical,Theory]",Bachelor of Science (Computer Science),31011124057,"[1,1,1,1,1,2,2,2,1]"
mrugasi.n@somaiya.edu,Mrugasi Girish Navase,1,"[Algorithm and Cpp programming,Web Technology,Digital Electronics,Discrete Mathematics,Professional Communication Skill I,Web Technology,Digital Electronics,Algorithm and Cpp programming,Constitution and Public Policy]","[Theory,Theory,Theory,Theory,Theory,Practical,Practical,Practical,Theory]",Bachelor of Science (Computer Science),31011124058,"[1,1,1,1,1,2,2,2,1]"
aachal.pal@somaiya.edu,Aachal Kamlesh Pal,1,"[Algorithm and Cpp programming,Web Technology,Digital Electronics,Discrete Mathematics,Professional Communication Skill I,Web Technology,Digital Electronics,Algorithm and Cpp programming,Constitution and Public Policy]","[Theory,Theory,Theory,Theory,Theory,Practical,Practical,Practical,Theory]",Bachelor of Science (Computer Science),31011124059,"[1,1,1,1,1,2,2,2,1]"
mana.pande@somaiya.edu,Mana Vinod Pande,1,"[Algorithm and Cpp programming,Web Technology,Digital Electronics,Discrete Mathematics,Professional Communication Skill I,Web Technology,Digital Electronics,Algorithm and Cpp programming,Constitution and Public Policy]","[Theory,Theory,Theory,Theory,Theory,Practical,Practical,Practical,Theory]",Bachelor of Science (Computer Science),31011124060,"[1,1,1,1,1,2,2,2,1]"
isp@somaiya.edu,Isha Shailendra Parab,1,"[Algorithm and Cpp programming,Web Technology,Digital Electronics,Discrete Mathematics,Professional Communication Skill I,Web Technology,Digital Electronics,Algorithm and Cpp programming,Constitution and Public Policy]","[Theory,Theory,Theory,Theory,Theory,Practical,Practical,Practical,Theory]",Bachelor of Science (Computer Science),31011124061,"[1,1,1,1,1,2,2,2,1]"
maher.parmar@somaiya.edu,Maher Sunil Parmar,1,"[Algorithm and Cpp programming,Web Technology,Digital Electronics,Discrete Mathematics,Professional Communication Skill I,Web Technology,Digital Electronics,Algorithm and Cpp programming,Constitution and Public Policy]","[Theory,Theory,Theory,Theory,Theory,Practical,Practical,Practical,Theory]",Bachelor of Science (Computer Science),31011124062,"[1,1,1,1,1,2,2,2,1]"
shyam.dp@somaiya.edu,Shyam Dilip Parmar,1,"[Algorithm and Cpp programming,Web Technology,Digital Electronics,Discrete Mathematics,Professional Communication Skill I,Web Technology,Digital Electronics,Algorithm and Cpp programming,Constitution and Public Policy]","[Theory,Theory,Theory,Theory,Theory,Practical,Practical,Practical,Theory]",Bachelor of Science (Computer Science),31011124063,"[1,1,1,1,1,2,2,2,1]"
atharva.p@somaiya.edu,Atharva Avinash Patankar,1,"[Algorithm and Cpp programming,Web Technology,Digital Electronics,Discrete Mathematics,Professional Communication Skill I,Web Technology,Digital Electronics,Algorithm and Cpp programming,Constitution and Public Policy]","[Theory,Theory,Theory,Theory,Theory,Practical,Practical,Practical,Theory]",Bachelor of Science (Computer Science),31011124064,"[1,1,1,1,1,2,2,2,1]"
ritika.rp@somaiya.edu,Ritika Rajesh Patil,1,"[Algorithm and Cpp programming,Web Technology,Digital Electronics,Discrete Mathematics,Professional Communication Skill I,Web Technology,Digital Electronics,Algorithm and Cpp programming,Constitution and Public Policy]","[Theory,Theory,Theory,Theory,Theory,Practical,Practical,Practical,Theory]",Bachelor of Science (Computer Science),31011124065,"[1,1,1,1,1,2,2,2,1]"
shravani.hp@somaiya.edu,Shravani Hemant Pednekar,1,"[Algorithm and Cpp programming,Web Technology,Digital Electronics,Discrete Mathematics,Professional Communication Skill I,Web Technology,Digital Electronics,Algorithm and Cpp programming,Constitution and Public Policy]","[Theory,Theory,Theory,Theory,Theory,Practical,Practical,Practical,Theory]",Bachelor of Science (Computer Science),31011124066,"[1,1,1,1,1,2,2,2,1]"
bhumi.prabhu@somaiya.edu,Bhumi Prashant Prabhu,1,"[Algorithm and Cpp programming,Web Technology,Digital Electronics,Discrete Mathematics,Professional Communication Skill I,Web Technology,Digital Electronics,Algorithm and Cpp programming,Constitution and Public Policy]","[Theory,Theory,Theory,Theory,Theory,Practical,Practical,Practical,Theory]",Bachelor of Science (Computer Science),31011124067,"[1,1,1,1,1,2,2,2,1]"
anushriya.p@somaiya.edu,Anushriya Sanjay Pradhan,1,"[Algorithm and Cpp programming,Web Technology,Digital Electronics,Discrete Mathematics,Professional Communication Skill I,Web Technology,Digital Electronics,Algorithm and Cpp programming,Constitution and Public Policy]","[Theory,Theory,Theory,Theory,Theory,Practical,Practical,Practical,Theory]",Bachelor of Science (Computer Science),31011124068,"[1,1,1,1,1,2,2,2,1]"
prajapati.n@somaiya.edu,Nandini Dharamraj Prajapati,1,"[Algorithm and Cpp programming,Web Technology,Digital Electronics,Discrete Mathematics,Professional Communication Skill I,Web Technology,Digital Electronics,Algorithm and Cpp programming,Constitution and Public Policy]","[Theory,Theory,Theory,Theory,Theory,Practical,Practical,Practical,Theory]",Bachelor of Science (Computer Science),31011124069,"[1,1,1,1,1,2,2,2,1]"
abdulkabir.q@somaiya.edu,Abdul Kabir Qureshi,1,"[Algorithm and Cpp programming,Web Technology,Digital Electronics,Discrete Mathematics,Professional Communication Skill I,Web Technology,Digital Electronics,Algorithm and Cpp programming,Constitution and Public Policy]","[Theory,Theory,Theory,Theory,Theory,Practical,Practical,Practical,Theory]",Bachelor of Science (Computer Science),31011124070,"[1,1,1,1,1,2,2,2,1]"
vedang.raginwar@somaiya.edu,Vedang Vijay Raginwar,1,"[Algorithm and Cpp programming,Web Technology,Digital Electronics,Discrete Mathematics,Professional Communication Skill I,Web Technology,Digital Electronics,Algorithm and Cpp programming,Constitution and Public Policy]","[Theory,Theory,Theory,Theory,Theory,Practical,Practical,Practical,Theory]",Bachelor of Science (Computer Science),31011124071,"[1,1,1,1,1,2,2,2,1]"
ayush.rajwadkar@somaiya.edu,Ayush Harshad Rajwadkar,1,"[Algorithm and Cpp programming,Web Technology,Digital Electronics,Discrete Mathematics,Professional Communication Skill I,Web Technology,Digital Electronics,Algorithm and Cpp programming,Constitution and Public Policy]","[Theory,Theory,Theory,Theory,Theory,Practical,Practical,Practical,Theory]",Bachelor of Science (Computer Science),31011124072,"[1,1,1,1,1,2,2,2,1]"
kedar.r@somaiya.edu,Kedar Sadanand Ranzunjare,1,"[Algorithm and Cpp programming,Web Technology,Digital Electronics,Discrete Mathematics,Professional Communication Skill I,Web Technology,Digital Electronics,Algorithm and Cpp programming,Constitution and Public Policy]","[Theory,Theory,Theory,Theory,Theory,Practical,Practical,Practical,Theory]",Bachelor of Science (Computer Science),31011124073,"[1,1,1,1,1,2,2,2,1]"
yukti.rathod@somaiya.edu,Yukti Dhanji Rathod,1,"[Algorithm and Cpp programming,Web Technology,Digital Electronics,Discrete Mathematics,Professional Communication Skill I,Web Technology,Digital Electronics,Algorithm and Cpp programming,Constitution and Public Policy]","[Theory,Theory,Theory,Theory,Theory,Practical,Practical,Practical,Theory]",Bachelor of Science (Computer Science),31011124074,"[1,1,1,1,1,2,2,2,1]"
suhan.raut@somaiya.edu,Suhan Bharat Raut,1,"[Algorithm and Cpp programming,Web Technology,Digital Electronics,Discrete Mathematics,Professional Communication Skill I,Web Technology,Digital Electronics,Algorithm and Cpp programming,Constitution and Public Policy]","[Theory,Theory,Theory,Theory,Theory,Practical,Practical,Practical,Theory]",Bachelor of Science (Computer Science),31011124075,"[1,1,1,1,1,2,2,2,1]"
siyaanna.s@somaiya.edu,Siya Anna Sabu,1,"[Algorithm and Cpp programming,Web Technology,Digital Electronics,Discrete Mathematics,Professional Communication Skill I,Web Technology,Digital Electronics,Algorithm and Cpp programming,Constitution and Public Policy]","[Theory,Theory,Theory,Theory,Theory,Practical,Practical,Practical,Theory]",Bachelor of Science (Computer Science),31011124076,"[1,1,1,1,1,2,2,2,1]"
shradhanjali.s@somaiya.edu,Shradhanjali  Sahoo,1,"[Algorithm and Cpp programming,Web Technology,Digital Electronics,Discrete Mathematics,Professional Communication Skill I,Web Technology,Digital Electronics,Algorithm and Cpp programming,Constitution and Public Policy]","[Theory,Theory,Theory,Theory,Theory,Practical,Practical,Practical,Theory]",Bachelor of Science (Computer Science),31011124077,"[1,1,1,1,1,2,2,2,1]"
devjit.s@somaiya.edu,Devjit Gopinath Sanpui,1,"[Algorithm and Cpp programming,Web Technology,Digital Electronics,Discrete Mathematics,Professional Communication Skill I,Web Technology,Digital Electronics,Algorithm and Cpp programming,Constitution and Public Policy]","[Theory,Theory,Theory,Theory,Theory,Practical,Practical,Practical,Theory]",Bachelor of Science (Computer Science),31011124078,"[1,1,1,1,1,2,2,2,1]"
hrishik.sawant@somaiya.edu,Hrishik Nandadeep Sawant,1,"[Algorithm and Cpp programming,Web Technology,Digital Electronics,Discrete Mathematics,Professional Communication Skill I,Web Technology,Digital Electronics,Algorithm and Cpp programming,Constitution and Public Policy]","[Theory,Theory,Theory,Theory,Theory,Practical,Practical,Practical,Theory]",Bachelor of Science (Computer Science),31011124079,"[1,1,1,1,1,2,2,2,1]"
nas@somaiya.edu,Neel Amit Shah,1,"[Algorithm and Cpp programming,Web Technology,Digital Electronics,Discrete Mathematics,Professional Communication Skill I,Web Technology,Digital Electronics,Algorithm and Cpp programming,Constitution and Public Policy]","[Theory,Theory,Theory,Theory,Theory,Practical,Practical,Practical,Theory]",Bachelor of Science (Computer Science),31011124080,"[1,1,1,1,1,2,2,2,1]"
pavitra.s@somaiya.edu,Pavitra Rajesh Shah,1,"[Algorithm and Cpp programming,Web Technology,Digital Electronics,Discrete Mathematics,Professional Communication Skill I,Web Technology,Digital Electronics,Algorithm and Cpp programming,Constitution and Public Policy]","[Theory,Theory,Theory,Theory,Theory,Practical,Practical,Practical,Theory]",Bachelor of Science (Computer Science),31011124081,"[1,1,1,1,1,2,2,2,1]"
malaika.s@somaiya.edu,Malaika  Shaikh,1,"[Algorithm and Cpp programming,Web Technology,Digital Electronics,Discrete Mathematics,Professional Communication Skill I,Web Technology,Digital Electronics,Algorithm and Cpp programming,Constitution and Public Policy]","[Theory,Theory,Theory,Theory,Theory,Practical,Practical,Practical,Theory]",Bachelor of Science (Computer Science),31011124082,"[1,1,1,1,1,2,2,2,1]"
piyush.vs@somaiya.edu,Piyush Vijay Sharma,1,"[Algorithm and Cpp programming,Web Technology,Digital Electronics,Discrete Mathematics,Professional Communication Skill I,Web Technology,Digital Electronics,Algorithm and Cpp programming,Constitution and Public Policy]","[Theory,Theory,Theory,Theory,Theory,Practical,Practical,Practical,Theory]",Bachelor of Science (Computer Science),31011124083,"[1,1,1,1,1,2,2,2,1]"
thrishank.s@somaiya.edu,Thrishank Gangadhar Shetty,1,"[Algorithm and Cpp programming,Web Technology,Digital Electronics,Discrete Mathematics,Professional Communication Skill I,Web Technology,Digital Electronics,Algorithm and Cpp programming,Constitution and Public Policy]","[Theory,Theory,Theory,Theory,Theory,Practical,Practical,Practical,Theory]",Bachelor of Science (Computer Science),31011124084,"[1,1,1,1,1,2,2,2,1]"
aarya.shinkar@somaiya.edu,Aarya Balkrishna Shinkar,1,"[Algorithm and Cpp programming,Web Technology,Digital Electronics,Discrete Mathematics,Professional Communication Skill I,Web Technology,Digital Electronics,Algorithm and Cpp programming,Constitution and Public Policy]","[Theory,Theory,Theory,Theory,Theory,Practical,Practical,Practical,Theory]",Bachelor of Science (Computer Science),31011124085,"[1,1,1,1,1,2,2,2,1]"
abhishek.shukla@somaiya.edu,Abhishek Dwarikanath Shukla,1,"[Algorithm and Cpp programming,Web Technology,Digital Electronics,Discrete Mathematics,Professional Communication Skill I,Web Technology,Digital Electronics,Algorithm and Cpp programming,Constitution and Public Policy]","[Theory,Theory,Theory,Theory,Theory,Practical,Practical,Practical,Theory]",Bachelor of Science (Computer Science),31011124086,"[1,1,1,1,1,2,2,2,1]"
shriya.shukla@somaiya.edu,Shriya Satyaprakash Shukla,1,"[Algorithm and Cpp programming,Web Technology,Digital Electronics,Discrete Mathematics,Professional Communication Skill I,Web Technology,Digital Electronics,Algorithm and Cpp programming,Constitution and Public Policy]","[Theory,Theory,Theory,Theory,Theory,Practical,Practical,Practical,Theory]",Bachelor of Science (Computer Science),31011124087,"[1,1,1,1,1,2,2,2,1]"
pawan.ps@somaiya.edu,Pawan Praveen Singh,1,"[Algorithm and Cpp programming,Web Technology,Digital Electronics,Discrete Mathematics,Professional Communication Skill I,Web Technology,Digital Electronics,Algorithm and Cpp programming,Constitution and Public Policy]","[Theory,Theory,Theory,Theory,Theory,Practical,Practical,Practical,Theory]",Bachelor of Science (Computer Science),31011124088,"[1,1,1,1,1,2,2,2,1]"
vedant.sonawane@somaiya.edu,Vedant Nitin Sonawane,1,"[Algorithm and Cpp programming,Web Technology,Digital Electronics,Discrete Mathematics,Professional Communication Skill I,Web Technology,Digital Electronics,Algorithm and Cpp programming,Constitution and Public Policy]","[Theory,Theory,Theory,Theory,Theory,Practical,Practical,Practical,Theory]",Bachelor of Science (Computer Science),31011124089,"[1,1,1,1,1,2,2,2,1]"
siddhi.sontakke@somaiya.edu,Siddhi Madhav Sontakke,1,"[Algorithm and Cpp programming,Web Technology,Digital Electronics,Discrete Mathematics,Professional Communication Skill I,Web Technology,Digital Electronics,Algorithm and Cpp programming,Constitution and Public Policy]","[Theory,Theory,Theory,Theory,Theory,Practical,Practical,Practical,Theory]",Bachelor of Science (Computer Science),31011124090,"[1,1,1,1,1,2,2,2,1]"
mahek.ct@somaiya.edu,Mahek Chandrakant Thakkar,1,"[Algorithm and Cpp programming,Web Technology,Digital Electronics,Discrete Mathematics,Professional Communication Skill I,Web Technology,Digital Electronics,Algorithm and Cpp programming,Constitution and Public Policy]","[Theory,Theory,Theory,Theory,Theory,Practical,Practical,Practical,Theory]",Bachelor of Science (Computer Science),31011124091,"[1,1,1,1,1,2,2,2,1]"
meet.bt@somaiya.edu,Meet Bhavesh Thakkar,1,"[Algorithm and Cpp programming,Web Technology,Digital Electronics,Discrete Mathematics,Professional Communication Skill I,Web Technology,Digital Electronics,Algorithm and Cpp programming,Constitution and Public Policy]","[Theory,Theory,Theory,Theory,Theory,Practical,Practical,Practical,Theory]",Bachelor of Science (Computer Science),31011124092,"[1,1,1,1,1,2,2,2,1]"
r.thorat@somaiya.edu,Rashi Shivaji Thorat,1,"[Algorithm and Cpp programming,Web Technology,Digital Electronics,Discrete Mathematics,Professional Communication Skill I,Web Technology,Digital Electronics,Algorithm and Cpp programming,Constitution and Public Policy]","[Theory,Theory,Theory,Theory,Theory,Practical,Practical,Practical,Theory]",Bachelor of Science (Computer Science),31011124093,"[1,1,1,1,1,2,2,2,1]"
honey.tolani@somaiya.edu,Honey Deepak Tolani,1,"[Algorithm and Cpp programming,Web Technology,Digital Electronics,Discrete Mathematics,Professional Communication Skill I,Web Technology,Digital Electronics,Algorithm and Cpp programming,Constitution and Public Policy]","[Theory,Theory,Theory,Theory,Theory,Practical,Practical,Practical,Theory]",Bachelor of Science (Computer Science),31011124094,"[1,1,1,1,1,2,2,2,1]"
aaradhya.varma@somaiya.edu,Aaradhya Abhishek Varma,1,"[Algorithm and Cpp programming,Web Technology,Digital Electronics,Discrete Mathematics,Professional Communication Skill I,Web Technology,Digital Electronics,Algorithm and Cpp programming,Constitution and Public Policy]","[Theory,Theory,Theory,Theory,Theory,Practical,Practical,Practical,Theory]",Bachelor of Science (Computer Science),31011124095,"[1,1,1,1,1,2,2,2,1]"
rpy@somaiya.edu,Rahul Pramod Yadav,1,"[Algorithm and Cpp programming,Web Technology,Digital Electronics,Discrete Mathematics,Professional Communication Skill I,Web Technology,Digital Electronics,Algorithm and Cpp programming,Constitution and Public Policy]","[Theory,Theory,Theory,Theory,Theory,Practical,Practical,Practical,Theory]",Bachelor of Science (Computer Science),31011124096,"[1,1,1,1,1,2,2,2,1]"
rudra.gaikwad@somaiya.edu,Rudra Rajesh Gaikwad,1,"[Algorithm and Cpp programming,Web Technology,Digital Electronics,Discrete Mathematics,Professional Communication Skill I,Web Technology,Digital Electronics,Algorithm and Cpp programming,Constitution and Public Policy]","[Theory,Theory,Theory,Theory,Theory,Practical,Practical,Practical,Theory]",Bachelor of Science (Computer Science),31011124097,"[1,1,1,1,1,2,2,2,1]"
shravani.kode@somaiya.edu,Shravani Yogesh Kode,1,"[Algorithm and Cpp programming,Web Technology,Digital Electronics,Discrete Mathematics,Professional Communication Skill I,Web Technology,Digital Electronics,Algorithm and Cpp programming,Constitution and Public Policy]","[Theory,Theory,Theory,Theory,Theory,Practical,Practical,Practical,Theory]",Bachelor of Science (Computer Science),31011124098,"[1,1,1,1,1,2,2,2,1]"
aqsafatema.n@somaiya.edu,Aqsa Fatema Naqvi,1,"[Algorithm and Cpp programming,Web Technology,Digital Electronics,Discrete Mathematics,Professional Communication Skill I,Web Technology,Digital Electronics,Algorithm and Cpp programming,Constitution and Public Policy]","[Theory,Theory,Theory,Theory,Theory,Practical,Practical,Practical,Theory]",Bachelor of Science (Computer Science),31011124099,"[1,1,1,1,1,2,2,2,1]"
hamzah.s@somaiya.edu,Hamzah Mohmmad Shaikh,1,"[Algorithm and Cpp programming,Web Technology,Digital Electronics,Discrete Mathematics,Professional Communication Skill I,Web Technology,Digital Electronics,Algorithm and Cpp programming,Constitution and Public Policy]","[Theory,Theory,Theory,Theory,Theory,Practical,Practical,Practical,Theory]",Bachelor of Science (Computer Science),31011124100,"[1,1,1,1,1,2,2,2,1]"
shravani.js@somaiya.edu,Shravani Jaywant Shete,1,"[Algorithm and Cpp programming,Web Technology,Digital Electronics,Discrete Mathematics,Professional Communication Skill I,Web Technology,Digital Electronics,Algorithm and Cpp programming,Constitution and Public Policy]","[Theory,Theory,Theory,Theory,Theory,Practical,Practical,Practical,Theory]",Bachelor of Science (Computer Science),31011124101,"[1,1,1,1,1,2,2,2,1]"
bhuvan.shetty@somaiya.edu,Bhuvan Sudhakar Shetty,1,"[Algorithm and Cpp programming,Web Technology,Digital Electronics,Discrete Mathematics,Professional Communication Skill I,Web Technology,Digital Electronics,Algorithm and Cpp programming,Constitution and Public Policy]","[Theory,Theory,Theory,Theory,Theory,Practical,Practical,Practical,Theory]",Bachelor of Science (Computer Science),31011124102,"[1,1,1,1,1,2,2,2,1]"
dhruv.hadal@somaiya.edu,Dhruv Jagannath Hadal,1,"[Algorithm and Cpp programming,Web Technology,Digital Electronics,Discrete Mathematics,Professional Communication Skill I,Web Technology,Digital Electronics,Algorithm and Cpp programming,Constitution and Public Policy]","[Theory,Theory,Theory,Theory,Theory,Practical,Practical,Practical,Theory]",Bachelor of Science (Computer Science),31011124103,"[1,1,1,1,1,2,2,2,1]"
naren.b@somaiya.edu,Naren Uday Beejadi,1,"[Algorithm and Cpp programming,Web Technology,Digital Electronics,Discrete Mathematics,Professional Communication Skill I,Web Technology,Digital Electronics,Algorithm and Cpp programming,Constitution and Public Policy]","[Theory,Theory,Theory,Theory,Theory,Practical,Practical,Practical,Theory]",Bachelor of Science (Computer Science),31011124104,"[1,1,1,1,1,2,2,2,1]"
parth.dabhade@somaiya.edu,Parth Rajendra Dabhade,1,"[Algorithm and Cpp programming,Web Technology,Digital Electronics,Discrete Mathematics,Professional Communication Skill I,Web Technology,Digital Electronics,Algorithm and Cpp programming,Constitution and Public Policy]","[Theory,Theory,Theory,Theory,Theory,Practical,Practical,Practical,Theory]",Bachelor of Science (Computer Science),31011124105,"[1,1,1,1,1,2,2,2,1]"
purva.deshmukh@somaiya.edu,Purva Balaram Deshmukh,1,"[Algorithm and Cpp programming,Web Technology,Digital Electronics,Discrete Mathematics,Professional Communication Skill I,Web Technology,Digital Electronics,Algorithm and Cpp programming,Constitution and Public Policy]","[Theory,Theory,Theory,Theory,Theory,Practical,Practical,Practical,Theory]",Bachelor of Science (Computer Science),31011124106,"[1,1,1,1,1,2,2,2,1]"
abhay.patel@somaiya.edu,Abhay Rajesh Patel,1,"[Algorithm and Cpp programming,Web Technology,Digital Electronics,Discrete Mathematics,Professional Communication Skill I,Web Technology,Digital Electronics,Algorithm and Cpp programming,Constitution and Public Policy]","[Theory,Theory,Theory,Theory,Theory,Practical,Practical,Practical,Theory]",Bachelor of Science (Computer Science),31011124107,"[1,1,1,1,1,2,2,2,1]"
dinky.r@somaiya.edu,Dinky Girish Rochani,1,"[Algorithm and Cpp programming,Web Technology,Digital Electronics,Discrete Mathematics,Professional Communication Skill I,Web Technology,Digital Electronics,Algorithm and Cpp programming,Constitution and Public Policy]","[Theory,Theory,Theory,Theory,Theory,Practical,Practical,Practical,Theory]",Bachelor of Science (Computer Science),31011124108,"[1,1,1,1,1,2,2,2,1]"
raksha.ms@somaiya.edu,Raksha Manoj Singh,1,"[Algorithm and Cpp programming,Web Technology,Digital Electronics,Discrete Mathematics,Professional Communication Skill I,Web Technology,Digital Electronics,Algorithm and Cpp programming,Constitution and Public Policy]","[Theory,Theory,Theory,Theory,Theory,Practical,Practical,Practical,Theory]",Bachelor of Science (Computer Science),31011124109,"[1,1,1,1,1,2,2,2,1]"
nisha.yadav@somaiya.edu,Nisha Suresh Yadav,1,"[Algorithm and Cpp programming,Web Technology,Digital Electronics,Discrete Mathematics,Professional Communication Skill I,Web Technology,Digital Electronics,Algorithm and Cpp programming,Constitution and Public Policy]","[Theory,Theory,Theory,Theory,Theory,Practical,Practical,Practical,Theory]",Bachelor of Science (Computer Science),31011124110,"[1,1,1,1,1,2,2,2,1]"
harsh.sg@somaiya.edu,Harsh Santosh Gupta,1,"[Algorithm and Cpp programming,Web Technology,Digital Electronics,Discrete Mathematics,Professional Communication Skill I,Web Technology,Digital Electronics,Algorithm and Cpp programming,Constitution and Public Policy]","[Theory,Theory,Theory,Theory,Theory,Practical,Practical,Practical,Theory]",Bachelor of Science (Computer Science),31011124111,"[1,1,1,1,1,2,2,2,1]"
disha.agarwal@somaiya.edu,Disha Anand Agarwal,3,"[Core Java,Core Java,Operating System and Linux,Operating System and Linux,Software Engineering,Data Structure using Python,Data Structure using Python,Software Engineering,Probability Distribution Statistics,Professional Communication Skill III]","[Theory,Practical,Theory,Practical,Practical,Theory,Practical,Theory,Theory,Theory]",Bachelor of Science (Computer Science),31011123001,"[1,1,1,1,1,1,1,1,1,1]"
rehmatbi.a@somaiya.edu,Rehmat Bi Agwan,3,"[Core Java,Core Java,Operating System and Linux,Operating System and Linux,Software Engineering,Data Structure using Python,Data Structure using Python,Software Engineering,Probability Distribution Statistics,Professional Communication Skill III]","[Theory,Practical,Theory,Practical,Practical,Theory,Practical,Theory,Theory,Theory]",Bachelor of Science (Computer Science),31011123002,"[1,1,1,1,1,1,1,1,1,1]"
prerana.b@somaiya.edu,Prerana Jayesh Bhamare,3,"[Core Java,Core Java,Operating System and Linux,Operating System and Linux,Software Engineering,Data Structure using Python,Data Structure using Python,Software Engineering,Probability Distribution Statistics,Professional Communication Skill III]","[Theory,Practical,Theory,Practical,Practical,Theory,Practical,Theory,Theory,Theory]",Bachelor of Science (Computer Science),31011123005,"[1,1,1,1,1,1,1,1,1,1]"
sara.bhanushali@somaiya.edu,Sara Sachin Bhanushali,3,"[Core Java,Core Java,Operating System and Linux,Operating System and Linux,Software Engineering,Data Structure using Python,Data Structure using Python,Software Engineering,Probability Distribution Statistics,Professional Communication Skill III]","[Theory,Practical,Theory,Practical,Practical,Theory,Practical,Theory,Theory,Theory]",Bachelor of Science (Computer Science),31011123007,"[1,1,1,1,1,1,1,1,1,1]"
d.bhatia@somaiya.edu,Dhruv Ajay Bhatia,3,"[Core Java,Core Java,Operating System and Linux,Operating System and Linux,Software Engineering,Data Structure using Python,Data Structure using Python,Software Engineering,Probability Distribution Statistics,Professional Communication Skill III]","[Theory,Practical,Theory,Practical,Practical,Theory,Practical,Theory,Theory,Theory]",Bachelor of Science (Computer Science),31011123008,"[1,1,1,1,1,1,1,1,1,1]"
mahek.bhikan@somaiya.edu,Mahek Salim Bhikan,3,"[Core Java,Core Java,Operating System and Linux,Operating System and Linux,Software Engineering,Data Structure using Python,Data Structure using Python,Software Engineering,Probability Distribution Statistics,Professional Communication Skill III]","[Theory,Practical,Theory,Practical,Practical,Theory,Practical,Theory,Theory,Theory]",Bachelor of Science (Computer Science),31011123009,"[1,1,1,1,1,1,1,1,1,1]"
harsh.dawne@somaiya.edu,Harsh  Dawne,3,"[Core Java,Core Java,Operating System and Linux,Operating System and Linux,Software Engineering,Data Structure using Python,Data Structure using Python,Software Engineering,Probability Distribution Statistics,Professional Communication Skill III]","[Theory,Practical,Theory,Practical,Practical,Theory,Practical,Theory,Theory,Theory]",Bachelor of Science (Computer Science),31011123011,"[1,1,1,1,1,1,1,1,1,1]"
manali.deshpande@somaiya.edu,Manali Sachin Deshpande,3,"[Core Java,Core Java,Operating System and Linux,Operating System and Linux,Software Engineering,Data Structure using Python,Data Structure using Python,Software Engineering,Probability Distribution Statistics,Professional Communication Skill III]","[Theory,Practical,Theory,Practical,Practical,Theory,Practical,Theory,Theory,Theory]",Bachelor of Science (Computer Science),31011123012,"[1,1,1,1,1,1,1,1,1,1]"
yogeesh.d@somaiya.edu,Yogeesh Rajesh Dharak,3,"[Core Java,Core Java,Operating System and Linux,Operating System and Linux,Software Engineering,Data Structure using Python,Data Structure using Python,Software Engineering,Probability Distribution Statistics,Professional Communication Skill III]","[Theory,Practical,Theory,Practical,Practical,Theory,Practical,Theory,Theory,Theory]",Bachelor of Science (Computer Science),31011123013,"[1,1,1,1,1,1,1,1,1,1]"
deeksha.dubey@somaiya.edu,Deeksha Mayank Dubey,3,"[Core Java,Core Java,Operating System and Linux,Operating System and Linux,Software Engineering,Data Structure using Python,Data Structure using Python,Software Engineering,Probability Distribution Statistics,Professional Communication Skill III]","[Theory,Practical,Theory,Practical,Practical,Theory,Practical,Theory,Theory,Theory]",Bachelor of Science (Computer Science),31011123014,"[1,1,1,1,1,1,1,1,1,1]"
masarrath.f@somaiya.edu,Masarrath  Fathima,3,"[Core Java,Core Java,Operating System and Linux,Operating System and Linux,Software Engineering,Data Structure using Python,Data Structure using Python,Software Engineering,Probability Distribution Statistics,Professional Communication Skill III]","[Theory,Practical,Theory,Practical,Practical,Theory,Practical,Theory,Theory,Theory]",Bachelor of Science (Computer Science),31011123015,"[1,1,1,1,1,1,1,1,1,1]"
adarsh.gajula@somaiya.edu,Adarsh Ajay Gajula,3,"[Core Java,Core Java,Operating System and Linux,Operating System and Linux,Software Engineering,Data Structure using Python,Data Structure using Python,Software Engineering,Probability Distribution Statistics,Professional Communication Skill III]","[Theory,Practical,Theory,Practical,Practical,Theory,Practical,Theory,Theory,Theory]",Bachelor of Science (Computer Science),31011123017,"[1,1,1,1,1,1,1,1,1,1]"
atharva.mg@somaiya.edu,Atharva Mahesh Gawde,3,"[Core Java,Core Java,Operating System and Linux,Operating System and Linux,Software Engineering,Data Structure using Python,Data Structure using Python,Software Engineering,Probability Distribution Statistics,Professional Communication Skill III]","[Theory,Practical,Theory,Practical,Practical,Theory,Practical,Theory,Theory,Theory]",Bachelor of Science (Computer Science),31011123018,"[1,1,1,1,1,1,1,1,1,1]"
c.haldankar@somaiya.edu,Chinmay Vijay Haldankar,3,"[Core Java,Core Java,Operating System and Linux,Operating System and Linux,Software Engineering,Data Structure using Python,Data Structure using Python,Software Engineering,Probability Distribution Statistics,Professional Communication Skill III]","[Theory,Practical,Theory,Practical,Practical,Theory,Practical,Theory,Theory,Theory]",Bachelor of Science (Computer Science),31011123020,"[1,1,1,1,1,1,1,1,1,1]"
yash.hingu@somaiya.edu,Yash Rakesh Hingu,3,"[Core Java,Core Java,Operating System and Linux,Operating System and Linux,Software Engineering,Data Structure using Python,Data Structure using Python,Software Engineering,Probability Distribution Statistics,Professional Communication Skill III]","[Theory,Practical,Theory,Practical,Practical,Theory,Practical,Theory,Theory,Theory]",Bachelor of Science (Computer Science),31011123021,"[1,1,1,1,1,1,1,1,1,1]"
samruddhi.kakade@somaiya.edu,Samruddhi Sudam Kakade,3,"[Core Java,Core Java,Operating System and Linux,Operating System and Linux,Software Engineering,Data Structure using Python,Data Structure using Python,Software Engineering,Probability Distribution Statistics,Professional Communication Skill III]","[Theory,Practical,Theory,Practical,Practical,Theory,Practical,Theory,Theory,Theory]",Bachelor of Science (Computer Science),31011123022,"[1,1,1,1,1,1,1,1,1,1]"
aadi.k@somaiya.edu,Aadi Devdas Kandolkar,3,"[Core Java,Core Java,Operating System and Linux,Operating System and Linux,Software Engineering,Data Structure using Python,Data Structure using Python,Software Engineering,Probability Distribution Statistics,Professional Communication Skill III]","[Theory,Practical,Theory,Practical,Practical,Theory,Practical,Theory,Theory,Theory]",Bachelor of Science (Computer Science),31011123024,"[1,1,1,1,1,1,1,1,1,1]"
ayush.kasare@somaiya.edu,Ayush Dinesh Kasare,3,"[Core Java,Core Java,Operating System and Linux,Operating System and Linux,Software Engineering,Data Structure using Python,Data Structure using Python,Software Engineering,Probability Distribution Statistics,Professional Communication Skill III]","[Theory,Practical,Theory,Practical,Practical,Theory,Practical,Theory,Theory,Theory]",Bachelor of Science (Computer Science),31011123025,"[1,1,1,1,1,1,1,1,1,1]"
saniya.am@somaiya.edu,Saniya Arvind Mahadik,3,"[Core Java,Core Java,Operating System and Linux,Operating System and Linux,Software Engineering,Data Structure using Python,Data Structure using Python,Software Engineering,Probability Distribution Statistics,Professional Communication Skill III]","[Theory,Practical,Theory,Practical,Practical,Theory,Practical,Theory,Theory,Theory]",Bachelor of Science (Computer Science),31011123027,"[1,1,1,1,1,1,1,1,1,1]"
prashant.rm@somaiya.edu,Prashant Rajesh Mishra,3,"[Core Java,Core Java,Operating System and Linux,Operating System and Linux,Software Engineering,Data Structure using Python,Data Structure using Python,Software Engineering,Probability Distribution Statistics,Professional Communication Skill III]","[Theory,Practical,Theory,Practical,Practical,Theory,Practical,Theory,Theory,Theory]",Bachelor of Science (Computer Science),31011123028,"[1,1,1,1,1,1,1,1,1,1]"
rudraksh.m@somaiya.edu,Rudraksh Sunil Mishra,3,"[Core Java,Core Java,Operating System and Linux,Operating System and Linux,Software Engineering,Data Structure using Python,Data Structure using Python,Software Engineering,Probability Distribution Statistics,Professional Communication Skill III]","[Theory,Practical,Theory,Practical,Practical,Theory,Practical,Theory,Theory,Theory]",Bachelor of Science (Computer Science),31011123029,"[1,1,1,1,1,1,1,1,1,1]"
ashlesha.m@somaiya.edu,Ashlesha Sandeep More,3,"[Core Java,Core Java,Operating System and Linux,Operating System and Linux,Software Engineering,Data Structure using Python,Data Structure using Python,Software Engineering,Probability Distribution Statistics,Professional Communication Skill III]","[Theory,Practical,Theory,Practical,Practical,Theory,Practical,Theory,Theory,Theory]",Bachelor of Science (Computer Science),31011123030,"[1,1,1,1,1,1,1,1,1,1]"
mansi.mourya@somaiya.edu,Mansi Ramchandra Mourya,3,"[Core Java,Core Java,Operating System and Linux,Operating System and Linux,Software Engineering,Data Structure using Python,Data Structure using Python,Software Engineering,Probability Distribution Statistics,Professional Communication Skill III]","[Theory,Practical,Theory,Practical,Practical,Theory,Practical,Theory,Theory,Theory]",Bachelor of Science (Computer Science),31011123031,"[1,1,1,1,1,1,1,1,1,1]"
zoya.mukri@somaiya.edu,Zoya Mohammed Mukri,3,"[Core Java,Core Java,Operating System and Linux,Operating System and Linux,Software Engineering,Data Structure using Python,Data Structure using Python,Software Engineering,Probability Distribution Statistics,Professional Communication Skill III]","[Theory,Practical,Theory,Practical,Practical,Theory,Practical,Theory,Theory,Theory]",Bachelor of Science (Computer Science),31011123033,"[1,1,1,1,1,1,1,1,1,1]"
rishi.nagwekar@somaiya.edu,Rishi Rajesh Nagwekar,3,"[Core Java,Core Java,Operating System and Linux,Operating System and Linux,Software Engineering,Data Structure using Python,Data Structure using Python,Software Engineering,Probability Distribution Statistics,Professional Communication Skill III]","[Theory,Practical,Theory,Practical,Practical,Theory,Practical,Theory,Theory,Theory]",Bachelor of Science (Computer Science),31011123034,"[1,1,1,1,1,1,1,1,1,1]"
sanika.nair@somaiya.edu,Sanika Shailesh Nair,3,"[Core Java,Core Java,Operating System and Linux,Operating System and Linux,Software Engineering,Data Structure using Python,Data Structure using Python,Software Engineering,Probability Distribution Statistics,Professional Communication Skill III]","[Theory,Practical,Theory,Practical,Practical,Theory,Practical,Theory,Theory,Theory]",Bachelor of Science (Computer Science),31011123035,"[1,1,1,1,1,1,1,1,1,1]"
harshal.nikam@somaiya.edu,Harshal Ajay Nikam,3,"[Core Java,Core Java,Operating System and Linux,Operating System and Linux,Software Engineering,Data Structure using Python,Data Structure using Python,Software Engineering,Probability Distribution Statistics,Professional Communication Skill III]","[Theory,Practical,Theory,Practical,Practical,Theory,Practical,Theory,Theory,Theory]",Bachelor of Science (Computer Science),31011123036,"[1,1,1,1,1,1,1,1,1,1]"
rsai.nikhila@somaiya.edu,R Sai Nikhila,3,"[Core Java,Core Java,Operating System and Linux,Operating System and Linux,Software Engineering,Data Structure using Python,Data Structure using Python,Software Engineering,Probability Distribution Statistics,Professional Communication Skill III]","[Theory,Practical,Theory,Practical,Practical,Theory,Practical,Theory,Theory,Theory]",Bachelor of Science (Computer Science),31011123037,"[1,1,1,1,1,1,1,1,1,1]"
raj.bp@somaiya.edu,Raj Bharat Panchal,3,"[Core Java,Core Java,Operating System and Linux,Operating System and Linux,Software Engineering,Data Structure using Python,Data Structure using Python,Software Engineering,Probability Distribution Statistics,Professional Communication Skill III]","[Theory,Practical,Theory,Practical,Practical,Theory,Practical,Theory,Theory,Theory]",Bachelor of Science (Computer Science),31011123038,"[1,1,1,1,1,1,1,1,1,1]"
hariom.p@somaiya.edu,Hariom Santosh Pandey,3,"[Core Java,Core Java,Operating System and Linux,Operating System and Linux,Software Engineering,Data Structure using Python,Data Structure using Python,Software Engineering,Probability Distribution Statistics,Professional Communication Skill III]","[Theory,Practical,Theory,Practical,Practical,Theory,Practical,Theory,Theory,Theory]",Bachelor of Science (Computer Science),31011123039,"[1,1,1,1,1,1,1,1,1,1]"
sarah.pardeshi@somaiya.edu,Sarah Prakash Pardeshi,3,"[Core Java,Core Java,Operating System and Linux,Operating System and Linux,Software Engineering,Data Structure using Python,Data Structure using Python,Software Engineering,Probability Distribution Statistics,Professional Communication Skill III]","[Theory,Practical,Theory,Practical,Practical,Theory,Practical,Theory,Theory,Theory]",Bachelor of Science (Computer Science),31011123040,"[1,1,1,1,1,1,1,1,1,1]"
lalmohammad.p@somaiya.edu,Lalmohammad Jakirhussen Patel,3,"[Core Java,Core Java,Operating System and Linux,Operating System and Linux,Software Engineering,Data Structure using Python,Data Structure using Python,Software Engineering,Probability Distribution Statistics,Professional Communication Skill III]","[Theory,Practical,Theory,Practical,Practical,Theory,Practical,Theory,Theory,Theory]",Bachelor of Science (Computer Science),31011123042,"[1,1,1,1,1,1,1,1,1,1]"
saara.patel@somaiya.edu,Saara Moosa Patel,3,"[Core Java,Core Java,Operating System and Linux,Operating System and Linux,Software Engineering,Data Structure using Python,Data Structure using Python,Software Engineering,Probability Distribution Statistics,Professional Communication Skill III]","[Theory,Practical,Theory,Practical,Practical,Theory,Practical,Theory,Theory,Theory]",Bachelor of Science (Computer Science),31011123043,"[1,1,1,1,1,1,1,1,1,1]"
aditya.patil9@somaiya.edu,Aditya Vilas Patil,3,"[Core Java,Core Java,Operating System and Linux,Operating System and Linux,Software Engineering,Data Structure using Python,Data Structure using Python,Software Engineering,Probability Distribution Statistics,Professional Communication Skill III]","[Theory,Practical,Theory,Practical,Practical,Theory,Practical,Theory,Theory,Theory]",Bachelor of Science (Computer Science),31011123044,"[1,1,1,1,1,1,1,1,1,1]"
amogh.patil@somaiya.edu,Amogh Vijendra Patil,3,"[Core Java,Core Java,Operating System and Linux,Operating System and Linux,Software Engineering,Data Structure using Python,Data Structure using Python,Software Engineering,Probability Distribution Statistics,Professional Communication Skill III]","[Theory,Practical,Theory,Practical,Practical,Theory,Practical,Theory,Theory,Theory]",Bachelor of Science (Computer Science),31011123045,"[1,1,1,1,1,1,1,1,1,1]"
jignesh.patil@somaiya.edu,Jignesh Nawal Patil,3,"[Core Java,Core Java,Operating System and Linux,Operating System and Linux,Software Engineering,Data Structure using Python,Data Structure using Python,Software Engineering,Probability Distribution Statistics,Professional Communication Skill III]","[Theory,Practical,Theory,Practical,Practical,Theory,Practical,Theory,Theory,Theory]",Bachelor of Science (Computer Science),31011123046,"[1,1,1,1,1,1,1,1,1,1]"
klaes.pinto@somaiya.edu,Klaes  Pinto,3,"[Core Java,Core Java,Operating System and Linux,Operating System and Linux,Software Engineering,Data Structure using Python,Data Structure using Python,Software Engineering,Probability Distribution Statistics,Professional Communication Skill III]","[Theory,Practical,Theory,Practical,Practical,Theory,Practical,Theory,Theory,Theory]",Bachelor of Science (Computer Science),31011123047,"[1,2,1,2,2,1,2,1,1,1]"
daniya.qazi@somaiya.edu,Daniya Shakir Qazi,3,"[Core Java,Core Java,Operating System and Linux,Operating System and Linux,Software Engineering,Data Structure using Python,Data Structure using Python,Software Engineering,Probability Distribution Statistics,Professional Communication Skill III]","[Theory,Practical,Theory,Practical,Practical,Theory,Practical,Theory,Theory,Theory]",Bachelor of Science (Computer Science),31011123048,"[1,2,1,2,2,1,2,1,1,1]"
govind.sahani@somaiya.edu,Govind Manish Sahani,3,"[Core Java,Core Java,Operating System and Linux,Operating System and Linux,Software Engineering,Data Structure using Python,Data Structure using Python,Software Engineering,Probability Distribution Statistics,Professional Communication Skill III]","[Theory,Practical,Theory,Practical,Practical,Theory,Practical,Theory,Theory,Theory]",Bachelor of Science (Computer Science),31011123049,"[1,2,1,2,2,1,2,1,1,1]"
v.sahani@somaiya.edu,Vivek  Sahani,3,"[Core Java,Core Java,Operating System and Linux,Operating System and Linux,Software Engineering,Data Structure using Python,Data Structure using Python,Software Engineering,Probability Distribution Statistics,Professional Communication Skill III]","[Theory,Practical,Theory,Practical,Practical,Theory,Practical,Theory,Theory,Theory]",Bachelor of Science (Computer Science),31011123050,"[1,2,1,2,2,1,2,1,1,1]"
vivekanand.s@somaiya.edu,Vivekanand Ashok Shahu,3,"[Core Java,Core Java,Operating System and Linux,Operating System and Linux,Software Engineering,Data Structure using Python,Data Structure using Python,Software Engineering,Probability Distribution Statistics,Professional Communication Skill III]","[Theory,Practical,Theory,Practical,Practical,Theory,Practical,Theory,Theory,Theory]",Bachelor of Science (Computer Science),31011123054,"[1,2,1,2,2,1,2,1,1,1]"
zarnam.s@somaiya.edu,Zarnam Mohammed Shaikh,3,"[Core Java,Core Java,Operating System and Linux,Operating System and Linux,Software Engineering,Data Structure using Python,Data Structure using Python,Software Engineering,Probability Distribution Statistics,Professional Communication Skill III]","[Theory,Practical,Theory,Practical,Practical,Theory,Practical,Theory,Theory,Theory]",Bachelor of Science (Computer Science),31011123055,"[1,2,1,2,2,1,2,1,1,1]"
kashish.rs@somaiya.edu,Kashish Rajkumar Sharma,3,"[Core Java,Core Java,Operating System and Linux,Operating System and Linux,Software Engineering,Data Structure using Python,Data Structure using Python,Software Engineering,Probability Distribution Statistics,Professional Communication Skill III]","[Theory,Practical,Theory,Practical,Practical,Theory,Practical,Theory,Theory,Theory]",Bachelor of Science (Computer Science),31011123056,"[1,2,1,2,2,1,2,1,1,1]"
mbs@somaiya.edu,Mahek Baburam Sharma,3,"[Core Java,Core Java,Operating System and Linux,Operating System and Linux,Software Engineering,Data Structure using Python,Data Structure using Python,Software Engineering,Probability Distribution Statistics,Professional Communication Skill III]","[Theory,Practical,Theory,Practical,Practical,Theory,Practical,Theory,Theory,Theory]",Bachelor of Science (Computer Science),31011123057,"[1,2,1,2,2,1,2,1,1,1]"
shirke.s@somaiya.edu,Siddhant Sachin Shirke,3,"[Core Java,Core Java,Operating System and Linux,Operating System and Linux,Software Engineering,Data Structure using Python,Data Structure using Python,Software Engineering,Probability Distribution Statistics,Professional Communication Skill III]","[Theory,Practical,Theory,Practical,Practical,Theory,Practical,Theory,Theory,Theory]",Bachelor of Science (Computer Science),31011123060,"[1,2,1,2,2,1,2,1,1,1]"
nitish.ds@somaiya.edu,Nitish Dilip Singh,3,"[Core Java,Core Java,Operating System and Linux,Operating System and Linux,Software Engineering,Data Structure using Python,Data Structure using Python,Software Engineering,Probability Distribution Statistics,Professional Communication Skill III]","[Theory,Practical,Theory,Practical,Practical,Theory,Practical,Theory,Theory,Theory]",Bachelor of Science (Computer Science),31011123062,"[1,2,1,2,2,1,2,1,1,1]"
raj.tamboskar@somaiya.edu,Raj Mandar Tamboskar,3,"[Core Java,Core Java,Operating System and Linux,Operating System and Linux,Software Engineering,Data Structure using Python,Data Structure using Python,Software Engineering,Probability Distribution Statistics,Professional Communication Skill III]","[Theory,Practical,Theory,Practical,Practical,Theory,Practical,Theory,Theory,Theory]",Bachelor of Science (Computer Science),31011123063,"[1,2,1,2,2,1,2,1,1,1]"
arvind.y@somaiya.edu,Arvind Ramnath Yadav,3,"[Core Java,Core Java,Operating System and Linux,Operating System and Linux,Software Engineering,Data Structure using Python,Data Structure using Python,Software Engineering,Probability Distribution Statistics,Professional Communication Skill III]","[Theory,Practical,Theory,Practical,Practical,Theory,Practical,Theory,Theory,Theory]",Bachelor of Science (Computer Science),31011123065,"[1,2,1,2,2,1,2,1,1,1]"
ajaykumar.g@somaiya.edu,Kumar  Ajay,3,"[Core Java,Core Java,Operating System and Linux,Operating System and Linux,Software Engineering,Data Structure using Python,Data Structure using Python,Software Engineering,Probability Distribution Statistics,Professional Communication Skill III]","[Theory,Practical,Theory,Practical,Practical,Theory,Practical,Theory,Theory,Theory]",Bachelor of Science (Computer Science),31011123066,"[1,2,1,2,2,1,2,1,1,1]"
ruben.j@somaiya.edu,Jacob  Ruben,3,"[Core Java,Core Java,Operating System and Linux,Operating System and Linux,Software Engineering,Data Structure using Python,Data Structure using Python,Software Engineering,Probability Distribution Statistics,Professional Communication Skill III]","[Theory,Practical,Theory,Practical,Practical,Theory,Practical,Theory,Theory,Theory]",Bachelor of Science (Computer Science),31011123067,"[1,2,1,2,2,1,2,1,1,1]"
ninad.gawde@somaiya.edu,Ninad Nilesh Gawde,3,"[Core Java,Core Java,Operating System and Linux,Operating System and Linux,Software Engineering,Data Structure using Python,Data Structure using Python,Software Engineering,Probability Distribution Statistics,Professional Communication Skill III]","[Theory,Practical,Theory,Practical,Practical,Theory,Practical,Theory,Theory,Theory]",Bachelor of Science (Computer Science),31011123068,"[1,2,1,2,2,1,2,1,1,1]"
nupur.masrani@somaiya.edu,Nupur Bhadresh Masrani,3,"[Core Java,Core Java,Operating System and Linux,Operating System and Linux,Software Engineering,Data Structure using Python,Data Structure using Python,Software Engineering,Probability Distribution Statistics,Professional Communication Skill III]","[Theory,Practical,Theory,Practical,Practical,Theory,Practical,Theory,Theory,Theory]",Bachelor of Science (Computer Science),31011123069,"[1,2,1,2,2,1,2,1,1,1]"
priyadarshni.p@somaiya.edu,Priyadarshni  Pillai,3,"[Core Java,Core Java,Operating System and Linux,Operating System and Linux,Software Engineering,Data Structure using Python,Data Structure using Python,Software Engineering,Probability Distribution Statistics,Professional Communication Skill III]","[Theory,Practical,Theory,Practical,Practical,Theory,Practical,Theory,Theory,Theory]",Bachelor of Science (Computer Science),31011123070,"[1,2,1,2,2,1,2,1,1,1]"
pratik.bhosale@somaiya.edu,Pratik Suhas Bhosale,3,"[Core Java,Core Java,Operating System and Linux,Operating System and Linux,Software Engineering,Data Structure using Python,Data Structure using Python,Software Engineering,Probability Distribution Statistics,Professional Communication Skill III]","[Theory,Practical,Theory,Practical,Practical,Theory,Practical,Theory,Theory,Theory]",Bachelor of Science (Computer Science),31011123074,"[1,2,1,2,2,1,2,1,1,1]"
vega.h@somaiya.edu,Vega Ravi Hanumantakar,3,"[Core Java,Core Java,Operating System and Linux,Operating System and Linux,Software Engineering,Data Structure using Python,Data Structure using Python,Software Engineering,Probability Distribution Statistics,Professional Communication Skill III]","[Theory,Practical,Theory,Practical,Practical,Theory,Practical,Theory,Theory,Theory]",Bachelor of Science (Computer Science),31011123075,"[1,2,1,2,2,1,2,1,1,1]"
yusra.j@somaiya.edu,Yusra Mohammed Jalaluddin,3,"[Core Java,Core Java,Operating System and Linux,Operating System and Linux,Software Engineering,Data Structure using Python,Data Structure using Python,Software Engineering,Probability Distribution Statistics,Professional Communication Skill III]","[Theory,Practical,Theory,Practical,Practical,Theory,Practical,Theory,Theory,Theory]",Bachelor of Science (Computer Science),31011123076,"[1,2,1,2,2,1,2,1,1,1]"
rohit.sc@somaiya.edu,Rohit Sujaram Choudhary,3,"[Core Java,Core Java,Operating System and Linux,Operating System and Linux,Software Engineering,Data Structure using Python,Data Structure using Python,Software Engineering,Probability Distribution Statistics,Professional Communication Skill III]","[Theory,Practical,Theory,Practical,Practical,Theory,Practical,Theory,Theory,Theory]",Bachelor of Science (Computer Science),31011123078,"[1,2,1,2,2,1,2,1,1,1]"
sahu.r@somaiya.edu,Rupali Rameshchandra Sahu,3,"[Core Java,Core Java,Operating System and Linux,Operating System and Linux,Software Engineering,Data Structure using Python,Data Structure using Python,Software Engineering,Probability Distribution Statistics,Professional Communication Skill III]","[Theory,Practical,Theory,Practical,Practical,Theory,Practical,Theory,Theory,Theory]",Bachelor of Science (Computer Science),31011123082,"[1,2,1,2,2,1,2,1,1,1]"
nachiket.amonkar@somaiya.edu,Nachiket Nitin Amonkar,3,"[Core Java,Core Java,Operating System and Linux,Operating System and Linux,Software Engineering,Data Structure using Python,Data Structure using Python,Software Engineering,Probability Distribution Statistics,Professional Communication Skill III]","[Theory,Practical,Theory,Practical,Practical,Theory,Practical,Theory,Theory,Theory]",Bachelor of Science (Computer Science),31011123083,"[1,2,1,2,2,1,2,1,1,1]"
a.chature@somaiya.edu,Aishwarya Sadashiv Chature,3,"[Core Java,Core Java,Operating System and Linux,Operating System and Linux,Software Engineering,Data Structure using Python,Data Structure using Python,Software Engineering,Probability Distribution Statistics,Professional Communication Skill III]","[Theory,Practical,Theory,Practical,Practical,Theory,Practical,Theory,Theory,Theory]",Bachelor of Science (Computer Science),31011123084,"[1,2,1,2,2,1,2,1,1,1]"
omkar.kardile@somaiya.edu,Omkar Kiran Kardile,3,"[Core Java,Core Java,Operating System and Linux,Operating System and Linux,Software Engineering,Data Structure using Python,Data Structure using Python,Software Engineering,Probability Distribution Statistics,Professional Communication Skill III]","[Theory,Practical,Theory,Practical,Practical,Theory,Practical,Theory,Theory,Theory]",Bachelor of Science (Computer Science),31011123086,"[1,2,1,2,2,1,2,1,1,1]"
shaikh.tasmiya@somaiya.edu,Shaikh  Tasmiya,3,"[Core Java,Core Java,Operating System and Linux,Operating System and Linux,Software Engineering,Data Structure using Python,Data Structure using Python,Software Engineering,Probability Distribution Statistics,Professional Communication Skill III]","[Theory,Practical,Theory,Practical,Practical,Theory,Practical,Theory,Theory,Theory]",Bachelor of Science (Computer Science),31011123088,"[1,2,1,2,2,1,2,1,1,1]"
aarya.phalke@somaiya.edu,Aarya Prashant Phalke,3,"[Core Java,Core Java,Operating System and Linux,Operating System and Linux,Software Engineering,Data Structure using Python,Data Structure using Python,Software Engineering,Probability Distribution Statistics,Professional Communication Skill III]","[Theory,Practical,Theory,Practical,Practical,Theory,Practical,Theory,Theory,Theory]",Bachelor of Science (Computer Science),31011123089,"[1,2,1,2,2,1,2,1,1,1]"
judith.c@somaiya.edu,Judith Salvita Christy,3,"[Core Java,Core Java,Operating System and Linux,Operating System and Linux,Software Engineering,Data Structure using Python,Data Structure using Python,Software Engineering,Probability Distribution Statistics,Professional Communication Skill III]","[Theory,Practical,Theory,Practical,Practical,Theory,Practical,Theory,Theory,Theory]",Bachelor of Science (Computer Science),31011123093,"[1,2,1,2,2,1,2,1,1,1]"
priya.bhowmick@somaiya.edu,Priya Siddharta Bhowmick,5,"[Data Mining and adaptive Business Intelligence,Information and Network Security,Information and Network Security,Software Testing and Quality Assurance,Software Testing and Quality Assurance,PL/SQL and NoSQL Databases,PL/SQL and NoSQL Databases,Artificial Intelligence,Artificial Intelligence,Data visualization and Analysis in Python,Data visualization and Analysis in Python,Data Mining and Adaptive Business Intelligence]","[Theory,Theory,Practical,Theory,Practical,Theory,Practical,Theory,Practical,Theory,Practical,Practical]",Bachelor of Science Computer Science (Honours),31011122005,"[1,1,1,1,1,1,1,1,1,1,1,1]"
j.bokoliya@somaiya.edu,Jitendra Shyamlal Bokoliya,5,"[Data Mining and adaptive Business Intelligence,Information and Network Security,Information and Network Security,Software Testing and Quality Assurance,Software Testing and Quality Assurance,PL/SQL and NoSQL Databases,PL/SQL and NoSQL Databases,Artificial Intelligence,Artificial Intelligence,Data visualization and Analysis in Python,Data visualization and Analysis in Python,Data Mining and Adaptive Business Intelligence]","[Theory,Theory,Practical,Theory,Practical,Theory,Practical,Theory,Practical,Theory,Practical,Practical]",Bachelor of Science Computer Science (Honours),31011122006,"[1,1,1,1,1,1,1,1,1,1,1,1]"
shreya.c@somaiya.edu,Shreya Uday Chalse,5,"[Data Mining and adaptive Business Intelligence,Information and Network Security,Information and Network Security,Software Testing and Quality Assurance,Software Testing and Quality Assurance,PL/SQL and NoSQL Databases,PL/SQL and NoSQL Databases,Artificial Intelligence,Artificial Intelligence,Data visualization and Analysis in Python,Data visualization and Analysis in Python,Data Mining and Adaptive Business Intelligence]","[Theory,Theory,Practical,Theory,Practical,Theory,Practical,Theory,Practical,Theory,Practical,Practical]",Bachelor of Science Computer Science (Honours),31011122007,"[1,1,1,1,1,1,1,1,1,1,1,1]"
aman.chauhan@somaiya.edu,Aman Mahajan Chauhan,5,"[Data Mining and adaptive Business Intelligence,Information and Network Security,Information and Network Security,Software Testing and Quality Assurance,Software Testing and Quality Assurance,PL/SQL and NoSQL Databases,PL/SQL and NoSQL Databases,Artificial Intelligence,Artificial Intelligence,Data visualization and Analysis in Python,Data visualization and Analysis in Python,Data Mining and Adaptive Business Intelligence]","[Theory,Theory,Practical,Theory,Practical,Theory,Practical,Theory,Practical,Theory,Practical,Practical]",Bachelor of Science Computer Science (Honours),31011122008,"[1,1,1,1,1,1,1,1,1,1,1,1]"
anup.chauhan@somaiya.edu,Anup Lalbahadur Chauhan,5,"[Data Mining and adaptive Business Intelligence,Information and Network Security,Information and Network Security,Software Testing and Quality Assurance,Software Testing and Quality Assurance,PL/SQL and NoSQL Databases,PL/SQL and NoSQL Databases,Artificial Intelligence,Artificial Intelligence,Data visualization and Analysis in Python,Data visualization and Analysis in Python,Data Mining and Adaptive Business Intelligence]","[Theory,Theory,Practical,Theory,Practical,Theory,Practical,Theory,Practical,Theory,Practical,Practical]",Bachelor of Science Computer Science (Honours),31011122009,"[1,1,1,1,1,1,1,1,1,1,1,1]"
kunal.chauhan@somaiya.edu,Kunal  Chauhan,5,"[Data Mining and adaptive Business Intelligence,Information and Network Security,Information and Network Security,Software Testing and Quality Assurance,Software Testing and Quality Assurance,PL/SQL and NoSQL Databases,PL/SQL and NoSQL Databases,Artificial Intelligence,Artificial Intelligence,Data visualization and Analysis in Python,Data visualization and Analysis in Python,Data Mining and Adaptive Business Intelligence]","[Theory,Theory,Practical,Theory,Practical,Theory,Practical,Theory,Practical,Theory,Practical,Practical]",Bachelor of Science Computer Science (Honours),31011122010,"[1,1,1,1,1,1,1,1,1,1,1,1]"
sakshi.kc@somaiya.edu,Sakshi Kunwar Chauhan,5,"[Data Mining and adaptive Business Intelligence,Information and Network Security,Information and Network Security,Software Testing and Quality Assurance,Software Testing and Quality Assurance,PL/SQL and NoSQL Databases,PL/SQL and NoSQL Databases,Artificial Intelligence,Artificial Intelligence,Data visualization and Analysis in Python,Data visualization and Analysis in Python,Data Mining and Adaptive Business Intelligence]","[Theory,Theory,Practical,Theory,Practical,Theory,Practical,Theory,Practical,Theory,Practical,Practical]",Bachelor of Science Computer Science (Honours),31011122011,"[1,1,1,1,1,1,1,1,1,1,1,1]"
shreya.chauhan@somaiya.edu,Shreya Sanjeev Chauhan,5,"[Data Mining and adaptive Business Intelligence,Information and Network Security,Information and Network Security,Software Testing and Quality Assurance,Software Testing and Quality Assurance,PL/SQL and NoSQL Databases,PL/SQL and NoSQL Databases,Artificial Intelligence,Artificial Intelligence,Data visualization and Analysis in Python,Data visualization and Analysis in Python,Data Mining and Adaptive Business Intelligence]","[Theory,Theory,Practical,Theory,Practical,Theory,Practical,Theory,Practical,Theory,Practical,Practical]",Bachelor of Science Computer Science (Honours),31011122012,"[1,1,1,1,1,1,1,1,1,1,1,1]"
chauhan.v@somaiya.edu,Vishal Prakash Chauhan,5,"[Data Mining and adaptive Business Intelligence,Information and Network Security,Information and Network Security,Software Testing and Quality Assurance,Software Testing and Quality Assurance,PL/SQL and NoSQL Databases,PL/SQL and NoSQL Databases,Artificial Intelligence,Artificial Intelligence,Data visualization and Analysis in Python,Data visualization and Analysis in Python,Data Mining and Adaptive Business Intelligence]","[Theory,Theory,Practical,Theory,Practical,Theory,Practical,Theory,Practical,Theory,Practical,Practical]",Bachelor of Science Computer Science (Honours),31011122013,"[1,1,1,1,1,1,1,1,1,1,1,1]"
soham.c@somaiya.edu,Soham Dinesh Chodanekar,5,"[Data Mining and adaptive Business Intelligence,Information and Network Security,Information and Network Security,Software Testing and Quality Assurance,Software Testing and Quality Assurance,PL/SQL and NoSQL Databases,PL/SQL and NoSQL Databases,Artificial Intelligence,Artificial Intelligence,Data visualization and Analysis in Python,Data visualization and Analysis in Python,Data Mining and Adaptive Business Intelligence]","[Theory,Theory,Practical,Theory,Practical,Theory,Practical,Theory,Practical,Theory,Practical,Practical]",Bachelor of Science Computer Science (Honours),31011122015,"[1,1,1,1,1,1,1,1,1,1,1,1]"
saurabh.c@somaiya.edu,Saurabh Santosh Chopade,5,"[Data Mining and adaptive Business Intelligence,Information and Network Security,Information and Network Security,Software Testing and Quality Assurance,Software Testing and Quality Assurance,PL/SQL and NoSQL Databases,PL/SQL and NoSQL Databases,Artificial Intelligence,Artificial Intelligence,Data visualization and Analysis in Python,Data visualization and Analysis in Python,Data Mining and Adaptive Business Intelligence]","[Theory,Theory,Practical,Theory,Practical,Theory,Practical,Theory,Practical,Theory,Practical,Practical]",Bachelor of Science Computer Science (Honours),31011122016,"[1,1,1,1,1,1,1,1,1,1,1,1]"
omi.chopda@somaiya.edu,Omi Prakash Chopda,5,"[Data Mining and adaptive Business Intelligence,Information and Network Security,Information and Network Security,Software Testing and Quality Assurance,Software Testing and Quality Assurance,PL/SQL and NoSQL Databases,PL/SQL and NoSQL Databases,Artificial Intelligence,Artificial Intelligence,Data visualization and Analysis in Python,Data visualization and Analysis in Python,Data Mining and Adaptive Business Intelligence]","[Theory,Theory,Practical,Theory,Practical,Theory,Practical,Theory,Practical,Theory,Practical,Practical]",Bachelor of Science Computer Science (Honours),31011122017,"[1,1,1,1,1,1,1,1,1,1,1,1]"
dc1@somaiya.edu,Deepak  Choudhary,5,"[Data Mining and adaptive Business Intelligence,Information and Network Security,Information and Network Security,Software Testing and Quality Assurance,Software Testing and Quality Assurance,PL/SQL and NoSQL Databases,PL/SQL and NoSQL Databases,Artificial Intelligence,Artificial Intelligence,Data visualization and Analysis in Python,Data visualization and Analysis in Python,Data Mining and Adaptive Business Intelligence]","[Theory,Theory,Practical,Theory,Practical,Theory,Practical,Theory,Practical,Theory,Practical,Practical]",Bachelor of Science Computer Science (Honours),31011122018,"[1,1,1,1,1,1,1,1,1,1,1,1]"
romy.dsouza@somaiya.edu,Romy Francis DSouza,5,"[Data Mining and adaptive Business Intelligence,Information and Network Security,Information and Network Security,Software Testing and Quality Assurance,Software Testing and Quality Assurance,PL/SQL and NoSQL Databases,PL/SQL and NoSQL Databases,Artificial Intelligence,Artificial Intelligence,Data visualization and Analysis in Python,Data visualization and Analysis in Python,Data Mining and Adaptive Business Intelligence]","[Theory,Theory,Practical,Theory,Practical,Theory,Practical,Theory,Practical,Theory,Practical,Practical]",Bachelor of Science Computer Science (Honours),31011122019,"[1,1,1,1,1,1,1,1,1,1,1,1]"
harshada.dalvi@somaiya.edu,Harshada Prashant Dalvi,5,"[Data Mining and adaptive Business Intelligence,Information and Network Security,Information and Network Security,Software Testing and Quality Assurance,Software Testing and Quality Assurance,PL/SQL and NoSQL Databases,PL/SQL and NoSQL Databases,Artificial Intelligence,Artificial Intelligence,Data visualization and Analysis in Python,Data visualization and Analysis in Python,Data Mining and Adaptive Business Intelligence]","[Theory,Theory,Practical,Theory,Practical,Theory,Practical,Theory,Practical,Theory,Practical,Practical]",Bachelor of Science Computer Science (Honours),31011122020,"[1,1,1,1,1,1,1,1,1,1,1,1]"
sahil.dhum@somaiya.edu,Sahil Shyamkumar Dhum,5,"[Data Mining and adaptive Business Intelligence,Information and Network Security,Information and Network Security,Software Testing and Quality Assurance,Software Testing and Quality Assurance,PL/SQL and NoSQL Databases,PL/SQL and NoSQL Databases,Artificial Intelligence,Artificial Intelligence,Data visualization and Analysis in Python,Data visualization and Analysis in Python,Data Mining and Adaptive Business Intelligence]","[Theory,Theory,Practical,Theory,Practical,Theory,Practical,Theory,Practical,Theory,Practical,Practical]",Bachelor of Science Computer Science (Honours),31011122023,"[1,1,1,1,1,1,1,1,1,1,1,1]"
nishi.dubey@somaiya.edu,Nishi Satishdhar Dubey,5,"[Data Mining and adaptive Business Intelligence,Information and Network Security,Information and Network Security,Software Testing and Quality Assurance,Software Testing and Quality Assurance,PL/SQL and NoSQL Databases,PL/SQL and NoSQL Databases,Artificial Intelligence,Artificial Intelligence,Data visualization and Analysis in Python,Data visualization and Analysis in Python,Data Mining and Adaptive Business Intelligence]","[Theory,Theory,Practical,Theory,Practical,Theory,Practical,Theory,Practical,Theory,Practical,Practical]",Bachelor of Science Computer Science (Honours),31011122024,"[1,1,1,1,1,1,1,1,1,1,1,1]"
dhruv.gangurde@somaiya.edu,Dhruv Dipesh Gangurde,5,"[Data Mining and adaptive Business Intelligence,Information and Network Security,Information and Network Security,Software Testing and Quality Assurance,Software Testing and Quality Assurance,PL/SQL and NoSQL Databases,PL/SQL and NoSQL Databases,Artificial Intelligence,Artificial Intelligence,Data visualization and Analysis in Python,Data visualization and Analysis in Python,Data Mining and Adaptive Business Intelligence]","[Theory,Theory,Practical,Theory,Practical,Theory,Practical,Theory,Practical,Theory,Practical,Practical]",Bachelor of Science Computer Science (Honours),31011122026,"[1,1,1,1,1,1,1,1,1,1,1,1]"
shraman.g@somaiya.edu,Shraman Kamal Gaware,5,"[Data Mining and adaptive Business Intelligence,Information and Network Security,Information and Network Security,Software Testing and Quality Assurance,Software Testing and Quality Assurance,PL/SQL and NoSQL Databases,PL/SQL and NoSQL Databases,Artificial Intelligence,Artificial Intelligence,Data visualization and Analysis in Python,Data visualization and Analysis in Python,Data Mining and Adaptive Business Intelligence]","[Theory,Theory,Practical,Theory,Practical,Theory,Practical,Theory,Practical,Theory,Practical,Practical]",Bachelor of Science Computer Science (Honours),31011122027,"[1,1,1,1,1,1,1,1,1,1,1,1]"
akash.giri@somaiya.edu,Akash Netai Giri,5,"[Data Mining and adaptive Business Intelligence,Information and Network Security,Information and Network Security,Software Testing and Quality Assurance,Software Testing and Quality Assurance,PL/SQL and NoSQL Databases,PL/SQL and NoSQL Databases,Artificial Intelligence,Artificial Intelligence,Data visualization and Analysis in Python,Data visualization and Analysis in Python,Data Mining and Adaptive Business Intelligence]","[Theory,Theory,Practical,Theory,Practical,Theory,Practical,Theory,Practical,Theory,Practical,Practical]",Bachelor of Science Computer Science (Honours),31011122028,"[1,1,1,1,1,1,1,1,1,1,1,1]"
trisha.gundeti@somaiya.edu,Trisha Shrihari Gundeti,5,"[Data Mining and adaptive Business Intelligence,Information and Network Security,Information and Network Security,Software Testing and Quality Assurance,Software Testing and Quality Assurance,PL/SQL and NoSQL Databases,PL/SQL and NoSQL Databases,Artificial Intelligence,Artificial Intelligence,Data visualization and Analysis in Python,Data visualization and Analysis in Python,Data Mining and Adaptive Business Intelligence]","[Theory,Theory,Practical,Theory,Practical,Theory,Practical,Theory,Practical,Theory,Practical,Practical]",Bachelor of Science Computer Science (Honours),31011122029,"[1,1,1,1,1,1,1,1,1,1,1,1]"
sarthak.bg@somaiya.edu,Sarthak Bhalchandra Gupta,5,"[Data Mining and adaptive Business Intelligence,Information and Network Security,Information and Network Security,Software Testing and Quality Assurance,Software Testing and Quality Assurance,PL/SQL and NoSQL Databases,PL/SQL and NoSQL Databases,Artificial Intelligence,Artificial Intelligence,Data visualization and Analysis in Python,Data visualization and Analysis in Python,Data Mining and Adaptive Business Intelligence]","[Theory,Theory,Practical,Theory,Practical,Theory,Practical,Theory,Practical,Theory,Practical,Practical]",Bachelor of Science Computer Science (Honours),31011122030,"[1,1,1,1,1,1,1,1,1,1,1,1]"
ekta.vg@somaiya.edu,Ekta Vijay Gupta,5,"[Data Mining and adaptive Business Intelligence,Information and Network Security,Information and Network Security,Software Testing and Quality Assurance,Software Testing and Quality Assurance,PL/SQL and NoSQL Databases,PL/SQL and NoSQL Databases,Artificial Intelligence,Artificial Intelligence,Data visualization and Analysis in Python,Data visualization and Analysis in Python,Data Mining and Adaptive Business Intelligence]","[Theory,Theory,Practical,Theory,Practical,Theory,Practical,Theory,Practical,Theory,Practical,Practical]",Bachelor of Science Computer Science (Honours),31011122031,"[1,1,1,1,1,1,1,1,1,1,1,1]"
shreya.hotwani@somaiya.edu,Shreya Shankar Hotwani,5,"[Data Mining and adaptive Business Intelligence,Information and Network Security,Information and Network Security,Software Testing and Quality Assurance,Software Testing and Quality Assurance,PL/SQL and NoSQL Databases,PL/SQL and NoSQL Databases,Artificial Intelligence,Artificial Intelligence,Data visualization and Analysis in Python,Data visualization and Analysis in Python,Data Mining and Adaptive Business Intelligence]","[Theory,Theory,Practical,Theory,Practical,Theory,Practical,Theory,Practical,Theory,Practical,Practical]",Bachelor of Science Computer Science (Honours),31011122032,"[1,1,1,1,1,1,1,1,1,1,1,1]"
jadhav.nn@somaiya.edu,Nikhil Nilesh Jadhav,5,"[Data Mining and adaptive Business Intelligence,Information and Network Security,Information and Network Security,Software Testing and Quality Assurance,Software Testing and Quality Assurance,PL/SQL and NoSQL Databases,PL/SQL and NoSQL Databases,Artificial Intelligence,Artificial Intelligence,Data visualization and Analysis in Python,Data visualization and Analysis in Python,Data Mining and Adaptive Business Intelligence]","[Theory,Theory,Practical,Theory,Practical,Theory,Practical,Theory,Practical,Theory,Practical,Practical]",Bachelor of Science Computer Science (Honours),31011122033,"[1,1,1,1,1,1,1,1,1,1,1,1]"
moksh.aj@somaiya.edu,Moksh Ajay Jain,5,"[Data Mining and adaptive Business Intelligence,Information and Network Security,Information and Network Security,Software Testing and Quality Assurance,Software Testing and Quality Assurance,PL/SQL and NoSQL Databases,PL/SQL and NoSQL Databases,Artificial Intelligence,Artificial Intelligence,Data visualization and Analysis in Python,Data visualization and Analysis in Python,Data Mining and Adaptive Business Intelligence]","[Theory,Theory,Practical,Theory,Practical,Theory,Practical,Theory,Practical,Theory,Practical,Practical]",Bachelor of Science Computer Science (Honours),31011122034,"[1,1,1,1,1,1,1,1,1,1,1,1]"
tarun.joshi@somaiya.edu,Tarun Sohanlal Joshi,5,"[Data Mining and adaptive Business Intelligence,Information and Network Security,Information and Network Security,Software Testing and Quality Assurance,Software Testing and Quality Assurance,PL/SQL and NoSQL Databases,PL/SQL and NoSQL Databases,Artificial Intelligence,Artificial Intelligence,Data visualization and Analysis in Python,Data visualization and Analysis in Python,Data Mining and Adaptive Business Intelligence]","[Theory,Theory,Practical,Theory,Practical,Theory,Practical,Theory,Practical,Theory,Practical,Practical]",Bachelor of Science Computer Science (Honours),31011122036,"[1,1,1,1,1,1,1,1,1,1,1,1]"
gauri.kangle@somaiya.edu,Gauri Bhushan Kangle,5,"[Data Mining and adaptive Business Intelligence,Information and Network Security,Information and Network Security,Software Testing and Quality Assurance,Software Testing and Quality Assurance,PL/SQL and NoSQL Databases,PL/SQL and NoSQL Databases,Artificial Intelligence,Artificial Intelligence,Data visualization and Analysis in Python,Data visualization and Analysis in Python,Data Mining and Adaptive Business Intelligence]","[Theory,Theory,Practical,Theory,Practical,Theory,Practical,Theory,Practical,Theory,Practical,Practical]",Bachelor of Science Computer Science (Honours),31011122039,"[1,1,1,1,1,1,1,1,1,1,1,1]"
yash.karekar@somaiya.edu,Yash Ramesh Karekar,5,"[Data Mining and adaptive Business Intelligence,Information and Network Security,Information and Network Security,Software Testing and Quality Assurance,Software Testing and Quality Assurance,PL/SQL and NoSQL Databases,PL/SQL and NoSQL Databases,Artificial Intelligence,Artificial Intelligence,Data visualization and Analysis in Python,Data visualization and Analysis in Python,Data Mining and Adaptive Business Intelligence]","[Theory,Theory,Practical,Theory,Practical,Theory,Practical,Theory,Practical,Theory,Practical,Practical]",Bachelor of Science Computer Science (Honours),31011122041,"[1,1,1,1,1,1,1,1,1,1,1,1]"
aayush.khade@somaiya.edu,Aayush Jayesh Khade,5,"[Data Mining and adaptive Business Intelligence,Information and Network Security,Information and Network Security,Software Testing and Quality Assurance,Software Testing and Quality Assurance,PL/SQL and NoSQL Databases,PL/SQL and NoSQL Databases,Artificial Intelligence,Artificial Intelligence,Data visualization and Analysis in Python,Data visualization and Analysis in Python,Data Mining and Adaptive Business Intelligence]","[Theory,Theory,Practical,Theory,Practical,Theory,Practical,Theory,Practical,Theory,Practical,Practical]",Bachelor of Science Computer Science (Honours),31011122043,"[1,1,1,1,1,1,1,1,1,1,1,1]"
ifaa.khan@somaiya.edu,Ifaa Ashfaq Khan,5,"[Data Mining and adaptive Business Intelligence,Information and Network Security,Information and Network Security,Software Testing and Quality Assurance,Software Testing and Quality Assurance,PL/SQL and NoSQL Databases,PL/SQL and NoSQL Databases,Artificial Intelligence,Artificial Intelligence,Data visualization and Analysis in Python,Data visualization and Analysis in Python,Data Mining and Adaptive Business Intelligence]","[Theory,Theory,Practical,Theory,Practical,Theory,Practical,Theory,Practical,Theory,Practical,Practical]",Bachelor of Science Computer Science (Honours),31011122045,"[1,1,1,1,1,1,1,1,1,1,1,1]"
ananya.khandkar@somaiya.edu,Ananya Nitin Khandkar,5,"[Data Mining and adaptive Business Intelligence,Information and Network Security,Information and Network Security,Software Testing and Quality Assurance,Software Testing and Quality Assurance,PL/SQL and NoSQL Databases,PL/SQL and NoSQL Databases,Artificial Intelligence,Artificial Intelligence,Data visualization and Analysis in Python,Data visualization and Analysis in Python,Data Mining and Adaptive Business Intelligence]","[Theory,Theory,Practical,Theory,Practical,Theory,Practical,Theory,Practical,Theory,Practical,Practical]",Bachelor of Science Computer Science (Honours),31011122046,"[1,1,1,1,1,1,1,1,1,1,1,1]"
pranav.matondkar@somaiya.edu,Pranav Prasad Matondkar,5,"[Data Mining and adaptive Business Intelligence,Information and Network Security,Information and Network Security,Software Testing and Quality Assurance,Software Testing and Quality Assurance,PL/SQL and NoSQL Databases,PL/SQL and NoSQL Databases,Artificial Intelligence,Artificial Intelligence,Data visualization and Analysis in Python,Data visualization and Analysis in Python,Data Mining and Adaptive Business Intelligence]","[Theory,Theory,Practical,Theory,Practical,Theory,Practical,Theory,Practical,Theory,Practical,Practical]",Bachelor of Science Computer Science (Honours),31011122050,"[1,1,1,1,1,1,1,1,1,1,1,1]"
rohitsingh.m@somaiya.edu,Rohitsingh Balamsingh Mehra,5,"[Data Mining and adaptive Business Intelligence,Information and Network Security,Information and Network Security,Software Testing and Quality Assurance,Software Testing and Quality Assurance,PL/SQL and NoSQL Databases,PL/SQL and NoSQL Databases,Artificial Intelligence,Artificial Intelligence,Data visualization and Analysis in Python,Data visualization and Analysis in Python,Data Mining and Adaptive Business Intelligence]","[Theory,Theory,Practical,Theory,Practical,Theory,Practical,Theory,Practical,Theory,Practical,Practical]",Bachelor of Science Computer Science (Honours),31011122051,"[1,1,1,1,1,1,1,1,1,1,1,1]"
nandini.m@somaiya.edu,Nandini Rajesh Menon,5,"[Data Mining and adaptive Business Intelligence,Information and Network Security,Information and Network Security,Software Testing and Quality Assurance,Software Testing and Quality Assurance,PL/SQL and NoSQL Databases,PL/SQL and NoSQL Databases,Artificial Intelligence,Artificial Intelligence,Data visualization and Analysis in Python,Data visualization and Analysis in Python,Data Mining and Adaptive Business Intelligence]","[Theory,Theory,Practical,Theory,Practical,Theory,Practical,Theory,Practical,Theory,Practical,Practical]",Bachelor of Science Computer Science (Honours),31011122052,"[1,1,1,1,1,1,1,1,1,1,1,1]"
shreya.mohane@somaiya.edu,Shreya Siddharth Mohane,5,"[Data Mining and adaptive Business Intelligence,Information and Network Security,Information and Network Security,Software Testing and Quality Assurance,Software Testing and Quality Assurance,PL/SQL and NoSQL Databases,PL/SQL and NoSQL Databases,Artificial Intelligence,Artificial Intelligence,Data visualization and Analysis in Python,Data visualization and Analysis in Python,Data Mining and Adaptive Business Intelligence]","[Theory,Theory,Practical,Theory,Practical,Theory,Practical,Theory,Practical,Theory,Practical,Practical]",Bachelor of Science Computer Science (Honours),31011122053,"[1,1,1,1,1,1,1,1,1,1,1,1]"
abhishek.lm@somaiya.edu,Abhishek Lingamurthy Mudaliyar,5,"[Data Mining and adaptive Business Intelligence,Information and Network Security,Information and Network Security,Software Testing and Quality Assurance,Software Testing and Quality Assurance,PL/SQL and NoSQL Databases,PL/SQL and NoSQL Databases,Artificial Intelligence,Artificial Intelligence,Data visualization and Analysis in Python,Data visualization and Analysis in Python,Data Mining and Adaptive Business Intelligence]","[Theory,Theory,Practical,Theory,Practical,Theory,Practical,Theory,Practical,Theory,Practical,Practical]",Bachelor of Science Computer Science (Honours),31011122055,"[1,1,1,1,1,1,1,1,1,1,1,1]"
mrunmayee.o@somaiya.edu,Mrunmayee Gautam Ovhal,5,"[Data Mining and adaptive Business Intelligence,Information and Network Security,Information and Network Security,Software Testing and Quality Assurance,Software Testing and Quality Assurance,PL/SQL and NoSQL Databases,PL/SQL and NoSQL Databases,Artificial Intelligence,Artificial Intelligence,Data visualization and Analysis in Python,Data visualization and Analysis in Python,Data Mining and Adaptive Business Intelligence]","[Theory,Theory,Practical,Theory,Practical,Theory,Practical,Theory,Practical,Theory,Practical,Practical]",Bachelor of Science Computer Science (Honours),31011122058,"[1,1,1,1,1,1,1,1,1,1,1,1]"
rahul.mp@somaiya.edu,Rahul Maharajdin Pal,5,"[Data Mining and adaptive Business Intelligence,Information and Network Security,Information and Network Security,Software Testing and Quality Assurance,Software Testing and Quality Assurance,PL/SQL and NoSQL Databases,PL/SQL and NoSQL Databases,Artificial Intelligence,Artificial Intelligence,Data visualization and Analysis in Python,Data visualization and Analysis in Python,Data Mining and Adaptive Business Intelligence]","[Theory,Theory,Practical,Theory,Practical,Theory,Practical,Theory,Practical,Theory,Practical,Practical]",Bachelor of Science Computer Science (Honours),31011122059,"[1,1,1,1,1,1,1,1,1,1,1,1]"
patil.k@somaiya.edu,Kunal Ravindra Patil,5,"[Data Mining and adaptive Business Intelligence,Information and Network Security,Information and Network Security,Software Testing and Quality Assurance,Software Testing and Quality Assurance,PL/SQL and NoSQL Databases,PL/SQL and NoSQL Databases,Artificial Intelligence,Artificial Intelligence,Data visualization and Analysis in Python,Data visualization and Analysis in Python,Data Mining and Adaptive Business Intelligence]","[Theory,Theory,Practical,Theory,Practical,Theory,Practical,Theory,Practical,Theory,Practical,Practical]",Bachelor of Science Computer Science (Honours),31011122061,"[1,1,1,1,1,1,1,1,1,1,1,1]"
rohit27@somaiya.edu,Rohit Vijay Patil,5,"[Data Mining and adaptive Business Intelligence,Information and Network Security,Information and Network Security,Software Testing and Quality Assurance,Software Testing and Quality Assurance,PL/SQL and NoSQL Databases,PL/SQL and NoSQL Databases,Artificial Intelligence,Artificial Intelligence,Data visualization and Analysis in Python,Data visualization and Analysis in Python,Data Mining and Adaptive Business Intelligence]","[Theory,Theory,Practical,Theory,Practical,Theory,Practical,Theory,Practical,Theory,Practical,Practical]",Bachelor of Science Computer Science (Honours),31011122062,"[1,1,2,1,2,1,2,1,2,1,2,2]"
shridhar.patil@somaiya.edu,Shridhar Deepak Patil,5,"[Data Mining and adaptive Business Intelligence,Information and Network Security,Information and Network Security,Software Testing and Quality Assurance,Software Testing and Quality Assurance,PL/SQL and NoSQL Databases,PL/SQL and NoSQL Databases,Artificial Intelligence,Artificial Intelligence,Data visualization and Analysis in Python,Data visualization and Analysis in Python,Data Mining and Adaptive Business Intelligence]","[Theory,Theory,Practical,Theory,Practical,Theory,Practical,Theory,Practical,Theory,Practical,Practical]",Bachelor of Science Computer Science (Honours),31011122063,"[1,1,2,1,2,1,2,1,2,1,2,2]"
sujal.bp@somaiya.edu,Sujal Bahadur Patil,5,"[Data Mining and adaptive Business Intelligence,Information and Network Security,Information and Network Security,Software Testing and Quality Assurance,Software Testing and Quality Assurance,PL/SQL and NoSQL Databases,PL/SQL and NoSQL Databases,Artificial Intelligence,Artificial Intelligence,Data visualization and Analysis in Python,Data visualization and Analysis in Python,Data Mining and Adaptive Business Intelligence]","[Theory,Theory,Practical,Theory,Practical,Theory,Practical,Theory,Practical,Theory,Practical,Practical]",Bachelor of Science Computer Science (Honours),31011122064,"[1,1,2,1,2,1,2,1,2,1,2,2]"
n.pedgulkar@somaiya.edu,Nishant Hemant Pedgulkar,5,"[Data Mining and adaptive Business Intelligence,Information and Network Security,Information and Network Security,Software Testing and Quality Assurance,Software Testing and Quality Assurance,PL/SQL and NoSQL Databases,PL/SQL and NoSQL Databases,Artificial Intelligence,Artificial Intelligence,Data visualization and Analysis in Python,Data visualization and Analysis in Python,Data Mining and Adaptive Business Intelligence]","[Theory,Theory,Practical,Theory,Practical,Theory,Practical,Theory,Practical,Theory,Practical,Practical]",Bachelor of Science Computer Science (Honours),31011122065,"[1,1,2,1,2,1,2,1,2,1,2,2]"
kanishka.p@somaiya.edu,Kanishka Gopakumar Pillai,5,"[Data Mining and adaptive Business Intelligence,Information and Network Security,Information and Network Security,Software Testing and Quality Assurance,Software Testing and Quality Assurance,PL/SQL and NoSQL Databases,PL/SQL and NoSQL Databases,Artificial Intelligence,Artificial Intelligence,Data visualization and Analysis in Python,Data visualization and Analysis in Python,Data Mining and Adaptive Business Intelligence]","[Theory,Theory,Practical,Theory,Practical,Theory,Practical,Theory,Practical,Theory,Practical,Practical]",Bachelor of Science Computer Science (Honours),31011122067,"[1,1,2,1,2,1,2,1,2,1,2,2]"
sagarika.pradhan@somaiya.edu,Sagarika Pitabas Pradhan,5,"[Data Mining and adaptive Business Intelligence,Information and Network Security,Information and Network Security,Software Testing and Quality Assurance,Software Testing and Quality Assurance,PL/SQL and NoSQL Databases,PL/SQL and NoSQL Databases,Artificial Intelligence,Artificial Intelligence,Data visualization and Analysis in Python,Data visualization and Analysis in Python,Data Mining and Adaptive Business Intelligence]","[Theory,Theory,Practical,Theory,Practical,Theory,Practical,Theory,Practical,Theory,Practical,Practical]",Bachelor of Science Computer Science (Honours),31011122068,"[1,1,2,1,2,1,2,1,2,1,2,2]"
omkar.rahate@somaiya.edu,Omkar Sharad Rahate,5,"[Data Mining and adaptive Business Intelligence,Information and Network Security,Information and Network Security,Software Testing and Quality Assurance,Software Testing and Quality Assurance,PL/SQL and NoSQL Databases,PL/SQL and NoSQL Databases,Artificial Intelligence,Artificial Intelligence,Data visualization and Analysis in Python,Data visualization and Analysis in Python,Data Mining and Adaptive Business Intelligence]","[Theory,Theory,Practical,Theory,Practical,Theory,Practical,Theory,Practical,Theory,Practical,Practical]",Bachelor of Science Computer Science (Honours),31011122069,"[1,1,2,1,2,1,2,1,2,1,2,2]"
mahesh.sahu@somaiya.edu,Mahesh Kailash Sahu,5,"[Data Mining and adaptive Business Intelligence,Information and Network Security,Information and Network Security,Software Testing and Quality Assurance,Software Testing and Quality Assurance,PL/SQL and NoSQL Databases,PL/SQL and NoSQL Databases,Artificial Intelligence,Artificial Intelligence,Data visualization and Analysis in Python,Data visualization and Analysis in Python,Data Mining and Adaptive Business Intelligence]","[Theory,Theory,Practical,Theory,Practical,Theory,Practical,Theory,Practical,Theory,Practical,Practical]",Bachelor of Science Computer Science (Honours),31011122071,"[1,1,2,1,2,1,2,1,2,1,2,2]"
sds@somaiya.edu,Shubham Digambar Sahu,5,"[Data Mining and adaptive Business Intelligence,Information and Network Security,Information and Network Security,Software Testing and Quality Assurance,Software Testing and Quality Assurance,PL/SQL and NoSQL Databases,PL/SQL and NoSQL Databases,Artificial Intelligence,Artificial Intelligence,Data visualization and Analysis in Python,Data visualization and Analysis in Python,Data Mining and Adaptive Business Intelligence]","[Theory,Theory,Practical,Theory,Practical,Theory,Practical,Theory,Practical,Theory,Practical,Practical]",Bachelor of Science Computer Science (Honours),31011122072,"[1,1,2,1,2,1,2,1,2,1,2,2]"
rucha.sankhe@somaiya.edu,Rucha Rajesh Sankhe,5,"[Data Mining and adaptive Business Intelligence,Information and Network Security,Information and Network Security,Software Testing and Quality Assurance,Software Testing and Quality Assurance,PL/SQL and NoSQL Databases,PL/SQL and NoSQL Databases,Artificial Intelligence,Artificial Intelligence,Data visualization and Analysis in Python,Data visualization and Analysis in Python,Data Mining and Adaptive Business Intelligence]","[Theory,Theory,Practical,Theory,Practical,Theory,Practical,Theory,Practical,Theory,Practical,Practical]",Bachelor of Science Computer Science (Honours),31011122073,"[1,1,2,1,2,1,2,1,2,1,2,2]"
nachiket.sarode@somaiya.edu,Nachiket Sujit Sarode,5,"[Data Mining and adaptive Business Intelligence,Information and Network Security,Information and Network Security,Software Testing and Quality Assurance,Software Testing and Quality Assurance,PL/SQL and NoSQL Databases,PL/SQL and NoSQL Databases,Artificial Intelligence,Artificial Intelligence,Data visualization and Analysis in Python,Data visualization and Analysis in Python,Data Mining and Adaptive Business Intelligence]","[Theory,Theory,Practical,Theory,Practical,Theory,Practical,Theory,Practical,Theory,Practical,Practical]",Bachelor of Science Computer Science (Honours),31011122074,"[1,1,2,1,2,1,2,1,2,1,2,2]"
kush.ds@somaiya.edu,Kush Dharmesh Shah,5,"[Data Mining and adaptive Business Intelligence,Information and Network Security,Information and Network Security,Software Testing and Quality Assurance,Software Testing and Quality Assurance,PL/SQL and NoSQL Databases,PL/SQL and NoSQL Databases,Artificial Intelligence,Artificial Intelligence,Data visualization and Analysis in Python,Data visualization and Analysis in Python,Data Mining and Adaptive Business Intelligence]","[Theory,Theory,Practical,Theory,Practical,Theory,Practical,Theory,Practical,Theory,Practical,Practical]",Bachelor of Science Computer Science (Honours),31011122077,"[1,1,2,1,2,1,2,1,2,1,2,2]"
yjs@somaiya.edu,Yash Jatin Shah,5,"[Data Mining and adaptive Business Intelligence,Information and Network Security,Information and Network Security,Software Testing and Quality Assurance,Software Testing and Quality Assurance,PL/SQL and NoSQL Databases,PL/SQL and NoSQL Databases,Artificial Intelligence,Artificial Intelligence,Data visualization and Analysis in Python,Data visualization and Analysis in Python,Data Mining and Adaptive Business Intelligence]","[Theory,Theory,Practical,Theory,Practical,Theory,Practical,Theory,Practical,Theory,Practical,Practical]",Bachelor of Science Computer Science (Honours),31011122078,"[1,1,2,1,2,1,2,1,2,1,2,2]"
iqra.meraj@somaiya.edu,Iqra Meraj Siddique,5,"[Data Mining and adaptive Business Intelligence,Information and Network Security,Information and Network Security,Software Testing and Quality Assurance,Software Testing and Quality Assurance,PL/SQL and NoSQL Databases,PL/SQL and NoSQL Databases,Artificial Intelligence,Artificial Intelligence,Data visualization and Analysis in Python,Data visualization and Analysis in Python,Data Mining and Adaptive Business Intelligence]","[Theory,Theory,Practical,Theory,Practical,Theory,Practical,Theory,Practical,Theory,Practical,Practical]",Bachelor of Science Computer Science (Honours),31011122079,"[1,1,2,1,2,1,2,1,2,1,2,2]"
meenal.sharma@somaiya.edu,Meenal  Sharma,5,"[Data Mining and adaptive Business Intelligence,Information and Network Security,Information and Network Security,Software Testing and Quality Assurance,Software Testing and Quality Assurance,PL/SQL and NoSQL Databases,PL/SQL and NoSQL Databases,Artificial Intelligence,Artificial Intelligence,Data visualization and Analysis in Python,Data visualization and Analysis in Python,Data Mining and Adaptive Business Intelligence]","[Theory,Theory,Practical,Theory,Practical,Theory,Practical,Theory,Practical,Theory,Practical,Practical]",Bachelor of Science Computer Science (Honours),31011122081,"[1,1,2,1,2,1,2,1,2,1,2,2]"
sharada.shenoy@somaiya.edu,Sharada Shashidar Shenoy,5,"[Data Mining and adaptive Business Intelligence,Information and Network Security,Information and Network Security,Software Testing and Quality Assurance,Software Testing and Quality Assurance,PL/SQL and NoSQL Databases,PL/SQL and NoSQL Databases,Artificial Intelligence,Artificial Intelligence,Data visualization and Analysis in Python,Data visualization and Analysis in Python,Data Mining and Adaptive Business Intelligence]","[Theory,Theory,Practical,Theory,Practical,Theory,Practical,Theory,Practical,Theory,Practical,Practical]",Bachelor of Science Computer Science (Honours),31011122083,"[1,1,2,1,2,1,2,1,2,1,2,2]"
prashul.shetty@somaiya.edu,Prashul Prabhakar Shetty,5,"[Data Mining and adaptive Business Intelligence,Information and Network Security,Information and Network Security,Software Testing and Quality Assurance,Software Testing and Quality Assurance,PL/SQL and NoSQL Databases,PL/SQL and NoSQL Databases,Artificial Intelligence,Artificial Intelligence,Data visualization and Analysis in Python,Data visualization and Analysis in Python,Data Mining and Adaptive Business Intelligence]","[Theory,Theory,Practical,Theory,Practical,Theory,Practical,Theory,Practical,Theory,Practical,Practical]",Bachelor of Science Computer Science (Honours),31011122084,"[1,1,2,1,2,1,2,1,2,1,2,2]"
siddhesh07@somaiya.edu,Siddhesh Mahadeo Shinde,5,"[Data Mining and adaptive Business Intelligence,Information and Network Security,Information and Network Security,Software Testing and Quality Assurance,Software Testing and Quality Assurance,PL/SQL and NoSQL Databases,PL/SQL and NoSQL Databases,Artificial Intelligence,Artificial Intelligence,Data visualization and Analysis in Python,Data visualization and Analysis in Python,Data Mining and Adaptive Business Intelligence]","[Theory,Theory,Practical,Theory,Practical,Theory,Practical,Theory,Practical,Theory,Practical,Practical]",Bachelor of Science Computer Science (Honours),31011122085,"[1,1,2,1,2,1,2,1,2,1,2,2]"
shreya.shukla@somaiya.edu,Shreya Sanjay Shukla,5,"[Data Mining and adaptive Business Intelligence,Information and Network Security,Information and Network Security,Software Testing and Quality Assurance,Software Testing and Quality Assurance,PL/SQL and NoSQL Databases,PL/SQL and NoSQL Databases,Artificial Intelligence,Artificial Intelligence,Data visualization and Analysis in Python,Data visualization and Analysis in Python,Data Mining and Adaptive Business Intelligence]","[Theory,Theory,Practical,Theory,Practical,Theory,Practical,Theory,Practical,Theory,Practical,Practical]",Bachelor of Science Computer Science (Honours),31011122086,"[1,1,2,1,2,1,2,1,2,1,2,2]"
aditi.singh@somaiya.edu,Aditi  Singh,5,"[Data Mining and adaptive Business Intelligence,Information and Network Security,Information and Network Security,Software Testing and Quality Assurance,Software Testing and Quality Assurance,PL/SQL and NoSQL Databases,PL/SQL and NoSQL Databases,Artificial Intelligence,Artificial Intelligence,Data visualization and Analysis in Python,Data visualization and Analysis in Python,Data Mining and Adaptive Business Intelligence]","[Theory,Theory,Practical,Theory,Practical,Theory,Practical,Theory,Practical,Theory,Practical,Practical]",Bachelor of Science Computer Science (Honours),31011122087,"[1,1,2,1,2,1,2,1,2,1,2,2]"
aishwarya.singh@somaiya.edu,Aishwarya  Singh,5,"[Data Mining and adaptive Business Intelligence,Information and Network Security,Information and Network Security,Software Testing and Quality Assurance,Software Testing and Quality Assurance,PL/SQL and NoSQL Databases,PL/SQL and NoSQL Databases,Artificial Intelligence,Artificial Intelligence,Data visualization and Analysis in Python,Data visualization and Analysis in Python,Data Mining and Adaptive Business Intelligence]","[Theory,Theory,Practical,Theory,Practical,Theory,Practical,Theory,Practical,Theory,Practical,Practical]",Bachelor of Science Computer Science (Honours),31011122088,"[1,1,2,1,2,1,2,1,2,1,2,2]"
yuvraj.singh@somaiya.edu,Yuvraj Buta Singh,5,"[Data Mining and adaptive Business Intelligence,Information and Network Security,Information and Network Security,Software Testing and Quality Assurance,Software Testing and Quality Assurance,PL/SQL and NoSQL Databases,PL/SQL and NoSQL Databases,Artificial Intelligence,Artificial Intelligence,Data visualization and Analysis in Python,Data visualization and Analysis in Python,Data Mining and Adaptive Business Intelligence]","[Theory,Theory,Practical,Theory,Practical,Theory,Practical,Theory,Practical,Theory,Practical,Practical]",Bachelor of Science Computer Science (Honours),31011122090,"[1,1,2,1,2,1,2,1,2,1,2,2]"
aisha.solkar@somaiya.edu,Aisha Shakeel Solkar,5,"[Data Mining and adaptive Business Intelligence,Information and Network Security,Information and Network Security,Software Testing and Quality Assurance,Software Testing and Quality Assurance,PL/SQL and NoSQL Databases,PL/SQL and NoSQL Databases,Artificial Intelligence,Artificial Intelligence,Data visualization and Analysis in Python,Data visualization and Analysis in Python,Data Mining and Adaptive Business Intelligence]","[Theory,Theory,Practical,Theory,Practical,Theory,Practical,Theory,Practical,Theory,Practical,Practical]",Bachelor of Science Computer Science (Honours),31011122092,"[1,1,2,1,2,1,2,1,2,1,2,2]"
vaibhav.suthar@somaiya.edu,Vaibhav Somaram Suthar,5,"[Data Mining and adaptive Business Intelligence,Information and Network Security,Information and Network Security,Software Testing and Quality Assurance,Software Testing and Quality Assurance,PL/SQL and NoSQL Databases,PL/SQL and NoSQL Databases,Artificial Intelligence,Artificial Intelligence,Data visualization and Analysis in Python,Data visualization and Analysis in Python,Data Mining and Adaptive Business Intelligence]","[Theory,Theory,Practical,Theory,Practical,Theory,Practical,Theory,Practical,Theory,Practical,Practical]",Bachelor of Science Computer Science (Honours),31011122093,"[1,1,2,1,2,1,2,1,2,1,2,2]"
omkar.t@somaiya.edu,Omkar Shankar Talgaonkar,5,"[Data Mining and adaptive Business Intelligence,Information and Network Security,Information and Network Security,Software Testing and Quality Assurance,Software Testing and Quality Assurance,PL/SQL and NoSQL Databases,PL/SQL and NoSQL Databases,Artificial Intelligence,Artificial Intelligence,Data visualization and Analysis in Python,Data visualization and Analysis in Python,Data Mining and Adaptive Business Intelligence]","[Theory,Theory,Practical,Theory,Practical,Theory,Practical,Theory,Practical,Theory,Practical,Practical]",Bachelor of Science Computer Science (Honours),31011122094,"[1,1,2,1,2,1,2,1,2,1,2,2]"
atharva.tare@somaiya.edu,Atharva Chandrahas Tare,5,"[Data Mining and adaptive Business Intelligence,Information and Network Security,Information and Network Security,Software Testing and Quality Assurance,Software Testing and Quality Assurance,PL/SQL and NoSQL Databases,PL/SQL and NoSQL Databases,Artificial Intelligence,Artificial Intelligence,Data visualization and Analysis in Python,Data visualization and Analysis in Python,Data Mining and Adaptive Business Intelligence]","[Theory,Theory,Practical,Theory,Practical,Theory,Practical,Theory,Practical,Theory,Practical,Practical]",Bachelor of Science Computer Science (Honours),31011122095,"[1,1,2,1,2,1,2,1,2,1,2,2]"
delna.thomas@somaiya.edu,Delna Sanjay Thomas,5,"[Data Mining and adaptive Business Intelligence,Information and Network Security,Information and Network Security,Software Testing and Quality Assurance,Software Testing and Quality Assurance,PL/SQL and NoSQL Databases,PL/SQL and NoSQL Databases,Artificial Intelligence,Artificial Intelligence,Data visualization and Analysis in Python,Data visualization and Analysis in Python,Data Mining and Adaptive Business Intelligence]","[Theory,Theory,Practical,Theory,Practical,Theory,Practical,Theory,Practical,Theory,Practical,Practical]",Bachelor of Science Computer Science (Honours),31011122098,"[1,1,2,1,2,1,2,1,2,1,2,2]"
dipu.v@somaiya.edu,Dipu Umashankar Vishwakarma,5,"[Data Mining and adaptive Business Intelligence,Information and Network Security,Information and Network Security,Software Testing and Quality Assurance,Software Testing and Quality Assurance,PL/SQL and NoSQL Databases,PL/SQL and NoSQL Databases,Artificial Intelligence,Artificial Intelligence,Data visualization and Analysis in Python,Data visualization and Analysis in Python,Data Mining and Adaptive Business Intelligence]","[Theory,Theory,Practical,Theory,Practical,Theory,Practical,Theory,Practical,Theory,Practical,Practical]",Bachelor of Science Computer Science (Honours),31011122099,"[1,1,2,1,2,1,2,1,2,1,2,2]"
dishank.vora@somaiya.edu,Dishank Bhavesh Vora,5,"[Data Mining and adaptive Business Intelligence,Information and Network Security,Information and Network Security,Software Testing and Quality Assurance,Software Testing and Quality Assurance,PL/SQL and NoSQL Databases,PL/SQL and NoSQL Databases,Artificial Intelligence,Artificial Intelligence,Data visualization and Analysis in Python,Data visualization and Analysis in Python,Data Mining and Adaptive Business Intelligence]","[Theory,Theory,Practical,Theory,Practical,Theory,Practical,Theory,Practical,Theory,Practical,Practical]",Bachelor of Science Computer Science (Honours),31011122100,"[1,1,2,1,2,1,2,1,2,1,2,2]"
akshat.yadav@somaiya.edu,Akshat Samarbahadur Yadav,5,"[Data Mining and adaptive Business Intelligence,Information and Network Security,Information and Network Security,Software Testing and Quality Assurance,Software Testing and Quality Assurance,PL/SQL and NoSQL Databases,PL/SQL and NoSQL Databases,Artificial Intelligence,Artificial Intelligence,Data visualization and Analysis in Python,Data visualization and Analysis in Python,Data Mining and Adaptive Business Intelligence]","[Theory,Theory,Practical,Theory,Practical,Theory,Practical,Theory,Practical,Theory,Practical,Practical]",Bachelor of Science Computer Science (Honours),31011122102,"[1,1,2,1,2,1,2,1,2,1,2,2]"
vivek.yadav@somaiya.edu,Vivek Ramharsh Yadav,5,"[Data Mining and adaptive Business Intelligence,Information and Network Security,Information and Network Security,Software Testing and Quality Assurance,Software Testing and Quality Assurance,PL/SQL and NoSQL Databases,PL/SQL and NoSQL Databases,Artificial Intelligence,Artificial Intelligence,Data visualization and Analysis in Python,Data visualization and Analysis in Python,Data Mining and Adaptive Business Intelligence]","[Theory,Theory,Practical,Theory,Practical,Theory,Practical,Theory,Practical,Theory,Practical,Practical]",Bachelor of Science Computer Science (Honours),31011122104,"[1,1,2,1,2,1,2,1,2,1,2,2]"
a.m@somaiya.edu,Anshu Ramkishor Sharma,5,"[Data Mining and adaptive Business Intelligence,Information and Network Security,Information and Network Security,Software Testing and Quality Assurance,Software Testing and Quality Assurance,PL/SQL and NoSQL Databases,PL/SQL and NoSQL Databases,Artificial Intelligence,Artificial Intelligence,Data visualization and Analysis in Python,Data visualization and Analysis in Python,Data Mining and Adaptive Business Intelligence]","[Theory,Theory,Practical,Theory,Practical,Theory,Practical,Theory,Practical,Theory,Practical,Practical]",Bachelor of Science Computer Science (Honours),31011122105,"[1,1,2,1,2,1,2,1,2,1,2,2]"
dhanesh.n@somaiya.edu,Narayanan  Dhanesh,5,"[Data Mining and adaptive Business Intelligence,Information and Network Security,Information and Network Security,Software Testing and Quality Assurance,Software Testing and Quality Assurance,PL/SQL and NoSQL Databases,PL/SQL and NoSQL Databases,Artificial Intelligence,Artificial Intelligence,Data visualization and Analysis in Python,Data visualization and Analysis in Python,Data Mining and Adaptive Business Intelligence]","[Theory,Theory,Practical,Theory,Practical,Theory,Practical,Theory,Practical,Theory,Practical,Practical]",Bachelor of Science Computer Science (Honours),31011122106,"[1,1,2,1,2,1,2,1,2,1,2,2]"
shaiza.m@somaiya.edu,Shaiza Mohamed Khan,5,"[Data Mining and adaptive Business Intelligence,Information and Network Security,Information and Network Security,Software Testing and Quality Assurance,Software Testing and Quality Assurance,PL/SQL and NoSQL Databases,PL/SQL and NoSQL Databases,Artificial Intelligence,Artificial Intelligence,Data visualization and Analysis in Python,Data visualization and Analysis in Python,Data Mining and Adaptive Business Intelligence]","[Theory,Theory,Practical,Theory,Practical,Theory,Practical,Theory,Practical,Theory,Practical,Practical]",Bachelor of Science Computer Science (Honours),31011122107,"[1,1,2,1,2,1,2,1,2,1,2,2]"
parmeet.barad@somaiya.edu,Parmeet Kaur Barad,5,"[Data Mining and adaptive Business Intelligence,Information and Network Security,Information and Network Security,Software Testing and Quality Assurance,Software Testing and Quality Assurance,PL/SQL and NoSQL Databases,PL/SQL and NoSQL Databases,Artificial Intelligence,Artificial Intelligence,Data visualization and Analysis in Python,Data visualization and Analysis in Python,Data Mining and Adaptive Business Intelligence]","[Theory,Theory,Practical,Theory,Practical,Theory,Practical,Theory,Practical,Theory,Practical,Practical]",Bachelor of Science Computer Science (Honours),31011122108,"[1,1,2,1,2,1,2,1,2,1,2,2]"
tejas.chafe@somaiya.edu,Tejas Ravindra Chafe,5,"[Data Mining and adaptive Business Intelligence,Information and Network Security,Information and Network Security,Software Testing and Quality Assurance,Software Testing and Quality Assurance,PL/SQL and NoSQL Databases,PL/SQL and NoSQL Databases,Artificial Intelligence,Artificial Intelligence,Data visualization and Analysis in Python,Data visualization and Analysis in Python,Data Mining and Adaptive Business Intelligence]","[Theory,Theory,Practical,Theory,Practical,Theory,Practical,Theory,Practical,Theory,Practical,Practical]",Bachelor of Science Computer Science (Honours),31011122109,"[1,1,2,1,2,1,2,1,2,1,2,2]"
maahika.e@somaiya.edu,Maahika Bobby Elenjikal,5,"[Data Mining and adaptive Business Intelligence,Information and Network Security,Information and Network Security,Software Testing and Quality Assurance,Software Testing and Quality Assurance,PL/SQL and NoSQL Databases,PL/SQL and NoSQL Databases,Artificial Intelligence,Artificial Intelligence,Data visualization and Analysis in Python,Data visualization and Analysis in Python,Data Mining and Adaptive Business Intelligence]","[Theory,Theory,Practical,Theory,Practical,Theory,Practical,Theory,Practical,Theory,Practical,Practical]",Bachelor of Science Computer Science (Honours),31011122110,"[1,1,2,1,2,1,2,1,2,1,2,2]"
tejal.jadhav@somaiya.edu,Tejal Milind Jadhav,5,"[Data Mining and adaptive Business Intelligence,Information and Network Security,Information and Network Security,Software Testing and Quality Assurance,Software Testing and Quality Assurance,PL/SQL and NoSQL Databases,PL/SQL and NoSQL Databases,Artificial Intelligence,Artificial Intelligence,Data visualization and Analysis in Python,Data visualization and Analysis in Python,Data Mining and Adaptive Business Intelligence]","[Theory,Theory,Practical,Theory,Practical,Theory,Practical,Theory,Practical,Theory,Practical,Practical]",Bachelor of Science Computer Science (Honours),31011122111,"[1,1,2,1,2,1,2,1,2,1,2,2]"
muskaan.khan@somaiya.edu,Muskaan Faiyaz Khan,5,"[Data Mining and adaptive Business Intelligence,Information and Network Security,Information and Network Security,Software Testing and Quality Assurance,Software Testing and Quality Assurance,PL/SQL and NoSQL Databases,PL/SQL and NoSQL Databases,Artificial Intelligence,Artificial Intelligence,Data visualization and Analysis in Python,Data visualization and Analysis in Python,Data Mining and Adaptive Business Intelligence]","[Theory,Theory,Practical,Theory,Practical,Theory,Practical,Theory,Practical,Theory,Practical,Practical]",Bachelor of Science Computer Science (Honours),31011122112,"[1,1,2,1,2,1,2,1,2,1,2,2]"
devanshi.kotadia@somaiya.edu,Devanshi Vitthal Kotadia,5,"[Data Mining and adaptive Business Intelligence,Information and Network Security,Information and Network Security,Software Testing and Quality Assurance,Software Testing and Quality Assurance,PL/SQL and NoSQL Databases,PL/SQL and NoSQL Databases,Artificial Intelligence,Artificial Intelligence,Data visualization and Analysis in Python,Data visualization and Analysis in Python,Data Mining and Adaptive Business Intelligence]","[Theory,Theory,Practical,Theory,Practical,Theory,Practical,Theory,Practical,Theory,Practical,Practical]",Bachelor of Science Computer Science (Honours),31011122113,"[1,1,2,1,2,1,2,1,2,1,2,2]"
manisha.ram@somaiya.edu,Manisha Ashok Ram,5,"[Data Mining and adaptive Business Intelligence,Information and Network Security,Information and Network Security,Software Testing and Quality Assurance,Software Testing and Quality Assurance,PL/SQL and NoSQL Databases,PL/SQL and NoSQL Databases,Artificial Intelligence,Artificial Intelligence,Data visualization and Analysis in Python,Data visualization and Analysis in Python,Data Mining and Adaptive Business Intelligence]","[Theory,Theory,Practical,Theory,Practical,Theory,Practical,Theory,Practical,Theory,Practical,Practical]",Bachelor of Science Computer Science (Honours),31011122114,"[1,1,2,1,2,1,2,1,2,1,2,2]"
arya.sharma@somaiya.edu,Arya Vinod Sharma,5,"[Data Mining and adaptive Business Intelligence,Information and Network Security,Information and Network Security,Software Testing and Quality Assurance,Software Testing and Quality Assurance,PL/SQL and NoSQL Databases,PL/SQL and NoSQL Databases,Artificial Intelligence,Artificial Intelligence,Data visualization and Analysis in Python,Data visualization and Analysis in Python,Data Mining and Adaptive Business Intelligence]","[Theory,Theory,Practical,Theory,Practical,Theory,Practical,Theory,Practical,Theory,Practical,Practical]",Bachelor of Science Computer Science (Honours),31011122115,"[1,1,2,1,2,1,2,1,2,1,2,2]"
khushi.jy@somaiya.edu,Khushi Jaysingh Yadav,5,"[Data Mining and adaptive Business Intelligence,Information and Network Security,Information and Network Security,Software Testing and Quality Assurance,Software Testing and Quality Assurance,PL/SQL and NoSQL Databases,PL/SQL and NoSQL Databases,Artificial Intelligence,Artificial Intelligence,Data visualization and Analysis in Python,Data visualization and Analysis in Python,Data Mining and Adaptive Business Intelligence]","[Theory,Theory,Practical,Theory,Practical,Theory,Practical,Theory,Practical,Theory,Practical,Practical]",Bachelor of Science Computer Science (Honours),31011122116,"[1,1,2,1,2,1,2,1,2,1,2,2]"
avinashi.v@somaiya.edu,Avinashi Mahesh Vora,5,"[Data Mining and adaptive Business Intelligence,Information and Network Security,Information and Network Security,Software Testing and Quality Assurance,Software Testing and Quality Assurance,PL/SQL and NoSQL Databases,PL/SQL and NoSQL Databases,Artificial Intelligence,Artificial Intelligence,Data visualization and Analysis in Python,Data visualization and Analysis in Python,Data Mining and Adaptive Business Intelligence]","[Theory,Theory,Practical,Theory,Practical,Theory,Practical,Theory,Practical,Theory,Practical,Practical]",Bachelor of Science Computer Science (Honours),31011122118,"[1,1,2,1,2,1,2,1,2,1,2,2]"
vishwa.n@somaiya.edu,Vishwa Ashish Nimbark,5,"[Data Mining and adaptive Business Intelligence,Information and Network Security,Information and Network Security,Software Testing and Quality Assurance,Software Testing and Quality Assurance,PL/SQL and NoSQL Databases,PL/SQL and NoSQL Databases,Artificial Intelligence,Artificial Intelligence,Data visualization and Analysis in Python,Data visualization and Analysis in Python,Data Mining and Adaptive Business Intelligence]","[Theory,Theory,Practical,Theory,Practical,Theory,Practical,Theory,Practical,Theory,Practical,Practical]",Bachelor of Science Computer Science (Honours),31011122801,"[1,1,2,1,2,1,2,1,2,1,2,2]"
harsh.asoriya@somaiya.edu,Harsh Rajendra Asoriya,1,"[Computer Organisation and Architecture,Computer Organisation and Architecture,Computer Organisation and Architecture,Object Oriented and Programming with Cpp,Web Technology,Web Technology,Discrete Mathematics,Constitution of India,Professional Skill]","[Theory,Practical,Practical,Theory,Theory,Practical,Theory,Theory,Theory]",Bachelor of Science (Information Technology),31010924001,"[1,1,1,1,1,1,1,1,1]"
rugved.avere@somaiya.edu,Rugved Ravindra Avere,1,"[Computer Organisation and Architecture,Computer Organisation and Architecture,Computer Organisation and Architecture,Object Oriented and Programming with Cpp,Web Technology,Web Technology,Discrete Mathematics,Constitution of India,Professional Skill]","[Theory,Practical,Practical,Theory,Theory,Practical,Theory,Theory,Theory]",Bachelor of Science (Information Technology),31010924002,"[1,1,1,1,1,1,1,1,1]"
divy.bhanushali@somaiya.edu,Divy Chetan Bhanushali,1,"[Computer Organisation and Architecture,Computer Organisation and Architecture,Computer Organisation and Architecture,Object Oriented and Programming with Cpp,Web Technology,Web Technology,Discrete Mathematics,Constitution of India,Professional Skill]","[Theory,Practical,Practical,Theory,Theory,Practical,Theory,Theory,Theory]",Bachelor of Science (Information Technology),31010924004,"[1,1,1,1,1,1,1,1,1]"
abhyudaya.b@somaiya.edu,Abhyudaya  Bhatnagar,1,"[Computer Organisation and Architecture,Computer Organisation and Architecture,Computer Organisation and Architecture,Object Oriented and Programming with Cpp,Web Technology,Web Technology,Discrete Mathematics,Constitution of India,Professional Skill]","[Theory,Practical,Practical,Theory,Theory,Practical,Theory,Theory,Theory]",Bachelor of Science (Information Technology),31010924005,"[1,1,1,1,1,1,1,1,1]"
krish.bohra@somaiya.edu,Krish Shantilal Bohra,1,"[Computer Organisation and Architecture,Computer Organisation and Architecture,Computer Organisation and Architecture,Object Oriented and Programming with Cpp,Web Technology,Web Technology,Discrete Mathematics,Constitution of India,Professional Skill]","[Theory,Practical,Practical,Theory,Theory,Practical,Theory,Theory,Theory]",Bachelor of Science (Information Technology),31010924006,"[1,1,1,1,1,1,1,1,1]"
soham.borkar@somaiya.edu,Soham Sandeep Borkar,1,"[Computer Organisation and Architecture,Computer Organisation and Architecture,Computer Organisation and Architecture,Object Oriented and Programming with Cpp,Web Technology,Web Technology,Discrete Mathematics,Constitution of India,Professional Skill]","[Theory,Practical,Practical,Theory,Theory,Practical,Theory,Theory,Theory]",Bachelor of Science (Information Technology),31010924007,"[1,1,1,1,1,1,1,1,1]"
sahil.chaugule@somaiya.edu,Sahil Navnath Chaugule,1,"[Computer Organisation and Architecture,Computer Organisation and Architecture,Computer Organisation and Architecture,Object Oriented and Programming with Cpp,Web Technology,Web Technology,Discrete Mathematics,Constitution of India,Professional Skill]","[Theory,Practical,Practical,Theory,Theory,Practical,Theory,Theory,Theory]",Bachelor of Science (Information Technology),31010924008,"[1,1,1,1,1,1,1,1,1]"
mangesh.ac@somaiya.edu,Mangesh Ananda Chavan,1,"[Computer Organisation and Architecture,Computer Organisation and Architecture,Computer Organisation and Architecture,Object Oriented and Programming with Cpp,Web Technology,Web Technology,Discrete Mathematics,Constitution of India,Professional Skill]","[Theory,Practical,Practical,Theory,Theory,Practical,Theory,Theory,Theory]",Bachelor of Science (Information Technology),31010924009,"[1,1,1,1,1,1,1,1,1]"
pradyumna.c@somaiya.edu,Pradyumna Sandeep Chavan,1,"[Computer Organisation and Architecture,Computer Organisation and Architecture,Computer Organisation and Architecture,Object Oriented and Programming with Cpp,Web Technology,Web Technology,Discrete Mathematics,Constitution of India,Professional Skill]","[Theory,Practical,Practical,Theory,Theory,Practical,Theory,Theory,Theory]",Bachelor of Science (Information Technology),31010924010,"[1,1,1,1,1,1,1,1,1]"
sonal.sc@somaiya.edu,Sonal Sandeep Chavan,1,"[Computer Organisation and Architecture,Computer Organisation and Architecture,Computer Organisation and Architecture,Object Oriented and Programming with Cpp,Web Technology,Web Technology,Discrete Mathematics,Constitution of India,Professional Skill]","[Theory,Practical,Practical,Theory,Theory,Practical,Theory,Theory,Theory]",Bachelor of Science (Information Technology),31010924011,"[1,1,1,1,1,1,1,1,1]"
kartik.chhari@somaiya.edu,Kartik Chandulal Chhari,1,"[Computer Organisation and Architecture,Computer Organisation and Architecture,Computer Organisation and Architecture,Object Oriented and Programming with Cpp,Web Technology,Web Technology,Discrete Mathematics,Constitution of India,Professional Skill]","[Theory,Practical,Practical,Theory,Theory,Practical,Theory,Theory,Theory]",Bachelor of Science (Information Technology),31010924012,"[1,1,1,1,1,1,1,1,1]"
mayuresh.c@somaiya.edu,Mayuresh Pradeep Chipkar,1,"[Computer Organisation and Architecture,Computer Organisation and Architecture,Computer Organisation and Architecture,Object Oriented and Programming with Cpp,Web Technology,Web Technology,Discrete Mathematics,Constitution of India,Professional Skill]","[Theory,Practical,Practical,Theory,Theory,Practical,Theory,Theory,Theory]",Bachelor of Science (Information Technology),31010924013,"[1,1,1,1,1,1,1,1,1]"
p.dabhade@somaiya.edu,Prathamesh Mahesh Dabhade,1,"[Computer Organisation and Architecture,Computer Organisation and Architecture,Computer Organisation and Architecture,Object Oriented and Programming with Cpp,Web Technology,Web Technology,Discrete Mathematics,Constitution of India,Professional Skill]","[Theory,Practical,Practical,Theory,Theory,Practical,Theory,Theory,Theory]",Bachelor of Science (Information Technology),31010924014,"[1,1,1,1,1,1,1,1,1]"
niyati.bd@somaiya.edu,Niyati Bhagwan Dhandhukia,1,"[Computer Organisation and Architecture,Computer Organisation and Architecture,Computer Organisation and Architecture,Object Oriented and Programming with Cpp,Web Technology,Web Technology,Discrete Mathematics,Constitution of India,Professional Skill]","[Theory,Practical,Practical,Theory,Theory,Practical,Theory,Theory,Theory]",Bachelor of Science (Information Technology),31010924015,"[1,1,1,1,1,1,1,1,1]"
harsh.dhumal@somaiya.edu,Harsh Dhiraj Dhumal,1,"[Computer Organisation and Architecture,Computer Organisation and Architecture,Computer Organisation and Architecture,Object Oriented and Programming with Cpp,Web Technology,Web Technology,Discrete Mathematics,Constitution of India,Professional Skill]","[Theory,Practical,Practical,Theory,Theory,Practical,Theory,Theory,Theory]",Bachelor of Science (Information Technology),31010924016,"[1,1,1,1,1,1,1,1,1]"
a.doddannawar@somaiya.edu,Arnav Bharatesh Doddannawar,1,"[Computer Organisation and Architecture,Computer Organisation and Architecture,Computer Organisation and Architecture,Object Oriented and Programming with Cpp,Web Technology,Web Technology,Discrete Mathematics,Constitution of India,Professional Skill]","[Theory,Practical,Practical,Theory,Theory,Practical,Theory,Theory,Theory]",Bachelor of Science (Information Technology),31010924017,"[1,1,1,1,1,1,1,1,1]"
gaurav.dorala@somaiya.edu,Gaurav Vikram Dorala,1,"[Computer Organisation and Architecture,Computer Organisation and Architecture,Computer Organisation and Architecture,Object Oriented and Programming with Cpp,Web Technology,Web Technology,Discrete Mathematics,Constitution of India,Professional Skill]","[Theory,Practical,Practical,Theory,Theory,Practical,Theory,Theory,Theory]",Bachelor of Science (Information Technology),31010924018,"[1,1,1,1,1,1,1,1,1]"
dharmi.rd@somaiya.edu,Dharmi Rohitkumar Doshi,1,"[Computer Organisation and Architecture,Computer Organisation and Architecture,Computer Organisation and Architecture,Object Oriented and Programming with Cpp,Web Technology,Web Technology,Discrete Mathematics,Constitution of India,Professional Skill]","[Theory,Practical,Practical,Theory,Theory,Practical,Theory,Theory,Theory]",Bachelor of Science (Information Technology),31010924019,"[1,1,1,1,1,1,1,1,1]"
alden.dsouza@somaiya.edu,Alden Brian Dsouza,1,"[Computer Organisation and Architecture,Computer Organisation and Architecture,Computer Organisation and Architecture,Object Oriented and Programming with Cpp,Web Technology,Web Technology,Discrete Mathematics,Constitution of India,Professional Skill]","[Theory,Practical,Practical,Theory,Theory,Practical,Theory,Theory,Theory]",Bachelor of Science (Information Technology),31010924020,"[1,1,1,1,1,1,1,1,1]"
s.fatimazahra@somaiya.edu,Fatima Zahra Shaikh,1,"[Computer Organisation and Architecture,Computer Organisation and Architecture,Computer Organisation and Architecture,Object Oriented and Programming with Cpp,Web Technology,Web Technology,Discrete Mathematics,Constitution of India,Professional Skill]","[Theory,Practical,Practical,Theory,Theory,Practical,Theory,Theory,Theory]",Bachelor of Science (Information Technology),31010924021,"[1,1,1,1,1,1,1,1,1]"
omkar.gangan@somaiya.edu,Omkar  Gangan,1,"[Computer Organisation and Architecture,Computer Organisation and Architecture,Computer Organisation and Architecture,Object Oriented and Programming with Cpp,Web Technology,Web Technology,Discrete Mathematics,Constitution of India,Professional Skill]","[Theory,Practical,Practical,Theory,Theory,Practical,Theory,Theory,Theory]",Bachelor of Science (Information Technology),31010924022,"[1,1,1,1,1,1,1,1,1]"
atharva.godambe@somaiya.edu,Atharva Jitesh Godambe,1,"[Computer Organisation and Architecture,Computer Organisation and Architecture,Computer Organisation and Architecture,Object Oriented and Programming with Cpp,Web Technology,Web Technology,Discrete Mathematics,Constitution of India,Professional Skill]","[Theory,Practical,Practical,Theory,Theory,Practical,Theory,Theory,Theory]",Bachelor of Science (Information Technology),31010924023,"[1,1,1,1,1,1,1,1,1]"
sanika.g@somaiya.edu,Sanika Anil Gopale,1,"[Computer Organisation and Architecture,Computer Organisation and Architecture,Computer Organisation and Architecture,Object Oriented and Programming with Cpp,Web Technology,Web Technology,Discrete Mathematics,Constitution of India,Professional Skill]","[Theory,Practical,Practical,Theory,Theory,Practical,Theory,Theory,Theory]",Bachelor of Science (Information Technology),31010924024,"[1,1,1,1,1,1,1,1,1]"
rohan.gopnar@somaiya.edu,Rohan Vikas Gopnar,1,"[Computer Organisation and Architecture,Computer Organisation and Architecture,Computer Organisation and Architecture,Object Oriented and Programming with Cpp,Web Technology,Web Technology,Discrete Mathematics,Constitution of India,Professional Skill]","[Theory,Practical,Practical,Theory,Theory,Practical,Theory,Theory,Theory]",Bachelor of Science (Information Technology),31010924025,"[1,1,1,1,1,1,1,1,1]"
harshith.g@somaiya.edu,Harshith Shrinivas Gudur,1,"[Computer Organisation and Architecture,Computer Organisation and Architecture,Computer Organisation and Architecture,Object Oriented and Programming with Cpp,Web Technology,Web Technology,Discrete Mathematics,Constitution of India,Professional Skill]","[Theory,Practical,Practical,Theory,Theory,Practical,Theory,Theory,Theory]",Bachelor of Science (Information Technology),31010924026,"[1,1,1,1,1,1,1,1,1]"
mahima.sg@somaiya.edu,Mahima Sandeep Gupta,1,"[Computer Organisation and Architecture,Computer Organisation and Architecture,Computer Organisation and Architecture,Object Oriented and Programming with Cpp,Web Technology,Web Technology,Discrete Mathematics,Constitution of India,Professional Skill]","[Theory,Practical,Practical,Theory,Theory,Practical,Theory,Theory,Theory]",Bachelor of Science (Information Technology),31010924027,"[1,1,1,1,1,1,1,1,1]"
shrinidhi.g@somaiya.edu,Shrinidhi Ghanshyam Gupta,1,"[Computer Organisation and Architecture,Computer Organisation and Architecture,Computer Organisation and Architecture,Object Oriented and Programming with Cpp,Web Technology,Web Technology,Discrete Mathematics,Constitution of India,Professional Skill]","[Theory,Practical,Practical,Theory,Theory,Practical,Theory,Theory,Theory]",Bachelor of Science (Information Technology),31010924028,"[1,1,1,1,1,1,1,1,1]"
eshant.h@somaiya.edu,Eshant Parimal Haldar,1,"[Computer Organisation and Architecture,Computer Organisation and Architecture,Computer Organisation and Architecture,Object Oriented and Programming with Cpp,Web Technology,Web Technology,Discrete Mathematics,Constitution of India,Professional Skill]","[Theory,Practical,Practical,Theory,Theory,Practical,Theory,Theory,Theory]",Bachelor of Science (Information Technology),31010924029,"[1,1,1,1,1,1,1,1,1]"
dhruv.i@somaiya.edu,Dhruv Sanjeev Iyer,1,"[Computer Organisation and Architecture,Computer Organisation and Architecture,Computer Organisation and Architecture,Object Oriented and Programming with Cpp,Web Technology,Web Technology,Discrete Mathematics,Constitution of India,Professional Skill]","[Theory,Practical,Practical,Theory,Theory,Practical,Theory,Theory,Theory]",Bachelor of Science (Information Technology),31010924030,"[1,1,1,1,1,1,1,1,1]"
sneha.j@somaiya.edu,Sneha Kisan Jadhav,1,"[Computer Organisation and Architecture,Computer Organisation and Architecture,Computer Organisation and Architecture,Object Oriented and Programming with Cpp,Web Technology,Web Technology,Discrete Mathematics,Constitution of India,Professional Skill]","[Theory,Practical,Practical,Theory,Theory,Practical,Theory,Theory,Theory]",Bachelor of Science (Information Technology),31010924031,"[1,1,1,1,1,1,1,1,1]"
vedant.gj@somaiya.edu,Vedant Ganesh Jadhav,1,"[Computer Organisation and Architecture,Computer Organisation and Architecture,Computer Organisation and Architecture,Object Oriented and Programming with Cpp,Web Technology,Web Technology,Discrete Mathematics,Constitution of India,Professional Skill]","[Theory,Practical,Practical,Theory,Theory,Practical,Theory,Theory,Theory]",Bachelor of Science (Information Technology),31010924032,"[1,1,1,1,1,1,1,1,1]"
srj7@somaiya.edu,Sakshi Raju Jagtap,1,"[Computer Organisation and Architecture,Computer Organisation and Architecture,Computer Organisation and Architecture,Object Oriented and Programming with Cpp,Web Technology,Web Technology,Discrete Mathematics,Constitution of India,Professional Skill]","[Theory,Practical,Practical,Theory,Theory,Practical,Theory,Theory,Theory]",Bachelor of Science (Information Technology),31010924033,"[1,1,1,1,1,1,1,1,1]"
niyati.jariwala@somaiya.edu,Niyati Vipul Jariwala,1,"[Computer Organisation and Architecture,Computer Organisation and Architecture,Computer Organisation and Architecture,Object Oriented and Programming with Cpp,Web Technology,Web Technology,Discrete Mathematics,Constitution of India,Professional Skill]","[Theory,Practical,Practical,Theory,Theory,Practical,Theory,Theory,Theory]",Bachelor of Science (Information Technology),31010924034,"[1,1,1,1,1,1,1,1,1]"
sandhya.kapadane@somaiya.edu,Sandhya Bhimrao Kapadane,1,"[Computer Organisation and Architecture,Computer Organisation and Architecture,Computer Organisation and Architecture,Object Oriented and Programming with Cpp,Web Technology,Web Technology,Discrete Mathematics,Constitution of India,Professional Skill]","[Theory,Practical,Practical,Theory,Theory,Practical,Theory,Theory,Theory]",Bachelor of Science (Information Technology),31010924035,"[1,1,1,1,1,1,1,1,1]"
nageshwar.k@somaiya.edu,Nageshwar Purusottam Kapal,1,"[Computer Organisation and Architecture,Computer Organisation and Architecture,Computer Organisation and Architecture,Object Oriented and Programming with Cpp,Web Technology,Web Technology,Discrete Mathematics,Constitution of India,Professional Skill]","[Theory,Practical,Practical,Theory,Theory,Practical,Theory,Theory,Theory]",Bachelor of Science (Information Technology),31010924036,"[1,1,1,1,1,1,1,1,1]"
samruddhi.karade@somaiya.edu,Samruddhi Shashikant Karade,1,"[Computer Organisation and Architecture,Computer Organisation and Architecture,Computer Organisation and Architecture,Object Oriented and Programming with Cpp,Web Technology,Web Technology,Discrete Mathematics,Constitution of India,Professional Skill]","[Theory,Practical,Practical,Theory,Theory,Practical,Theory,Theory,Theory]",Bachelor of Science (Information Technology),31010924037,"[1,1,1,1,1,1,1,1,1]"
pratiksha.karale@somaiya.edu,Pratiksha Dattatray Karale,1,"[Computer Organisation and Architecture,Computer Organisation and Architecture,Computer Organisation and Architecture,Object Oriented and Programming with Cpp,Web Technology,Web Technology,Discrete Mathematics,Constitution of India,Professional Skill]","[Theory,Practical,Practical,Theory,Theory,Practical,Theory,Theory,Theory]",Bachelor of Science (Information Technology),31010924038,"[1,1,1,1,1,1,1,1,1]"
h.kathole@somaiya.edu,Harshwardhan Rajesh Kathole,1,"[Computer Organisation and Architecture,Computer Organisation and Architecture,Computer Organisation and Architecture,Object Oriented and Programming with Cpp,Web Technology,Web Technology,Discrete Mathematics,Constitution of India,Professional Skill]","[Theory,Practical,Practical,Theory,Theory,Practical,Theory,Theory,Theory]",Bachelor of Science (Information Technology),31010924039,"[1,1,1,1,1,1,1,1,1]"
affan.k@somaiya.edu,Affan Rizwan Khan,1,"[Computer Organisation and Architecture,Computer Organisation and Architecture,Computer Organisation and Architecture,Object Oriented and Programming with Cpp,Web Technology,Web Technology,Discrete Mathematics,Constitution of India,Professional Skill]","[Theory,Practical,Practical,Theory,Theory,Practical,Theory,Theory,Theory]",Bachelor of Science (Information Technology),31010924040,"[1,1,1,1,1,1,1,1,1]"
nabila.khan@somaiya.edu,Nabila  Khan,1,"[Computer Organisation and Architecture,Computer Organisation and Architecture,Computer Organisation and Architecture,Object Oriented and Programming with Cpp,Web Technology,Web Technology,Discrete Mathematics,Constitution of India,Professional Skill]","[Theory,Practical,Practical,Theory,Theory,Practical,Theory,Theory,Theory]",Bachelor of Science (Information Technology),31010924041,"[1,1,1,1,1,1,1,1,1]"
rojiya.khan@somaiya.edu,Rojiya Abdulmannan Khan,1,"[Computer Organisation and Architecture,Computer Organisation and Architecture,Computer Organisation and Architecture,Object Oriented and Programming with Cpp,Web Technology,Web Technology,Discrete Mathematics,Constitution of India,Professional Skill]","[Theory,Practical,Practical,Theory,Theory,Practical,Theory,Theory,Theory]",Bachelor of Science (Information Technology),31010924042,"[1,1,1,1,1,1,1,1,1]"
saifali.khan@somaiya.edu,Saif Ali Khan,1,"[Computer Organisation and Architecture,Computer Organisation and Architecture,Computer Organisation and Architecture,Object Oriented and Programming with Cpp,Web Technology,Web Technology,Discrete Mathematics,Constitution of India,Professional Skill]","[Theory,Practical,Practical,Theory,Theory,Practical,Theory,Theory,Theory]",Bachelor of Science (Information Technology),31010924043,"[1,1,1,1,1,1,1,1,1]"
saima.fk@somaiya.edu,Saima Fayzan Khan,1,"[Computer Organisation and Architecture,Computer Organisation and Architecture,Computer Organisation and Architecture,Object Oriented and Programming with Cpp,Web Technology,Web Technology,Discrete Mathematics,Constitution of India,Professional Skill]","[Theory,Practical,Practical,Theory,Theory,Practical,Theory,Theory,Theory]",Bachelor of Science (Information Technology),31010924044,"[1,1,1,1,1,1,1,1,1]"
afsa.khatoon@somaiya.edu,Afsa  Khatoon,1,"[Computer Organisation and Architecture,Computer Organisation and Architecture,Computer Organisation and Architecture,Object Oriented and Programming with Cpp,Web Technology,Web Technology,Discrete Mathematics,Constitution of India,Professional Skill]","[Theory,Practical,Practical,Theory,Theory,Practical,Theory,Theory,Theory]",Bachelor of Science (Information Technology),31010924045,"[1,1,1,1,1,1,1,1,1]"
mohammedfaiz.k@somaiya.edu,Mohammed Faiz Khwaja,1,"[Computer Organisation and Architecture,Computer Organisation and Architecture,Computer Organisation and Architecture,Object Oriented and Programming with Cpp,Web Technology,Web Technology,Discrete Mathematics,Constitution of India,Professional Skill]","[Theory,Practical,Practical,Theory,Theory,Practical,Theory,Theory,Theory]",Bachelor of Science (Information Technology),31010924046,"[1,1,1,1,1,1,1,1,1]"
devesh.kochar@somaiya.edu,Devesh Kamal Kochar,1,"[Computer Organisation and Architecture,Computer Organisation and Architecture,Computer Organisation and Architecture,Object Oriented and Programming with Cpp,Web Technology,Web Technology,Discrete Mathematics,Constitution of India,Professional Skill]","[Theory,Practical,Practical,Theory,Theory,Practical,Theory,Theory,Theory]",Bachelor of Science (Information Technology),31010924047,"[1,1,1,1,1,1,1,1,1]"
kothari.bd@somaiya.edu,Bhumi Dharmesh Kothari,1,"[Computer Organisation and Architecture,Computer Organisation and Architecture,Computer Organisation and Architecture,Object Oriented and Programming with Cpp,Web Technology,Web Technology,Discrete Mathematics,Constitution of India,Professional Skill]","[Theory,Practical,Practical,Theory,Theory,Practical,Theory,Theory,Theory]",Bachelor of Science (Information Technology),31010924048,"[1,1,1,1,1,1,1,1,1]"
manisha.kumari@somaiya.edu,Manisha  Kumari,1,"[Computer Organisation and Architecture,Computer Organisation and Architecture,Computer Organisation and Architecture,Object Oriented and Programming with Cpp,Web Technology,Web Technology,Discrete Mathematics,Constitution of India,Professional Skill]","[Theory,Practical,Practical,Theory,Theory,Practical,Theory,Theory,Theory]",Bachelor of Science (Information Technology),31010924049,"[1,1,1,1,1,1,1,1,1]"
t.kunchikorve@somaiya.edu,Tanisha Vijay Kunchikorve,1,"[Computer Organisation and Architecture,Computer Organisation and Architecture,Computer Organisation and Architecture,Object Oriented and Programming with Cpp,Web Technology,Web Technology,Discrete Mathematics,Constitution of India,Professional Skill]","[Theory,Practical,Practical,Theory,Theory,Practical,Theory,Theory,Theory]",Bachelor of Science (Information Technology),31010924050,"[1,1,1,1,1,1,1,1,1]"
annu.k@somaiya.edu,Annu Sanjay Kushwaha,1,"[Computer Organisation and Architecture,Computer Organisation and Architecture,Computer Organisation and Architecture,Object Oriented and Programming with Cpp,Web Technology,Web Technology,Discrete Mathematics,Constitution of India,Professional Skill]","[Theory,Practical,Practical,Theory,Theory,Practical,Theory,Theory,Theory]",Bachelor of Science (Information Technology),31010924051,"[1,1,1,1,1,1,1,1,1]"
aarya.mahadik@somaiya.edu,Aarya Avinash Mahadik,1,"[Computer Organisation and Architecture,Computer Organisation and Architecture,Computer Organisation and Architecture,Object Oriented and Programming with Cpp,Web Technology,Web Technology,Discrete Mathematics,Constitution of India,Professional Skill]","[Theory,Practical,Practical,Theory,Theory,Practical,Theory,Theory,Theory]",Bachelor of Science (Information Technology),31010924052,"[1,1,1,1,1,1,1,1,1]"
anushka.mahale@somaiya.edu,Anushka Gopal Mahale,1,"[Computer Organisation and Architecture,Computer Organisation and Architecture,Computer Organisation and Architecture,Object Oriented and Programming with Cpp,Web Technology,Web Technology,Discrete Mathematics,Constitution of India,Professional Skill]","[Theory,Practical,Practical,Theory,Theory,Practical,Theory,Theory,Theory]",Bachelor of Science (Information Technology),31010924053,"[1,1,1,1,1,1,1,1,1]"
mahesh.mane@somaiya.edu,Mahesh Shamrao Mane,1,"[Computer Organisation and Architecture,Computer Organisation and Architecture,Computer Organisation and Architecture,Object Oriented and Programming with Cpp,Web Technology,Web Technology,Discrete Mathematics,Constitution of India,Professional Skill]","[Theory,Practical,Practical,Theory,Theory,Practical,Theory,Theory,Theory]",Bachelor of Science (Information Technology),31010924054,"[1,1,1,1,1,1,1,1,1]"
s.manjrekar@somaiya.edu,Shreyash Sandeep Manjrekar,1,"[Computer Organisation and Architecture,Computer Organisation and Architecture,Computer Organisation and Architecture,Object Oriented and Programming with Cpp,Web Technology,Web Technology,Discrete Mathematics,Constitution of India,Professional Skill]","[Theory,Practical,Practical,Theory,Theory,Practical,Theory,Theory,Theory]",Bachelor of Science (Information Technology),31010924055,"[1,1,1,1,1,1,1,1,1]"
siddhesh.marathe@somaiya.edu,Siddhesh Sanjay Marathe,1,"[Computer Organisation and Architecture,Computer Organisation and Architecture,Computer Organisation and Architecture,Object Oriented and Programming with Cpp,Web Technology,Web Technology,Discrete Mathematics,Constitution of India,Professional Skill]","[Theory,Practical,Practical,Theory,Theory,Practical,Theory,Theory,Theory]",Bachelor of Science (Information Technology),31010924056,"[1,1,1,1,1,1,1,1,1]"
nihal.mhatre@somaiya.edu,Nihal Sanjay Mhatre,1,"[Computer Organisation and Architecture,Computer Organisation and Architecture,Computer Organisation and Architecture,Object Oriented and Programming with Cpp,Web Technology,Web Technology,Discrete Mathematics,Constitution of India,Professional Skill]","[Theory,Practical,Practical,Theory,Theory,Practical,Theory,Theory,Theory]",Bachelor of Science (Information Technology),31010924057,"[1,1,1,1,1,1,1,1,1]"
aszad.min@somaiya.edu,Aszad Salim Min,1,"[Computer Organisation and Architecture,Computer Organisation and Architecture,Computer Organisation and Architecture,Object Oriented and Programming with Cpp,Web Technology,Web Technology,Discrete Mathematics,Constitution of India,Professional Skill]","[Theory,Practical,Practical,Theory,Theory,Practical,Theory,Theory,Theory]",Bachelor of Science (Information Technology),31010924058,"[1,1,1,1,1,1,1,1,1]"
yadnesh.more@somaiya.edu,Yadnesh Sanjay More,1,"[Computer Organisation and Architecture,Computer Organisation and Architecture,Computer Organisation and Architecture,Object Oriented and Programming with Cpp,Web Technology,Web Technology,Discrete Mathematics,Constitution of India,Professional Skill]","[Theory,Practical,Practical,Theory,Theory,Practical,Theory,Theory,Theory]",Bachelor of Science (Information Technology),31010924059,"[1,1,1,1,1,1,1,1,1]"
parth.nagda2@somaiya.edu,Parth  Nagda,1,"[Computer Organisation and Architecture,Computer Organisation and Architecture,Computer Organisation and Architecture,Object Oriented and Programming with Cpp,Web Technology,Web Technology,Discrete Mathematics,Constitution of India,Professional Skill]","[Theory,Practical,Practical,Theory,Theory,Practical,Theory,Theory,Theory]",Bachelor of Science (Information Technology),31010924060,"[1,1,1,1,1,1,1,1,1]"
pradnya.naik@somaiya.edu,Pradnya Vinod Naik,1,"[Computer Organisation and Architecture,Computer Organisation and Architecture,Computer Organisation and Architecture,Object Oriented and Programming with Cpp,Web Technology,Web Technology,Discrete Mathematics,Constitution of India,Professional Skill]","[Theory,Practical,Practical,Theory,Theory,Practical,Theory,Theory,Theory]",Bachelor of Science (Information Technology),31010924061,"[1,1,1,1,1,1,1,1,1]"
shravani.pn@somaiya.edu,Shravani Prashant Naik,1,"[Computer Organisation and Architecture,Computer Organisation and Architecture,Computer Organisation and Architecture,Object Oriented and Programming with Cpp,Web Technology,Web Technology,Discrete Mathematics,Constitution of India,Professional Skill]","[Theory,Practical,Practical,Theory,Theory,Practical,Theory,Theory,Theory]",Bachelor of Science (Information Technology),31010924062,"[1,1,1,1,1,1,1,1,1]"
rohit.naskar@somaiya.edu,Rohit Goutam Naskar,1,"[Computer Organisation and Architecture,Computer Organisation and Architecture,Computer Organisation and Architecture,Object Oriented and Programming with Cpp,Web Technology,Web Technology,Discrete Mathematics,Constitution of India,Professional Skill]","[Theory,Practical,Practical,Theory,Theory,Practical,Theory,Theory,Theory]",Bachelor of Science (Information Technology),31010924063,"[1,1,1,1,1,1,1,1,1]"
s.nayak@somaiya.edu,Sneha Sunil Nayak,1,"[Computer Organisation and Architecture,Computer Organisation and Architecture,Computer Organisation and Architecture,Object Oriented and Programming with Cpp,Web Technology,Web Technology,Discrete Mathematics,Constitution of India,Professional Skill]","[Theory,Practical,Practical,Theory,Theory,Practical,Theory,Theory,Theory]",Bachelor of Science (Information Technology),31010924064,"[1,1,1,1,1,1,1,1,1]"
kashvi.negi@somaiya.edu,Kashvi Birsingh Negi,1,"[Computer Organisation and Architecture,Computer Organisation and Architecture,Computer Organisation and Architecture,Object Oriented and Programming with Cpp,Web Technology,Web Technology,Discrete Mathematics,Constitution of India,Professional Skill]","[Theory,Practical,Practical,Theory,Theory,Practical,Theory,Theory,Theory]",Bachelor of Science (Information Technology),31010924065,"[1,1,1,1,1,1,1,1,1]"
khan.nuruddin@somaiya.edu,Khan  Nuruddin,1,"[Computer Organisation and Architecture,Computer Organisation and Architecture,Computer Organisation and Architecture,Object Oriented and Programming with Cpp,Web Technology,Web Technology,Discrete Mathematics,Constitution of India,Professional Skill]","[Theory,Practical,Practical,Theory,Theory,Practical,Theory,Theory,Theory]",Bachelor of Science (Information Technology),31010924066,"[1,1,1,1,1,1,1,1,1]"
tisha.pachupate@somaiya.edu,Tisha Rajendra Pachupate,1,"[Computer Organisation and Architecture,Computer Organisation and Architecture,Computer Organisation and Architecture,Object Oriented and Programming with Cpp,Web Technology,Web Technology,Discrete Mathematics,Constitution of India,Professional Skill]","[Theory,Practical,Practical,Theory,Theory,Practical,Theory,Theory,Theory]",Bachelor of Science (Information Technology),31010924067,"[1,1,1,1,1,1,1,1,1]"
stuti.panchal@somaiya.edu,Stuti Ramesh Panchal,1,"[Computer Organisation and Architecture,Computer Organisation and Architecture,Computer Organisation and Architecture,Object Oriented and Programming with Cpp,Web Technology,Web Technology,Discrete Mathematics,Constitution of India,Professional Skill]","[Theory,Practical,Practical,Theory,Theory,Practical,Theory,Theory,Theory]",Bachelor of Science (Information Technology),31010924068,"[1,1,1,1,1,1,1,1,1]"
adivyas.p@somaiya.edu,Adivyas Kalicharan Pandey,1,"[Computer Organisation and Architecture,Computer Organisation and Architecture,Computer Organisation and Architecture,Object Oriented and Programming with Cpp,Web Technology,Web Technology,Discrete Mathematics,Constitution of India,Professional Skill]","[Theory,Practical,Practical,Theory,Theory,Practical,Theory,Theory,Theory]",Bachelor of Science (Information Technology),31010924069,"[1,1,1,1,1,1,1,1,1]"
afeefa.pasha@somaiya.edu,Afeefa Mohd Pasha,1,"[Computer Organisation and Architecture,Computer Organisation and Architecture,Computer Organisation and Architecture,Object Oriented and Programming with Cpp,Web Technology,Web Technology,Discrete Mathematics,Constitution of India,Professional Skill]","[Theory,Practical,Practical,Theory,Theory,Practical,Theory,Theory,Theory]",Bachelor of Science (Information Technology),31010924070,"[1,1,1,1,1,1,1,1,1]"
parth.patankar@somaiya.edu,Parth Sushant Patankar,1,"[Computer Organisation and Architecture,Computer Organisation and Architecture,Computer Organisation and Architecture,Object Oriented and Programming with Cpp,Web Technology,Web Technology,Discrete Mathematics,Constitution of India,Professional Skill]","[Theory,Practical,Practical,Theory,Theory,Practical,Theory,Theory,Theory]",Bachelor of Science (Information Technology),31010924071,"[2,2,2,2,2,2,2,2,2]"
dhruv.patel7@somaiya.edu,Dhruv Pravin Patel,1,"[Computer Organisation and Architecture,Computer Organisation and Architecture,Computer Organisation and Architecture,Object Oriented and Programming with Cpp,Web Technology,Web Technology,Discrete Mathematics,Constitution of India,Professional Skill]","[Theory,Practical,Practical,Theory,Theory,Practical,Theory,Theory,Theory]",Bachelor of Science (Information Technology),31010924072,"[2,2,2,2,2,2,2,2,2]"
patel.bhavanbhai@somaiya.edu,Gautam Bhavanbhai Patel,1,"[Computer Organisation and Architecture,Computer Organisation and Architecture,Computer Organisation and Architecture,Object Oriented and Programming with Cpp,Web Technology,Web Technology,Discrete Mathematics,Constitution of India,Professional Skill]","[Theory,Practical,Practical,Theory,Theory,Practical,Theory,Theory,Theory]",Bachelor of Science (Information Technology),31010924073,"[2,2,2,2,2,2,2,2,2]"
aaditya.patil@somaiya.edu,Aaditya Nathuram Patil,1,"[Computer Organisation and Architecture,Computer Organisation and Architecture,Computer Organisation and Architecture,Object Oriented and Programming with Cpp,Web Technology,Web Technology,Discrete Mathematics,Constitution of India,Professional Skill]","[Theory,Practical,Practical,Theory,Theory,Practical,Theory,Theory,Theory]",Bachelor of Science (Information Technology),31010924074,"[2,2,2,2,2,2,2,2,2]"
archit.sp@somaiya.edu,Archit Sunil Patil,1,"[Computer Organisation and Architecture,Computer Organisation and Architecture,Computer Organisation and Architecture,Object Oriented and Programming with Cpp,Web Technology,Web Technology,Discrete Mathematics,Constitution of India,Professional Skill]","[Theory,Practical,Practical,Theory,Theory,Practical,Theory,Theory,Theory]",Bachelor of Science (Information Technology),31010924075,"[2,2,2,2,2,2,2,2,2]"
sai29@somaiya.edu,Sai  Patil,1,"[Computer Organisation and Architecture,Computer Organisation and Architecture,Computer Organisation and Architecture,Object Oriented and Programming with Cpp,Web Technology,Web Technology,Discrete Mathematics,Constitution of India,Professional Skill]","[Theory,Practical,Practical,Theory,Theory,Practical,Theory,Theory,Theory]",Bachelor of Science (Information Technology),31010924076,"[2,2,2,2,2,2,2,2,2]"
sbp3@somaiya.edu,Shraddha Bhausaheb Patil,1,"[Computer Organisation and Architecture,Computer Organisation and Architecture,Computer Organisation and Architecture,Object Oriented and Programming with Cpp,Web Technology,Web Technology,Discrete Mathematics,Constitution of India,Professional Skill]","[Theory,Practical,Practical,Theory,Theory,Practical,Theory,Theory,Theory]",Bachelor of Science (Information Technology),31010924077,"[2,2,2,2,2,2,2,2,2]"
krupali.p@somaiya.edu,Krupali Bhavesh Patiwala,1,"[Computer Organisation and Architecture,Computer Organisation and Architecture,Computer Organisation and Architecture,Object Oriented and Programming with Cpp,Web Technology,Web Technology,Discrete Mathematics,Constitution of India,Professional Skill]","[Theory,Practical,Practical,Theory,Theory,Practical,Theory,Theory,Theory]",Bachelor of Science (Information Technology),31010924078,"[2,2,2,2,2,2,2,2,2]"
abha.patki@somaiya.edu,Abha Shrikant Patki,1,"[Computer Organisation and Architecture,Computer Organisation and Architecture,Computer Organisation and Architecture,Object Oriented and Programming with Cpp,Web Technology,Web Technology,Discrete Mathematics,Constitution of India,Professional Skill]","[Theory,Practical,Practical,Theory,Theory,Practical,Theory,Theory,Theory]",Bachelor of Science (Information Technology),31010924079,"[2,2,2,2,2,2,2,2,2]"
rushabh.pawar@somaiya.edu,Rushabh Ravindra Pawar,1,"[Computer Organisation and Architecture,Computer Organisation and Architecture,Computer Organisation and Architecture,Object Oriented and Programming with Cpp,Web Technology,Web Technology,Discrete Mathematics,Constitution of India,Professional Skill]","[Theory,Practical,Practical,Theory,Theory,Practical,Theory,Theory,Theory]",Bachelor of Science (Information Technology),31010924080,"[2,2,2,2,2,2,2,2,2]"
sakshi.pawar9@somaiya.edu,Sakshi Suhas Pawar,1,"[Computer Organisation and Architecture,Computer Organisation and Architecture,Computer Organisation and Architecture,Object Oriented and Programming with Cpp,Web Technology,Web Technology,Discrete Mathematics,Constitution of India,Professional Skill]","[Theory,Practical,Practical,Theory,Theory,Practical,Theory,Theory,Theory]",Bachelor of Science (Information Technology),31010924081,"[2,2,2,2,2,2,2,2,2]"
sarth.pawar@somaiya.edu,Sarth Umesh Pawar,1,"[Computer Organisation and Architecture,Computer Organisation and Architecture,Computer Organisation and Architecture,Object Oriented and Programming with Cpp,Web Technology,Web Technology,Discrete Mathematics,Constitution of India,Professional Skill]","[Theory,Practical,Practical,Theory,Theory,Practical,Theory,Theory,Theory]",Bachelor of Science (Information Technology),31010924082,"[2,2,2,2,2,2,2,2,2]"
shreya.phadale@somaiya.edu,Shreya Kishor Phadale,1,"[Computer Organisation and Architecture,Computer Organisation and Architecture,Computer Organisation and Architecture,Object Oriented and Programming with Cpp,Web Technology,Web Technology,Discrete Mathematics,Constitution of India,Professional Skill]","[Theory,Practical,Practical,Theory,Theory,Practical,Theory,Theory,Theory]",Bachelor of Science (Information Technology),31010924083,"[2,2,2,2,2,2,2,2,2]"
batish.qureshi@somaiya.edu,Batish Israr Qureshi,1,"[Computer Organisation and Architecture,Computer Organisation and Architecture,Computer Organisation and Architecture,Object Oriented and Programming with Cpp,Web Technology,Web Technology,Discrete Mathematics,Constitution of India,Professional Skill]","[Theory,Practical,Practical,Theory,Theory,Practical,Theory,Theory,Theory]",Bachelor of Science (Information Technology),31010924084,"[2,2,2,2,2,2,2,2,2]"
aaditya.rai@somaiya.edu,Aaditya Santosh Rai,1,"[Computer Organisation and Architecture,Computer Organisation and Architecture,Computer Organisation and Architecture,Object Oriented and Programming with Cpp,Web Technology,Web Technology,Discrete Mathematics,Constitution of India,Professional Skill]","[Theory,Practical,Practical,Theory,Theory,Practical,Theory,Theory,Theory]",Bachelor of Science (Information Technology),31010924085,"[2,2,2,2,2,2,2,2,2]"
aayushree.r@somaiya.edu,Aayushree Sachin Ramane,1,"[Computer Organisation and Architecture,Computer Organisation and Architecture,Computer Organisation and Architecture,Object Oriented and Programming with Cpp,Web Technology,Web Technology,Discrete Mathematics,Constitution of India,Professional Skill]","[Theory,Practical,Practical,Theory,Theory,Practical,Theory,Theory,Theory]",Bachelor of Science (Information Technology),31010924086,"[2,2,2,2,2,2,2,2,2]"
sachi.rane@somaiya.edu,Sachi Santosh Rane,1,"[Computer Organisation and Architecture,Computer Organisation and Architecture,Computer Organisation and Architecture,Object Oriented and Programming with Cpp,Web Technology,Web Technology,Discrete Mathematics,Constitution of India,Professional Skill]","[Theory,Practical,Practical,Theory,Theory,Practical,Theory,Theory,Theory]",Bachelor of Science (Information Technology),31010924087,"[2,2,2,2,2,2,2,2,2]"
rishi.hr@somaiya.edu,Rishi Hitesh Rathod,1,"[Computer Organisation and Architecture,Computer Organisation and Architecture,Computer Organisation and Architecture,Object Oriented and Programming with Cpp,Web Technology,Web Technology,Discrete Mathematics,Constitution of India,Professional Skill]","[Theory,Practical,Practical,Theory,Theory,Practical,Theory,Theory,Theory]",Bachelor of Science (Information Technology),31010924088,"[2,2,2,2,2,2,2,2,2]"
sarah.rodrigues@somaiya.edu,Sarah  Rodrigues,1,"[Computer Organisation and Architecture,Computer Organisation and Architecture,Computer Organisation and Architecture,Object Oriented and Programming with Cpp,Web Technology,Web Technology,Discrete Mathematics,Constitution of India,Professional Skill]","[Theory,Practical,Practical,Theory,Theory,Practical,Theory,Theory,Theory]",Bachelor of Science (Information Technology),31010924089,"[2,2,2,2,2,2,2,2,2]"
sharvel.s@somaiya.edu,Sharvel Suresh Sabale,1,"[Computer Organisation and Architecture,Computer Organisation and Architecture,Computer Organisation and Architecture,Object Oriented and Programming with Cpp,Web Technology,Web Technology,Discrete Mathematics,Constitution of India,Professional Skill]","[Theory,Practical,Practical,Theory,Theory,Practical,Theory,Theory,Theory]",Bachelor of Science (Information Technology),31010924090,"[2,2,2,2,2,2,2,2,2]"
ansari.s@somaiya.edu,Abid Ansari Samreen,1,"[Computer Organisation and Architecture,Computer Organisation and Architecture,Computer Organisation and Architecture,Object Oriented and Programming with Cpp,Web Technology,Web Technology,Discrete Mathematics,Constitution of India,Professional Skill]","[Theory,Practical,Practical,Theory,Theory,Practical,Theory,Theory,Theory]",Bachelor of Science (Information Technology),31010924091,"[2,2,2,2,2,2,2,2,2]"
mps@somaiya.edu,Mansi Pramod Sawant,1,"[Computer Organisation and Architecture,Computer Organisation and Architecture,Computer Organisation and Architecture,Object Oriented and Programming with Cpp,Web Technology,Web Technology,Discrete Mathematics,Constitution of India,Professional Skill]","[Theory,Practical,Practical,Theory,Theory,Practical,Theory,Theory,Theory]",Bachelor of Science (Information Technology),31010924092,"[2,2,2,2,2,2,2,2,2]"
rashi.sawardekar@somaiya.edu,Rashi Ranjit Sawardekar,1,"[Computer Organisation and Architecture,Computer Organisation and Architecture,Computer Organisation and Architecture,Object Oriented and Programming with Cpp,Web Technology,Web Technology,Discrete Mathematics,Constitution of India,Professional Skill]","[Theory,Practical,Practical,Theory,Theory,Practical,Theory,Theory,Theory]",Bachelor of Science (Information Technology),31010924093,"[2,2,2,2,2,2,2,2,2]"
afshanzahra.s@somaiya.edu,Afshan Zahra Sayed,1,"[Computer Organisation and Architecture,Computer Organisation and Architecture,Computer Organisation and Architecture,Object Oriented and Programming with Cpp,Web Technology,Web Technology,Discrete Mathematics,Constitution of India,Professional Skill]","[Theory,Practical,Practical,Theory,Theory,Practical,Theory,Theory,Theory]",Bachelor of Science (Information Technology),31010924094,"[2,2,2,2,2,2,2,2,2]"
kinjal.sethiya@somaiya.edu,Kinjal Uttamkumar Sethiya,1,"[Computer Organisation and Architecture,Computer Organisation and Architecture,Computer Organisation and Architecture,Object Oriented and Programming with Cpp,Web Technology,Web Technology,Discrete Mathematics,Constitution of India,Professional Skill]","[Theory,Practical,Practical,Theory,Theory,Practical,Theory,Theory,Theory]",Bachelor of Science (Information Technology),31010924095,"[2,2,2,2,2,2,2,2,2]"
shah.yh@somaiya.edu,Yashvi Hiren Shah,1,"[Computer Organisation and Architecture,Computer Organisation and Architecture,Computer Organisation and Architecture,Object Oriented and Programming with Cpp,Web Technology,Web Technology,Discrete Mathematics,Constitution of India,Professional Skill]","[Theory,Practical,Practical,Theory,Theory,Practical,Theory,Theory,Theory]",Bachelor of Science (Information Technology),31010924096,"[2,2,2,2,2,2,2,2,2]"
aadil07@somaiya.edu,Aadil Moinuddin Shaikh,1,"[Computer Organisation and Architecture,Computer Organisation and Architecture,Computer Organisation and Architecture,Object Oriented and Programming with Cpp,Web Technology,Web Technology,Discrete Mathematics,Constitution of India,Professional Skill]","[Theory,Practical,Practical,Theory,Theory,Practical,Theory,Theory,Theory]",Bachelor of Science (Information Technology),31010924097,"[2,2,2,2,2,2,2,2,2]"
ayesha.shaikh@somaiya.edu,Ayesha Akil Shaikh,1,"[Computer Organisation and Architecture,Computer Organisation and Architecture,Computer Organisation and Architecture,Object Oriented and Programming with Cpp,Web Technology,Web Technology,Discrete Mathematics,Constitution of India,Professional Skill]","[Theory,Practical,Practical,Theory,Theory,Practical,Theory,Theory,Theory]",Bachelor of Science (Information Technology),31010924098,"[2,2,2,2,2,2,2,2,2]"
farhan06@somaiya.edu,Farhan Abdul Shaikh,1,"[Computer Organisation and Architecture,Computer Organisation and Architecture,Computer Organisation and Architecture,Object Oriented and Programming with Cpp,Web Technology,Web Technology,Discrete Mathematics,Constitution of India,Professional Skill]","[Theory,Practical,Practical,Theory,Theory,Practical,Theory,Theory,Theory]",Bachelor of Science (Information Technology),31010924099,"[2,2,2,2,2,2,2,2,2]"
farihanaaz.s@somaiya.edu,Fariha Naaz Shaikh,1,"[Computer Organisation and Architecture,Computer Organisation and Architecture,Computer Organisation and Architecture,Object Oriented and Programming with Cpp,Web Technology,Web Technology,Discrete Mathematics,Constitution of India,Professional Skill]","[Theory,Practical,Practical,Theory,Theory,Practical,Theory,Theory,Theory]",Bachelor of Science (Information Technology),31010924100,"[2,2,2,2,2,2,2,2,2]"
khadijabano.s@somaiya.edu,Khadija Bano Shaikh,1,"[Computer Organisation and Architecture,Computer Organisation and Architecture,Computer Organisation and Architecture,Object Oriented and Programming with Cpp,Web Technology,Web Technology,Discrete Mathematics,Constitution of India,Professional Skill]","[Theory,Practical,Practical,Theory,Theory,Practical,Theory,Theory,Theory]",Bachelor of Science (Information Technology),31010924101,"[2,2,2,2,2,2,2,2,2]"
shahnawazalam.s@somaiya.edu,Shahnawaz Alam Shaikh,1,"[Computer Organisation and Architecture,Computer Organisation and Architecture,Computer Organisation and Architecture,Object Oriented and Programming with Cpp,Web Technology,Web Technology,Discrete Mathematics,Constitution of India,Professional Skill]","[Theory,Practical,Practical,Theory,Theory,Practical,Theory,Theory,Theory]",Bachelor of Science (Information Technology),31010924102,"[2,2,2,2,2,2,2,2,2]"
eshan.s@somaiya.edu,Eshan Sandeep Sharma,1,"[Computer Organisation and Architecture,Computer Organisation and Architecture,Computer Organisation and Architecture,Object Oriented and Programming with Cpp,Web Technology,Web Technology,Discrete Mathematics,Constitution of India,Professional Skill]","[Theory,Practical,Practical,Theory,Theory,Practical,Theory,Theory,Theory]",Bachelor of Science (Information Technology),31010924103,"[2,2,2,2,2,2,2,2,2]"
shetty.ap@somaiya.edu,Ananya Pravin Shetty,1,"[Computer Organisation and Architecture,Computer Organisation and Architecture,Computer Organisation and Architecture,Object Oriented and Programming with Cpp,Web Technology,Web Technology,Discrete Mathematics,Constitution of India,Professional Skill]","[Theory,Practical,Practical,Theory,Theory,Practical,Theory,Theory,Theory]",Bachelor of Science (Information Technology),31010924104,"[2,2,2,2,2,2,2,2,2]"
mohdsalman.s@somaiya.edu,Mohd Salman Siddique,1,"[Computer Organisation and Architecture,Computer Organisation and Architecture,Computer Organisation and Architecture,Object Oriented and Programming with Cpp,Web Technology,Web Technology,Discrete Mathematics,Constitution of India,Professional Skill]","[Theory,Practical,Practical,Theory,Theory,Practical,Theory,Theory,Theory]",Bachelor of Science (Information Technology),31010924105,"[2,2,2,2,2,2,2,2,2]"
shaad.s@somaiya.edu,Shaad Mohammad Siddique,1,"[Computer Organisation and Architecture,Computer Organisation and Architecture,Computer Organisation and Architecture,Object Oriented and Programming with Cpp,Web Technology,Web Technology,Discrete Mathematics,Constitution of India,Professional Skill]","[Theory,Practical,Practical,Theory,Theory,Practical,Theory,Theory,Theory]",Bachelor of Science (Information Technology),31010924106,"[2,2,2,2,2,2,2,2,2]"
abusahema.s@somaiya.edu,Abu Sahema Siddiqui,1,"[Computer Organisation and Architecture,Computer Organisation and Architecture,Computer Organisation and Architecture,Object Oriented and Programming with Cpp,Web Technology,Web Technology,Discrete Mathematics,Constitution of India,Professional Skill]","[Theory,Practical,Practical,Theory,Theory,Practical,Theory,Theory,Theory]",Bachelor of Science (Information Technology),31010924107,"[2,2,2,2,2,2,2,2,2]"
rani.singh@somaiya.edu,Rani Sanjeev Singh,1,"[Computer Organisation and Architecture,Computer Organisation and Architecture,Computer Organisation and Architecture,Object Oriented and Programming with Cpp,Web Technology,Web Technology,Discrete Mathematics,Constitution of India,Professional Skill]","[Theory,Practical,Practical,Theory,Theory,Practical,Theory,Theory,Theory]",Bachelor of Science (Information Technology),31010924108,"[2,2,2,2,2,2,2,2,2]"
anuj.soni@somaiya.edu,Anuj Ramhirday Soni,1,"[Computer Organisation and Architecture,Computer Organisation and Architecture,Computer Organisation and Architecture,Object Oriented and Programming with Cpp,Web Technology,Web Technology,Discrete Mathematics,Constitution of India,Professional Skill]","[Theory,Practical,Practical,Theory,Theory,Practical,Theory,Theory,Theory]",Bachelor of Science (Information Technology),31010924109,"[2,2,2,2,2,2,2,2,2]"
dhruv.soni@somaiya.edu,Dhruv Dhiren Soni,1,"[Computer Organisation and Architecture,Computer Organisation and Architecture,Computer Organisation and Architecture,Object Oriented and Programming with Cpp,Web Technology,Web Technology,Discrete Mathematics,Constitution of India,Professional Skill]","[Theory,Practical,Practical,Theory,Theory,Practical,Theory,Theory,Theory]",Bachelor of Science (Information Technology),31010924110,"[2,2,2,2,2,2,2,2,2]"
shoubit.s@somaiya.edu,Shoubit Mahesh Suvarna,1,"[Computer Organisation and Architecture,Computer Organisation and Architecture,Computer Organisation and Architecture,Object Oriented and Programming with Cpp,Web Technology,Web Technology,Discrete Mathematics,Constitution of India,Professional Skill]","[Theory,Practical,Practical,Theory,Theory,Practical,Theory,Theory,Theory]",Bachelor of Science (Information Technology),31010924111,"[2,2,2,2,2,2,2,2,2]"
atharv.u@somaiya.edu,Atharv Vijay Umarani,1,"[Computer Organisation and Architecture,Computer Organisation and Architecture,Computer Organisation and Architecture,Object Oriented and Programming with Cpp,Web Technology,Web Technology,Discrete Mathematics,Constitution of India,Professional Skill]","[Theory,Practical,Practical,Theory,Theory,Practical,Theory,Theory,Theory]",Bachelor of Science (Information Technology),31010924112,"[2,2,2,2,2,2,2,2,2]"
sanika.vaidya@somaiya.edu,Sanika Prashant Vaidya,1,"[Computer Organisation and Architecture,Computer Organisation and Architecture,Computer Organisation and Architecture,Object Oriented and Programming with Cpp,Web Technology,Web Technology,Discrete Mathematics,Constitution of India,Professional Skill]","[Theory,Practical,Practical,Theory,Theory,Practical,Theory,Theory,Theory]",Bachelor of Science (Information Technology),31010924113,"[2,2,2,2,2,2,2,2,2]"
aayush.sy@somaiya.edu,Aayush Surendra Yadav,1,"[Computer Organisation and Architecture,Computer Organisation and Architecture,Computer Organisation and Architecture,Object Oriented and Programming with Cpp,Web Technology,Web Technology,Discrete Mathematics,Constitution of India,Professional Skill]","[Theory,Practical,Practical,Theory,Theory,Practical,Theory,Theory,Theory]",Bachelor of Science (Information Technology),31010924114,"[2,2,2,2,2,2,2,2,2]"
jagdeesh.y@somaiya.edu,Jagdeesh Manoj Yadav,1,"[Computer Organisation and Architecture,Computer Organisation and Architecture,Computer Organisation and Architecture,Object Oriented and Programming with Cpp,Web Technology,Web Technology,Discrete Mathematics,Constitution of India,Professional Skill]","[Theory,Practical,Practical,Theory,Theory,Practical,Theory,Theory,Theory]",Bachelor of Science (Information Technology),31010924115,"[2,2,2,2,2,2,2,2,2]"
nilesh.y@somaiya.edu,Nilesh Kumar Yadav,1,"[Computer Organisation and Architecture,Computer Organisation and Architecture,Computer Organisation and Architecture,Object Oriented and Programming with Cpp,Web Technology,Web Technology,Discrete Mathematics,Constitution of India,Professional Skill]","[Theory,Practical,Practical,Theory,Theory,Practical,Theory,Theory,Theory]",Bachelor of Science (Information Technology),31010924116,"[2,3,3,2,2,3,2,2,2]"
ehsaanahmed.z@somaiya.edu,Ahmed Zulfeqar Ehsaan,1,"[Computer Organisation and Architecture,Computer Organisation and Architecture,Computer Organisation and Architecture,Object Oriented and Programming with Cpp,Web Technology,Web Technology,Discrete Mathematics,Constitution of India,Professional Skill]","[Theory,Practical,Practical,Theory,Theory,Practical,Theory,Theory,Theory]",Bachelor of Science (Information Technology),31010924117,"[2,3,3,2,2,3,2,2,2]"
yra@somaiya.edu,Yash Rakesh Agrawal,1,"[Computer Organisation and Architecture,Computer Organisation and Architecture,Computer Organisation and Architecture,Object Oriented and Programming with Cpp,Web Technology,Web Technology,Discrete Mathematics,Constitution of India,Professional Skill]","[Theory,Practical,Practical,Theory,Theory,Practical,Theory,Theory,Theory]",Bachelor of Science (Information Technology),31010924118,"[2,3,3,2,2,3,2,2,2]"
ayush19@somaiya.edu,Ayush Vinod Bhanushali,1,"[Computer Organisation and Architecture,Computer Organisation and Architecture,Computer Organisation and Architecture,Object Oriented and Programming with Cpp,Web Technology,Web Technology,Discrete Mathematics,Constitution of India,Professional Skill]","[Theory,Practical,Practical,Theory,Theory,Practical,Theory,Theory,Theory]",Bachelor of Science (Information Technology),31010924119,"[2,3,3,2,2,3,2,2,2]"
karan.md@somaiya.edu,Karan Mukesh Dedhia,1,"[Computer Organisation and Architecture,Computer Organisation and Architecture,Computer Organisation and Architecture,Object Oriented and Programming with Cpp,Web Technology,Web Technology,Discrete Mathematics,Constitution of India,Professional Skill]","[Theory,Practical,Practical,Theory,Theory,Practical,Theory,Theory,Theory]",Bachelor of Science (Information Technology),31010924120,"[2,3,3,2,2,3,2,2,2]"
tsj@somaiya.edu,Tanmay Sachin Jagtap,1,"[Computer Organisation and Architecture,Computer Organisation and Architecture,Computer Organisation and Architecture,Object Oriented and Programming with Cpp,Web Technology,Web Technology,Discrete Mathematics,Constitution of India,Professional Skill]","[Theory,Practical,Practical,Theory,Theory,Practical,Theory,Theory,Theory]",Bachelor of Science (Information Technology),31010924121,"[2,3,3,2,2,3,2,2,2]"
dhruv.kule@somaiya.edu,Dhruv Vinod Kule,1,"[Computer Organisation and Architecture,Computer Organisation and Architecture,Computer Organisation and Architecture,Object Oriented and Programming with Cpp,Web Technology,Web Technology,Discrete Mathematics,Constitution of India,Professional Skill]","[Theory,Practical,Practical,Theory,Theory,Practical,Theory,Theory,Theory]",Bachelor of Science (Information Technology),31010924122,"[2,3,3,2,2,3,2,2,2]"
falak.fs@somaiya.edu,Falak Fatima Shaikh,1,"[Computer Organisation and Architecture,Computer Organisation and Architecture,Computer Organisation and Architecture,Object Oriented and Programming with Cpp,Web Technology,Web Technology,Discrete Mathematics,Constitution of India,Professional Skill]","[Theory,Practical,Practical,Theory,Theory,Practical,Theory,Theory,Theory]",Bachelor of Science (Information Technology),31010924123,"[2,3,3,2,2,3,2,2,2]"
yash.rs@somaiya.edu,Yash Rajnikant Sharma,1,"[Computer Organisation and Architecture,Computer Organisation and Architecture,Computer Organisation and Architecture,Object Oriented and Programming with Cpp,Web Technology,Web Technology,Discrete Mathematics,Constitution of India,Professional Skill]","[Theory,Practical,Practical,Theory,Theory,Practical,Theory,Theory,Theory]",Bachelor of Science (Information Technology),31010924124,"[2,3,3,2,2,3,2,2,2]"
t.abhinav@somaiya.edu,Tirumala Vinjamoori Abhinav,1,"[Computer Organisation and Architecture,Computer Organisation and Architecture,Computer Organisation and Architecture,Object Oriented and Programming with Cpp,Web Technology,Web Technology,Discrete Mathematics,Constitution of India,Professional Skill]","[Theory,Practical,Practical,Theory,Theory,Practical,Theory,Theory,Theory]",Bachelor of Science (Information Technology),31010924125,"[2,3,3,2,2,3,2,2,2]"
jash.adsule@somaiya.edu,Jash Jagdish Adsule,1,"[Computer Organisation and Architecture,Computer Organisation and Architecture,Computer Organisation and Architecture,Object Oriented and Programming with Cpp,Web Technology,Web Technology,Discrete Mathematics,Constitution of India,Professional Skill]","[Theory,Practical,Practical,Theory,Theory,Practical,Theory,Theory,Theory]",Bachelor of Science (Information Technology),31010924126,"[2,3,3,2,2,3,2,2,2]"
farhan.ali@somaiya.edu,Farhan Hazrat Ali,1,"[Computer Organisation and Architecture,Computer Organisation and Architecture,Computer Organisation and Architecture,Object Oriented and Programming with Cpp,Web Technology,Web Technology,Discrete Mathematics,Constitution of India,Professional Skill]","[Theory,Practical,Practical,Theory,Theory,Practical,Theory,Theory,Theory]",Bachelor of Science (Information Technology),31010924127,"[2,3,3,2,2,3,2,2,2]"
s.dalvi@somaiya.edu,Sakshi Santosh Dalvi,1,"[Computer Organisation and Architecture,Computer Organisation and Architecture,Computer Organisation and Architecture,Object Oriented and Programming with Cpp,Web Technology,Web Technology,Discrete Mathematics,Constitution of India,Professional Skill]","[Theory,Practical,Practical,Theory,Theory,Practical,Theory,Theory,Theory]",Bachelor of Science (Information Technology),31010924128,"[2,3,3,2,2,3,2,2,2]"
mik1@somaiya.edu,Mohammad Sibtain Khan,1,"[Computer Organisation and Architecture,Computer Organisation and Architecture,Computer Organisation and Architecture,Object Oriented and Programming with Cpp,Web Technology,Web Technology,Discrete Mathematics,Constitution of India,Professional Skill]","[Theory,Practical,Practical,Theory,Theory,Practical,Theory,Theory,Theory]",Bachelor of Science (Information Technology),31010924129,"[2,3,3,2,2,3,2,2,2]"
piyush.kharade@somaiya.edu,Piyush Vijay Kharade,1,"[Computer Organisation and Architecture,Computer Organisation and Architecture,Computer Organisation and Architecture,Object Oriented and Programming with Cpp,Web Technology,Web Technology,Discrete Mathematics,Constitution of India,Professional Skill]","[Theory,Practical,Practical,Theory,Theory,Practical,Theory,Theory,Theory]",Bachelor of Science (Information Technology),31010924130,"[2,3,3,2,2,3,2,2,2]"
s.mittapelli@somaiya.edu,Shweta Ravi Mittapelli,1,"[Computer Organisation and Architecture,Computer Organisation and Architecture,Computer Organisation and Architecture,Object Oriented and Programming with Cpp,Web Technology,Web Technology,Discrete Mathematics,Constitution of India,Professional Skill]","[Theory,Practical,Practical,Theory,Theory,Practical,Theory,Theory,Theory]",Bachelor of Science (Information Technology),31010924131,"[2,3,3,2,2,3,2,2,2]"
bhargav.pp@somaiya.edu,Bhargav Pravin Patil,1,"[Computer Organisation and Architecture,Computer Organisation and Architecture,Computer Organisation and Architecture,Object Oriented and Programming with Cpp,Web Technology,Web Technology,Discrete Mathematics,Constitution of India,Professional Skill]","[Theory,Practical,Practical,Theory,Theory,Practical,Theory,Theory,Theory]",Bachelor of Science (Information Technology),31010924132,"[2,3,3,2,2,3,2,2,2]"
saksham.shukla@somaiya.edu,Saksham Jayprakash Shukla,1,"[Computer Organisation and Architecture,Computer Organisation and Architecture,Computer Organisation and Architecture,Object Oriented and Programming with Cpp,Web Technology,Web Technology,Discrete Mathematics,Constitution of India,Professional Skill]","[Theory,Practical,Practical,Theory,Theory,Practical,Theory,Theory,Theory]",Bachelor of Science (Information Technology),31010924133,"[2,3,3,2,2,3,2,2,2]"
sai.suroshe@somaiya.edu,Sai Ravindra Suroshe,1,"[Computer Organisation and Architecture,Computer Organisation and Architecture,Computer Organisation and Architecture,Object Oriented and Programming with Cpp,Web Technology,Web Technology,Discrete Mathematics,Constitution of India,Professional Skill]","[Theory,Practical,Practical,Theory,Theory,Practical,Theory,Theory,Theory]",Bachelor of Science (Information Technology),31010924134,"[2,3,3,2,2,3,2,2,2]"
khan.umer@somaiya.edu,Khan Mohd Umer,1,"[Computer Organisation and Architecture,Computer Organisation and Architecture,Computer Organisation and Architecture,Object Oriented and Programming with Cpp,Web Technology,Web Technology,Discrete Mathematics,Constitution of India,Professional Skill]","[Theory,Practical,Practical,Theory,Theory,Practical,Theory,Theory,Theory]",Bachelor of Science (Information Technology),31010924135,"[2,3,3,2,2,3,2,2,2]"
pari.wadhwana@somaiya.edu,Pari Umesh Wadhwana,1,"[Computer Organisation and Architecture,Computer Organisation and Architecture,Computer Organisation and Architecture,Object Oriented and Programming with Cpp,Web Technology,Web Technology,Discrete Mathematics,Constitution of India,Professional Skill]","[Theory,Practical,Practical,Theory,Theory,Practical,Theory,Theory,Theory]",Bachelor of Science (Information Technology),31010924136,"[2,3,3,2,2,3,2,2,2]"
janhavi.sy@somaiya.edu,Janhavi Sandeep Yadav,1,"[Computer Organisation and Architecture,Computer Organisation and Architecture,Computer Organisation and Architecture,Object Oriented and Programming with Cpp,Web Technology,Web Technology,Discrete Mathematics,Constitution of India,Professional Skill]","[Theory,Practical,Practical,Theory,Theory,Practical,Theory,Theory,Theory]",Bachelor of Science (Information Technology),31010924137,"[2,3,3,2,2,3,2,2,2]"
vibhav.chavan@somaiya.edu,Vibhav Shankar Chavan,1,"[Computer Organisation and Architecture,Computer Organisation and Architecture,Computer Organisation and Architecture,Object Oriented and Programming with Cpp,Web Technology,Web Technology,Discrete Mathematics,Constitution of India,Professional Skill]","[Theory,Practical,Practical,Theory,Theory,Practical,Theory,Theory,Theory]",Bachelor of Science (Information Technology),31010924138,"[2,3,3,2,2,3,2,2,2]"
a.dave@somaiya.edu,Akshat  Dave,1,"[Computer Organisation and Architecture,Computer Organisation and Architecture,Computer Organisation and Architecture,Object Oriented and Programming with Cpp,Web Technology,Web Technology,Discrete Mathematics,Constitution of India,Professional Skill]","[Theory,Practical,Practical,Theory,Theory,Practical,Theory,Theory,Theory]",Bachelor of Science (Information Technology),31010924139,"[2,3,3,2,2,3,2,2,2]"
anjali.deshmukh@somaiya.edu,Anjali Vikas Deshmukh,1,"[Computer Organisation and Architecture,Computer Organisation and Architecture,Computer Organisation and Architecture,Object Oriented and Programming with Cpp,Web Technology,Web Technology,Discrete Mathematics,Constitution of India,Professional Skill]","[Theory,Practical,Practical,Theory,Theory,Practical,Theory,Theory,Theory]",Bachelor of Science (Information Technology),31010924140,"[2,3,3,2,2,3,2,2,2]"
adidev.gupta@somaiya.edu,Adidev Raj Gupta,1,"[Computer Organisation and Architecture,Computer Organisation and Architecture,Computer Organisation and Architecture,Object Oriented and Programming with Cpp,Web Technology,Web Technology,Discrete Mathematics,Constitution of India,Professional Skill]","[Theory,Practical,Practical,Theory,Theory,Practical,Theory,Theory,Theory]",Bachelor of Science (Information Technology),31010924141,"[2,3,3,2,2,3,2,2,2]"
durvesh.jadhav@somaiya.edu,Durvesh Santosh Jadhav,1,"[Computer Organisation and Architecture,Computer Organisation and Architecture,Computer Organisation and Architecture,Object Oriented and Programming with Cpp,Web Technology,Web Technology,Discrete Mathematics,Constitution of India,Professional Skill]","[Theory,Practical,Practical,Theory,Theory,Practical,Theory,Theory,Theory]",Bachelor of Science (Information Technology),31010924142,"[2,3,3,2,2,3,2,2,2]"
pranita.jagtap@somaiya.edu,Pranita Sampat Jagtap,1,"[Computer Organisation and Architecture,Computer Organisation and Architecture,Computer Organisation and Architecture,Object Oriented and Programming with Cpp,Web Technology,Web Technology,Discrete Mathematics,Constitution of India,Professional Skill]","[Theory,Practical,Practical,Theory,Theory,Practical,Theory,Theory,Theory]",Bachelor of Science (Information Technology),31010924143,"[2,3,3,2,2,3,2,2,2]"
khan.ds@somaiya.edu,Danish Shafiq Khan,1,"[Computer Organisation and Architecture,Computer Organisation and Architecture,Computer Organisation and Architecture,Object Oriented and Programming with Cpp,Web Technology,Web Technology,Discrete Mathematics,Constitution of India,Professional Skill]","[Theory,Practical,Practical,Theory,Theory,Practical,Theory,Theory,Theory]",Bachelor of Science (Information Technology),31010924144,"[2,3,3,2,2,3,2,2,2]"
sadaqat.khan@somaiya.edu,Sadaqat Liyaqat Khan,1,"[Computer Organisation and Architecture,Computer Organisation and Architecture,Computer Organisation and Architecture,Object Oriented and Programming with Cpp,Web Technology,Web Technology,Discrete Mathematics,Constitution of India,Professional Skill]","[Theory,Practical,Practical,Theory,Theory,Practical,Theory,Theory,Theory]",Bachelor of Science (Information Technology),31010924145,"[2,3,3,2,2,3,2,2,2]"
sufiyan15@somaiya.edu,Sufiyan  Khan,1,"[Computer Organisation and Architecture,Computer Organisation and Architecture,Computer Organisation and Architecture,Object Oriented and Programming with Cpp,Web Technology,Web Technology,Discrete Mathematics,Constitution of India,Professional Skill]","[Theory,Practical,Practical,Theory,Theory,Practical,Theory,Theory,Theory]",Bachelor of Science (Information Technology),31010924146,"[2,3,3,2,2,3,2,2,2]"
harshvardhan.k@somaiya.edu,Harshvardhan Srinivas Komati,1,"[Computer Organisation and Architecture,Computer Organisation and Architecture,Computer Organisation and Architecture,Object Oriented and Programming with Cpp,Web Technology,Web Technology,Discrete Mathematics,Constitution of India,Professional Skill]","[Theory,Practical,Practical,Theory,Theory,Practical,Theory,Theory,Theory]",Bachelor of Science (Information Technology),31010924147,"[2,3,3,2,2,3,2,2,2]"
aryanraj.m@somaiya.edu,Aryanraj Maruthi Malepu,1,"[Computer Organisation and Architecture,Computer Organisation and Architecture,Computer Organisation and Architecture,Object Oriented and Programming with Cpp,Web Technology,Web Technology,Discrete Mathematics,Constitution of India,Professional Skill]","[Theory,Practical,Practical,Theory,Theory,Practical,Theory,Theory,Theory]",Bachelor of Science (Information Technology),31010924148,"[2,3,3,2,2,3,2,2,2]"
sujay.mane@somaiya.edu,Sujay Sunil Mane,1,"[Computer Organisation and Architecture,Computer Organisation and Architecture,Computer Organisation and Architecture,Object Oriented and Programming with Cpp,Web Technology,Web Technology,Discrete Mathematics,Constitution of India,Professional Skill]","[Theory,Practical,Practical,Theory,Theory,Practical,Theory,Theory,Theory]",Bachelor of Science (Information Technology),31010924149,"[2,3,3,2,2,3,2,2,2]"
rakesh.pal@somaiya.edu,Rakesh Kamal Pal,1,"[Computer Organisation and Architecture,Computer Organisation and Architecture,Computer Organisation and Architecture,Object Oriented and Programming with Cpp,Web Technology,Web Technology,Discrete Mathematics,Constitution of India,Professional Skill]","[Theory,Practical,Practical,Theory,Theory,Practical,Theory,Theory,Theory]",Bachelor of Science (Information Technology),31010924150,"[2,3,3,2,2,3,2,2,2]"
subham.panda@somaiya.edu,Subham  Panda,1,"[Computer Organisation and Architecture,Computer Organisation and Architecture,Computer Organisation and Architecture,Object Oriented and Programming with Cpp,Web Technology,Web Technology,Discrete Mathematics,Constitution of India,Professional Skill]","[Theory,Practical,Practical,Theory,Theory,Practical,Theory,Theory,Theory]",Bachelor of Science (Information Technology),31010924151,"[2,3,3,2,2,3,2,2,2]"
karina.patel@somaiya.edu,Karina  Patel,1,"[Computer Organisation and Architecture,Computer Organisation and Architecture,Computer Organisation and Architecture,Object Oriented and Programming with Cpp,Web Technology,Web Technology,Discrete Mathematics,Constitution of India,Professional Skill]","[Theory,Practical,Practical,Theory,Theory,Practical,Theory,Theory,Theory]",Bachelor of Science (Information Technology),31010924152,"[2,3,3,2,2,3,2,2,2]"
ishwari.vp@somaiya.edu,Ishwari Vinod Patil,1,"[Computer Organisation and Architecture,Computer Organisation and Architecture,Computer Organisation and Architecture,Object Oriented and Programming with Cpp,Web Technology,Web Technology,Discrete Mathematics,Constitution of India,Professional Skill]","[Theory,Practical,Practical,Theory,Theory,Practical,Theory,Theory,Theory]",Bachelor of Science (Information Technology),31010924153,"[2,3,3,2,2,3,2,2,2]"
kinjal.raut@somaiya.edu,Kinjal Prasad Raut,1,"[Computer Organisation and Architecture,Computer Organisation and Architecture,Computer Organisation and Architecture,Object Oriented and Programming with Cpp,Web Technology,Web Technology,Discrete Mathematics,Constitution of India,Professional Skill]","[Theory,Practical,Practical,Theory,Theory,Practical,Theory,Theory,Theory]",Bachelor of Science (Information Technology),31010924154,"[2,3,3,2,2,3,2,2,2]"
dhruvi.ns@somaiya.edu,Dhruvi Nimesh Shah,1,"[Computer Organisation and Architecture,Computer Organisation and Architecture,Computer Organisation and Architecture,Object Oriented and Programming with Cpp,Web Technology,Web Technology,Discrete Mathematics,Constitution of India,Professional Skill]","[Theory,Practical,Practical,Theory,Theory,Practical,Theory,Theory,Theory]",Bachelor of Science (Information Technology),31010924155,"[2,3,3,2,2,3,2,2,2]"
jay.tank@somaiya.edu,Jay Savji Tank,1,"[Computer Organisation and Architecture,Computer Organisation and Architecture,Computer Organisation and Architecture,Object Oriented and Programming with Cpp,Web Technology,Web Technology,Discrete Mathematics,Constitution of India,Professional Skill]","[Theory,Practical,Practical,Theory,Theory,Practical,Theory,Theory,Theory]",Bachelor of Science (Information Technology),31010924156,"[2,3,3,2,2,3,2,2,2]"
vaibhavi.thakur@somaiya.edu,Vaibhavi Ganesh Thakur,1,"[Computer Organisation and Architecture,Computer Organisation and Architecture,Computer Organisation and Architecture,Object Oriented and Programming with Cpp,Web Technology,Web Technology,Discrete Mathematics,Constitution of India,Professional Skill]","[Theory,Practical,Practical,Theory,Theory,Practical,Theory,Theory,Theory]",Bachelor of Science (Information Technology),31010924157,"[2,3,3,2,2,3,2,2,2]"
riddhi.nagadia@somaiya.edu,Riddhi Mahesh Nagadia,1,"[Computer Organisation and Architecture,Computer Organisation and Architecture,Computer Organisation and Architecture,Object Oriented and Programming with Cpp,Web Technology,Web Technology,Discrete Mathematics,Constitution of India,Professional Skill]","[Theory,Practical,Practical,Theory,Theory,Practical,Theory,Theory,Theory]",Bachelor of Science (Information Technology),31010924158,"[2,3,3,2,2,3,2,2,2]"
anis.khwaja@somaiya.edu,Anis Mohammad Khwaja,3,"[Data structure,Data structure,Operating System,Operating System,Core Java,Core Java,Mobile Programming,Professional Communication Skill III,Applied Mathematics,Information Security(Minor),Content Management System(Minor)]","[Theory,Practical,Theory,Practical,Theory,Practical,Theory,Theory,Theory,Theory,Theory]",Bachelor of Science (Information Technology),31010922044,"[1,1,1,1,1,1,1,1,1,1,1]"
khan.riyaan@somaiya.edu,Riyaan Mohd Khan,3,"[Data structure,Data structure,Operating System,Operating System,Core Java,Core Java,Mobile Programming,Professional Communication Skill III,Applied Mathematics,Information Security(Minor),Content Management System(Minor)]","[Theory,Practical,Theory,Practical,Theory,Practical,Theory,Theory,Theory,Theory,Theory]",Bachelor of Science (Information Technology),31010922074,"[1,1,1,1,1,1,1,1,1,1,1]"
shreeya.a@somaiya.edu,Shreeya Sameer Awasare,3,"[Data structure,Data structure,Operating System,Operating System,Core Java,Core Java,Mobile Programming,Professional Communication Skill III,Applied Mathematics,Information Security(Minor),Content Management System(Minor)]","[Theory,Practical,Theory,Practical,Theory,Practical,Theory,Theory,Theory,Theory,Theory]",Bachelor of Science (Information Technology),31010923003,"[1,1,1,1,1,1,1,1,1,1,1]"
a.badlawala@somaiya.edu,Ammar Mohammed Badlawala,3,"[Data structure,Data structure,Operating System,Operating System,Core Java,Core Java,Mobile Programming,Professional Communication Skill III,Applied Mathematics,Information Security(Minor),Content Management System(Minor)]","[Theory,Practical,Theory,Practical,Theory,Practical,Theory,Theory,Theory,Theory,Theory]",Bachelor of Science (Information Technology),31010923004,"[1,1,1,1,1,1,1,1,1,1,1]"
yagnesh.b@somaiya.edu,Yagnesh Kamlesh Bafna,3,"[Data structure,Data structure,Operating System,Operating System,Core Java,Core Java,Mobile Programming,Professional Communication Skill III,Applied Mathematics,Information Security(Minor),Content Management System(Minor)]","[Theory,Practical,Theory,Practical,Theory,Practical,Theory,Theory,Theory,Theory,Theory]",Bachelor of Science (Information Technology),31010923005,"[1,1,1,1,1,1,1,1,1,1,1]"
anjali.b@somaiya.edu,Anjali Rajendra Bansode,3,"[Data structure,Data structure,Operating System,Operating System,Core Java,Core Java,Mobile Programming,Professional Communication Skill III,Applied Mathematics,Information Security(Minor),Content Management System(Minor)]","[Theory,Practical,Theory,Practical,Theory,Practical,Theory,Theory,Theory,Theory,Theory]",Bachelor of Science (Information Technology),31010923007,"[1,1,1,1,1,1,1,1,1,1,1]"
p.bhalekar@somaiya.edu,Pradnyesh Pravin Bhalekar,3,"[Data structure,Data structure,Operating System,Operating System,Core Java,Core Java,Mobile Programming,Professional Communication Skill III,Applied Mathematics,Information Security(Minor),Content Management System(Minor)]","[Theory,Practical,Theory,Practical,Theory,Practical,Theory,Theory,Theory,Theory,Theory]",Bachelor of Science (Information Technology),31010923008,"[1,1,1,1,1,1,1,1,1,1,1]"
pramod.bharti@somaiya.edu,Pramod Jitendra Bharti,3,"[Data structure,Data structure,Operating System,Operating System,Core Java,Core Java,Mobile Programming,Professional Communication Skill III,Applied Mathematics,Information Security(Minor),Content Management System(Minor)]","[Theory,Practical,Theory,Practical,Theory,Practical,Theory,Theory,Theory,Theory,Theory]",Bachelor of Science (Information Technology),31010923009,"[1,1,1,1,1,1,1,1,1,1,1]"
atharva.mb@somaiya.edu,Atharva Manoj Bhise,3,"[Data structure,Data structure,Operating System,Operating System,Core Java,Core Java,Mobile Programming,Professional Communication Skill III,Applied Mathematics,Information Security(Minor),Content Management System(Minor)]","[Theory,Practical,Theory,Practical,Theory,Practical,Theory,Theory,Theory,Theory,Theory]",Bachelor of Science (Information Technology),31010923010,"[1,1,1,1,1,1,1,1,1,1,1]"
pritha.bisht@somaiya.edu,Pritha  Bisht,3,"[Data structure,Data structure,Operating System,Operating System,Core Java,Core Java,Mobile Programming,Professional Communication Skill III,Applied Mathematics,Information Security(Minor),Content Management System(Minor)]","[Theory,Practical,Theory,Practical,Theory,Practical,Theory,Theory,Theory,Theory,Theory]",Bachelor of Science (Information Technology),31010923011,"[1,1,1,1,1,1,1,1,1,1,1]"
shubham.borkar@somaiya.edu,Shubham Ganesh Borkar,3,"[Data structure,Data structure,Operating System,Operating System,Core Java,Core Java,Mobile Programming,Professional Communication Skill III,Applied Mathematics,Information Security(Minor),Content Management System(Minor)]","[Theory,Practical,Theory,Practical,Theory,Practical,Theory,Theory,Theory,Theory,Theory]",Bachelor of Science (Information Technology),31010923012,"[1,1,1,1,1,1,1,1,1,1,1]"
chauhan.r@somaiya.edu,Riya  Chauhan,3,"[Data structure,Data structure,Operating System,Operating System,Core Java,Core Java,Mobile Programming,Professional Communication Skill III,Applied Mathematics,Information Security(Minor),Content Management System(Minor)]","[Theory,Practical,Theory,Practical,Theory,Practical,Theory,Theory,Theory,Theory,Theory]",Bachelor of Science (Information Technology),31010923013,"[1,1,1,1,1,1,1,1,1,1,1]"
disha.choudhary@somaiya.edu,Disha Shivram Choudhary,3,"[Data structure,Data structure,Operating System,Operating System,Core Java,Core Java,Mobile Programming,Professional Communication Skill III,Applied Mathematics,Information Security(Minor),Content Management System(Minor)]","[Theory,Practical,Theory,Practical,Theory,Practical,Theory,Theory,Theory,Theory,Theory]",Bachelor of Science (Information Technology),31010923014,"[1,1,1,1,1,1,1,1,1,1,1]"
aseem.d@somaiya.edu,Aseem Jatin Deshpande,3,"[Data structure,Data structure,Operating System,Operating System,Core Java,Core Java,Mobile Programming,Professional Communication Skill III,Applied Mathematics,Information Security(Minor),Content Management System(Minor)]","[Theory,Practical,Theory,Practical,Theory,Practical,Theory,Theory,Theory,Theory,Theory]",Bachelor of Science (Information Technology),31010923015,"[1,1,1,1,1,1,1,1,1,1,1]"
aditya.dhawade@somaiya.edu,Aditya Shantaram Dhawade,3,"[Data structure,Data structure,Operating System,Operating System,Core Java,Core Java,Mobile Programming,Professional Communication Skill III,Applied Mathematics,Information Security(Minor),Content Management System(Minor)]","[Theory,Practical,Theory,Practical,Theory,Practical,Theory,Theory,Theory,Theory,Theory]",Bachelor of Science (Information Technology),31010923016,"[1,1,1,1,1,1,1,1,1,1,1]"
sarah23@somaiya.edu,Sarah  Dsouza,3,"[Data structure,Data structure,Operating System,Operating System,Core Java,Core Java,Mobile Programming,Professional Communication Skill III,Applied Mathematics,Information Security(Minor),Content Management System(Minor)]","[Theory,Practical,Theory,Practical,Theory,Practical,Theory,Theory,Theory,Theory,Theory]",Bachelor of Science (Information Technology),31010923017,"[1,1,1,1,1,1,1,1,1,1,1]"
durgesh.dubey@somaiya.edu,Durgesh Manoj Dubey,3,"[Data structure,Data structure,Operating System,Operating System,Core Java,Core Java,Mobile Programming,Professional Communication Skill III,Applied Mathematics,Information Security(Minor),Content Management System(Minor)]","[Theory,Practical,Theory,Practical,Theory,Practical,Theory,Theory,Theory,Theory,Theory]",Bachelor of Science (Information Technology),31010923018,"[1,1,1,1,1,1,1,1,1,1,1]"
gala.b@somaiya.edu,Bhumi Nilesh Gala,3,"[Data structure,Data structure,Operating System,Operating System,Core Java,Core Java,Mobile Programming,Professional Communication Skill III,Applied Mathematics,Information Security(Minor),Content Management System(Minor)]","[Theory,Practical,Theory,Practical,Theory,Practical,Theory,Theory,Theory,Theory,Theory]",Bachelor of Science (Information Technology),31010923020,"[1,1,1,1,1,1,1,1,1,1,1]"
d.p@somaiya.edu,Dhruvi Ritesh Gala,3,"[Data structure,Data structure,Operating System,Operating System,Core Java,Core Java,Mobile Programming,Professional Communication Skill III,Applied Mathematics,Information Security(Minor),Content Management System(Minor)]","[Theory,Practical,Theory,Practical,Theory,Practical,Theory,Theory,Theory,Theory,Theory]",Bachelor of Science (Information Technology),31010923021,"[1,1,1,1,1,1,1,1,1,1,1]"
harsh.gavande@somaiya.edu,Harsh Shyam Gavande,3,"[Data structure,Data structure,Operating System,Operating System,Core Java,Core Java,Mobile Programming,Professional Communication Skill III,Applied Mathematics,Information Security(Minor),Content Management System(Minor)]","[Theory,Practical,Theory,Practical,Theory,Practical,Theory,Theory,Theory,Theory,Theory]",Bachelor of Science (Information Technology),31010923022,"[1,1,1,1,1,1,1,1,1,1,1]"
poorva.ghadi@somaiya.edu,Poorva Santosh Ghadi,3,"[Data structure,Data structure,Operating System,Operating System,Core Java,Core Java,Mobile Programming,Professional Communication Skill III,Applied Mathematics,Information Security(Minor),Content Management System(Minor)]","[Theory,Practical,Theory,Practical,Theory,Practical,Theory,Theory,Theory,Theory,Theory]",Bachelor of Science (Information Technology),31010923023,"[1,1,1,1,1,1,1,1,1,1,1]"
dev.giri@somaiya.edu,Dev Dayashankar Giri,3,"[Data structure,Data structure,Operating System,Operating System,Core Java,Core Java,Mobile Programming,Professional Communication Skill III,Applied Mathematics,Information Security(Minor),Content Management System(Minor)]","[Theory,Practical,Theory,Practical,Theory,Practical,Theory,Theory,Theory,Theory,Theory]",Bachelor of Science (Information Technology),31010923025,"[1,1,1,1,1,1,1,1,1,1,1]"
sanjana.gobbur@somaiya.edu,Sanjana Madhu Gobbur,3,"[Data structure,Data structure,Operating System,Operating System,Core Java,Core Java,Mobile Programming,Professional Communication Skill III,Applied Mathematics,Information Security(Minor),Content Management System(Minor)]","[Theory,Practical,Theory,Practical,Theory,Practical,Theory,Theory,Theory,Theory,Theory]",Bachelor of Science (Information Technology),31010923026,"[1,1,1,1,1,1,1,1,1,1,1]"
ashwini.gouda@somaiya.edu,Ashwini Maheshwar Gouda,3,"[Data structure,Data structure,Operating System,Operating System,Core Java,Core Java,Mobile Programming,Professional Communication Skill III,Applied Mathematics,Information Security(Minor),Content Management System(Minor)]","[Theory,Practical,Theory,Practical,Theory,Practical,Theory,Theory,Theory,Theory,Theory]",Bachelor of Science (Information Technology),31010923027,"[1,1,1,1,1,1,1,1,1,1,1]"
daksh.goyal@somaiya.edu,Daksh Mohan Goyal,3,"[Data structure,Data structure,Operating System,Operating System,Core Java,Core Java,Mobile Programming,Professional Communication Skill III,Applied Mathematics,Information Security(Minor),Content Management System(Minor)]","[Theory,Practical,Theory,Practical,Theory,Practical,Theory,Theory,Theory,Theory,Theory]",Bachelor of Science (Information Technology),31010923028,"[1,1,1,1,1,1,1,1,1,1,1]"
tanisha22@somaiya.edu,Tanisha  Gupta,3,"[Data structure,Data structure,Operating System,Operating System,Core Java,Core Java,Mobile Programming,Professional Communication Skill III,Applied Mathematics,Information Security(Minor),Content Management System(Minor)]","[Theory,Practical,Theory,Practical,Theory,Practical,Theory,Theory,Theory,Theory,Theory]",Bachelor of Science (Information Technology),31010923029,"[1,1,1,1,1,1,1,1,1,1,1]"
hritika.g@somaiya.edu,Hritika Sunil Gurav,3,"[Data structure,Data structure,Operating System,Operating System,Core Java,Core Java,Mobile Programming,Professional Communication Skill III,Applied Mathematics,Information Security(Minor),Content Management System(Minor)]","[Theory,Practical,Theory,Practical,Theory,Practical,Theory,Theory,Theory,Theory,Theory]",Bachelor of Science (Information Technology),31010923030,"[1,1,1,1,1,1,1,1,1,1,1]"
hitish.jain@somaiya.edu,Hitish Manesh Jain,3,"[Data structure,Data structure,Operating System,Operating System,Core Java,Core Java,Mobile Programming,Professional Communication Skill III,Applied Mathematics,Information Security(Minor),Content Management System(Minor)]","[Theory,Practical,Theory,Practical,Theory,Practical,Theory,Theory,Theory,Theory,Theory]",Bachelor of Science (Information Technology),31010923031,"[1,1,1,1,1,1,1,1,1,1,1]"
nirav.jain@somaiya.edu,Nirav Laxmilal Jain,3,"[Data structure,Data structure,Operating System,Operating System,Core Java,Core Java,Mobile Programming,Professional Communication Skill III,Applied Mathematics,Information Security(Minor),Content Management System(Minor)]","[Theory,Practical,Theory,Practical,Theory,Practical,Theory,Theory,Theory,Theory,Theory]",Bachelor of Science (Information Technology),31010923032,"[1,1,1,1,1,1,1,1,1,1,1]"
parth.jain@somaiya.edu,Parth Vinod Jain,3,"[Data structure,Data structure,Operating System,Operating System,Core Java,Core Java,Mobile Programming,Professional Communication Skill III,Applied Mathematics,Information Security(Minor),Content Management System(Minor)]","[Theory,Practical,Theory,Practical,Theory,Practical,Theory,Theory,Theory,Theory,Theory]",Bachelor of Science (Information Technology),31010923033,"[1,1,1,1,1,1,1,1,1,1,1]"
nidhi.nk@somaiya.edu,Nidhi Nilesh Kadam,3,"[Data structure,Data structure,Operating System,Operating System,Core Java,Core Java,Mobile Programming,Professional Communication Skill III,Applied Mathematics,Information Security(Minor),Content Management System(Minor)]","[Theory,Practical,Theory,Practical,Theory,Practical,Theory,Theory,Theory,Theory,Theory]",Bachelor of Science (Information Technology),31010923035,"[1,1,1,1,1,1,1,1,1,1,1]"
om.mk@somaiya.edu,Om Madhukar Kadam,3,"[Data structure,Data structure,Operating System,Operating System,Core Java,Core Java,Mobile Programming,Professional Communication Skill III,Applied Mathematics,Information Security(Minor),Content Management System(Minor)]","[Theory,Practical,Theory,Practical,Theory,Practical,Theory,Theory,Theory,Theory,Theory]",Bachelor of Science (Information Technology),31010923036,"[1,1,1,1,1,1,1,1,1,1,1]"
samarth.kasbekar@somaiya.edu,Samarth Mahesh Kasbekar,3,"[Data structure,Data structure,Operating System,Operating System,Core Java,Core Java,Mobile Programming,Professional Communication Skill III,Applied Mathematics,Information Security(Minor),Content Management System(Minor)]","[Theory,Practical,Theory,Practical,Theory,Practical,Theory,Theory,Theory,Theory,Theory]",Bachelor of Science (Information Technology),31010923038,"[1,1,1,1,1,1,1,1,1,1,1]"
harkirankaur.k@somaiya.edu,Harkiran Kaur Khaire,3,"[Data structure,Data structure,Operating System,Operating System,Core Java,Core Java,Mobile Programming,Professional Communication Skill III,Applied Mathematics,Information Security(Minor),Content Management System(Minor)]","[Theory,Practical,Theory,Practical,Theory,Practical,Theory,Theory,Theory,Theory,Theory]",Bachelor of Science (Information Technology),31010923039,"[1,1,1,1,1,1,1,1,1,1,1]"
mohammedsartaj.k@somaiya.edu,Mohammed Sartaj Khan,3,"[Data structure,Data structure,Operating System,Operating System,Core Java,Core Java,Mobile Programming,Professional Communication Skill III,Applied Mathematics,Information Security(Minor),Content Management System(Minor)]","[Theory,Practical,Theory,Practical,Theory,Practical,Theory,Theory,Theory,Theory,Theory]",Bachelor of Science (Information Technology),31010923040,"[1,1,1,1,1,1,1,1,1,1,1]"
shozab.khan@somaiya.edu,Shozab  Khan,3,"[Data structure,Data structure,Operating System,Operating System,Core Java,Core Java,Mobile Programming,Professional Communication Skill III,Applied Mathematics,Information Security(Minor),Content Management System(Minor)]","[Theory,Practical,Theory,Practical,Theory,Practical,Theory,Theory,Theory,Theory,Theory]",Bachelor of Science (Information Technology),31010923041,"[1,2,1,2,1,2,1,1,1,1,1]"
zoya.sk@somaiya.edu,Zoya Saeed Khan,3,"[Data structure,Data structure,Operating System,Operating System,Core Java,Core Java,Mobile Programming,Professional Communication Skill III,Applied Mathematics,Information Security(Minor),Content Management System(Minor)]","[Theory,Practical,Theory,Practical,Theory,Practical,Theory,Theory,Theory,Theory,Theory]",Bachelor of Science (Information Technology),31010923042,"[1,2,1,2,1,2,1,1,1,1,1]"
rishika.khatri@somaiya.edu,Rishika  Khatri,3,"[Data structure,Data structure,Operating System,Operating System,Core Java,Core Java,Mobile Programming,Professional Communication Skill III,Applied Mathematics,Information Security(Minor),Content Management System(Minor)]","[Theory,Practical,Theory,Practical,Theory,Practical,Theory,Theory,Theory,Theory,Theory]",Bachelor of Science (Information Technology),31010923044,"[1,2,1,2,1,2,1,1,1,1,1]"
tejal.kinjawade@somaiya.edu,Tejal Sunil Kinjawade,3,"[Data structure,Data structure,Operating System,Operating System,Core Java,Core Java,Mobile Programming,Professional Communication Skill III,Applied Mathematics,Information Security(Minor),Content Management System(Minor)]","[Theory,Practical,Theory,Practical,Theory,Practical,Theory,Theory,Theory,Theory,Theory]",Bachelor of Science (Information Technology),31010923045,"[1,2,1,2,1,2,1,1,1,1,1]"
srishti.kumar@somaiya.edu,Srishti Sanjay Kumar,3,"[Data structure,Data structure,Operating System,Operating System,Core Java,Core Java,Mobile Programming,Professional Communication Skill III,Applied Mathematics,Information Security(Minor),Content Management System(Minor)]","[Theory,Practical,Theory,Practical,Theory,Practical,Theory,Theory,Theory,Theory,Theory]",Bachelor of Science (Information Technology),31010923046,"[1,2,1,2,1,2,1,1,1,1,1]"
tuhin.kumar@somaiya.edu,Tuhin Probhat Kumar,3,"[Data structure,Data structure,Operating System,Operating System,Core Java,Core Java,Mobile Programming,Professional Communication Skill III,Applied Mathematics,Information Security(Minor),Content Management System(Minor)]","[Theory,Practical,Theory,Practical,Theory,Practical,Theory,Theory,Theory,Theory,Theory]",Bachelor of Science (Information Technology),31010923047,"[1,2,1,2,1,2,1,1,1,1,1]"
s.kuveskar@somaiya.edu,Shashank Sunil Kuveskar,3,"[Data structure,Data structure,Operating System,Operating System,Core Java,Core Java,Mobile Programming,Professional Communication Skill III,Applied Mathematics,Information Security(Minor),Content Management System(Minor)]","[Theory,Practical,Theory,Practical,Theory,Practical,Theory,Theory,Theory,Theory,Theory]",Bachelor of Science (Information Technology),31010923048,"[1,2,1,2,1,2,1,1,1,1,1]"
sejal.limbani@somaiya.edu,Sejal Dilip Limbani,3,"[Data structure,Data structure,Operating System,Operating System,Core Java,Core Java,Mobile Programming,Professional Communication Skill III,Applied Mathematics,Information Security(Minor),Content Management System(Minor)]","[Theory,Practical,Theory,Practical,Theory,Practical,Theory,Theory,Theory,Theory,Theory]",Bachelor of Science (Information Technology),31010923049,"[1,2,1,2,1,2,1,1,1,1,1]"
aneesh.mayekar@somaiya.edu,Aneesh Jayant Mayekar,3,"[Data structure,Data structure,Operating System,Operating System,Core Java,Core Java,Mobile Programming,Professional Communication Skill III,Applied Mathematics,Information Security(Minor),Content Management System(Minor)]","[Theory,Practical,Theory,Practical,Theory,Practical,Theory,Theory,Theory,Theory,Theory]",Bachelor of Science (Information Technology),31010923050,"[1,2,1,2,1,2,1,1,1,1,1]"
tanmay.mhatre@somaiya.edu,Tanmay Ankush Mhatre,3,"[Data structure,Data structure,Operating System,Operating System,Core Java,Core Java,Mobile Programming,Professional Communication Skill III,Applied Mathematics,Information Security(Minor),Content Management System(Minor)]","[Theory,Practical,Theory,Practical,Theory,Practical,Theory,Theory,Theory,Theory,Theory]",Bachelor of Science (Information Technology),31010923051,"[1,2,1,2,1,2,1,1,1,1,1]"
kartikay.m@somaiya.edu,Kartikay  Mishra,3,"[Data structure,Data structure,Operating System,Operating System,Core Java,Core Java,Mobile Programming,Professional Communication Skill III,Applied Mathematics,Information Security(Minor),Content Management System(Minor)]","[Theory,Practical,Theory,Practical,Theory,Practical,Theory,Theory,Theory,Theory,Theory]",Bachelor of Science (Information Technology),31010923052,"[1,2,1,2,1,2,1,1,1,1,1]"
rida.nakhuda@somaiya.edu,Rida Kamil Nakhuda,3,"[Data structure,Data structure,Operating System,Operating System,Core Java,Core Java,Mobile Programming,Professional Communication Skill III,Applied Mathematics,Information Security(Minor),Content Management System(Minor)]","[Theory,Practical,Theory,Practical,Theory,Practical,Theory,Theory,Theory,Theory,Theory]",Bachelor of Science (Information Technology),31010923054,"[1,2,1,2,1,2,1,1,1,1,1]"
shravani.nanche@somaiya.edu,Shravani Kishor Nanche,3,"[Data structure,Data structure,Operating System,Operating System,Core Java,Core Java,Mobile Programming,Professional Communication Skill III,Applied Mathematics,Information Security(Minor),Content Management System(Minor)]","[Theory,Practical,Theory,Practical,Theory,Practical,Theory,Theory,Theory,Theory,Theory]",Bachelor of Science (Information Technology),31010923055,"[1,2,1,2,1,2,1,1,1,1,1]"
shalu.pal@somaiya.edu,Shalu Dharmendra Pal,3,"[Data structure,Data structure,Operating System,Operating System,Core Java,Core Java,Mobile Programming,Professional Communication Skill III,Applied Mathematics,Information Security(Minor),Content Management System(Minor)]","[Theory,Practical,Theory,Practical,Theory,Practical,Theory,Theory,Theory,Theory,Theory]",Bachelor of Science (Information Technology),31010923056,"[1,2,1,2,1,2,1,1,1,1,1]"
rutuja.patade@somaiya.edu,Rutuja Ravindra Patade,3,"[Data structure,Data structure,Operating System,Operating System,Core Java,Core Java,Mobile Programming,Professional Communication Skill III,Applied Mathematics,Information Security(Minor),Content Management System(Minor)]","[Theory,Practical,Theory,Practical,Theory,Practical,Theory,Theory,Theory,Theory,Theory]",Bachelor of Science (Information Technology),31010923058,"[1,2,1,2,1,2,1,1,1,1,1]"
labdhi.patel@somaiya.edu,Labdhi Kalpesh Patel,3,"[Data structure,Data structure,Operating System,Operating System,Core Java,Core Java,Mobile Programming,Professional Communication Skill III,Applied Mathematics,Information Security(Minor),Content Management System(Minor)]","[Theory,Practical,Theory,Practical,Theory,Practical,Theory,Theory,Theory,Theory,Theory]",Bachelor of Science (Information Technology),31010923059,"[1,2,1,2,1,2,1,1,1,1,1]"
veena.sp@somaiya.edu,Veena Shankar Patel,3,"[Data structure,Data structure,Operating System,Operating System,Core Java,Core Java,Mobile Programming,Professional Communication Skill III,Applied Mathematics,Information Security(Minor),Content Management System(Minor)]","[Theory,Practical,Theory,Practical,Theory,Practical,Theory,Theory,Theory,Theory,Theory]",Bachelor of Science (Information Technology),31010923060,"[1,2,1,2,1,2,1,1,1,1,1]"
pathak.dm@somaiya.edu,Dhruv Manoj Pathak,3,"[Data structure,Data structure,Operating System,Operating System,Core Java,Core Java,Mobile Programming,Professional Communication Skill III,Applied Mathematics,Information Security(Minor),Content Management System(Minor)]","[Theory,Practical,Theory,Practical,Theory,Practical,Theory,Theory,Theory,Theory,Theory]",Bachelor of Science (Information Technology),31010923061,"[1,2,1,2,1,2,1,1,1,1,1]"
sameer.patil@somaiya.edu,Sameer Kishor Patil,3,"[Data structure,Data structure,Operating System,Operating System,Core Java,Core Java,Mobile Programming,Professional Communication Skill III,Applied Mathematics,Information Security(Minor),Content Management System(Minor)]","[Theory,Practical,Theory,Practical,Theory,Practical,Theory,Theory,Theory,Theory,Theory]",Bachelor of Science (Information Technology),31010923062,"[1,2,1,2,1,2,1,1,1,1,1]"
pvp@somaiya.edu,Parth Vinod Patil,3,"[Data structure,Data structure,Operating System,Operating System,Core Java,Core Java,Mobile Programming,Professional Communication Skill III,Applied Mathematics,Information Security(Minor),Content Management System(Minor)]","[Theory,Practical,Theory,Practical,Theory,Practical,Theory,Theory,Theory,Theory,Theory]",Bachelor of Science (Information Technology),31010923063,"[1,2,1,2,1,2,1,1,1,1,1]"
vinayak.patnaik@somaiya.edu,Vinayak Ranjan Patnaik,3,"[Data structure,Data structure,Operating System,Operating System,Core Java,Core Java,Mobile Programming,Professional Communication Skill III,Applied Mathematics,Information Security(Minor),Content Management System(Minor)]","[Theory,Practical,Theory,Practical,Theory,Practical,Theory,Theory,Theory,Theory,Theory]",Bachelor of Science (Information Technology),31010923064,"[1,2,1,2,1,2,1,1,1,1,1]"
sara.pawar@somaiya.edu,Sara Satish Pawar,3,"[Data structure,Data structure,Operating System,Operating System,Core Java,Core Java,Mobile Programming,Professional Communication Skill III,Applied Mathematics,Information Security(Minor),Content Management System(Minor)]","[Theory,Practical,Theory,Practical,Theory,Practical,Theory,Theory,Theory,Theory,Theory]",Bachelor of Science (Information Technology),31010923066,"[1,2,1,2,1,2,1,1,1,1,1]"
soham.pawar@somaiya.edu,Soham Rajendra Pawar,3,"[Data structure,Data structure,Operating System,Operating System,Core Java,Core Java,Mobile Programming,Professional Communication Skill III,Applied Mathematics,Information Security(Minor),Content Management System(Minor)]","[Theory,Practical,Theory,Practical,Theory,Practical,Theory,Theory,Theory,Theory,Theory]",Bachelor of Science (Information Technology),31010923067,"[1,2,1,2,1,2,1,1,1,1,1]"
selva.p@somaiya.edu,Selva  Perumal,3,"[Data structure,Data structure,Operating System,Operating System,Core Java,Core Java,Mobile Programming,Professional Communication Skill III,Applied Mathematics,Information Security(Minor),Content Management System(Minor)]","[Theory,Practical,Theory,Practical,Theory,Practical,Theory,Theory,Theory,Theory,Theory]",Bachelor of Science (Information Technology),31010923068,"[1,2,1,2,1,2,1,1,1,1,1]"
om.pokharkar@somaiya.edu,Om Avinash Pokharkar,3,"[Data structure,Data structure,Operating System,Operating System,Core Java,Core Java,Mobile Programming,Professional Communication Skill III,Applied Mathematics,Information Security(Minor),Content Management System(Minor)]","[Theory,Practical,Theory,Practical,Theory,Practical,Theory,Theory,Theory,Theory,Theory]",Bachelor of Science (Information Technology),31010923069,"[1,2,1,2,1,2,1,1,1,1,1]"
k.poojary@somaiya.edu,Khushi Ravi Poojary,3,"[Data structure,Data structure,Operating System,Operating System,Core Java,Core Java,Mobile Programming,Professional Communication Skill III,Applied Mathematics,Information Security(Minor),Content Management System(Minor)]","[Theory,Practical,Theory,Practical,Theory,Practical,Theory,Theory,Theory,Theory,Theory]",Bachelor of Science (Information Technology),31010923070,"[1,2,1,2,1,2,1,1,1,1,1]"
nikita.poraiyar@somaiya.edu,Nikita Sairam Poraiyar,3,"[Data structure,Data structure,Operating System,Operating System,Core Java,Core Java,Mobile Programming,Professional Communication Skill III,Applied Mathematics,Information Security(Minor),Content Management System(Minor)]","[Theory,Practical,Theory,Practical,Theory,Practical,Theory,Theory,Theory,Theory,Theory]",Bachelor of Science (Information Technology),31010923071,"[1,2,1,2,1,2,1,1,1,1,1]"
riya.sr@somaiya.edu,Riya Shailendra Rai,3,"[Data structure,Data structure,Operating System,Operating System,Core Java,Core Java,Mobile Programming,Professional Communication Skill III,Applied Mathematics,Information Security(Minor),Content Management System(Minor)]","[Theory,Practical,Theory,Practical,Theory,Practical,Theory,Theory,Theory,Theory,Theory]",Bachelor of Science (Information Technology),31010923072,"[1,2,1,2,1,2,1,1,1,1,1]"
k.rathod@somaiya.edu,Krishna Prakash Rathod,3,"[Data structure,Data structure,Operating System,Operating System,Core Java,Core Java,Mobile Programming,Professional Communication Skill III,Applied Mathematics,Information Security(Minor),Content Management System(Minor)]","[Theory,Practical,Theory,Practical,Theory,Practical,Theory,Theory,Theory,Theory,Theory]",Bachelor of Science (Information Technology),31010923074,"[1,2,1,2,1,2,1,1,1,1,1]"
saniksha.r@somaiya.edu,Saniksha Sachin Ripote,3,"[Data structure,Data structure,Operating System,Operating System,Core Java,Core Java,Mobile Programming,Professional Communication Skill III,Applied Mathematics,Information Security(Minor),Content Management System(Minor)]","[Theory,Practical,Theory,Practical,Theory,Practical,Theory,Theory,Theory,Theory,Theory]",Bachelor of Science (Information Technology),31010923075,"[1,2,1,2,1,2,1,1,1,1,1]"
ayush.sawant@somaiya.edu,Ayush Sushil Sawant,3,"[Data structure,Data structure,Operating System,Operating System,Core Java,Core Java,Mobile Programming,Professional Communication Skill III,Applied Mathematics,Information Security(Minor),Content Management System(Minor)]","[Theory,Practical,Theory,Practical,Theory,Practical,Theory,Theory,Theory,Theory,Theory]",Bachelor of Science (Information Technology),31010923077,"[1,2,1,2,1,2,1,1,1,1,1]"
mohammadraafay.s@somaiya.edu,Mohammad Raafay Shaikh,3,"[Data structure,Data structure,Operating System,Operating System,Core Java,Core Java,Mobile Programming,Professional Communication Skill III,Applied Mathematics,Information Security(Minor),Content Management System(Minor)]","[Theory,Practical,Theory,Practical,Theory,Practical,Theory,Theory,Theory,Theory,Theory]",Bachelor of Science (Information Technology),31010923079,"[1,2,1,2,1,2,1,1,1,1,1]"
mohin.shaikh@somaiya.edu,Mohin Ibrahim Shaikh,3,"[Data structure,Data structure,Operating System,Operating System,Core Java,Core Java,Mobile Programming,Professional Communication Skill III,Applied Mathematics,Information Security(Minor),Content Management System(Minor)]","[Theory,Practical,Theory,Practical,Theory,Practical,Theory,Theory,Theory,Theory,Theory]",Bachelor of Science (Information Technology),31010923080,"[1,2,1,2,1,2,1,1,1,1,1]"
zahidraza.s@somaiya.edu,Zahid Raza Shaikh,3,"[Data structure,Data structure,Operating System,Operating System,Core Java,Core Java,Mobile Programming,Professional Communication Skill III,Applied Mathematics,Information Security(Minor),Content Management System(Minor)]","[Theory,Practical,Theory,Practical,Theory,Practical,Theory,Theory,Theory,Theory,Theory]",Bachelor of Science (Information Technology),31010923081,"[2,3,2,3,2,3,2,2,2,2,2]"
zishan.s@somaiya.edu,Zishan Sadiq Shaikh,3,"[Data structure,Data structure,Operating System,Operating System,Core Java,Core Java,Mobile Programming,Professional Communication Skill III,Applied Mathematics,Information Security(Minor),Content Management System(Minor)]","[Theory,Practical,Theory,Practical,Theory,Practical,Theory,Theory,Theory,Theory,Theory]",Bachelor of Science (Information Technology),31010923082,"[2,3,2,3,2,3,2,2,2,2,2]"
kirti.s@somaiya.edu,Kirti Shankar Sharma,3,"[Data structure,Data structure,Operating System,Operating System,Core Java,Core Java,Mobile Programming,Professional Communication Skill III,Applied Mathematics,Information Security(Minor),Content Management System(Minor)]","[Theory,Practical,Theory,Practical,Theory,Practical,Theory,Theory,Theory,Theory,Theory]",Bachelor of Science (Information Technology),31010923083,"[2,3,2,3,2,3,2,2,2,2,2]"
vraj.as@somaiya.edu,Vraj Anand Sheth,3,"[Data structure,Data structure,Operating System,Operating System,Core Java,Core Java,Mobile Programming,Professional Communication Skill III,Applied Mathematics,Information Security(Minor),Content Management System(Minor)]","[Theory,Practical,Theory,Practical,Theory,Practical,Theory,Theory,Theory,Theory,Theory]",Bachelor of Science (Information Technology),31010923085,"[2,3,2,3,2,3,2,2,2,2,2]"
vrisha.s@somaiya.edu,Vrisha Madhusudhan Shirsulla,3,"[Data structure,Data structure,Operating System,Operating System,Core Java,Core Java,Mobile Programming,Professional Communication Skill III,Applied Mathematics,Information Security(Minor),Content Management System(Minor)]","[Theory,Practical,Theory,Practical,Theory,Practical,Theory,Theory,Theory,Theory,Theory]",Bachelor of Science (Information Technology),31010923086,"[2,3,2,3,2,3,2,2,2,2,2]"
shukla.hs@somaiya.edu,Harsh Santosh Shukla,3,"[Data structure,Data structure,Operating System,Operating System,Core Java,Core Java,Mobile Programming,Professional Communication Skill III,Applied Mathematics,Information Security(Minor),Content Management System(Minor)]","[Theory,Practical,Theory,Practical,Theory,Practical,Theory,Theory,Theory,Theory,Theory]",Bachelor of Science (Information Technology),31010923087,"[2,3,2,3,2,3,2,2,2,2,2]"
anurag11@somaiya.edu,Anurag  Shukla,3,"[Data structure,Data structure,Operating System,Operating System,Core Java,Core Java,Mobile Programming,Professional Communication Skill III,Applied Mathematics,Information Security(Minor),Content Management System(Minor)]","[Theory,Practical,Theory,Practical,Theory,Practical,Theory,Theory,Theory,Theory,Theory]",Bachelor of Science (Information Technology),31010923089,"[2,3,2,3,2,3,2,2,2,2,2]"
ankita.singh@somaiya.edu,Ankita Arvind Singh,3,"[Data structure,Data structure,Operating System,Operating System,Core Java,Core Java,Mobile Programming,Professional Communication Skill III,Applied Mathematics,Information Security(Minor),Content Management System(Minor)]","[Theory,Practical,Theory,Practical,Theory,Practical,Theory,Theory,Theory,Theory,Theory]",Bachelor of Science (Information Technology),31010923090,"[2,3,2,3,2,3,2,2,2,2,2]"
rohit.jethava@somaiya.edu,Rohit Jadhav Jethava,3,"[Data structure,Data structure,Operating System,Operating System,Core Java,Core Java,Mobile Programming,Professional Communication Skill III,Applied Mathematics,Information Security(Minor),Content Management System(Minor)]","[Theory,Practical,Theory,Practical,Theory,Practical,Theory,Theory,Theory,Theory,Theory]",Bachelor of Science (Information Technology),31010923091,"[2,3,2,3,2,3,2,2,2,2,2]"
jatin20@somaiya.edu,Jatin  Singh,3,"[Data structure,Data structure,Operating System,Operating System,Core Java,Core Java,Mobile Programming,Professional Communication Skill III,Applied Mathematics,Information Security(Minor),Content Management System(Minor)]","[Theory,Practical,Theory,Practical,Theory,Practical,Theory,Theory,Theory,Theory,Theory]",Bachelor of Science (Information Technology),31010923092,"[2,3,2,3,2,3,2,2,2,2,2]"
mahi.singh@somaiya.edu,Mahi Maneesh Singh,3,"[Data structure,Data structure,Operating System,Operating System,Core Java,Core Java,Mobile Programming,Professional Communication Skill III,Applied Mathematics,Information Security(Minor),Content Management System(Minor)]","[Theory,Practical,Theory,Practical,Theory,Practical,Theory,Theory,Theory,Theory,Theory]",Bachelor of Science (Information Technology),31010923093,"[2,3,2,3,2,3,2,2,2,2,2]"
sumit.s@somaiya.edu,Sumit  Singh,3,"[Data structure,Data structure,Operating System,Operating System,Core Java,Core Java,Mobile Programming,Professional Communication Skill III,Applied Mathematics,Information Security(Minor),Content Management System(Minor)]","[Theory,Practical,Theory,Practical,Theory,Practical,Theory,Theory,Theory,Theory,Theory]",Bachelor of Science (Information Technology),31010923095,"[2,3,2,3,2,3,2,2,2,2,2]"
vikas.s@somaiya.edu,Vikas Dinesh Singh,3,"[Data structure,Data structure,Operating System,Operating System,Core Java,Core Java,Mobile Programming,Professional Communication Skill III,Applied Mathematics,Information Security(Minor),Content Management System(Minor)]","[Theory,Practical,Theory,Practical,Theory,Practical,Theory,Theory,Theory,Theory,Theory]",Bachelor of Science (Information Technology),31010923096,"[2,3,2,3,2,3,2,2,2,2,2]"
vipin.singh@somaiya.edu,Vipin  Singh,3,"[Data structure,Data structure,Operating System,Operating System,Core Java,Core Java,Mobile Programming,Professional Communication Skill III,Applied Mathematics,Information Security(Minor),Content Management System(Minor)]","[Theory,Practical,Theory,Practical,Theory,Practical,Theory,Theory,Theory,Theory,Theory]",Bachelor of Science (Information Technology),31010923097,"[2,3,2,3,2,3,2,2,2,2,2]"
jay.sinroja@somaiya.edu,Jay Uday Sinroja,3,"[Data structure,Data structure,Operating System,Operating System,Core Java,Core Java,Mobile Programming,Professional Communication Skill III,Applied Mathematics,Information Security(Minor),Content Management System(Minor)]","[Theory,Practical,Theory,Practical,Theory,Practical,Theory,Theory,Theory,Theory,Theory]",Bachelor of Science (Information Technology),31010923098,"[2,3,2,3,2,3,2,2,2,2,2]"
toyesh.s@somaiya.edu,Toyesh Gunvant Solanki,3,"[Data structure,Data structure,Operating System,Operating System,Core Java,Core Java,Mobile Programming,Professional Communication Skill III,Applied Mathematics,Information Security(Minor),Content Management System(Minor)]","[Theory,Practical,Theory,Practical,Theory,Practical,Theory,Theory,Theory,Theory,Theory]",Bachelor of Science (Information Technology),31010923099,"[2,3,2,3,2,3,2,2,2,2,2]"
m.sorathiya@somaiya.edu,Moinuddin Firoz Sorathiya,3,"[Data structure,Data structure,Operating System,Operating System,Core Java,Core Java,Mobile Programming,Professional Communication Skill III,Applied Mathematics,Information Security(Minor),Content Management System(Minor)]","[Theory,Practical,Theory,Practical,Theory,Practical,Theory,Theory,Theory,Theory,Theory]",Bachelor of Science (Information Technology),31010923100,"[2,3,2,3,2,3,2,2,2,2,2]"
maryam.surve@somaiya.edu,Maryam Mujahid Surve,3,"[Data structure,Data structure,Operating System,Operating System,Core Java,Core Java,Mobile Programming,Professional Communication Skill III,Applied Mathematics,Information Security(Minor),Content Management System(Minor)]","[Theory,Practical,Theory,Practical,Theory,Practical,Theory,Theory,Theory,Theory,Theory]",Bachelor of Science (Information Technology),31010923101,"[2,3,2,3,2,3,2,2,2,2,2]"
sarvesh.tamse@somaiya.edu,Sarvesh Ramnath Tamse,3,"[Data structure,Data structure,Operating System,Operating System,Core Java,Core Java,Mobile Programming,Professional Communication Skill III,Applied Mathematics,Information Security(Minor),Content Management System(Minor)]","[Theory,Practical,Theory,Practical,Theory,Practical,Theory,Theory,Theory,Theory,Theory]",Bachelor of Science (Information Technology),31010923102,"[2,3,2,3,2,3,2,2,2,2,2]"
sahil.thale@somaiya.edu,Sahil Kumar Thale,3,"[Data structure,Data structure,Operating System,Operating System,Core Java,Core Java,Mobile Programming,Professional Communication Skill III,Applied Mathematics,Information Security(Minor),Content Management System(Minor)]","[Theory,Practical,Theory,Practical,Theory,Practical,Theory,Theory,Theory,Theory,Theory]",Bachelor of Science (Information Technology),31010923103,"[2,3,2,3,2,3,2,2,2,2,2]"
alisha.thayil@somaiya.edu,Alisha Manoj Thayil,3,"[Data structure,Data structure,Operating System,Operating System,Core Java,Core Java,Mobile Programming,Professional Communication Skill III,Applied Mathematics,Information Security(Minor),Content Management System(Minor)]","[Theory,Practical,Theory,Practical,Theory,Practical,Theory,Theory,Theory,Theory,Theory]",Bachelor of Science (Information Technology),31010923104,"[2,3,2,3,2,3,2,2,2,2,2]"
kshitij.vichare@somaiya.edu,Kshitij Vishwas Vichare,3,"[Data structure,Data structure,Operating System,Operating System,Core Java,Core Java,Mobile Programming,Professional Communication Skill III,Applied Mathematics,Information Security(Minor),Content Management System(Minor)]","[Theory,Practical,Theory,Practical,Theory,Practical,Theory,Theory,Theory,Theory,Theory]",Bachelor of Science (Information Technology),31010923106,"[2,3,2,3,2,3,2,2,2,2,2]"
sanika.v@somaiya.edu,Sanika Sanjay Vichare,3,"[Data structure,Data structure,Operating System,Operating System,Core Java,Core Java,Mobile Programming,Professional Communication Skill III,Applied Mathematics,Information Security(Minor),Content Management System(Minor)]","[Theory,Practical,Theory,Practical,Theory,Practical,Theory,Theory,Theory,Theory,Theory]",Bachelor of Science (Information Technology),31010923107,"[2,3,2,3,2,3,2,2,2,2,2]"
v.waydande@somaiya.edu,Vaishanvi Madhukar Waydande,3,"[Data structure,Data structure,Operating System,Operating System,Core Java,Core Java,Mobile Programming,Professional Communication Skill III,Applied Mathematics,Information Security(Minor),Content Management System(Minor)]","[Theory,Practical,Theory,Practical,Theory,Practical,Theory,Theory,Theory,Theory,Theory]",Bachelor of Science (Information Technology),31010923108,"[2,3,2,3,2,3,2,2,2,2,2]"
pranjal.ky@somaiya.edu,Pranjal Kumar Yadav,3,"[Data structure,Data structure,Operating System,Operating System,Core Java,Core Java,Mobile Programming,Professional Communication Skill III,Applied Mathematics,Information Security(Minor),Content Management System(Minor)]","[Theory,Practical,Theory,Practical,Theory,Practical,Theory,Theory,Theory,Theory,Theory]",Bachelor of Science (Information Technology),31010923110,"[2,3,2,3,2,3,2,2,2,2,2]"
dhanishta.y@somaiya.edu,Dhanishta Guruswami Yellala,3,"[Data structure,Data structure,Operating System,Operating System,Core Java,Core Java,Mobile Programming,Professional Communication Skill III,Applied Mathematics,Information Security(Minor),Content Management System(Minor)]","[Theory,Practical,Theory,Practical,Theory,Practical,Theory,Theory,Theory,Theory,Theory]",Bachelor of Science (Information Technology),31010923113,"[2,3,2,3,2,3,2,2,2,2,2]"
azhan.z@somaiya.edu,Azhan Mohammed Shaikh,3,"[Data structure,Data structure,Operating System,Operating System,Core Java,Core Java,Mobile Programming,Professional Communication Skill III,Applied Mathematics,Information Security(Minor),Content Management System(Minor)]","[Theory,Practical,Theory,Practical,Theory,Practical,Theory,Theory,Theory,Theory,Theory]",Bachelor of Science (Information Technology),31010923114,"[2,3,2,3,2,3,2,2,2,2,2]"
harsh.gade@somaiya.edu,Harsh Sunil Gade,3,"[Data structure,Data structure,Operating System,Operating System,Core Java,Core Java,Mobile Programming,Professional Communication Skill III,Applied Mathematics,Information Security(Minor),Content Management System(Minor)]","[Theory,Practical,Theory,Practical,Theory,Practical,Theory,Theory,Theory,Theory,Theory]",Bachelor of Science (Information Technology),31010923115,"[2,3,2,3,2,3,2,2,2,2,2]"
shantanu.gaikwad@somaiya.edu,Shantanu Shekhar Gaikwad,3,"[Data structure,Data structure,Operating System,Operating System,Core Java,Core Java,Mobile Programming,Professional Communication Skill III,Applied Mathematics,Information Security(Minor),Content Management System(Minor)]","[Theory,Practical,Theory,Practical,Theory,Practical,Theory,Theory,Theory,Theory,Theory]",Bachelor of Science (Information Technology),31010923116,"[2,3,2,3,2,3,2,2,2,2,2]"
farhan.g@somaiya.edu,Farhan Anjum Gavakhadkar,3,"[Data structure,Data structure,Operating System,Operating System,Core Java,Core Java,Mobile Programming,Professional Communication Skill III,Applied Mathematics,Information Security(Minor),Content Management System(Minor)]","[Theory,Practical,Theory,Practical,Theory,Practical,Theory,Theory,Theory,Theory,Theory]",Bachelor of Science (Information Technology),31010923117,"[2,3,2,3,2,3,2,2,2,2,2]"
srimanta.m@somaiya.edu,Srimanta Sanjaya Maharana,3,"[Data structure,Data structure,Operating System,Operating System,Core Java,Core Java,Mobile Programming,Professional Communication Skill III,Applied Mathematics,Information Security(Minor),Content Management System(Minor)]","[Theory,Practical,Theory,Practical,Theory,Practical,Theory,Theory,Theory,Theory,Theory]",Bachelor of Science (Information Technology),31010923118,"[2,3,2,3,2,3,2,2,2,2,2]"
maithili.malbari@somaiya.edu,Maithili Prasad Malbari,3,"[Data structure,Data structure,Operating System,Operating System,Core Java,Core Java,Mobile Programming,Professional Communication Skill III,Applied Mathematics,Information Security(Minor),Content Management System(Minor)]","[Theory,Practical,Theory,Practical,Theory,Practical,Theory,Theory,Theory,Theory,Theory]",Bachelor of Science (Information Technology),31010923119,"[2,3,2,3,2,3,2,2,2,2,2]"
aman04@somaiya.edu,Aman Ramchandra Yadav,3,"[Data structure,Data structure,Operating System,Operating System,Core Java,Core Java,Mobile Programming,Professional Communication Skill III,Applied Mathematics,Information Security(Minor),Content Management System(Minor)]","[Theory,Practical,Theory,Practical,Theory,Practical,Theory,Theory,Theory,Theory,Theory]",Bachelor of Science (Information Technology),31010923121,"[2,3,2,3,2,3,2,2,2,2,2]"
soham.dhokiya@somaiya.edu,Soham Harish Dhokiya,3,"[Data structure,Data structure,Operating System,Operating System,Core Java,Core Java,Mobile Programming,Professional Communication Skill III,Applied Mathematics,Information Security(Minor),Content Management System(Minor)]","[Theory,Practical,Theory,Practical,Theory,Practical,Theory,Theory,Theory,Theory,Theory]",Bachelor of Science (Information Technology),31010923122,"[2,3,2,3,2,3,2,2,2,2,2]"
soham.jadhav1@somaiya.edu,Soham Sachin Jadhav,3,"[Data structure,Data structure,Operating System,Operating System,Core Java,Core Java,Mobile Programming,Professional Communication Skill III,Applied Mathematics,Information Security(Minor),Content Management System(Minor)]","[Theory,Practical,Theory,Practical,Theory,Practical,Theory,Theory,Theory,Theory,Theory]",Bachelor of Science (Information Technology),31010923124,"[2,3,2,3,2,3,2,2,2,2,2]"
laimamehar.k@somaiya.edu,Laimamehar Nazrealam Khan,3,"[Data structure,Data structure,Operating System,Operating System,Core Java,Core Java,Mobile Programming,Professional Communication Skill III,Applied Mathematics,Information Security(Minor),Content Management System(Minor)]","[Theory,Practical,Theory,Practical,Theory,Practical,Theory,Theory,Theory,Theory,Theory]",Bachelor of Science (Information Technology),31010923125,"[2,3,2,3,2,3,2,2,2,2,2]"
shugan.l@somaiya.edu,Shugan Ashok Lakhara,3,"[Data structure,Data structure,Operating System,Operating System,Core Java,Core Java,Mobile Programming,Professional Communication Skill III,Applied Mathematics,Information Security(Minor),Content Management System(Minor)]","[Theory,Practical,Theory,Practical,Theory,Practical,Theory,Theory,Theory,Theory,Theory]",Bachelor of Science (Information Technology),31010923126,"[2,3,2,3,2,3,2,2,2,2,2]"
suman.m@somaiya.edu,Suman Sujit Mordhariya,3,"[Data structure,Data structure,Operating System,Operating System,Core Java,Core Java,Mobile Programming,Professional Communication Skill III,Applied Mathematics,Information Security(Minor),Content Management System(Minor)]","[Theory,Practical,Theory,Practical,Theory,Practical,Theory,Theory,Theory,Theory,Theory]",Bachelor of Science (Information Technology),31010923129,"[2,3,2,3,2,3,2,2,2,2,2]"
fahad.fs@somaiya.edu,Fahad  Shaikh,3,"[Data structure,Data structure,Operating System,Operating System,Core Java,Core Java,Mobile Programming,Professional Communication Skill III,Applied Mathematics,Information Security(Minor),Content Management System(Minor)]","[Theory,Practical,Theory,Practical,Theory,Practical,Theory,Theory,Theory,Theory,Theory]",Bachelor of Science (Information Technology),31010923131,"[2,3,2,3,2,3,2,2,2,2,2]"
chirag.m@somaiya.edu,Chirag Omprakash Mishra,3,"[Data structure,Data structure,Operating System,Operating System,Core Java,Core Java,Mobile Programming,Professional Communication Skill III,Applied Mathematics,Information Security(Minor),Content Management System(Minor)]","[Theory,Practical,Theory,Practical,Theory,Practical,Theory,Theory,Theory,Theory,Theory]",Bachelor of Science (Information Technology),31010923133,"[2,3,2,3,2,3,2,2,2,2,2]"
shantanu.pradhan@somaiya.edu,Shantanu Kumar Pradhan,3,"[Data structure,Data structure,Operating System,Operating System,Core Java,Core Java,Mobile Programming,Professional Communication Skill III,Applied Mathematics,Information Security(Minor),Content Management System(Minor)]","[Theory,Practical,Theory,Practical,Theory,Practical,Theory,Theory,Theory,Theory,Theory]",Bachelor of Science (Information Technology),31010923134,"[2,3,2,3,2,3,2,2,2,2,2]"
fatima.is@somaiya.edu,Fatima Ismail Shaikh,3,"[Data structure,Data structure,Operating System,Operating System,Core Java,Core Java,Mobile Programming,Professional Communication Skill III,Applied Mathematics,Information Security(Minor),Content Management System(Minor)]","[Theory,Practical,Theory,Practical,Theory,Practical,Theory,Theory,Theory,Theory,Theory]",Bachelor of Science (Information Technology),31010923135,"[2,3,2,3,2,3,2,2,2,2,2]"
azra.k@somaiya.edu,Azra Sirajuddin Khan,3,"[Data structure,Data structure,Operating System,Operating System,Core Java,Core Java,Mobile Programming,Professional Communication Skill III,Applied Mathematics,Information Security(Minor),Content Management System(Minor)]","[Theory,Practical,Theory,Practical,Theory,Practical,Theory,Theory,Theory,Theory,Theory]",Bachelor of Science (Information Technology),31010923138,"[2,3,2,3,2,3,2,2,2,2,2]"
isra18@somaiya.edu,Isra  Khan,3,"[Data structure,Data structure,Operating System,Operating System,Core Java,Core Java,Mobile Programming,Professional Communication Skill III,Applied Mathematics,Information Security(Minor),Content Management System(Minor)]","[Theory,Practical,Theory,Practical,Theory,Practical,Theory,Theory,Theory,Theory,Theory]",Bachelor of Science (Information Technology),31010923139,"[2,3,2,3,2,3,2,2,2,2,2]"
harshal.y@somaiya.edu,Harshal Daanbahadur Yadav,3,"[Data structure,Data structure,Operating System,Operating System,Core Java,Core Java,Mobile Programming,Professional Communication Skill III,Applied Mathematics,Information Security(Minor),Content Management System(Minor)]","[Theory,Practical,Theory,Practical,Theory,Practical,Theory,Theory,Theory,Theory,Theory]",Bachelor of Science (Information Technology),31010923142,"[2,3,2,3,2,3,2,2,2,2,2]"
austin.isyas@somaiya.edu,Austin Arun Isyas,3,"[Data structure,Data structure,Operating System,Operating System,Core Java,Core Java,Mobile Programming,Professional Communication Skill III,Applied Mathematics,Information Security(Minor),Content Management System(Minor)]","[Theory,Practical,Theory,Practical,Theory,Practical,Theory,Theory,Theory,Theory,Theory]",Bachelor of Science (Information Technology),31010923143,"[2,3,2,3,2,3,2,2,2,2,2]"
s.gimhavanekar@somaiya.edu,Samarth Sandip Gimhavanekar,3,"[Data structure,Data structure,Operating System,Operating System,Core Java,Core Java,Mobile Programming,Professional Communication Skill III,Applied Mathematics,Information Security(Minor),Content Management System(Minor)]","[Theory,Practical,Theory,Practical,Theory,Practical,Theory,Theory,Theory,Theory,Theory]",Bachelor of Science (Information Technology),31010923801,"[2,3,2,3,2,3,2,2,2,2,2]"
dhrasti.p@somaiya.edu,Dhrasti Nilesh Patel,3,"[Data structure,Data structure,Operating System,Operating System,Core Java,Core Java,Mobile Programming,Professional Communication Skill III,Applied Mathematics,Information Security(Minor),Content Management System(Minor)]","[Theory,Practical,Theory,Practical,Theory,Practical,Theory,Theory,Theory,Theory,Theory]",Bachelor of Science (Information Technology),31010923802,"[2,3,2,3,2,3,2,2,2,2,2]"
krunal.jadeja@somaiya.edu,Krunal Virendra Jadeja,5,"[Software Testing,Software Testing,Artificial Intelligence,Artificial Intelligence,Web Services,Web Services,Security in Computing,Security in Computing,Design Thinking,Next Gen Databases,Next Gen Databases]","[Theory,Practical,Theory,Practical,Theory,Practical,Theory,Practical,Theory,Theory,Practical]",Bachelor of Science (Information Technology),31010921013,"[1,1,1,1,1,1,1,1,1,1,1]"
shaikh.rizwan@somaiya.edu,Arsalan Rizwan Shaikh,5,"[Software Testing,Software Testing,Artificial Intelligence,Artificial Intelligence,Web Services,Web Services,Security in Computing,Security in Computing,Design Thinking,Next Gen Databases,Next Gen Databases]","[Theory,Practical,Theory,Practical,Theory,Practical,Theory,Practical,Theory,Theory,Practical]",Bachelor of Science (Information Technology),31010921040,"[1,1,1,1,1,1,1,1,1,1,1]"
dhruv.maurya@somaiya.edu,Dhruv Rajesh Maurya,5,"[Software Testing,Software Testing,Artificial Intelligence,Artificial Intelligence,Web Services,Web Services,Security in Computing,Security in Computing,Design Thinking,Next Gen Databases,Next Gen Databases]","[Theory,Practical,Theory,Practical,Theory,Practical,Theory,Practical,Theory,Theory,Practical]",Bachelor of Science (Information Technology),31010921095,"[1,1,1,1,1,1,1,1,1,1,1]"
harsh.damame@somaiya.edu,Harsh Milind Damame,5,"[Software Testing,Software Testing,Artificial Intelligence,Artificial Intelligence,Web Services,Web Services,Security in Computing,Security in Computing,Design Thinking,Next Gen Databases,Next Gen Databases]","[Theory,Practical,Theory,Practical,Theory,Practical,Theory,Practical,Theory,Theory,Practical]",Bachelor of Science (Information Technology),31010921110,"[1,1,1,1,1,1,1,1,1,1,1]"
pranjali.bandal@somaiya.edu,Pranjali Mahesh Bandal,5,"[Software Testing,Software Testing,Artificial Intelligence,Artificial Intelligence,Web Services,Web Services,Security in Computing,Security in Computing,Design Thinking,Next Gen Databases,Next Gen Databases]","[Theory,Practical,Theory,Practical,Theory,Practical,Theory,Practical,Theory,Theory,Practical]",Bachelor of Science (Information Technology),31010922003,"[1,1,1,1,1,1,1,1,1,1,1]"
yashvi.barot@somaiya.edu,Yashvi Ajay Barot,5,"[Software Testing,Software Testing,Artificial Intelligence,Artificial Intelligence,Web Services,Web Services,Security in Computing,Security in Computing,Design Thinking,Next Gen Databases,Next Gen Databases]","[Theory,Practical,Theory,Practical,Theory,Practical,Theory,Practical,Theory,Theory,Practical]",Bachelor of Science (Information Technology),31010922004,"[1,1,1,1,1,1,1,1,1,1,1]"
shivam.bharucha@somaiya.edu,Shivam Sonal Bharucha,5,"[Software Testing,Software Testing,Artificial Intelligence,Artificial Intelligence,Web Services,Web Services,Security in Computing,Security in Computing,Design Thinking,Next Gen Databases,Next Gen Databases]","[Theory,Practical,Theory,Practical,Theory,Practical,Theory,Practical,Theory,Theory,Practical]",Bachelor of Science (Information Technology),31010922006,"[1,1,1,1,1,1,1,1,1,1,1]"
tamankaur.b@somaiya.edu,Taman Kaur Bhatia,5,"[Software Testing,Software Testing,Artificial Intelligence,Artificial Intelligence,Web Services,Web Services,Security in Computing,Security in Computing,Design Thinking,Next Gen Databases,Next Gen Databases]","[Theory,Practical,Theory,Practical,Theory,Practical,Theory,Practical,Theory,Theory,Practical]",Bachelor of Science (Information Technology),31010922007,"[1,1,1,1,1,1,1,1,1,1,1]"
tanay.bhoir@somaiya.edu,Tanay Dattakumar Bhoir,5,"[Software Testing,Software Testing,Artificial Intelligence,Artificial Intelligence,Web Services,Web Services,Security in Computing,Security in Computing,Design Thinking,Next Gen Databases,Next Gen Databases]","[Theory,Practical,Theory,Practical,Theory,Practical,Theory,Practical,Theory,Theory,Practical]",Bachelor of Science (Information Technology),31010922008,"[1,1,1,1,1,1,1,1,1,1,1]"
v.chaudhari@somaiya.edu,Vaishnavi Yashwant Chaudhari,5,"[Software Testing,Software Testing,Artificial Intelligence,Artificial Intelligence,Web Services,Web Services,Security in Computing,Security in Computing,Design Thinking,Next Gen Databases,Next Gen Databases]","[Theory,Practical,Theory,Practical,Theory,Practical,Theory,Practical,Theory,Theory,Practical]",Bachelor of Science (Information Technology),31010922009,"[1,1,1,1,1,1,1,1,1,1,1]"
shitiz.c@somaiya.edu,Shitiz  Choudhary,5,"[Software Testing,Software Testing,Artificial Intelligence,Artificial Intelligence,Web Services,Web Services,Security in Computing,Security in Computing,Design Thinking,Next Gen Databases,Next Gen Databases]","[Theory,Practical,Theory,Practical,Theory,Practical,Theory,Practical,Theory,Theory,Practical]",Bachelor of Science (Information Technology),31010922010,"[1,1,1,1,1,1,1,1,1,1,1]"
pratiksha.das@somaiya.edu,Pratiksha Prahlad Das,5,"[Software Testing,Software Testing,Artificial Intelligence,Artificial Intelligence,Web Services,Web Services,Security in Computing,Security in Computing,Design Thinking,Next Gen Databases,Next Gen Databases]","[Theory,Practical,Theory,Practical,Theory,Practical,Theory,Practical,Theory,Theory,Practical]",Bachelor of Science (Information Technology),31010922012,"[1,1,1,1,1,1,1,1,1,1,1]"
shivani.dd@somaiya.edu,Shivani Dinesh Desai,5,"[Software Testing,Software Testing,Artificial Intelligence,Artificial Intelligence,Web Services,Web Services,Security in Computing,Security in Computing,Design Thinking,Next Gen Databases,Next Gen Databases]","[Theory,Practical,Theory,Practical,Theory,Practical,Theory,Practical,Theory,Theory,Practical]",Bachelor of Science (Information Technology),31010922015,"[1,1,1,1,1,1,1,1,1,1,1]"
tanish.desai@somaiya.edu,Tanish Shekhar Desai,5,"[Software Testing,Software Testing,Artificial Intelligence,Artificial Intelligence,Web Services,Web Services,Security in Computing,Security in Computing,Design Thinking,Next Gen Databases,Next Gen Databases]","[Theory,Practical,Theory,Practical,Theory,Practical,Theory,Practical,Theory,Theory,Practical]",Bachelor of Science (Information Technology),31010922016,"[1,1,1,1,1,1,1,1,1,1,1]"
dylan.dias@somaiya.edu,Dylan Alan Dias,5,"[Software Testing,Software Testing,Artificial Intelligence,Artificial Intelligence,Web Services,Web Services,Security in Computing,Security in Computing,Design Thinking,Next Gen Databases,Next Gen Databases]","[Theory,Practical,Theory,Practical,Theory,Practical,Theory,Practical,Theory,Theory,Practical]",Bachelor of Science (Information Technology),31010922017,"[1,1,1,1,1,1,1,1,1,1,1]"
yash.d@somaiya.edu,Yash Satyanand Dubey,5,"[Software Testing,Software Testing,Artificial Intelligence,Artificial Intelligence,Web Services,Web Services,Security in Computing,Security in Computing,Design Thinking,Next Gen Databases,Next Gen Databases]","[Theory,Practical,Theory,Practical,Theory,Practical,Theory,Practical,Theory,Theory,Practical]",Bachelor of Science (Information Technology),31010922018,"[1,1,1,1,1,1,1,1,1,1,1]"
tanvi.gawas@somaiya.edu,Tanvi Dilip Gawas,5,"[Software Testing,Software Testing,Artificial Intelligence,Artificial Intelligence,Web Services,Web Services,Security in Computing,Security in Computing,Design Thinking,Next Gen Databases,Next Gen Databases]","[Theory,Practical,Theory,Practical,Theory,Practical,Theory,Practical,Theory,Theory,Practical]",Bachelor of Science (Information Technology),31010922020,"[1,1,1,1,1,1,1,1,1,1,1]"
vipul.gohil@somaiya.edu,Vipul Ramesh Gohil,5,"[Software Testing,Software Testing,Artificial Intelligence,Artificial Intelligence,Web Services,Web Services,Security in Computing,Security in Computing,Design Thinking,Next Gen Databases,Next Gen Databases]","[Theory,Practical,Theory,Practical,Theory,Practical,Theory,Practical,Theory,Theory,Practical]",Bachelor of Science (Information Technology),31010922021,"[1,1,1,1,1,1,1,1,1,1,1]"
sanjana.g@somaiya.edu,Sanjana Manoj Gupta,5,"[Software Testing,Software Testing,Artificial Intelligence,Artificial Intelligence,Web Services,Web Services,Security in Computing,Security in Computing,Design Thinking,Next Gen Databases,Next Gen Databases]","[Theory,Practical,Theory,Practical,Theory,Practical,Theory,Practical,Theory,Theory,Practical]",Bachelor of Science (Information Technology),31010922023,"[1,1,1,1,1,1,1,1,1,1,1]"
sumeet.h@somaiya.edu,Sumeet Santosh Humbre,5,"[Software Testing,Software Testing,Artificial Intelligence,Artificial Intelligence,Web Services,Web Services,Security in Computing,Security in Computing,Design Thinking,Next Gen Databases,Next Gen Databases]","[Theory,Practical,Theory,Practical,Theory,Practical,Theory,Practical,Theory,Theory,Practical]",Bachelor of Science (Information Technology),31010922024,"[1,1,1,1,1,1,1,1,1,1,1]"
prachita.j@somaiya.edu,Prachita Sachin Jadhav,5,"[Software Testing,Software Testing,Artificial Intelligence,Artificial Intelligence,Web Services,Web Services,Security in Computing,Security in Computing,Design Thinking,Next Gen Databases,Next Gen Databases]","[Theory,Practical,Theory,Practical,Theory,Practical,Theory,Practical,Theory,Theory,Practical]",Bachelor of Science (Information Technology),31010922025,"[1,1,1,1,1,1,1,1,1,1,1]"
sujal.rj@somaiya.edu,Sujal Rajkumar Jain,5,"[Software Testing,Software Testing,Artificial Intelligence,Artificial Intelligence,Web Services,Web Services,Security in Computing,Security in Computing,Design Thinking,Next Gen Databases,Next Gen Databases]","[Theory,Practical,Theory,Practical,Theory,Practical,Theory,Practical,Theory,Theory,Practical]",Bachelor of Science (Information Technology),31010922027,"[1,1,1,1,1,1,1,1,1,1,1]"
aakrushna.j@somaiya.edu,Aakrushna Jaydeep Joshi,5,"[Software Testing,Software Testing,Artificial Intelligence,Artificial Intelligence,Web Services,Web Services,Security in Computing,Security in Computing,Design Thinking,Next Gen Databases,Next Gen Databases]","[Theory,Practical,Theory,Practical,Theory,Practical,Theory,Practical,Theory,Theory,Practical]",Bachelor of Science (Information Technology),31010922028,"[1,1,1,1,1,1,1,1,1,1,1]"
a.kadam@somaiya.edu,Amruta Sandeep Kadam,5,"[Software Testing,Software Testing,Artificial Intelligence,Artificial Intelligence,Web Services,Web Services,Security in Computing,Security in Computing,Design Thinking,Next Gen Databases,Next Gen Databases]","[Theory,Practical,Theory,Practical,Theory,Practical,Theory,Practical,Theory,Theory,Practical]",Bachelor of Science (Information Technology),31010922030,"[1,1,1,1,1,1,1,1,1,1,1]"
kadam.os@somaiya.edu,Omkar Sarjerao Kadam,5,"[Software Testing,Software Testing,Artificial Intelligence,Artificial Intelligence,Web Services,Web Services,Security in Computing,Security in Computing,Design Thinking,Next Gen Databases,Next Gen Databases]","[Theory,Practical,Theory,Practical,Theory,Practical,Theory,Practical,Theory,Theory,Practical]",Bachelor of Science (Information Technology),31010922031,"[1,1,1,1,1,1,1,1,1,1,1]"
ishaan.k@somaiya.edu,Ishaan  Kamath,5,"[Software Testing,Software Testing,Artificial Intelligence,Artificial Intelligence,Web Services,Web Services,Security in Computing,Security in Computing,Design Thinking,Next Gen Databases,Next Gen Databases]","[Theory,Practical,Theory,Practical,Theory,Practical,Theory,Practical,Theory,Theory,Practical]",Bachelor of Science (Information Technology),31010922032,"[1,1,1,1,1,1,1,1,1,1,1]"
omkar.kandalkar@somaiya.edu,Omkar Santosh Kandalkar,5,"[Software Testing,Software Testing,Artificial Intelligence,Artificial Intelligence,Web Services,Web Services,Security in Computing,Security in Computing,Design Thinking,Next Gen Databases,Next Gen Databases]","[Theory,Practical,Theory,Practical,Theory,Practical,Theory,Practical,Theory,Theory,Practical]",Bachelor of Science (Information Technology),31010922033,"[1,1,1,1,1,1,1,1,1,1,1]"
shubhakant.k@somaiya.edu,Shubhakant Sanjay Kar,5,"[Software Testing,Software Testing,Artificial Intelligence,Artificial Intelligence,Web Services,Web Services,Security in Computing,Security in Computing,Design Thinking,Next Gen Databases,Next Gen Databases]","[Theory,Practical,Theory,Practical,Theory,Practical,Theory,Practical,Theory,Theory,Practical]",Bachelor of Science (Information Technology),31010922034,"[1,1,1,1,1,1,1,1,1,1,1]"
shlok.kerkar@somaiya.edu,Shlok Mangesh Kerkar,5,"[Software Testing,Software Testing,Artificial Intelligence,Artificial Intelligence,Web Services,Web Services,Security in Computing,Security in Computing,Design Thinking,Next Gen Databases,Next Gen Databases]","[Theory,Practical,Theory,Practical,Theory,Practical,Theory,Practical,Theory,Theory,Practical]",Bachelor of Science (Information Technology),31010922036,"[1,1,1,1,1,1,1,1,1,1,1]"
sneha.kesarwani@somaiya.edu,Sneha Dilip Kesarwani,5,"[Software Testing,Software Testing,Artificial Intelligence,Artificial Intelligence,Web Services,Web Services,Security in Computing,Security in Computing,Design Thinking,Next Gen Databases,Next Gen Databases]","[Theory,Practical,Theory,Practical,Theory,Practical,Theory,Practical,Theory,Theory,Practical]",Bachelor of Science (Information Technology),31010922037,"[1,1,1,1,1,1,1,1,1,1,1]"
abdulahad.k@somaiya.edu,Abdul Ahad Khan,5,"[Software Testing,Software Testing,Artificial Intelligence,Artificial Intelligence,Web Services,Web Services,Security in Computing,Security in Computing,Design Thinking,Next Gen Databases,Next Gen Databases]","[Theory,Practical,Theory,Practical,Theory,Practical,Theory,Practical,Theory,Theory,Practical]",Bachelor of Science (Information Technology),31010922038,"[1,1,1,1,1,1,1,1,1,1,1]"
atiya.khan@somaiya.edu,Atiya Saeed Khan,5,"[Software Testing,Software Testing,Artificial Intelligence,Artificial Intelligence,Web Services,Web Services,Security in Computing,Security in Computing,Design Thinking,Next Gen Databases,Next Gen Databases]","[Theory,Practical,Theory,Practical,Theory,Practical,Theory,Practical,Theory,Theory,Practical]",Bachelor of Science (Information Technology),31010922039,"[1,1,1,1,1,1,1,1,1,1,1]"
mohdayan.k@somaiya.edu,Mohd Ayan Khan,5,"[Software Testing,Software Testing,Artificial Intelligence,Artificial Intelligence,Web Services,Web Services,Security in Computing,Security in Computing,Design Thinking,Next Gen Databases,Next Gen Databases]","[Theory,Practical,Theory,Practical,Theory,Practical,Theory,Practical,Theory,Theory,Practical]",Bachelor of Science (Information Technology),31010922042,"[1,2,1,2,1,2,1,2,1,1,2]"
heena.khona@somaiya.edu,Heena Janak Khona,5,"[Software Testing,Software Testing,Artificial Intelligence,Artificial Intelligence,Web Services,Web Services,Security in Computing,Security in Computing,Design Thinking,Next Gen Databases,Next Gen Databases]","[Theory,Practical,Theory,Practical,Theory,Practical,Theory,Practical,Theory,Theory,Practical]",Bachelor of Science (Information Technology),31010922043,"[1,2,1,2,1,2,1,2,1,1,2]"
shivlaxmi.k@somaiya.edu,Shivlaxmi Krishnan Konar,5,"[Software Testing,Software Testing,Artificial Intelligence,Artificial Intelligence,Web Services,Web Services,Security in Computing,Security in Computing,Design Thinking,Next Gen Databases,Next Gen Databases]","[Theory,Practical,Theory,Practical,Theory,Practical,Theory,Practical,Theory,Theory,Practical]",Bachelor of Science (Information Technology),31010922045,"[1,2,1,2,1,2,1,2,1,1,2]"
kumud.m@somaiya.edu,Kumud Kishor Mandhare,5,"[Software Testing,Software Testing,Artificial Intelligence,Artificial Intelligence,Web Services,Web Services,Security in Computing,Security in Computing,Design Thinking,Next Gen Databases,Next Gen Databases]","[Theory,Practical,Theory,Practical,Theory,Practical,Theory,Practical,Theory,Theory,Practical]",Bachelor of Science (Information Technology),31010922051,"[1,2,1,2,1,2,1,2,1,1,2]"
prachiti.mane@somaiya.edu,Prachiti Janardan Mane,5,"[Software Testing,Software Testing,Artificial Intelligence,Artificial Intelligence,Web Services,Web Services,Security in Computing,Security in Computing,Design Thinking,Next Gen Databases,Next Gen Databases]","[Theory,Practical,Theory,Practical,Theory,Practical,Theory,Practical,Theory,Theory,Practical]",Bachelor of Science (Information Technology),31010922052,"[1,2,1,2,1,2,1,2,1,1,2]"
s.medhekar@somaiya.edu,Samiksha Dilip Medhekar,5,"[Software Testing,Software Testing,Artificial Intelligence,Artificial Intelligence,Web Services,Web Services,Security in Computing,Security in Computing,Design Thinking,Next Gen Databases,Next Gen Databases]","[Theory,Practical,Theory,Practical,Theory,Practical,Theory,Practical,Theory,Theory,Practical]",Bachelor of Science (Information Technology),31010922053,"[1,2,1,2,1,2,1,2,1,1,2]"
harshil.mehta@somaiya.edu,Harshil Chetan Mehta,5,"[Software Testing,Software Testing,Artificial Intelligence,Artificial Intelligence,Web Services,Web Services,Security in Computing,Security in Computing,Design Thinking,Next Gen Databases,Next Gen Databases]","[Theory,Practical,Theory,Practical,Theory,Practical,Theory,Practical,Theory,Theory,Practical]",Bachelor of Science (Information Technology),31010922054,"[1,2,1,2,1,2,1,2,1,1,2]"
spandan.m@somaiya.edu,Spandan Sachin Mhatre,5,"[Software Testing,Software Testing,Artificial Intelligence,Artificial Intelligence,Web Services,Web Services,Security in Computing,Security in Computing,Design Thinking,Next Gen Databases,Next Gen Databases]","[Theory,Practical,Theory,Practical,Theory,Practical,Theory,Practical,Theory,Theory,Practical]",Bachelor of Science (Information Technology),31010922055,"[1,2,1,2,1,2,1,2,1,1,2]"
anchal.m@somaiya.edu,Anchal Namish Mishra,5,"[Software Testing,Software Testing,Artificial Intelligence,Artificial Intelligence,Web Services,Web Services,Security in Computing,Security in Computing,Design Thinking,Next Gen Databases,Next Gen Databases]","[Theory,Practical,Theory,Practical,Theory,Practical,Theory,Practical,Theory,Theory,Practical]",Bachelor of Science (Information Technology),31010922056,"[1,2,1,2,1,2,1,2,1,1,2]"
sonali05@somaiya.edu,Sonali Sambhaji More,5,"[Software Testing,Software Testing,Artificial Intelligence,Artificial Intelligence,Web Services,Web Services,Security in Computing,Security in Computing,Design Thinking,Next Gen Databases,Next Gen Databases]","[Theory,Practical,Theory,Practical,Theory,Practical,Theory,Practical,Theory,Theory,Practical]",Bachelor of Science (Information Technology),31010922057,"[1,2,1,2,1,2,1,2,1,1,2]"
mohammedtaqi.n@somaiya.edu,Mohammed Taqi Nayni,5,"[Software Testing,Software Testing,Artificial Intelligence,Artificial Intelligence,Web Services,Web Services,Security in Computing,Security in Computing,Design Thinking,Next Gen Databases,Next Gen Databases]","[Theory,Practical,Theory,Practical,Theory,Practical,Theory,Practical,Theory,Theory,Practical]",Bachelor of Science (Information Technology),31010922059,"[1,2,1,2,1,2,1,2,1,1,2]"
ayush.an@somaiya.edu,Ayush Anil Nikam,5,"[Software Testing,Software Testing,Artificial Intelligence,Artificial Intelligence,Web Services,Web Services,Security in Computing,Security in Computing,Design Thinking,Next Gen Databases,Next Gen Databases]","[Theory,Practical,Theory,Practical,Theory,Practical,Theory,Practical,Theory,Theory,Practical]",Bachelor of Science (Information Technology),31010922060,"[1,2,1,2,1,2,1,2,1,1,2]"
harshal.panda@somaiya.edu,Harshal Sanjeev Panda,5,"[Software Testing,Software Testing,Artificial Intelligence,Artificial Intelligence,Web Services,Web Services,Security in Computing,Security in Computing,Design Thinking,Next Gen Databases,Next Gen Databases]","[Theory,Practical,Theory,Practical,Theory,Practical,Theory,Practical,Theory,Theory,Practical]",Bachelor of Science (Information Technology),31010922061,"[1,2,1,2,1,2,1,2,1,1,2]"
sarthaki.p@somaiya.edu,Sarthaki Shyam Parab,5,"[Software Testing,Software Testing,Artificial Intelligence,Artificial Intelligence,Web Services,Web Services,Security in Computing,Security in Computing,Design Thinking,Next Gen Databases,Next Gen Databases]","[Theory,Practical,Theory,Practical,Theory,Practical,Theory,Practical,Theory,Theory,Practical]",Bachelor of Science (Information Technology),31010922063,"[1,2,1,2,1,2,1,2,1,1,2]"
ravi22@somaiya.edu,Ravi Ramesh Parmar,5,"[Software Testing,Software Testing,Artificial Intelligence,Artificial Intelligence,Web Services,Web Services,Security in Computing,Security in Computing,Design Thinking,Next Gen Databases,Next Gen Databases]","[Theory,Practical,Theory,Practical,Theory,Practical,Theory,Practical,Theory,Theory,Practical]",Bachelor of Science (Information Technology),31010922064,"[1,2,1,2,1,2,1,2,1,1,2]"
krp@somaiya.edu,Kaustubh Rajesh Patil,5,"[Software Testing,Software Testing,Artificial Intelligence,Artificial Intelligence,Web Services,Web Services,Security in Computing,Security in Computing,Design Thinking,Next Gen Databases,Next Gen Databases]","[Theory,Practical,Theory,Practical,Theory,Practical,Theory,Practical,Theory,Theory,Practical]",Bachelor of Science (Information Technology),31010922067,"[1,2,1,2,1,2,1,2,1,1,2]"
rachit.patil@somaiya.edu,Rachit Rajesh Patil,5,"[Software Testing,Software Testing,Artificial Intelligence,Artificial Intelligence,Web Services,Web Services,Security in Computing,Security in Computing,Design Thinking,Next Gen Databases,Next Gen Databases]","[Theory,Practical,Theory,Practical,Theory,Practical,Theory,Practical,Theory,Theory,Practical]",Bachelor of Science (Information Technology),31010922068,"[1,2,1,2,1,2,1,2,1,1,2]"
yash.patil@somaiya.edu,Yash Vikas Patil,5,"[Software Testing,Software Testing,Artificial Intelligence,Artificial Intelligence,Web Services,Web Services,Security in Computing,Security in Computing,Design Thinking,Next Gen Databases,Next Gen Databases]","[Theory,Practical,Theory,Practical,Theory,Practical,Theory,Practical,Theory,Theory,Practical]",Bachelor of Science (Information Technology),31010922069,"[1,2,1,2,1,2,1,2,1,1,2]"
pratik.potekar@somaiya.edu,Pratik Ramesh Potekar,5,"[Software Testing,Software Testing,Artificial Intelligence,Artificial Intelligence,Web Services,Web Services,Security in Computing,Security in Computing,Design Thinking,Next Gen Databases,Next Gen Databases]","[Theory,Practical,Theory,Practical,Theory,Practical,Theory,Practical,Theory,Theory,Practical]",Bachelor of Science (Information Technology),31010922071,"[1,2,1,2,1,2,1,2,1,1,2]"
duhita.p@somaiya.edu,Duhita Ankush Prabhu,5,"[Software Testing,Software Testing,Artificial Intelligence,Artificial Intelligence,Web Services,Web Services,Security in Computing,Security in Computing,Design Thinking,Next Gen Databases,Next Gen Databases]","[Theory,Practical,Theory,Practical,Theory,Practical,Theory,Practical,Theory,Theory,Practical]",Bachelor of Science (Information Technology),31010922072,"[1,2,1,2,1,2,1,2,1,1,2]"
prajapati.dr@somaiya.edu,Divya Ramesh Prajapati,5,"[Software Testing,Software Testing,Artificial Intelligence,Artificial Intelligence,Web Services,Web Services,Security in Computing,Security in Computing,Design Thinking,Next Gen Databases,Next Gen Databases]","[Theory,Practical,Theory,Practical,Theory,Practical,Theory,Practical,Theory,Theory,Practical]",Bachelor of Science (Information Technology),31010922073,"[1,2,1,2,1,2,1,2,1,1,2]"
meraj.rizvi@somaiya.edu,Meraj Haider Rizvi,5,"[Software Testing,Software Testing,Artificial Intelligence,Artificial Intelligence,Web Services,Web Services,Security in Computing,Security in Computing,Design Thinking,Next Gen Databases,Next Gen Databases]","[Theory,Practical,Theory,Practical,Theory,Practical,Theory,Practical,Theory,Theory,Practical]",Bachelor of Science (Information Technology),31010922075,"[1,2,1,2,1,2,1,2,1,1,2]"
prachi.salian@somaiya.edu,Prachi Vilas Salian,5,"[Software Testing,Software Testing,Artificial Intelligence,Artificial Intelligence,Web Services,Web Services,Security in Computing,Security in Computing,Design Thinking,Next Gen Databases,Next Gen Databases]","[Theory,Practical,Theory,Practical,Theory,Practical,Theory,Practical,Theory,Theory,Practical]",Bachelor of Science (Information Technology),31010922076,"[1,2,1,2,1,2,1,2,1,1,2]"
arham.sangoi@somaiya.edu,Arham Dipesh Sangoi,5,"[Software Testing,Software Testing,Artificial Intelligence,Artificial Intelligence,Web Services,Web Services,Security in Computing,Security in Computing,Design Thinking,Next Gen Databases,Next Gen Databases]","[Theory,Practical,Theory,Practical,Theory,Practical,Theory,Practical,Theory,Theory,Practical]",Bachelor of Science (Information Technology),31010922078,"[1,2,1,2,1,2,1,2,1,1,2]"
anish.sawant@somaiya.edu,Anish Abhay Sawant,5,"[Software Testing,Software Testing,Artificial Intelligence,Artificial Intelligence,Web Services,Web Services,Security in Computing,Security in Computing,Design Thinking,Next Gen Databases,Next Gen Databases]","[Theory,Practical,Theory,Practical,Theory,Practical,Theory,Practical,Theory,Theory,Practical]",Bachelor of Science (Information Technology),31010922080,"[1,2,1,2,1,2,1,2,1,1,2]"
darshan.sawant@somaiya.edu,Darshan Prashant Sawant,5,"[Software Testing,Software Testing,Artificial Intelligence,Artificial Intelligence,Web Services,Web Services,Security in Computing,Security in Computing,Design Thinking,Next Gen Databases,Next Gen Databases]","[Theory,Practical,Theory,Practical,Theory,Practical,Theory,Practical,Theory,Theory,Practical]",Bachelor of Science (Information Technology),31010922081,"[1,2,1,2,1,2,1,2,1,1,2]"
smit.sawant@somaiya.edu,Smit Sameer Sawant,5,"[Software Testing,Software Testing,Artificial Intelligence,Artificial Intelligence,Web Services,Web Services,Security in Computing,Security in Computing,Design Thinking,Next Gen Databases,Next Gen Databases]","[Theory,Practical,Theory,Practical,Theory,Practical,Theory,Practical,Theory,Theory,Practical]",Bachelor of Science (Information Technology),31010922082,"[1,2,1,2,1,2,1,2,1,1,2]"
vedant.sawant@somaiya.edu,Vedant Dinesh Sawant,5,"[Software Testing,Software Testing,Artificial Intelligence,Artificial Intelligence,Web Services,Web Services,Security in Computing,Security in Computing,Design Thinking,Next Gen Databases,Next Gen Databases]","[Theory,Practical,Theory,Practical,Theory,Practical,Theory,Practical,Theory,Theory,Practical]",Bachelor of Science (Information Technology),31010922083,"[1,2,1,2,1,2,1,2,1,1,2]"
bhavya.ps@somaiya.edu,Bhavya  Shah,5,"[Software Testing,Software Testing,Artificial Intelligence,Artificial Intelligence,Web Services,Web Services,Security in Computing,Security in Computing,Design Thinking,Next Gen Databases,Next Gen Databases]","[Theory,Practical,Theory,Practical,Theory,Practical,Theory,Practical,Theory,Theory,Practical]",Bachelor of Science (Information Technology),31010922084,"[1,2,1,2,1,2,1,2,1,1,2]"
toyab.shaha@somaiya.edu,Toyab  Shaha,5,"[Software Testing,Software Testing,Artificial Intelligence,Artificial Intelligence,Web Services,Web Services,Security in Computing,Security in Computing,Design Thinking,Next Gen Databases,Next Gen Databases]","[Theory,Practical,Theory,Practical,Theory,Practical,Theory,Practical,Theory,Theory,Practical]",Bachelor of Science (Information Technology),31010922088,"[1,2,1,2,1,2,1,2,1,1,2]"
ashraf.shaikh@somaiya.edu,Ashraf Ayaz Shaikh,5,"[Software Testing,Software Testing,Artificial Intelligence,Artificial Intelligence,Web Services,Web Services,Security in Computing,Security in Computing,Design Thinking,Next Gen Databases,Next Gen Databases]","[Theory,Practical,Theory,Practical,Theory,Practical,Theory,Practical,Theory,Theory,Practical]",Bachelor of Science (Information Technology),31010922089,"[1,2,1,2,1,2,1,2,1,1,2]"
ayush.bs@somaiya.edu,Ayush  Sharma,5,"[Software Testing,Software Testing,Artificial Intelligence,Artificial Intelligence,Web Services,Web Services,Security in Computing,Security in Computing,Design Thinking,Next Gen Databases,Next Gen Databases]","[Theory,Practical,Theory,Practical,Theory,Practical,Theory,Practical,Theory,Theory,Practical]",Bachelor of Science (Information Technology),31010922090,"[1,2,1,2,1,2,1,2,1,1,2]"
harsh.shelar@somaiya.edu,Harsh Rajendra Shelar,5,"[Software Testing,Software Testing,Artificial Intelligence,Artificial Intelligence,Web Services,Web Services,Security in Computing,Security in Computing,Design Thinking,Next Gen Databases,Next Gen Databases]","[Theory,Practical,Theory,Practical,Theory,Practical,Theory,Practical,Theory,Theory,Practical]",Bachelor of Science (Information Technology),31010922092,"[1,2,1,2,1,2,1,2,1,1,2]"
niriksha.s@somaiya.edu,Niriksha Laxman Shetty,5,"[Software Testing,Software Testing,Artificial Intelligence,Artificial Intelligence,Web Services,Web Services,Security in Computing,Security in Computing,Design Thinking,Next Gen Databases,Next Gen Databases]","[Theory,Practical,Theory,Practical,Theory,Practical,Theory,Practical,Theory,Theory,Practical]",Bachelor of Science (Information Technology),31010922094,"[1,2,1,2,1,2,1,2,1,1,2]"
rachit.s@somaiya.edu,Rachit  Singh,5,"[Software Testing,Software Testing,Artificial Intelligence,Artificial Intelligence,Web Services,Web Services,Security in Computing,Security in Computing,Design Thinking,Next Gen Databases,Next Gen Databases]","[Theory,Practical,Theory,Practical,Theory,Practical,Theory,Practical,Theory,Theory,Practical]",Bachelor of Science (Information Technology),31010922095,"[1,2,1,2,1,2,1,2,1,1,2]"
lalit.soni@somaiya.edu,Lalit Pintoo Soni,5,"[Software Testing,Software Testing,Artificial Intelligence,Artificial Intelligence,Web Services,Web Services,Security in Computing,Security in Computing,Design Thinking,Next Gen Databases,Next Gen Databases]","[Theory,Practical,Theory,Practical,Theory,Practical,Theory,Practical,Theory,Theory,Practical]",Bachelor of Science (Information Technology),31010922096,"[1,2,1,2,1,2,1,2,1,1,2]"
sachin.tambe@somaiya.edu,Sachin Tabaji Tambe,5,"[Software Testing,Software Testing,Artificial Intelligence,Artificial Intelligence,Web Services,Web Services,Security in Computing,Security in Computing,Design Thinking,Next Gen Databases,Next Gen Databases]","[Theory,Practical,Theory,Practical,Theory,Practical,Theory,Practical,Theory,Theory,Practical]",Bachelor of Science (Information Technology),31010922097,"[1,2,1,2,1,2,1,2,1,1,2]"
sujal.teli@somaiya.edu,Sujal Vijay Teli,5,"[Software Testing,Software Testing,Artificial Intelligence,Artificial Intelligence,Web Services,Web Services,Security in Computing,Security in Computing,Design Thinking,Next Gen Databases,Next Gen Databases]","[Theory,Practical,Theory,Practical,Theory,Practical,Theory,Practical,Theory,Theory,Practical]",Bachelor of Science (Information Technology),31010922098,"[1,2,1,2,1,2,1,2,1,1,2]"
benson.t@somaiya.edu,Benson Biju Thomas,5,"[Software Testing,Software Testing,Artificial Intelligence,Artificial Intelligence,Web Services,Web Services,Security in Computing,Security in Computing,Design Thinking,Next Gen Databases,Next Gen Databases]","[Theory,Practical,Theory,Practical,Theory,Practical,Theory,Practical,Theory,Theory,Practical]",Bachelor of Science (Information Technology),31010922100,"[1,2,1,2,1,2,1,2,1,1,2]"
arjun.tt@somaiya.edu,Arjun Bipin Timbadia,5,"[Software Testing,Software Testing,Artificial Intelligence,Artificial Intelligence,Web Services,Web Services,Security in Computing,Security in Computing,Design Thinking,Next Gen Databases,Next Gen Databases]","[Theory,Practical,Theory,Practical,Theory,Practical,Theory,Practical,Theory,Theory,Practical]",Bachelor of Science (Information Technology),31010922101,"[1,2,1,2,1,2,1,2,1,1,2]"
prajakta.tule@somaiya.edu,Prajakta Santosh Tule,5,"[Software Testing,Software Testing,Artificial Intelligence,Artificial Intelligence,Web Services,Web Services,Security in Computing,Security in Computing,Design Thinking,Next Gen Databases,Next Gen Databases]","[Theory,Practical,Theory,Practical,Theory,Practical,Theory,Practical,Theory,Theory,Practical]",Bachelor of Science (Information Technology),31010922102,"[1,2,1,2,1,2,1,2,1,1,2]"
akshat.variya@somaiya.edu,Akshat Kishore Variya,5,"[Software Testing,Software Testing,Artificial Intelligence,Artificial Intelligence,Web Services,Web Services,Security in Computing,Security in Computing,Design Thinking,Next Gen Databases,Next Gen Databases]","[Theory,Practical,Theory,Practical,Theory,Practical,Theory,Practical,Theory,Theory,Practical]",Bachelor of Science (Information Technology),31010922104,"[1,2,1,2,1,2,1,2,1,1,2]"
anushka.wakankar@somaiya.edu,Anushka Sachin Wakankar,5,"[Software Testing,Software Testing,Artificial Intelligence,Artificial Intelligence,Web Services,Web Services,Security in Computing,Security in Computing,Design Thinking,Next Gen Databases,Next Gen Databases]","[Theory,Practical,Theory,Practical,Theory,Practical,Theory,Practical,Theory,Theory,Practical]",Bachelor of Science (Information Technology),31010922105,"[1,2,1,2,1,2,1,2,1,1,2]"
ankita.yadav@somaiya.edu,Ankita Rampyarelal Yadav,5,"[Software Testing,Software Testing,Artificial Intelligence,Artificial Intelligence,Web Services,Web Services,Security in Computing,Security in Computing,Design Thinking,Next Gen Databases,Next Gen Databases]","[Theory,Practical,Theory,Practical,Theory,Practical,Theory,Practical,Theory,Theory,Practical]",Bachelor of Science (Information Technology),31010922106,"[1,2,1,2,1,2,1,2,1,1,2]"
tanuj.yadav@somaiya.edu,Tanuj Kumar Yadav,5,"[Software Testing,Software Testing,Artificial Intelligence,Artificial Intelligence,Web Services,Web Services,Security in Computing,Security in Computing,Design Thinking,Next Gen Databases,Next Gen Databases]","[Theory,Practical,Theory,Practical,Theory,Practical,Theory,Practical,Theory,Theory,Practical]",Bachelor of Science (Information Technology),31010922107,"[1,2,1,2,1,2,1,2,1,1,2]"
teena.b@somaiya.edu,Teena Shyam Basakhetre,5,"[Software Testing,Software Testing,Artificial Intelligence,Artificial Intelligence,Web Services,Web Services,Security in Computing,Security in Computing,Design Thinking,Next Gen Databases,Next Gen Databases]","[Theory,Practical,Theory,Practical,Theory,Practical,Theory,Practical,Theory,Theory,Practical]",Bachelor of Science (Information Technology),31010922108,"[1,2,1,2,1,2,1,2,1,1,2]"
shweta.sg@somaiya.edu,Sweta Shobhanath Gupta,5,"[Software Testing,Software Testing,Artificial Intelligence,Artificial Intelligence,Web Services,Web Services,Security in Computing,Security in Computing,Design Thinking,Next Gen Databases,Next Gen Databases]","[Theory,Practical,Theory,Practical,Theory,Practical,Theory,Practical,Theory,Theory,Practical]",Bachelor of Science (Information Technology),31010922109,"[1,2,1,2,1,2,1,2,1,1,2]"
sidh.j@somaiya.edu,Sidh  Jain,5,"[Software Testing,Software Testing,Artificial Intelligence,Artificial Intelligence,Web Services,Web Services,Security in Computing,Security in Computing,Design Thinking,Next Gen Databases,Next Gen Databases]","[Theory,Practical,Theory,Practical,Theory,Practical,Theory,Practical,Theory,Theory,Practical]",Bachelor of Science (Information Technology),31010922110,"[1,2,1,2,1,2,1,2,1,1,2]"
aashvi.patel@somaiya.edu,Aashvi Chirag Patel,5,"[Software Testing,Software Testing,Artificial Intelligence,Artificial Intelligence,Web Services,Web Services,Security in Computing,Security in Computing,Design Thinking,Next Gen Databases,Next Gen Databases]","[Theory,Practical,Theory,Practical,Theory,Practical,Theory,Practical,Theory,Theory,Practical]",Bachelor of Science (Information Technology),31010922114,"[1,2,1,2,1,2,1,2,1,1,2]"
prachi.patil@somaiya.edu,Prachi Nishikant Patil,5,"[Software Testing,Software Testing,Artificial Intelligence,Artificial Intelligence,Web Services,Web Services,Security in Computing,Security in Computing,Design Thinking,Next Gen Databases,Next Gen Databases]","[Theory,Practical,Theory,Practical,Theory,Practical,Theory,Practical,Theory,Theory,Practical]",Bachelor of Science (Information Technology),31010922115,"[1,2,1,2,1,2,1,2,1,1,2]"
rohit.pradhan@somaiya.edu,Rohit  Pradhan,5,"[Software Testing,Software Testing,Artificial Intelligence,Artificial Intelligence,Web Services,Web Services,Security in Computing,Security in Computing,Design Thinking,Next Gen Databases,Next Gen Databases]","[Theory,Practical,Theory,Practical,Theory,Practical,Theory,Practical,Theory,Theory,Practical]",Bachelor of Science (Information Technology),31010922119,"[1,2,1,2,1,2,1,2,1,1,2]"
purva.sonawane@somaiya.edu,Purva Shashikant Sonawane,5,"[Software Testing,Software Testing,Artificial Intelligence,Artificial Intelligence,Web Services,Web Services,Security in Computing,Security in Computing,Design Thinking,Next Gen Databases,Next Gen Databases]","[Theory,Practical,Theory,Practical,Theory,Practical,Theory,Practical,Theory,Theory,Practical]",Bachelor of Science (Information Technology),31010922120,"[1,2,1,2,1,2,1,2,1,1,2]"
glory.v@somaiya.edu,Glory Suresh Vanjare,5,"[Software Testing,Software Testing,Artificial Intelligence,Artificial Intelligence,Web Services,Web Services,Security in Computing,Security in Computing,Design Thinking,Next Gen Databases,Next Gen Databases]","[Theory,Practical,Theory,Practical,Theory,Practical,Theory,Practical,Theory,Theory,Practical]",Bachelor of Science (Information Technology),31010922121,"[1,2,1,2,1,2,1,2,1,1,2]"
richard.d@somaiya.edu,Richard Kaitan Dsouza,5,"[Software Testing,Software Testing,Artificial Intelligence,Artificial Intelligence,Web Services,Web Services,Security in Computing,Security in Computing,Design Thinking,Next Gen Databases,Next Gen Databases]","[Theory,Practical,Theory,Practical,Theory,Practical,Theory,Practical,Theory,Theory,Practical]",Bachelor of Science (Information Technology),31010922122,"[1,2,1,2,1,2,1,2,1,1,2]"
sujal.agre@somaiya.edu,Sujal Zumbarlal Agre,1,"[Principles of Algorithms and Programming,Principles of Algorithms and Programming,Digital Computer Fundamentals,Digital Computer Fundamentals,Organizational Behaviour,Discrete Structures,Professional Communication Skills I,Organizational Behaviour,Constitution of India and Public Policy]","[Theory,Practical,Theory,Practical,Practical,Theory,Theory,Theory,Theory]",Bachelor of Computer Applications,31011224001,"[1,1,1,1,1,1,1,1,1]"
noya.ali@somaiya.edu,Noya  Ali,1,"[Principles of Algorithms and Programming,Principles of Algorithms and Programming,Digital Computer Fundamentals,Digital Computer Fundamentals,Organizational Behaviour,Discrete Structures,Professional Communication Skills I,Organizational Behaviour,Constitution of India and Public Policy]","[Theory,Practical,Theory,Practical,Practical,Theory,Theory,Theory,Theory]",Bachelor of Computer Applications,31011224002,"[1,1,1,1,1,1,1,1,1]"
devika.bhave@somaiya.edu,Devika Kedar Bhave,1,"[Principles of Algorithms and Programming,Principles of Algorithms and Programming,Digital Computer Fundamentals,Digital Computer Fundamentals,Organizational Behaviour,Discrete Structures,Professional Communication Skills I,Organizational Behaviour,Constitution of India and Public Policy]","[Theory,Practical,Theory,Practical,Practical,Theory,Theory,Theory,Theory]",Bachelor of Computer Applications,31011224003,"[1,1,1,1,1,1,1,1,1]"
amod.bhosale@somaiya.edu,Amod Mahesh Bhosale,1,"[Principles of Algorithms and Programming,Principles of Algorithms and Programming,Digital Computer Fundamentals,Digital Computer Fundamentals,Organizational Behaviour,Discrete Structures,Professional Communication Skills I,Organizational Behaviour,Constitution of India and Public Policy]","[Theory,Practical,Theory,Practical,Practical,Theory,Theory,Theory,Theory]",Bachelor of Computer Applications,31011224004,"[1,1,1,1,1,1,1,1,1]"
manasi.bhutra@somaiya.edu,Manasi Sharad Bhutra,1,"[Principles of Algorithms and Programming,Principles of Algorithms and Programming,Digital Computer Fundamentals,Digital Computer Fundamentals,Organizational Behaviour,Discrete Structures,Professional Communication Skills I,Organizational Behaviour,Constitution of India and Public Policy]","[Theory,Practical,Theory,Practical,Practical,Theory,Theory,Theory,Theory]",Bachelor of Computer Applications,31011224005,"[1,1,1,1,1,1,1,1,1]"
sujal.bishnoi@somaiya.edu,Sujal Savlaram Bishnoi,1,"[Principles of Algorithms and Programming,Principles of Algorithms and Programming,Digital Computer Fundamentals,Digital Computer Fundamentals,Organizational Behaviour,Discrete Structures,Professional Communication Skills I,Organizational Behaviour,Constitution of India and Public Policy]","[Theory,Practical,Theory,Practical,Practical,Theory,Theory,Theory,Theory]",Bachelor of Computer Applications,31011224006,"[1,1,1,1,1,1,1,1,1]"
vansh.chandan@somaiya.edu,Vansh Rajesh Chandan,1,"[Principles of Algorithms and Programming,Principles of Algorithms and Programming,Digital Computer Fundamentals,Digital Computer Fundamentals,Organizational Behaviour,Discrete Structures,Professional Communication Skills I,Organizational Behaviour,Constitution of India and Public Policy]","[Theory,Practical,Theory,Practical,Practical,Theory,Theory,Theory,Theory]",Bachelor of Computer Applications,31011224007,"[1,1,1,1,1,1,1,1,1]"
bhoomi.chavan@somaiya.edu,Bhoomi Sandeep Chavan,1,"[Principles of Algorithms and Programming,Principles of Algorithms and Programming,Digital Computer Fundamentals,Digital Computer Fundamentals,Organizational Behaviour,Discrete Structures,Professional Communication Skills I,Organizational Behaviour,Constitution of India and Public Policy]","[Theory,Practical,Theory,Practical,Practical,Theory,Theory,Theory,Theory]",Bachelor of Computer Applications,31011224008,"[1,1,1,1,1,1,1,1,1]"
zeke.colaco@somaiya.edu,Zeke Andre Colaco,1,"[Principles of Algorithms and Programming,Principles of Algorithms and Programming,Digital Computer Fundamentals,Digital Computer Fundamentals,Organizational Behaviour,Discrete Structures,Professional Communication Skills I,Organizational Behaviour,Constitution of India and Public Policy]","[Theory,Practical,Theory,Practical,Practical,Theory,Theory,Theory,Theory]",Bachelor of Computer Applications,31011224009,"[1,1,1,1,1,1,1,1,1]"
tresha.c@somaiya.edu,Tresha Serena Crocker,1,"[Principles of Algorithms and Programming,Principles of Algorithms and Programming,Digital Computer Fundamentals,Digital Computer Fundamentals,Organizational Behaviour,Discrete Structures,Professional Communication Skills I,Organizational Behaviour,Constitution of India and Public Policy]","[Theory,Practical,Theory,Practical,Practical,Theory,Theory,Theory,Theory]",Bachelor of Computer Applications,31011224010,"[1,1,1,1,1,1,1,1,1]"
aaron.sd@somaiya.edu,Aaron Showan Dmello,1,"[Principles of Algorithms and Programming,Principles of Algorithms and Programming,Digital Computer Fundamentals,Digital Computer Fundamentals,Organizational Behaviour,Discrete Structures,Professional Communication Skills I,Organizational Behaviour,Constitution of India and Public Policy]","[Theory,Practical,Theory,Practical,Practical,Theory,Theory,Theory,Theory]",Bachelor of Computer Applications,31011224011,"[1,1,1,1,1,1,1,1,1]"
nishra.doshi@somaiya.edu,Nishra Mehul Doshi,1,"[Principles of Algorithms and Programming,Principles of Algorithms and Programming,Digital Computer Fundamentals,Digital Computer Fundamentals,Organizational Behaviour,Discrete Structures,Professional Communication Skills I,Organizational Behaviour,Constitution of India and Public Policy]","[Theory,Practical,Theory,Practical,Practical,Theory,Theory,Theory,Theory]",Bachelor of Computer Applications,31011224012,"[1,1,1,1,1,1,1,1,1]"
khushal.dubey@somaiya.edu,Khushal Ramchandra Dubey,1,"[Principles of Algorithms and Programming,Principles of Algorithms and Programming,Digital Computer Fundamentals,Digital Computer Fundamentals,Organizational Behaviour,Discrete Structures,Professional Communication Skills I,Organizational Behaviour,Constitution of India and Public Policy]","[Theory,Practical,Theory,Practical,Practical,Theory,Theory,Theory,Theory]",Bachelor of Computer Applications,31011224013,"[1,1,1,1,1,1,1,1,1]"
dhreev.gala@somaiya.edu,Dhreev Manoj Gala,1,"[Principles of Algorithms and Programming,Principles of Algorithms and Programming,Digital Computer Fundamentals,Digital Computer Fundamentals,Organizational Behaviour,Discrete Structures,Professional Communication Skills I,Organizational Behaviour,Constitution of India and Public Policy]","[Theory,Practical,Theory,Practical,Practical,Theory,Theory,Theory,Theory]",Bachelor of Computer Applications,31011224014,"[1,1,1,1,1,1,1,1,1]"
kevin.gandhi@somaiya.edu,Kevin Ankit Gandhi,1,"[Principles of Algorithms and Programming,Principles of Algorithms and Programming,Digital Computer Fundamentals,Digital Computer Fundamentals,Organizational Behaviour,Discrete Structures,Professional Communication Skills I,Organizational Behaviour,Constitution of India and Public Policy]","[Theory,Practical,Theory,Practical,Practical,Theory,Theory,Theory,Theory]",Bachelor of Computer Applications,31011224015,"[1,1,1,1,1,1,1,1,1]"
tejas.ghag@somaiya.edu,Tejas Rajesh Ghag,1,"[Principles of Algorithms and Programming,Principles of Algorithms and Programming,Digital Computer Fundamentals,Digital Computer Fundamentals,Organizational Behaviour,Discrete Structures,Professional Communication Skills I,Organizational Behaviour,Constitution of India and Public Policy]","[Theory,Practical,Theory,Practical,Practical,Theory,Theory,Theory,Theory]",Bachelor of Computer Applications,31011224016,"[1,1,1,1,1,1,1,1,1]"
allexa.g@somaiya.edu,Allexa Allan Gonsalves,1,"[Principles of Algorithms and Programming,Principles of Algorithms and Programming,Digital Computer Fundamentals,Digital Computer Fundamentals,Organizational Behaviour,Discrete Structures,Professional Communication Skills I,Organizational Behaviour,Constitution of India and Public Policy]","[Theory,Practical,Theory,Practical,Practical,Theory,Theory,Theory,Theory]",Bachelor of Computer Applications,31011224017,"[1,1,1,1,1,1,1,1,1]"
gargi.gore@somaiya.edu,Gargi Gajanan Gore,1,"[Principles of Algorithms and Programming,Principles of Algorithms and Programming,Digital Computer Fundamentals,Digital Computer Fundamentals,Organizational Behaviour,Discrete Structures,Professional Communication Skills I,Organizational Behaviour,Constitution of India and Public Policy]","[Theory,Practical,Theory,Practical,Practical,Theory,Theory,Theory,Theory]",Bachelor of Computer Applications,31011224018,"[1,1,1,1,1,1,1,1,1]"
saara.g@somaiya.edu,Mohammad Saara Gouse,1,"[Principles of Algorithms and Programming,Principles of Algorithms and Programming,Digital Computer Fundamentals,Digital Computer Fundamentals,Organizational Behaviour,Discrete Structures,Professional Communication Skills I,Organizational Behaviour,Constitution of India and Public Policy]","[Theory,Practical,Theory,Practical,Practical,Theory,Theory,Theory,Theory]",Bachelor of Computer Applications,31011224019,"[1,1,1,1,1,1,1,1,1]"
riddhi.gujaran@somaiya.edu,Riddhi Veerendra Gujaran,1,"[Principles of Algorithms and Programming,Principles of Algorithms and Programming,Digital Computer Fundamentals,Digital Computer Fundamentals,Organizational Behaviour,Discrete Structures,Professional Communication Skills I,Organizational Behaviour,Constitution of India and Public Policy]","[Theory,Practical,Theory,Practical,Practical,Theory,Theory,Theory,Theory]",Bachelor of Computer Applications,31011224020,"[1,1,1,1,1,1,1,1,1]"
dhananjay.gupta@somaiya.edu,Dhananjay Suryakant Gupta,1,"[Principles of Algorithms and Programming,Principles of Algorithms and Programming,Digital Computer Fundamentals,Digital Computer Fundamentals,Organizational Behaviour,Discrete Structures,Professional Communication Skills I,Organizational Behaviour,Constitution of India and Public Policy]","[Theory,Practical,Theory,Practical,Practical,Theory,Theory,Theory,Theory]",Bachelor of Computer Applications,31011224021,"[1,1,1,1,1,1,1,1,1]"
gautam.dg@somaiya.edu,Gautam Dinesh Gupta,1,"[Principles of Algorithms and Programming,Principles of Algorithms and Programming,Digital Computer Fundamentals,Digital Computer Fundamentals,Organizational Behaviour,Discrete Structures,Professional Communication Skills I,Organizational Behaviour,Constitution of India and Public Policy]","[Theory,Practical,Theory,Practical,Practical,Theory,Theory,Theory,Theory]",Bachelor of Computer Applications,31011224022,"[1,1,1,1,1,1,1,1,1]"
prem06@somaiya.edu,Prem Sanjay Gupta,1,"[Principles of Algorithms and Programming,Principles of Algorithms and Programming,Digital Computer Fundamentals,Digital Computer Fundamentals,Organizational Behaviour,Discrete Structures,Professional Communication Skills I,Organizational Behaviour,Constitution of India and Public Policy]","[Theory,Practical,Theory,Practical,Practical,Theory,Theory,Theory,Theory]",Bachelor of Computer Applications,31011224023,"[1,1,1,1,1,1,1,1,1]"
shrikant.i@somaiya.edu,Shrikant Prashant Ingle,1,"[Principles of Algorithms and Programming,Principles of Algorithms and Programming,Digital Computer Fundamentals,Digital Computer Fundamentals,Organizational Behaviour,Discrete Structures,Professional Communication Skills I,Organizational Behaviour,Constitution of India and Public Policy]","[Theory,Practical,Theory,Practical,Practical,Theory,Theory,Theory,Theory]",Bachelor of Computer Applications,31011224024,"[1,1,1,1,1,1,1,1,1]"
gunjan.i@somaiya.edu,Gunjan Pankaj Israni,1,"[Principles of Algorithms and Programming,Principles of Algorithms and Programming,Digital Computer Fundamentals,Digital Computer Fundamentals,Organizational Behaviour,Discrete Structures,Professional Communication Skills I,Organizational Behaviour,Constitution of India and Public Policy]","[Theory,Practical,Theory,Practical,Practical,Theory,Theory,Theory,Theory]",Bachelor of Computer Applications,31011224025,"[1,1,1,1,1,1,1,1,1]"
navya.iyer@somaiya.edu,Navya Hariharan Iyer,1,"[Principles of Algorithms and Programming,Principles of Algorithms and Programming,Digital Computer Fundamentals,Digital Computer Fundamentals,Organizational Behaviour,Discrete Structures,Professional Communication Skills I,Organizational Behaviour,Constitution of India and Public Policy]","[Theory,Practical,Theory,Practical,Practical,Theory,Theory,Theory,Theory]",Bachelor of Computer Applications,31011224026,"[1,1,1,1,1,1,1,1,1]"
akshay.nj@somaiya.edu,Akshay Nitin Jadhav,1,"[Principles of Algorithms and Programming,Principles of Algorithms and Programming,Digital Computer Fundamentals,Digital Computer Fundamentals,Organizational Behaviour,Discrete Structures,Professional Communication Skills I,Organizational Behaviour,Constitution of India and Public Policy]","[Theory,Practical,Theory,Practical,Practical,Theory,Theory,Theory,Theory]",Bachelor of Computer Applications,31011224027,"[1,1,1,1,1,1,1,1,1]"
kirti.j@somaiya.edu,Kirti Subhash Jadhav,1,"[Principles of Algorithms and Programming,Principles of Algorithms and Programming,Digital Computer Fundamentals,Digital Computer Fundamentals,Organizational Behaviour,Discrete Structures,Professional Communication Skills I,Organizational Behaviour,Constitution of India and Public Policy]","[Theory,Practical,Theory,Practical,Practical,Theory,Theory,Theory,Theory]",Bachelor of Computer Applications,31011224028,"[1,1,1,1,1,1,1,1,1]"
vidhi.jadhav@somaiya.edu,Vidhi Dilip Jadhav,1,"[Principles of Algorithms and Programming,Principles of Algorithms and Programming,Digital Computer Fundamentals,Digital Computer Fundamentals,Organizational Behaviour,Discrete Structures,Professional Communication Skills I,Organizational Behaviour,Constitution of India and Public Policy]","[Theory,Practical,Theory,Practical,Practical,Theory,Theory,Theory,Theory]",Bachelor of Computer Applications,31011224029,"[1,1,1,1,1,1,1,1,1]"
ishan.vj@somaiya.edu,Ishan Vinod Jain,1,"[Principles of Algorithms and Programming,Principles of Algorithms and Programming,Digital Computer Fundamentals,Digital Computer Fundamentals,Organizational Behaviour,Discrete Structures,Professional Communication Skills I,Organizational Behaviour,Constitution of India and Public Policy]","[Theory,Practical,Theory,Practical,Practical,Theory,Theory,Theory,Theory]",Bachelor of Computer Applications,31011224030,"[1,1,1,1,1,1,1,1,1]"
ishika.dj@somaiya.edu,Ishika Deepak Jain,1,"[Principles of Algorithms and Programming,Principles of Algorithms and Programming,Digital Computer Fundamentals,Digital Computer Fundamentals,Organizational Behaviour,Discrete Structures,Professional Communication Skills I,Organizational Behaviour,Constitution of India and Public Policy]","[Theory,Practical,Theory,Practical,Practical,Theory,Theory,Theory,Theory]",Bachelor of Computer Applications,31011224031,"[1,1,1,1,1,1,1,1,1]"
navya.jose@somaiya.edu,Navya  Jose,1,"[Principles of Algorithms and Programming,Principles of Algorithms and Programming,Digital Computer Fundamentals,Digital Computer Fundamentals,Organizational Behaviour,Discrete Structures,Professional Communication Skills I,Organizational Behaviour,Constitution of India and Public Policy]","[Theory,Practical,Theory,Practical,Practical,Theory,Theory,Theory,Theory]",Bachelor of Computer Applications,31011224032,"[1,1,1,1,1,1,1,1,1]"
aarya15@somaiya.edu,Aarya Sambhaji Kadam,1,"[Principles of Algorithms and Programming,Principles of Algorithms and Programming,Digital Computer Fundamentals,Digital Computer Fundamentals,Organizational Behaviour,Discrete Structures,Professional Communication Skills I,Organizational Behaviour,Constitution of India and Public Policy]","[Theory,Practical,Theory,Practical,Practical,Theory,Theory,Theory,Theory]",Bachelor of Computer Applications,31011224033,"[1,1,1,1,1,1,1,1,1]"
chandrahas.k@somaiya.edu,Chandrahas Jagan Karabuja,1,"[Principles of Algorithms and Programming,Principles of Algorithms and Programming,Digital Computer Fundamentals,Digital Computer Fundamentals,Organizational Behaviour,Discrete Structures,Professional Communication Skills I,Organizational Behaviour,Constitution of India and Public Policy]","[Theory,Practical,Theory,Practical,Practical,Theory,Theory,Theory,Theory]",Bachelor of Computer Applications,31011224034,"[1,1,1,1,1,1,1,1,1]"
neel.kasar@somaiya.edu,Neel Uttam Kasar,1,"[Principles of Algorithms and Programming,Principles of Algorithms and Programming,Digital Computer Fundamentals,Digital Computer Fundamentals,Organizational Behaviour,Discrete Structures,Professional Communication Skills I,Organizational Behaviour,Constitution of India and Public Policy]","[Theory,Practical,Theory,Practical,Practical,Theory,Theory,Theory,Theory]",Bachelor of Computer Applications,31011224035,"[1,1,1,1,1,1,1,1,1]"
siddhi.k@somaiya.edu,Siddhi Pradeep Kasurde,1,"[Principles of Algorithms and Programming,Principles of Algorithms and Programming,Digital Computer Fundamentals,Digital Computer Fundamentals,Organizational Behaviour,Discrete Structures,Professional Communication Skills I,Organizational Behaviour,Constitution of India and Public Policy]","[Theory,Practical,Theory,Practical,Practical,Theory,Theory,Theory,Theory]",Bachelor of Computer Applications,31011224036,"[1,1,1,1,1,1,1,1,1]"
sahnawaz.k@somaiya.edu,Sahnawaz Azim Khan,1,"[Principles of Algorithms and Programming,Principles of Algorithms and Programming,Digital Computer Fundamentals,Digital Computer Fundamentals,Organizational Behaviour,Discrete Structures,Professional Communication Skills I,Organizational Behaviour,Constitution of India and Public Policy]","[Theory,Practical,Theory,Practical,Practical,Theory,Theory,Theory,Theory]",Bachelor of Computer Applications,31011224037,"[1,1,1,1,1,1,1,1,1]"
parth.khetia@somaiya.edu,Parth Pankaj Khetia,1,"[Principles of Algorithms and Programming,Principles of Algorithms and Programming,Digital Computer Fundamentals,Digital Computer Fundamentals,Organizational Behaviour,Discrete Structures,Professional Communication Skills I,Organizational Behaviour,Constitution of India and Public Policy]","[Theory,Practical,Theory,Practical,Practical,Theory,Theory,Theory,Theory]",Bachelor of Computer Applications,31011224038,"[1,1,1,1,1,1,1,1,1]"
murali.k@somaiya.edu,M Murali Krishna,1,"[Principles of Algorithms and Programming,Principles of Algorithms and Programming,Digital Computer Fundamentals,Digital Computer Fundamentals,Organizational Behaviour,Discrete Structures,Professional Communication Skills I,Organizational Behaviour,Constitution of India and Public Policy]","[Theory,Practical,Theory,Practical,Practical,Theory,Theory,Theory,Theory]",Bachelor of Computer Applications,31011224039,"[1,1,1,1,1,1,1,1,1]"
sai.malusare@somaiya.edu,Sai Sandeep Malusare,1,"[Principles of Algorithms and Programming,Principles of Algorithms and Programming,Digital Computer Fundamentals,Digital Computer Fundamentals,Organizational Behaviour,Discrete Structures,Professional Communication Skills I,Organizational Behaviour,Constitution of India and Public Policy]","[Theory,Practical,Theory,Practical,Practical,Theory,Theory,Theory,Theory]",Bachelor of Computer Applications,31011224040,"[1,1,1,1,1,1,1,1,1]"
elizabeth.mehta@somaiya.edu,Elizabeth Shailesh Mehta,1,"[Principles of Algorithms and Programming,Principles of Algorithms and Programming,Digital Computer Fundamentals,Digital Computer Fundamentals,Organizational Behaviour,Discrete Structures,Professional Communication Skills I,Organizational Behaviour,Constitution of India and Public Policy]","[Theory,Practical,Theory,Practical,Practical,Theory,Theory,Theory,Theory]",Bachelor of Computer Applications,31011224041,"[1,1,1,1,1,1,1,1,1]"
diksha.more@somaiya.edu,Diksha Dilip More,1,"[Principles of Algorithms and Programming,Principles of Algorithms and Programming,Digital Computer Fundamentals,Digital Computer Fundamentals,Organizational Behaviour,Discrete Structures,Professional Communication Skills I,Organizational Behaviour,Constitution of India and Public Policy]","[Theory,Practical,Theory,Practical,Practical,Theory,Theory,Theory,Theory]",Bachelor of Computer Applications,31011224042,"[1,1,1,1,1,1,1,1,1]"
kaushal.m@somaiya.edu,Kaushal Satish Mundada,1,"[Principles of Algorithms and Programming,Principles of Algorithms and Programming,Digital Computer Fundamentals,Digital Computer Fundamentals,Organizational Behaviour,Discrete Structures,Professional Communication Skills I,Organizational Behaviour,Constitution of India and Public Policy]","[Theory,Practical,Theory,Practical,Practical,Theory,Theory,Theory,Theory]",Bachelor of Computer Applications,31011224043,"[1,1,1,1,1,1,1,1,1]"
muskan.nagpal@somaiya.edu,Muskan Amar Nagpal,1,"[Principles of Algorithms and Programming,Principles of Algorithms and Programming,Digital Computer Fundamentals,Digital Computer Fundamentals,Organizational Behaviour,Discrete Structures,Professional Communication Skills I,Organizational Behaviour,Constitution of India and Public Policy]","[Theory,Practical,Theory,Practical,Practical,Theory,Theory,Theory,Theory]",Bachelor of Computer Applications,31011224044,"[1,1,1,1,1,1,1,1,1]"
krish.pancholi@somaiya.edu,Krish  Pancholi,1,"[Principles of Algorithms and Programming,Principles of Algorithms and Programming,Digital Computer Fundamentals,Digital Computer Fundamentals,Organizational Behaviour,Discrete Structures,Professional Communication Skills I,Organizational Behaviour,Constitution of India and Public Policy]","[Theory,Practical,Theory,Practical,Practical,Theory,Theory,Theory,Theory]",Bachelor of Computer Applications,31011224045,"[1,1,1,1,1,1,1,1,1]"
mahi.pandya@somaiya.edu,Mahi Tejas Pandya,1,"[Principles of Algorithms and Programming,Principles of Algorithms and Programming,Digital Computer Fundamentals,Digital Computer Fundamentals,Organizational Behaviour,Discrete Structures,Professional Communication Skills I,Organizational Behaviour,Constitution of India and Public Policy]","[Theory,Practical,Theory,Practical,Practical,Theory,Theory,Theory,Theory]",Bachelor of Computer Applications,31011224046,"[1,1,1,1,1,1,1,1,1]"
v.parmanand@somaiya.edu,Vaishali Sachin Parmanand,1,"[Principles of Algorithms and Programming,Principles of Algorithms and Programming,Digital Computer Fundamentals,Digital Computer Fundamentals,Organizational Behaviour,Discrete Structures,Professional Communication Skills I,Organizational Behaviour,Constitution of India and Public Policy]","[Theory,Practical,Theory,Practical,Practical,Theory,Theory,Theory,Theory]",Bachelor of Computer Applications,31011224047,"[1,1,1,1,1,1,1,1,1]"
dharmik.ap@somaiya.edu,Dharmik Atulbhai Parmar,1,"[Principles of Algorithms and Programming,Principles of Algorithms and Programming,Digital Computer Fundamentals,Digital Computer Fundamentals,Organizational Behaviour,Discrete Structures,Professional Communication Skills I,Organizational Behaviour,Constitution of India and Public Policy]","[Theory,Practical,Theory,Practical,Practical,Theory,Theory,Theory,Theory]",Bachelor of Computer Applications,31011224048,"[1,1,1,1,1,1,1,1,1]"
isha.patankar@somaiya.edu,Isha Sachin Patankar,1,"[Principles of Algorithms and Programming,Principles of Algorithms and Programming,Digital Computer Fundamentals,Digital Computer Fundamentals,Organizational Behaviour,Discrete Structures,Professional Communication Skills I,Organizational Behaviour,Constitution of India and Public Policy]","[Theory,Practical,Theory,Practical,Practical,Theory,Theory,Theory,Theory]",Bachelor of Computer Applications,31011224049,"[1,1,1,1,1,1,1,1,1]"
rugved.puranik@somaiya.edu,Rugved Uday Puranik,1,"[Principles of Algorithms and Programming,Principles of Algorithms and Programming,Digital Computer Fundamentals,Digital Computer Fundamentals,Organizational Behaviour,Discrete Structures,Professional Communication Skills I,Organizational Behaviour,Constitution of India and Public Policy]","[Theory,Practical,Theory,Practical,Practical,Theory,Theory,Theory,Theory]",Bachelor of Computer Applications,31011224050,"[1,1,1,1,1,1,1,1,1]"
aavez.q@somaiya.edu,Aavez Nasir Qureshi,1,"[Principles of Algorithms and Programming,Principles of Algorithms and Programming,Digital Computer Fundamentals,Digital Computer Fundamentals,Organizational Behaviour,Discrete Structures,Professional Communication Skills I,Organizational Behaviour,Constitution of India and Public Policy]","[Theory,Practical,Theory,Practical,Practical,Theory,Theory,Theory,Theory]",Bachelor of Computer Applications,31011224051,"[1,2,1,2,2,1,1,1,1]"
dhwani.r@somaiya.edu,Dhwani Jitendra Rajpurohit,1,"[Principles of Algorithms and Programming,Principles of Algorithms and Programming,Digital Computer Fundamentals,Digital Computer Fundamentals,Organizational Behaviour,Discrete Structures,Professional Communication Skills I,Organizational Behaviour,Constitution of India and Public Policy]","[Theory,Practical,Theory,Practical,Practical,Theory,Theory,Theory,Theory]",Bachelor of Computer Applications,31011224052,"[1,2,1,2,2,1,1,1,1]"
shravani.ranpise@somaiya.edu,Shravani Ganesh Ranpise,1,"[Principles of Algorithms and Programming,Principles of Algorithms and Programming,Digital Computer Fundamentals,Digital Computer Fundamentals,Organizational Behaviour,Discrete Structures,Professional Communication Skills I,Organizational Behaviour,Constitution of India and Public Policy]","[Theory,Practical,Theory,Practical,Practical,Theory,Theory,Theory,Theory]",Bachelor of Computer Applications,31011224053,"[1,2,1,2,2,1,1,1,1]"
ayushka.rao@somaiya.edu,Ayushka  Rao,1,"[Principles of Algorithms and Programming,Principles of Algorithms and Programming,Digital Computer Fundamentals,Digital Computer Fundamentals,Organizational Behaviour,Discrete Structures,Professional Communication Skills I,Organizational Behaviour,Constitution of India and Public Policy]","[Theory,Practical,Theory,Practical,Practical,Theory,Theory,Theory,Theory]",Bachelor of Computer Applications,31011224054,"[1,2,1,2,2,1,1,1,1]"
neel.santhumayor@somaiya.edu,Neel  Santhumayor,1,"[Principles of Algorithms and Programming,Principles of Algorithms and Programming,Digital Computer Fundamentals,Digital Computer Fundamentals,Organizational Behaviour,Discrete Structures,Professional Communication Skills I,Organizational Behaviour,Constitution of India and Public Policy]","[Theory,Practical,Theory,Practical,Practical,Theory,Theory,Theory,Theory]",Bachelor of Computer Applications,31011224055,"[1,2,1,2,2,1,1,1,1]"
ds@somaiya.edu,Diti  Shah,1,"[Principles of Algorithms and Programming,Principles of Algorithms and Programming,Digital Computer Fundamentals,Digital Computer Fundamentals,Organizational Behaviour,Discrete Structures,Professional Communication Skills I,Organizational Behaviour,Constitution of India and Public Policy]","[Theory,Practical,Theory,Practical,Practical,Theory,Theory,Theory,Theory]",Bachelor of Computer Applications,31011224056,"[1,2,1,2,2,1,1,1,1]"
ahad.shaikh@somaiya.edu,Ahad Fazlurrahman Shaikh,1,"[Principles of Algorithms and Programming,Principles of Algorithms and Programming,Digital Computer Fundamentals,Digital Computer Fundamentals,Organizational Behaviour,Discrete Structures,Professional Communication Skills I,Organizational Behaviour,Constitution of India and Public Policy]","[Theory,Practical,Theory,Practical,Practical,Theory,Theory,Theory,Theory]",Bachelor of Computer Applications,31011224057,"[1,2,1,2,2,1,1,1,1]"
daniya.s@somaiya.edu,Daniya Irfan Shaikh,1,"[Principles of Algorithms and Programming,Principles of Algorithms and Programming,Digital Computer Fundamentals,Digital Computer Fundamentals,Organizational Behaviour,Discrete Structures,Professional Communication Skills I,Organizational Behaviour,Constitution of India and Public Policy]","[Theory,Practical,Theory,Practical,Practical,Theory,Theory,Theory,Theory]",Bachelor of Computer Applications,31011224058,"[1,2,1,2,2,1,1,1,1]"
amartya.s@somaiya.edu,Amartya Sanjay Shetty,1,"[Principles of Algorithms and Programming,Principles of Algorithms and Programming,Digital Computer Fundamentals,Digital Computer Fundamentals,Organizational Behaviour,Discrete Structures,Professional Communication Skills I,Organizational Behaviour,Constitution of India and Public Policy]","[Theory,Practical,Theory,Practical,Practical,Theory,Theory,Theory,Theory]",Bachelor of Computer Applications,31011224059,"[1,2,1,2,2,1,1,1,1]"
saanvi.shetty@somaiya.edu,Saanvi Prabhakar Shetty,1,"[Principles of Algorithms and Programming,Principles of Algorithms and Programming,Digital Computer Fundamentals,Digital Computer Fundamentals,Organizational Behaviour,Discrete Structures,Professional Communication Skills I,Organizational Behaviour,Constitution of India and Public Policy]","[Theory,Practical,Theory,Practical,Practical,Theory,Theory,Theory,Theory]",Bachelor of Computer Applications,31011224060,"[1,2,1,2,2,1,1,1,1]"
krupa.shinde@somaiya.edu,Krupa Raju Shinde,1,"[Principles of Algorithms and Programming,Principles of Algorithms and Programming,Digital Computer Fundamentals,Digital Computer Fundamentals,Organizational Behaviour,Discrete Structures,Professional Communication Skills I,Organizational Behaviour,Constitution of India and Public Policy]","[Theory,Practical,Theory,Practical,Practical,Theory,Theory,Theory,Theory]",Bachelor of Computer Applications,31011224061,"[1,2,1,2,2,1,1,1,1]"
manav.shirali@somaiya.edu,Manav Samir Shirali,1,"[Principles of Algorithms and Programming,Principles of Algorithms and Programming,Digital Computer Fundamentals,Digital Computer Fundamentals,Organizational Behaviour,Discrete Structures,Professional Communication Skills I,Organizational Behaviour,Constitution of India and Public Policy]","[Theory,Practical,Theory,Practical,Practical,Theory,Theory,Theory,Theory]",Bachelor of Computer Applications,31011224062,"[1,2,1,2,2,1,1,1,1]"
chhavi.singh@somaiya.edu,Chhavi Swatantra Singh,1,"[Principles of Algorithms and Programming,Principles of Algorithms and Programming,Digital Computer Fundamentals,Digital Computer Fundamentals,Organizational Behaviour,Discrete Structures,Professional Communication Skills I,Organizational Behaviour,Constitution of India and Public Policy]","[Theory,Practical,Theory,Practical,Practical,Theory,Theory,Theory,Theory]",Bachelor of Computer Applications,31011224063,"[1,2,1,2,2,1,1,1,1]"
gagandeep09@somaiya.edu,Gagandeep  Singh,1,"[Principles of Algorithms and Programming,Principles of Algorithms and Programming,Digital Computer Fundamentals,Digital Computer Fundamentals,Organizational Behaviour,Discrete Structures,Professional Communication Skills I,Organizational Behaviour,Constitution of India and Public Policy]","[Theory,Practical,Theory,Practical,Practical,Theory,Theory,Theory,Theory]",Bachelor of Computer Applications,31011224064,"[1,2,1,2,2,1,1,1,1]"
rewa.suroth@somaiya.edu,Rewa Singh Suroth,1,"[Principles of Algorithms and Programming,Principles of Algorithms and Programming,Digital Computer Fundamentals,Digital Computer Fundamentals,Organizational Behaviour,Discrete Structures,Professional Communication Skills I,Organizational Behaviour,Constitution of India and Public Policy]","[Theory,Practical,Theory,Practical,Practical,Theory,Theory,Theory,Theory]",Bachelor of Computer Applications,31011224065,"[1,2,1,2,2,1,1,1,1]"
jiah.syed@somaiya.edu,Jiah Javed Syed,1,"[Principles of Algorithms and Programming,Principles of Algorithms and Programming,Digital Computer Fundamentals,Digital Computer Fundamentals,Organizational Behaviour,Discrete Structures,Professional Communication Skills I,Organizational Behaviour,Constitution of India and Public Policy]","[Theory,Practical,Theory,Practical,Practical,Theory,Theory,Theory,Theory]",Bachelor of Computer Applications,31011224066,"[1,2,1,2,2,1,1,1,1]"
manish.st@somaiya.edu,Manish Sachin Thakkar,1,"[Principles of Algorithms and Programming,Principles of Algorithms and Programming,Digital Computer Fundamentals,Digital Computer Fundamentals,Organizational Behaviour,Discrete Structures,Professional Communication Skills I,Organizational Behaviour,Constitution of India and Public Policy]","[Theory,Practical,Theory,Practical,Practical,Theory,Theory,Theory,Theory]",Bachelor of Computer Applications,31011224067,"[1,2,1,2,2,1,1,1,1]"
kkt@somaiya.edu,Khushi Kishore Thakur,1,"[Principles of Algorithms and Programming,Principles of Algorithms and Programming,Digital Computer Fundamentals,Digital Computer Fundamentals,Organizational Behaviour,Discrete Structures,Professional Communication Skills I,Organizational Behaviour,Constitution of India and Public Policy]","[Theory,Practical,Theory,Practical,Practical,Theory,Theory,Theory,Theory]",Bachelor of Computer Applications,31011224068,"[1,2,1,2,2,1,1,1,1]"
tejas.tholar@somaiya.edu,Tejas Mahesh Tholar,1,"[Principles of Algorithms and Programming,Principles of Algorithms and Programming,Digital Computer Fundamentals,Digital Computer Fundamentals,Organizational Behaviour,Discrete Structures,Professional Communication Skills I,Organizational Behaviour,Constitution of India and Public Policy]","[Theory,Practical,Theory,Practical,Practical,Theory,Theory,Theory,Theory]",Bachelor of Computer Applications,31011224069,"[1,2,1,2,2,1,1,1,1]"
vinit.u@somaiya.edu,Vinit Rajesh Uttnoori,1,"[Principles of Algorithms and Programming,Principles of Algorithms and Programming,Digital Computer Fundamentals,Digital Computer Fundamentals,Organizational Behaviour,Discrete Structures,Professional Communication Skills I,Organizational Behaviour,Constitution of India and Public Policy]","[Theory,Practical,Theory,Practical,Practical,Theory,Theory,Theory,Theory]",Bachelor of Computer Applications,31011224070,"[1,2,1,2,2,1,1,1,1]"
insha.v@somaiya.edu,Insha Barkatali Vadsariya,1,"[Principles of Algorithms and Programming,Principles of Algorithms and Programming,Digital Computer Fundamentals,Digital Computer Fundamentals,Organizational Behaviour,Discrete Structures,Professional Communication Skills I,Organizational Behaviour,Constitution of India and Public Policy]","[Theory,Practical,Theory,Practical,Practical,Theory,Theory,Theory,Theory]",Bachelor of Computer Applications,31011224071,"[1,2,1,2,2,1,1,1,1]"
dhruva.v@somaiya.edu,Dhruva Deodatta Velhankar,1,"[Principles of Algorithms and Programming,Principles of Algorithms and Programming,Digital Computer Fundamentals,Digital Computer Fundamentals,Organizational Behaviour,Discrete Structures,Professional Communication Skills I,Organizational Behaviour,Constitution of India and Public Policy]","[Theory,Practical,Theory,Practical,Practical,Theory,Theory,Theory,Theory]",Bachelor of Computer Applications,31011224072,"[1,2,1,2,2,1,1,1,1]"
a.vengurlekar@somaiya.edu,Aayush Gopal Vengurlekar,1,"[Principles of Algorithms and Programming,Principles of Algorithms and Programming,Digital Computer Fundamentals,Digital Computer Fundamentals,Organizational Behaviour,Discrete Structures,Professional Communication Skills I,Organizational Behaviour,Constitution of India and Public Policy]","[Theory,Practical,Theory,Practical,Practical,Theory,Theory,Theory,Theory]",Bachelor of Computer Applications,31011224073,"[1,2,1,2,2,1,1,1,1]"
anshita.sv@somaiya.edu,Anshita Shailendra Vishwakarma,1,"[Principles of Algorithms and Programming,Principles of Algorithms and Programming,Digital Computer Fundamentals,Digital Computer Fundamentals,Organizational Behaviour,Discrete Structures,Professional Communication Skills I,Organizational Behaviour,Constitution of India and Public Policy]","[Theory,Practical,Theory,Practical,Practical,Theory,Theory,Theory,Theory]",Bachelor of Computer Applications,31011224074,"[1,2,1,2,2,1,1,1,1]"
afifa.waghu@somaiya.edu,Afifa Siraj Waghu,1,"[Principles of Algorithms and Programming,Principles of Algorithms and Programming,Digital Computer Fundamentals,Digital Computer Fundamentals,Organizational Behaviour,Discrete Structures,Professional Communication Skills I,Organizational Behaviour,Constitution of India and Public Policy]","[Theory,Practical,Theory,Practical,Practical,Theory,Theory,Theory,Theory]",Bachelor of Computer Applications,31011224075,"[1,2,1,2,2,1,1,1,1]"
tanay.surve@somaiya.edu,Tanay Sachin Surve,1,"[Principles of Algorithms and Programming,Principles of Algorithms and Programming,Digital Computer Fundamentals,Digital Computer Fundamentals,Organizational Behaviour,Discrete Structures,Professional Communication Skills I,Organizational Behaviour,Constitution of India and Public Policy]","[Theory,Practical,Theory,Practical,Practical,Theory,Theory,Theory,Theory]",Bachelor of Computer Applications,31011224076,"[1,2,1,2,2,1,1,1,1]"
parisha.vasa@somaiya.edu,Parisha Sanjay Vasa,1,"[Principles of Algorithms and Programming,Principles of Algorithms and Programming,Digital Computer Fundamentals,Digital Computer Fundamentals,Organizational Behaviour,Discrete Structures,Professional Communication Skills I,Organizational Behaviour,Constitution of India and Public Policy]","[Theory,Practical,Theory,Practical,Practical,Theory,Theory,Theory,Theory]",Bachelor of Computer Applications,31011224077,"[1,2,1,2,2,1,1,1,1]"
vedant.mule@somaiya.edu,Vedant Dwarkanath Mule,1,"[Principles of Algorithms and Programming,Principles of Algorithms and Programming,Digital Computer Fundamentals,Digital Computer Fundamentals,Organizational Behaviour,Discrete Structures,Professional Communication Skills I,Organizational Behaviour,Constitution of India and Public Policy]","[Theory,Practical,Theory,Practical,Practical,Theory,Theory,Theory,Theory]",Bachelor of Computer Applications,31011224078,"[1,2,1,2,2,1,1,1,1]"
saad07@somaiya.edu,Saad,1,"[Principles of Algorithms and Programming,Principles of Algorithms and Programming,Digital Computer Fundamentals,Digital Computer Fundamentals,Organizational Behaviour,Discrete Structures,Professional Communication Skills I,Organizational Behaviour,Constitution of India and Public Policy]","[Theory,Practical,Theory,Practical,Practical,Theory,Theory,Theory,Theory]",Bachelor of Computer Applications,31011224079,"[1,2,1,2,2,1,1,1,1]"
mohdareeb.a@somaiya.edu,Mohd Areeb Ansari,3,"[Database Management System,Database Management System,Operating System,Operating System,Python Programming,Python Programming,Elements of Statistics,Elements of Statistics,Arduino Programming,Arduino Programming]","[Theory,Practical,Theory,Practical,Theory,Practical,Theory,Practical,Theory,Practical]",Bachelor of Computer Applications,31011223001,"[1,1,1,1,1,1,1,1,1,1]"
moksh.bafna@somaiya.edu,Moksh Dilip Bafna,3,"[Database Management System,Database Management System,Operating System,Operating System,Python Programming,Python Programming,Elements of Statistics,Elements of Statistics,Arduino Programming,Arduino Programming]","[Theory,Practical,Theory,Practical,Theory,Practical,Theory,Practical,Theory,Practical]",Bachelor of Computer Applications,31011223002,"[1,1,1,1,1,1,1,1,1,1]"
ruchi.b@somaiya.edu,Ruchi Nilesh Barbhaya,3,"[Database Management System,Database Management System,Operating System,Operating System,Python Programming,Python Programming,Elements of Statistics,Elements of Statistics,Arduino Programming,Arduino Programming]","[Theory,Practical,Theory,Practical,Theory,Practical,Theory,Practical,Theory,Practical]",Bachelor of Computer Applications,31011223003,"[1,1,1,1,1,1,1,1,1,1]"
shivam.batra@somaiya.edu,Shivam  Batra,3,"[Database Management System,Database Management System,Operating System,Operating System,Python Programming,Python Programming,Elements of Statistics,Elements of Statistics,Arduino Programming,Arduino Programming]","[Theory,Practical,Theory,Practical,Theory,Practical,Theory,Practical,Theory,Practical]",Bachelor of Computer Applications,31011223004,"[1,1,1,1,1,1,1,1,1,1]"
kritika.behal@somaiya.edu,Kritika Vinith Behal,3,"[Database Management System,Database Management System,Operating System,Operating System,Python Programming,Python Programming,Elements of Statistics,Elements of Statistics,Arduino Programming,Arduino Programming]","[Theory,Practical,Theory,Practical,Theory,Practical,Theory,Practical,Theory,Practical]",Bachelor of Computer Applications,31011223005,"[1,1,1,1,1,1,1,1,1,1]"
dhruv.bb@somaiya.edu,Dhruv Bhavesh Bhanushali,3,"[Database Management System,Database Management System,Operating System,Operating System,Python Programming,Python Programming,Elements of Statistics,Elements of Statistics,Arduino Programming,Arduino Programming]","[Theory,Practical,Theory,Practical,Theory,Practical,Theory,Practical,Theory,Practical]",Bachelor of Computer Applications,31011223006,"[1,1,1,1,1,1,1,1,1,1]"
himanshu.bhopi@somaiya.edu,Himanshu Vijay Bhopi,3,"[Database Management System,Database Management System,Operating System,Operating System,Python Programming,Python Programming,Elements of Statistics,Elements of Statistics,Arduino Programming,Arduino Programming]","[Theory,Practical,Theory,Practical,Theory,Practical,Theory,Practical,Theory,Practical]",Bachelor of Computer Applications,31011223007,"[1,1,1,1,1,1,1,1,1,1]"
gauri.chandel@somaiya.edu,Gauri Jitendra Chandel,3,"[Database Management System,Database Management System,Operating System,Operating System,Python Programming,Python Programming,Elements of Statistics,Elements of Statistics,Arduino Programming,Arduino Programming]","[Theory,Practical,Theory,Practical,Theory,Practical,Theory,Practical,Theory,Practical]",Bachelor of Computer Applications,31011223008,"[1,1,1,1,1,1,1,1,1,1]"
kalpesh.ac@somaiya.edu,Kalpesh Avinash Chavan,3,"[Database Management System,Database Management System,Operating System,Operating System,Python Programming,Python Programming,Elements of Statistics,Elements of Statistics,Arduino Programming,Arduino Programming]","[Theory,Practical,Theory,Practical,Theory,Practical,Theory,Practical,Theory,Practical]",Bachelor of Computer Applications,31011223009,"[1,1,1,1,1,1,1,1,1,1]"
vedant.pc@somaiya.edu,Vedant Prakash Chavan,3,"[Database Management System,Database Management System,Operating System,Operating System,Python Programming,Python Programming,Elements of Statistics,Elements of Statistics,Arduino Programming,Arduino Programming]","[Theory,Practical,Theory,Practical,Theory,Practical,Theory,Practical,Theory,Practical]",Bachelor of Computer Applications,31011223010,"[1,1,1,1,1,1,1,1,1,1]"
vinayak.c@somaiya.edu,Vinayak Maruti Chavan,3,"[Database Management System,Database Management System,Operating System,Operating System,Python Programming,Python Programming,Elements of Statistics,Elements of Statistics,Arduino Programming,Arduino Programming]","[Theory,Practical,Theory,Practical,Theory,Practical,Theory,Practical,Theory,Practical]",Bachelor of Computer Applications,31011223011,"[1,1,1,1,1,1,1,1,1,1]"
aditi.chawla@somaiya.edu,Aditi Mahesh Chawla,3,"[Database Management System,Database Management System,Operating System,Operating System,Python Programming,Python Programming,Elements of Statistics,Elements of Statistics,Arduino Programming,Arduino Programming]","[Theory,Practical,Theory,Practical,Theory,Practical,Theory,Practical,Theory,Practical]",Bachelor of Computer Applications,31011223012,"[1,1,1,1,1,1,1,1,1,1]"
nayan.c@somaiya.edu,Nayan Rahul Chellani,3,"[Database Management System,Database Management System,Operating System,Operating System,Python Programming,Python Programming,Elements of Statistics,Elements of Statistics,Arduino Programming,Arduino Programming]","[Theory,Practical,Theory,Practical,Theory,Practical,Theory,Practical,Theory,Practical]",Bachelor of Computer Applications,31011223013,"[1,1,1,1,1,1,1,1,1,1]"
abhay.deshmukh@somaiya.edu,Abhay Govind Deshmukh,3,"[Database Management System,Database Management System,Operating System,Operating System,Python Programming,Python Programming,Elements of Statistics,Elements of Statistics,Arduino Programming,Arduino Programming]","[Theory,Practical,Theory,Practical,Theory,Practical,Theory,Practical,Theory,Practical]",Bachelor of Computer Applications,31011223014,"[1,1,1,1,1,1,1,1,1,1]"
feya.d@somaiya.edu,Feya Jatin Doshi,3,"[Database Management System,Database Management System,Operating System,Operating System,Python Programming,Python Programming,Elements of Statistics,Elements of Statistics,Arduino Programming,Arduino Programming]","[Theory,Practical,Theory,Practical,Theory,Practical,Theory,Practical,Theory,Practical]",Bachelor of Computer Applications,31011223015,"[1,1,1,1,1,1,1,1,1,1]"
swain.dsilva@somaiya.edu,Swain Sujeet Dsilva,3,"[Database Management System,Database Management System,Operating System,Operating System,Python Programming,Python Programming,Elements of Statistics,Elements of Statistics,Arduino Programming,Arduino Programming]","[Theory,Practical,Theory,Practical,Theory,Practical,Theory,Practical,Theory,Practical]",Bachelor of Computer Applications,31011223016,"[1,1,1,1,1,1,1,1,1,1]"
erika.dsouza@somaiya.edu,Erika Merlin Dsouza,3,"[Database Management System,Database Management System,Operating System,Operating System,Python Programming,Python Programming,Elements of Statistics,Elements of Statistics,Arduino Programming,Arduino Programming]","[Theory,Practical,Theory,Practical,Theory,Practical,Theory,Practical,Theory,Practical]",Bachelor of Computer Applications,31011223017,"[1,1,1,1,1,1,1,1,1,1]"
nikhil.gaikar@somaiya.edu,Nikhil Sanjay Gaikar,3,"[Database Management System,Database Management System,Operating System,Operating System,Python Programming,Python Programming,Elements of Statistics,Elements of Statistics,Arduino Programming,Arduino Programming]","[Theory,Practical,Theory,Practical,Theory,Practical,Theory,Practical,Theory,Practical]",Bachelor of Computer Applications,31011223018,"[1,1,1,1,1,1,1,1,1,1]"
pratik.dg@somaiya.edu,Pratik Dnyaneshwar Gaikwad,3,"[Database Management System,Database Management System,Operating System,Operating System,Python Programming,Python Programming,Elements of Statistics,Elements of Statistics,Arduino Programming,Arduino Programming]","[Theory,Practical,Theory,Practical,Theory,Practical,Theory,Practical,Theory,Practical]",Bachelor of Computer Applications,31011223019,"[1,1,1,1,1,1,1,1,1,1]"
rishi.gehani@somaiya.edu,Rishi Tulsidas Gehani,3,"[Database Management System,Database Management System,Operating System,Operating System,Python Programming,Python Programming,Elements of Statistics,Elements of Statistics,Arduino Programming,Arduino Programming]","[Theory,Practical,Theory,Practical,Theory,Practical,Theory,Practical,Theory,Practical]",Bachelor of Computer Applications,31011223020,"[1,1,1,1,1,1,1,1,1,1]"
grishma.gudhka@somaiya.edu,Grishma Mitesh Gudhka,3,"[Database Management System,Database Management System,Operating System,Operating System,Python Programming,Python Programming,Elements of Statistics,Elements of Statistics,Arduino Programming,Arduino Programming]","[Theory,Practical,Theory,Practical,Theory,Practical,Theory,Practical,Theory,Practical]",Bachelor of Computer Applications,31011223021,"[1,1,1,1,1,1,1,1,1,1]"
urmi.h@somaiya.edu,Urmi Hrishikesh Hindlekar,3,"[Database Management System,Database Management System,Operating System,Operating System,Python Programming,Python Programming,Elements of Statistics,Elements of Statistics,Arduino Programming,Arduino Programming]","[Theory,Practical,Theory,Practical,Theory,Practical,Theory,Practical,Theory,Practical]",Bachelor of Computer Applications,31011223022,"[1,1,1,1,1,1,1,1,1,1]"
shruti.iyer@somaiya.edu,Shruti Saiprasad Iyer,3,"[Database Management System,Database Management System,Operating System,Operating System,Python Programming,Python Programming,Elements of Statistics,Elements of Statistics,Arduino Programming,Arduino Programming]","[Theory,Practical,Theory,Practical,Theory,Practical,Theory,Practical,Theory,Practical]",Bachelor of Computer Applications,31011223024,"[1,1,1,1,1,1,1,1,1,1]"
jadhav.ss@somaiya.edu,Sahil Sunil Jadhav,3,"[Database Management System,Database Management System,Operating System,Operating System,Python Programming,Python Programming,Elements of Statistics,Elements of Statistics,Arduino Programming,Arduino Programming]","[Theory,Practical,Theory,Practical,Theory,Practical,Theory,Practical,Theory,Practical]",Bachelor of Computer Applications,31011223025,"[1,1,1,1,1,1,1,1,1,1]"
mann.jadwani@somaiya.edu,Mann Pawan Jadwani,3,"[Database Management System,Database Management System,Operating System,Operating System,Python Programming,Python Programming,Elements of Statistics,Elements of Statistics,Arduino Programming,Arduino Programming]","[Theory,Practical,Theory,Practical,Theory,Practical,Theory,Practical,Theory,Practical]",Bachelor of Computer Applications,31011223026,"[1,1,1,1,1,1,1,1,1,1]"
amam.jain@somaiya.edu,Amam  Jain,3,"[Database Management System,Database Management System,Operating System,Operating System,Python Programming,Python Programming,Elements of Statistics,Elements of Statistics,Arduino Programming,Arduino Programming]","[Theory,Practical,Theory,Practical,Theory,Practical,Theory,Practical,Theory,Practical]",Bachelor of Computer Applications,31011223027,"[1,1,1,1,1,1,1,1,1,1]"
daksh.aj@somaiya.edu,Daksh Alpesh Jain,3,"[Database Management System,Database Management System,Operating System,Operating System,Python Programming,Python Programming,Elements of Statistics,Elements of Statistics,Arduino Programming,Arduino Programming]","[Theory,Practical,Theory,Practical,Theory,Practical,Theory,Practical,Theory,Practical]",Bachelor of Computer Applications,31011223028,"[1,1,1,1,1,1,1,1,1,1]"
iyj@somaiya.edu,Ishika Yogesh Jain,3,"[Database Management System,Database Management System,Operating System,Operating System,Python Programming,Python Programming,Elements of Statistics,Elements of Statistics,Arduino Programming,Arduino Programming]","[Theory,Practical,Theory,Practical,Theory,Practical,Theory,Practical,Theory,Practical]",Bachelor of Computer Applications,31011223029,"[1,1,1,1,1,1,1,1,1,1]"
vansh.sj@somaiya.edu,Vansh Satish Jain,3,"[Database Management System,Database Management System,Operating System,Operating System,Python Programming,Python Programming,Elements of Statistics,Elements of Statistics,Arduino Programming,Arduino Programming]","[Theory,Practical,Theory,Practical,Theory,Practical,Theory,Practical,Theory,Practical]",Bachelor of Computer Applications,31011223030,"[1,1,1,1,1,1,1,1,1,1]"
palak.kadam@somaiya.edu,Palak Rakesh Kadam,3,"[Database Management System,Database Management System,Operating System,Operating System,Python Programming,Python Programming,Elements of Statistics,Elements of Statistics,Arduino Programming,Arduino Programming]","[Theory,Practical,Theory,Practical,Theory,Practical,Theory,Practical,Theory,Practical]",Bachelor of Computer Applications,31011223031,"[1,1,1,1,1,1,1,1,1,1]"
jasleen.kaur@somaiya.edu,Jasleen  Kaur,3,"[Database Management System,Database Management System,Operating System,Operating System,Python Programming,Python Programming,Elements of Statistics,Elements of Statistics,Arduino Programming,Arduino Programming]","[Theory,Practical,Theory,Practical,Theory,Practical,Theory,Practical,Theory,Practical]",Bachelor of Computer Applications,31011223032,"[1,1,1,1,1,1,1,1,1,1]"
kashaf.k@somaiya.edu,Kashaf Meeran Khanbande,3,"[Database Management System,Database Management System,Operating System,Operating System,Python Programming,Python Programming,Elements of Statistics,Elements of Statistics,Arduino Programming,Arduino Programming]","[Theory,Practical,Theory,Practical,Theory,Practical,Theory,Practical,Theory,Practical]",Bachelor of Computer Applications,31011223034,"[1,1,1,1,1,1,1,1,1,1]"
t.khanvilkar@somaiya.edu,Trusha  Khanvilkar,3,"[Database Management System,Database Management System,Operating System,Operating System,Python Programming,Python Programming,Elements of Statistics,Elements of Statistics,Arduino Programming,Arduino Programming]","[Theory,Practical,Theory,Practical,Theory,Practical,Theory,Practical,Theory,Practical]",Bachelor of Computer Applications,31011223035,"[1,1,1,1,1,1,1,1,1,1]"
manas.kolaskar@somaiya.edu,Manas Manoj Kolaskar,3,"[Database Management System,Database Management System,Operating System,Operating System,Python Programming,Python Programming,Elements of Statistics,Elements of Statistics,Arduino Programming,Arduino Programming]","[Theory,Practical,Theory,Practical,Theory,Practical,Theory,Practical,Theory,Practical]",Bachelor of Computer Applications,31011223036,"[1,1,1,1,1,1,1,1,1,1]"
yash.lad@somaiya.edu,Yash Kishor Lad,3,"[Database Management System,Database Management System,Operating System,Operating System,Python Programming,Python Programming,Elements of Statistics,Elements of Statistics,Arduino Programming,Arduino Programming]","[Theory,Practical,Theory,Practical,Theory,Practical,Theory,Practical,Theory,Practical]",Bachelor of Computer Applications,31011223037,"[1,1,1,1,1,1,1,1,1,1]"
aayush.l@somaiya.edu,Aayush Rajesh Lahane,3,"[Database Management System,Database Management System,Operating System,Operating System,Python Programming,Python Programming,Elements of Statistics,Elements of Statistics,Arduino Programming,Arduino Programming]","[Theory,Practical,Theory,Practical,Theory,Practical,Theory,Practical,Theory,Practical]",Bachelor of Computer Applications,31011223038,"[1,1,1,1,1,1,1,1,1,1]"
aadya.mathur@somaiya.edu,Aadya  Mathur,3,"[Database Management System,Database Management System,Operating System,Operating System,Python Programming,Python Programming,Elements of Statistics,Elements of Statistics,Arduino Programming,Arduino Programming]","[Theory,Practical,Theory,Practical,Theory,Practical,Theory,Practical,Theory,Practical]",Bachelor of Computer Applications,31011223039,"[1,1,1,1,1,1,1,1,1,1]"
ameya.mejari@somaiya.edu,Ameya Anup Mejari,3,"[Database Management System,Database Management System,Operating System,Operating System,Python Programming,Python Programming,Elements of Statistics,Elements of Statistics,Arduino Programming,Arduino Programming]","[Theory,Practical,Theory,Practical,Theory,Practical,Theory,Practical,Theory,Practical]",Bachelor of Computer Applications,31011223040,"[1,1,1,1,1,1,1,1,1,1]"
tanvi.misar@somaiya.edu,Tanvi Deepak Misar,3,"[Database Management System,Database Management System,Operating System,Operating System,Python Programming,Python Programming,Elements of Statistics,Elements of Statistics,Arduino Programming,Arduino Programming]","[Theory,Practical,Theory,Practical,Theory,Practical,Theory,Practical,Theory,Practical]",Bachelor of Computer Applications,31011223041,"[1,2,1,2,1,2,1,2,1,2]"
a.mithbavkar@somaiya.edu,Atharva Ashish Mithbavkar,3,"[Database Management System,Database Management System,Operating System,Operating System,Python Programming,Python Programming,Elements of Statistics,Elements of Statistics,Arduino Programming,Arduino Programming]","[Theory,Practical,Theory,Practical,Theory,Practical,Theory,Practical,Theory,Practical]",Bachelor of Computer Applications,31011223042,"[1,2,1,2,1,2,1,2,1,2]"
krish.nagrecha@somaiya.edu,Krish Atul Nagrecha,3,"[Database Management System,Database Management System,Operating System,Operating System,Python Programming,Python Programming,Elements of Statistics,Elements of Statistics,Arduino Programming,Arduino Programming]","[Theory,Practical,Theory,Practical,Theory,Practical,Theory,Practical,Theory,Practical]",Bachelor of Computer Applications,31011223043,"[1,2,1,2,1,2,1,2,1,2]"
sanskar.n@somaiya.edu,Sanskar Naresh Nagwani,3,"[Database Management System,Database Management System,Operating System,Operating System,Python Programming,Python Programming,Elements of Statistics,Elements of Statistics,Arduino Programming,Arduino Programming]","[Theory,Practical,Theory,Practical,Theory,Practical,Theory,Practical,Theory,Practical]",Bachelor of Computer Applications,31011223044,"[1,2,1,2,1,2,1,2,1,2]"
neel.naik@somaiya.edu,Neel Prasad Naik,3,"[Database Management System,Database Management System,Operating System,Operating System,Python Programming,Python Programming,Elements of Statistics,Elements of Statistics,Arduino Programming,Arduino Programming]","[Theory,Practical,Theory,Practical,Theory,Practical,Theory,Practical,Theory,Practical]",Bachelor of Computer Applications,31011223045,"[1,2,1,2,1,2,1,2,1,2]"
khadeeja.n@somaiya.edu,Khadeeja Mohammed Nore,3,"[Database Management System,Database Management System,Operating System,Operating System,Python Programming,Python Programming,Elements of Statistics,Elements of Statistics,Arduino Programming,Arduino Programming]","[Theory,Practical,Theory,Practical,Theory,Practical,Theory,Practical,Theory,Practical]",Bachelor of Computer Applications,31011223047,"[1,2,1,2,1,2,1,2,1,2]"
yug.patel@somaiya.edu,Yug Mukesh Patel,3,"[Database Management System,Database Management System,Operating System,Operating System,Python Programming,Python Programming,Elements of Statistics,Elements of Statistics,Arduino Programming,Arduino Programming]","[Theory,Practical,Theory,Practical,Theory,Practical,Theory,Practical,Theory,Practical]",Bachelor of Computer Applications,31011223048,"[1,2,1,2,1,2,1,2,1,2]"
aryan.ap@somaiya.edu,Aryan Arun Patil,3,"[Database Management System,Database Management System,Operating System,Operating System,Python Programming,Python Programming,Elements of Statistics,Elements of Statistics,Arduino Programming,Arduino Programming]","[Theory,Practical,Theory,Practical,Theory,Practical,Theory,Practical,Theory,Practical]",Bachelor of Computer Applications,31011223049,"[1,2,1,2,1,2,1,2,1,2]"
aryan.np@somaiya.edu,Aryan Naresh Patil,3,"[Database Management System,Database Management System,Operating System,Operating System,Python Programming,Python Programming,Elements of Statistics,Elements of Statistics,Arduino Programming,Arduino Programming]","[Theory,Practical,Theory,Practical,Theory,Practical,Theory,Practical,Theory,Practical]",Bachelor of Computer Applications,31011223050,"[1,2,1,2,1,2,1,2,1,2]"
pawar.k@somaiya.edu,Komal Sandeep Pawar,3,"[Database Management System,Database Management System,Operating System,Operating System,Python Programming,Python Programming,Elements of Statistics,Elements of Statistics,Arduino Programming,Arduino Programming]","[Theory,Practical,Theory,Practical,Theory,Practical,Theory,Practical,Theory,Practical]",Bachelor of Computer Applications,31011223051,"[1,2,1,2,1,2,1,2,1,2]"
maurishka.p@somaiya.edu,Maurishka Conrad Pereira,3,"[Database Management System,Database Management System,Operating System,Operating System,Python Programming,Python Programming,Elements of Statistics,Elements of Statistics,Arduino Programming,Arduino Programming]","[Theory,Practical,Theory,Practical,Theory,Practical,Theory,Practical,Theory,Practical]",Bachelor of Computer Applications,31011223052,"[1,2,1,2,1,2,1,2,1,2]"
kimaya.p@somaiya.edu,Kimaya Kedar Pewekar,3,"[Database Management System,Database Management System,Operating System,Operating System,Python Programming,Python Programming,Elements of Statistics,Elements of Statistics,Arduino Programming,Arduino Programming]","[Theory,Practical,Theory,Practical,Theory,Practical,Theory,Practical,Theory,Practical]",Bachelor of Computer Applications,31011223053,"[1,2,1,2,1,2,1,2,1,2]"
sanjaykumar.p@somaiya.edu,Sanjaykumar Babulal Purohit,3,"[Database Management System,Database Management System,Operating System,Operating System,Python Programming,Python Programming,Elements of Statistics,Elements of Statistics,Arduino Programming,Arduino Programming]","[Theory,Practical,Theory,Practical,Theory,Practical,Theory,Practical,Theory,Practical]",Bachelor of Computer Applications,31011223054,"[1,2,1,2,1,2,1,2,1,2]"
abbas.rangwala@somaiya.edu,Abbas Murtuza Rangwala,3,"[Database Management System,Database Management System,Operating System,Operating System,Python Programming,Python Programming,Elements of Statistics,Elements of Statistics,Arduino Programming,Arduino Programming]","[Theory,Practical,Theory,Practical,Theory,Practical,Theory,Practical,Theory,Practical]",Bachelor of Computer Applications,31011223055,"[1,2,1,2,1,2,1,2,1,2]"
kanak.rekhi@somaiya.edu,Kanak Kanwaljeet Rekhi,3,"[Database Management System,Database Management System,Operating System,Operating System,Python Programming,Python Programming,Elements of Statistics,Elements of Statistics,Arduino Programming,Arduino Programming]","[Theory,Practical,Theory,Practical,Theory,Practical,Theory,Practical,Theory,Practical]",Bachelor of Computer Applications,31011223057,"[1,2,1,2,1,2,1,2,1,2]"
pradnya.samant@somaiya.edu,Pradnya Raghuvir Samant,3,"[Database Management System,Database Management System,Operating System,Operating System,Python Programming,Python Programming,Elements of Statistics,Elements of Statistics,Arduino Programming,Arduino Programming]","[Theory,Practical,Theory,Practical,Theory,Practical,Theory,Practical,Theory,Practical]",Bachelor of Computer Applications,31011223058,"[1,2,1,2,1,2,1,2,1,2]"
mihika.sawant@somaiya.edu,Mihika Vikas Sawant,3,"[Database Management System,Database Management System,Operating System,Operating System,Python Programming,Python Programming,Elements of Statistics,Elements of Statistics,Arduino Programming,Arduino Programming]","[Theory,Practical,Theory,Practical,Theory,Practical,Theory,Practical,Theory,Practical]",Bachelor of Computer Applications,31011223059,"[1,2,1,2,1,2,1,2,1,2]"
saloni.ds@somaiya.edu,Saloni Dinesh Sawant,3,"[Database Management System,Database Management System,Operating System,Operating System,Python Programming,Python Programming,Elements of Statistics,Elements of Statistics,Arduino Programming,Arduino Programming]","[Theory,Practical,Theory,Practical,Theory,Practical,Theory,Practical,Theory,Practical]",Bachelor of Computer Applications,31011223060,"[1,2,1,2,1,2,1,2,1,2]"
kunal17@somaiya.edu,Kunal Manish Shah,3,"[Database Management System,Database Management System,Operating System,Operating System,Python Programming,Python Programming,Elements of Statistics,Elements of Statistics,Arduino Programming,Arduino Programming]","[Theory,Practical,Theory,Practical,Theory,Practical,Theory,Practical,Theory,Practical]",Bachelor of Computer Applications,31011223061,"[1,2,1,2,1,2,1,2,1,2]"
sarthak11@somaiya.edu,Sarthak Sameer Shah,3,"[Database Management System,Database Management System,Operating System,Operating System,Python Programming,Python Programming,Elements of Statistics,Elements of Statistics,Arduino Programming,Arduino Programming]","[Theory,Practical,Theory,Practical,Theory,Practical,Theory,Practical,Theory,Practical]",Bachelor of Computer Applications,31011223062,"[1,2,1,2,1,2,1,2,1,2]"
anam.shaikh4@somaiya.edu,Anam Anwar Shaikh,3,"[Database Management System,Database Management System,Operating System,Operating System,Python Programming,Python Programming,Elements of Statistics,Elements of Statistics,Arduino Programming,Arduino Programming]","[Theory,Practical,Theory,Practical,Theory,Practical,Theory,Practical,Theory,Practical]",Bachelor of Computer Applications,31011223063,"[1,2,1,2,1,2,1,2,1,2]"
ishaan.shetty@somaiya.edu,Ishaan Sunil Shetty,3,"[Database Management System,Database Management System,Operating System,Operating System,Python Programming,Python Programming,Elements of Statistics,Elements of Statistics,Arduino Programming,Arduino Programming]","[Theory,Practical,Theory,Practical,Theory,Practical,Theory,Practical,Theory,Practical]",Bachelor of Computer Applications,31011223064,"[1,2,1,2,1,2,1,2,1,2]"
janhavi.shigwan@somaiya.edu,Janhavi Prashant Shigwan,3,"[Database Management System,Database Management System,Operating System,Operating System,Python Programming,Python Programming,Elements of Statistics,Elements of Statistics,Arduino Programming,Arduino Programming]","[Theory,Practical,Theory,Practical,Theory,Practical,Theory,Practical,Theory,Practical]",Bachelor of Computer Applications,31011223065,"[1,2,1,2,1,2,1,2,1,2]"
arpita.os@somaiya.edu,Arpita Omprakash Singh,3,"[Database Management System,Database Management System,Operating System,Operating System,Python Programming,Python Programming,Elements of Statistics,Elements of Statistics,Arduino Programming,Arduino Programming]","[Theory,Practical,Theory,Practical,Theory,Practical,Theory,Practical,Theory,Practical]",Bachelor of Computer Applications,31011223066,"[1,2,1,2,1,2,1,2,1,2]"
rishit.singh@somaiya.edu,Rishit Rajkumar Singh,3,"[Database Management System,Database Management System,Operating System,Operating System,Python Programming,Python Programming,Elements of Statistics,Elements of Statistics,Arduino Programming,Arduino Programming]","[Theory,Practical,Theory,Practical,Theory,Practical,Theory,Practical,Theory,Practical]",Bachelor of Computer Applications,31011223067,"[1,2,1,2,1,2,1,2,1,2]"
heet.solanki@somaiya.edu,Heet Pravin Solanki,3,"[Database Management System,Database Management System,Operating System,Operating System,Python Programming,Python Programming,Elements of Statistics,Elements of Statistics,Arduino Programming,Arduino Programming]","[Theory,Practical,Theory,Practical,Theory,Practical,Theory,Practical,Theory,Practical]",Bachelor of Computer Applications,31011223068,"[1,2,1,2,1,2,1,2,1,2]"
dev.surve@somaiya.edu,Dev Deepak Surve,3,"[Database Management System,Database Management System,Operating System,Operating System,Python Programming,Python Programming,Elements of Statistics,Elements of Statistics,Arduino Programming,Arduino Programming]","[Theory,Practical,Theory,Practical,Theory,Practical,Theory,Practical,Theory,Practical]",Bachelor of Computer Applications,31011223069,"[1,2,1,2,1,2,1,2,1,2]"
shifa.syed@somaiya.edu,Shifa Shoeb Syed,3,"[Database Management System,Database Management System,Operating System,Operating System,Python Programming,Python Programming,Elements of Statistics,Elements of Statistics,Arduino Programming,Arduino Programming]","[Theory,Practical,Theory,Practical,Theory,Practical,Theory,Practical,Theory,Practical]",Bachelor of Computer Applications,31011223070,"[1,2,1,2,1,2,1,2,1,2]"
paurnima.t@somaiya.edu,Paurnima Pratap Thakur,3,"[Database Management System,Database Management System,Operating System,Operating System,Python Programming,Python Programming,Elements of Statistics,Elements of Statistics,Arduino Programming,Arduino Programming]","[Theory,Practical,Theory,Practical,Theory,Practical,Theory,Practical,Theory,Practical]",Bachelor of Computer Applications,31011223071,"[1,2,1,2,1,2,1,2,1,2]"
sohan.thakur@somaiya.edu,Sohan Bharat Thakur,3,"[Database Management System,Database Management System,Operating System,Operating System,Python Programming,Python Programming,Elements of Statistics,Elements of Statistics,Arduino Programming,Arduino Programming]","[Theory,Practical,Theory,Practical,Theory,Practical,Theory,Practical,Theory,Practical]",Bachelor of Computer Applications,31011223072,"[1,2,1,2,1,2,1,2,1,2]"
v.tilada@somaiya.edu,Vinay Mahendra Tilada,3,"[Database Management System,Database Management System,Operating System,Operating System,Python Programming,Python Programming,Elements of Statistics,Elements of Statistics,Arduino Programming,Arduino Programming]","[Theory,Practical,Theory,Practical,Theory,Practical,Theory,Practical,Theory,Practical]",Bachelor of Computer Applications,31011223073,"[1,2,1,2,1,2,1,2,1,2]"
atharva.udiaver@somaiya.edu,Atharva Advait Udiaver,3,"[Database Management System,Database Management System,Operating System,Operating System,Python Programming,Python Programming,Elements of Statistics,Elements of Statistics,Arduino Programming,Arduino Programming]","[Theory,Practical,Theory,Practical,Theory,Practical,Theory,Practical,Theory,Practical]",Bachelor of Computer Applications,31011223074,"[1,2,1,2,1,2,1,2,1,2]"
tia.vadvania@somaiya.edu,Tia Jignesh Vadvania,3,"[Database Management System,Database Management System,Operating System,Operating System,Python Programming,Python Programming,Elements of Statistics,Elements of Statistics,Arduino Programming,Arduino Programming]","[Theory,Practical,Theory,Practical,Theory,Practical,Theory,Practical,Theory,Practical]",Bachelor of Computer Applications,31011223075,"[1,2,1,2,1,2,1,2,1,2]"
aswin.van@somaiya.edu,Aswin Nanji Van,3,"[Database Management System,Database Management System,Operating System,Operating System,Python Programming,Python Programming,Elements of Statistics,Elements of Statistics,Arduino Programming,Arduino Programming]","[Theory,Practical,Theory,Practical,Theory,Practical,Theory,Practical,Theory,Practical]",Bachelor of Computer Applications,31011223076,"[1,2,1,2,1,2,1,2,1,2]"
ronak.varma@somaiya.edu,Ronak Anil Varma,3,"[Database Management System,Database Management System,Operating System,Operating System,Python Programming,Python Programming,Elements of Statistics,Elements of Statistics,Arduino Programming,Arduino Programming]","[Theory,Practical,Theory,Practical,Theory,Practical,Theory,Practical,Theory,Practical]",Bachelor of Computer Applications,31011223077,"[1,2,1,2,1,2,1,2,1,2]"
suyash.yadav@somaiya.edu,Suyash Tejas Yadav,3,"[Database Management System,Database Management System,Operating System,Operating System,Python Programming,Python Programming,Elements of Statistics,Elements of Statistics,Arduino Programming,Arduino Programming]","[Theory,Practical,Theory,Practical,Theory,Practical,Theory,Practical,Theory,Practical]",Bachelor of Computer Applications,31011223079,"[1,2,1,2,1,2,1,2,1,2]"
karthik.g@somaiya.edu,Govindraju  Karthik,3,"[Database Management System,Database Management System,Operating System,Operating System,Python Programming,Python Programming,Elements of Statistics,Elements of Statistics,Arduino Programming,Arduino Programming]","[Theory,Practical,Theory,Practical,Theory,Practical,Theory,Practical,Theory,Practical]",Bachelor of Computer Applications,31011223080,"[1,2,1,2,1,2,1,2,1,2]"
satwik.pandey@somaiya.edu,Satwik  Pandey,3,"[Database Management System,Database Management System,Operating System,Operating System,Python Programming,Python Programming,Elements of Statistics,Elements of Statistics,Arduino Programming,Arduino Programming]","[Theory,Practical,Theory,Practical,Theory,Practical,Theory,Practical,Theory,Practical]",Bachelor of Computer Applications,31011223081,"[1,2,1,2,1,2,1,2,1,2]"
vedh.patil@somaiya.edu,Vedh Sujit Patil,3,"[Database Management System,Database Management System,Operating System,Operating System,Python Programming,Python Programming,Elements of Statistics,Elements of Statistics,Arduino Programming,Arduino Programming]","[Theory,Practical,Theory,Practical,Theory,Practical,Theory,Practical,Theory,Practical]",Bachelor of Computer Applications,31011223082,"[1,2,1,2,1,2,1,2,1,2]"
prachi.arora@somaiya.edu,Prachi  Arora,3,"[Database Management System,Database Management System,Operating System,Operating System,Python Programming,Python Programming,Elements of Statistics,Elements of Statistics,Arduino Programming,Arduino Programming]","[Theory,Practical,Theory,Practical,Theory,Practical,Theory,Practical,Theory,Practical]",Bachelor of Computer Applications,31011223083,"[1,2,1,2,1,2,1,2,1,2]"
sarang.b@somaiya.edu,Sarang Sameer Bhandari,3,"[Database Management System,Database Management System,Operating System,Operating System,Python Programming,Python Programming,Elements of Statistics,Elements of Statistics,Arduino Programming,Arduino Programming]","[Theory,Practical,Theory,Practical,Theory,Practical,Theory,Practical,Theory,Practical]",Bachelor of Computer Applications,31011223084,"[1,2,1,2,1,2,1,2,1,2]"
priyanshu.l@somaiya.edu,Priyanshu  Lahiri,3,"[Database Management System,Database Management System,Operating System,Operating System,Python Programming,Python Programming,Elements of Statistics,Elements of Statistics,Arduino Programming,Arduino Programming]","[Theory,Practical,Theory,Practical,Theory,Practical,Theory,Practical,Theory,Practical]",Bachelor of Computer Applications,31011223085,"[1,2,1,2,1,2,1,2,1,2]"
mitul.rekhi@somaiya.edu,Mitul Jitesh Rekhi,5,"[Software Project Management,Software Project Management,Artificial Intelligence and Machine Learning,Artificial Intelligence and Machine Learning,MERN Stack,MERN Stack,Cloud Computing,Cloud Computing]","[Theory,Practical,Theory,Practical,Theory,Practical,Theory,Practical]",Bachelor of Computer Applications,31011221058,"[1,1,1,1,1,1,1,1]"
ronak.agarwal@somaiya.edu,Ronak Radheyshyam Agarwal,5,"[Software Project Management,Software Project Management,Artificial Intelligence and Machine Learning,Artificial Intelligence and Machine Learning,MERN Stack,MERN Stack,Cloud Computing,Cloud Computing]","[Theory,Practical,Theory,Practical,Theory,Practical,Theory,Practical]",Bachelor of Computer Applications,31011222001,"[1,1,1,1,1,1,1,1]"
arpita.bhat@somaiya.edu,Arpita Rahul Bhat,5,"[Software Project Management,Software Project Management,Artificial Intelligence and Machine Learning,Artificial Intelligence and Machine Learning,MERN Stack,MERN Stack,Cloud Computing,Cloud Computing]","[Theory,Practical,Theory,Practical,Theory,Practical,Theory,Practical]",Bachelor of Computer Applications,31011222003,"[1,1,1,1,1,1,1,1]"
akhil.bitra@somaiya.edu,Akhil Veeranarayana Bitra,5,"[Software Project Management,Software Project Management,Artificial Intelligence and Machine Learning,Artificial Intelligence and Machine Learning,MERN Stack,MERN Stack,Cloud Computing,Cloud Computing]","[Theory,Practical,Theory,Practical,Theory,Practical,Theory,Practical]",Bachelor of Computer Applications,31011222004,"[1,1,1,1,1,1,1,1]"
dpc@somaiya.edu,Dinesh Prem Chaurasiya,5,"[Software Project Management,Software Project Management,Artificial Intelligence and Machine Learning,Artificial Intelligence and Machine Learning,MERN Stack,MERN Stack,Cloud Computing,Cloud Computing]","[Theory,Practical,Theory,Practical,Theory,Practical,Theory,Practical]",Bachelor of Computer Applications,31011222006,"[1,1,1,1,1,1,1,1]"
shreyas.c@somaiya.edu,Shreyas Vidyadhar Chavan,5,"[Software Project Management,Software Project Management,Artificial Intelligence and Machine Learning,Artificial Intelligence and Machine Learning,MERN Stack,MERN Stack,Cloud Computing,Cloud Computing]","[Theory,Practical,Theory,Practical,Theory,Practical,Theory,Practical]",Bachelor of Computer Applications,31011222007,"[1,1,1,1,1,1,1,1]"
shradha.das@somaiya.edu,Shradha Saroj Das,5,"[Software Project Management,Software Project Management,Artificial Intelligence and Machine Learning,Artificial Intelligence and Machine Learning,MERN Stack,MERN Stack,Cloud Computing,Cloud Computing]","[Theory,Practical,Theory,Practical,Theory,Practical,Theory,Practical]",Bachelor of Computer Applications,31011222008,"[1,1,1,1,1,1,1,1]"
dhruv.dinda@somaiya.edu,Dhruv Swapan Dinda,5,"[Software Project Management,Software Project Management,Artificial Intelligence and Machine Learning,Artificial Intelligence and Machine Learning,MERN Stack,MERN Stack,Cloud Computing,Cloud Computing]","[Theory,Practical,Theory,Practical,Theory,Practical,Theory,Practical]",Bachelor of Computer Applications,31011222009,"[1,1,1,1,1,1,1,1]"
divya.dukhande@somaiya.edu,Divya Rajendra Dukhande,5,"[Software Project Management,Software Project Management,Artificial Intelligence and Machine Learning,Artificial Intelligence and Machine Learning,MERN Stack,MERN Stack,Cloud Computing,Cloud Computing]","[Theory,Practical,Theory,Practical,Theory,Practical,Theory,Practical]",Bachelor of Computer Applications,31011222010,"[1,1,1,1,1,1,1,1]"
melanie.f@somaiya.edu,Melanie  Fernandes,5,"[Software Project Management,Software Project Management,Artificial Intelligence and Machine Learning,Artificial Intelligence and Machine Learning,MERN Stack,MERN Stack,Cloud Computing,Cloud Computing]","[Theory,Practical,Theory,Practical,Theory,Practical,Theory,Practical]",Bachelor of Computer Applications,31011222011,"[1,1,1,1,1,1,1,1]"
ria.gawde@somaiya.edu,Ria Jitendra Gawde,5,"[Software Project Management,Software Project Management,Artificial Intelligence and Machine Learning,Artificial Intelligence and Machine Learning,MERN Stack,MERN Stack,Cloud Computing,Cloud Computing]","[Theory,Practical,Theory,Practical,Theory,Practical,Theory,Practical]",Bachelor of Computer Applications,31011222012,"[1,1,1,1,1,1,1,1]"
m.ghag@somaiya.edu,Mitali Liladhar Ghag,5,"[Software Project Management,Software Project Management,Artificial Intelligence and Machine Learning,Artificial Intelligence and Machine Learning,MERN Stack,MERN Stack,Cloud Computing,Cloud Computing]","[Theory,Practical,Theory,Practical,Theory,Practical,Theory,Practical]",Bachelor of Computer Applications,31011222013,"[1,1,1,1,1,1,1,1]"
aniket.ghanekar@somaiya.edu,Aniket Ramakant Ghanekar,5,"[Software Project Management,Software Project Management,Artificial Intelligence and Machine Learning,Artificial Intelligence and Machine Learning,MERN Stack,MERN Stack,Cloud Computing,Cloud Computing]","[Theory,Practical,Theory,Practical,Theory,Practical,Theory,Practical]",Bachelor of Computer Applications,31011222014,"[1,1,1,1,1,1,1,1]"
manish.ghodela@somaiya.edu,Manish Kailash Ghodela,5,"[Software Project Management,Software Project Management,Artificial Intelligence and Machine Learning,Artificial Intelligence and Machine Learning,MERN Stack,MERN Stack,Cloud Computing,Cloud Computing]","[Theory,Practical,Theory,Practical,Theory,Practical,Theory,Practical]",Bachelor of Computer Applications,31011222015,"[1,1,1,1,1,1,1,1]"
girish.g@somaiya.edu,Girish Chandrakant Ghugare,5,"[Software Project Management,Software Project Management,Artificial Intelligence and Machine Learning,Artificial Intelligence and Machine Learning,MERN Stack,MERN Stack,Cloud Computing,Cloud Computing]","[Theory,Practical,Theory,Practical,Theory,Practical,Theory,Practical]",Bachelor of Computer Applications,31011222016,"[1,1,1,1,1,1,1,1]"
durgaprasad.g@somaiya.edu,Durgaprasad Swami Golanakonda,5,"[Software Project Management,Software Project Management,Artificial Intelligence and Machine Learning,Artificial Intelligence and Machine Learning,MERN Stack,MERN Stack,Cloud Computing,Cloud Computing]","[Theory,Practical,Theory,Practical,Theory,Practical,Theory,Practical]",Bachelor of Computer Applications,31011222017,"[1,1,1,1,1,1,1,1]"
oishee.g@somaiya.edu,Oishee  Goswami,5,"[Software Project Management,Software Project Management,Artificial Intelligence and Machine Learning,Artificial Intelligence and Machine Learning,MERN Stack,MERN Stack,Cloud Computing,Cloud Computing]","[Theory,Practical,Theory,Practical,Theory,Practical,Theory,Practical]",Bachelor of Computer Applications,31011222018,"[1,1,1,1,1,1,1,1]"
khushi.ag@somaiya.edu,Khushi Amit Gupta,5,"[Software Project Management,Software Project Management,Artificial Intelligence and Machine Learning,Artificial Intelligence and Machine Learning,MERN Stack,MERN Stack,Cloud Computing,Cloud Computing]","[Theory,Practical,Theory,Practical,Theory,Practical,Theory,Practical]",Bachelor of Computer Applications,31011222019,"[1,1,1,1,1,1,1,1]"
tushar.hasule@somaiya.edu,Tushar Hanumant Hasule,5,"[Software Project Management,Software Project Management,Artificial Intelligence and Machine Learning,Artificial Intelligence and Machine Learning,MERN Stack,MERN Stack,Cloud Computing,Cloud Computing]","[Theory,Practical,Theory,Practical,Theory,Practical,Theory,Practical]",Bachelor of Computer Applications,31011222020,"[1,1,1,1,1,1,1,1]"
scott.h@somaiya.edu,Scott  Hendriques,5,"[Software Project Management,Software Project Management,Artificial Intelligence and Machine Learning,Artificial Intelligence and Machine Learning,MERN Stack,MERN Stack,Cloud Computing,Cloud Computing]","[Theory,Practical,Theory,Practical,Theory,Practical,Theory,Practical]",Bachelor of Computer Applications,31011222021,"[1,1,1,1,1,1,1,1]"
sohaib.iqbal@somaiya.edu,Sohaib  Iqbal,5,"[Software Project Management,Software Project Management,Artificial Intelligence and Machine Learning,Artificial Intelligence and Machine Learning,MERN Stack,MERN Stack,Cloud Computing,Cloud Computing]","[Theory,Practical,Theory,Practical,Theory,Practical,Theory,Practical]",Bachelor of Computer Applications,31011222022,"[1,1,1,1,1,1,1,1]"
iyaz.isani@somaiya.edu,Iyaz Imtiyaz Isani,5,"[Software Project Management,Software Project Management,Artificial Intelligence and Machine Learning,Artificial Intelligence and Machine Learning,MERN Stack,MERN Stack,Cloud Computing,Cloud Computing]","[Theory,Practical,Theory,Practical,Theory,Practical,Theory,Practical]",Bachelor of Computer Applications,31011222023,"[1,1,1,1,1,1,1,1]"
preet.kj@somaiya.edu,Preet Kamlesh Jain,5,"[Software Project Management,Software Project Management,Artificial Intelligence and Machine Learning,Artificial Intelligence and Machine Learning,MERN Stack,MERN Stack,Cloud Computing,Cloud Computing]","[Theory,Practical,Theory,Practical,Theory,Practical,Theory,Practical]",Bachelor of Computer Applications,31011222024,"[1,1,1,1,1,1,1,1]"
hardi.j@somaiya.edu,Hardi Kaushik Jakhariya,5,"[Software Project Management,Software Project Management,Artificial Intelligence and Machine Learning,Artificial Intelligence and Machine Learning,MERN Stack,MERN Stack,Cloud Computing,Cloud Computing]","[Theory,Practical,Theory,Practical,Theory,Practical,Theory,Practical]",Bachelor of Computer Applications,31011222025,"[1,1,1,1,1,1,1,1]"
a.joshi@somaiya.edu,Ananya  Joshi,5,"[Software Project Management,Software Project Management,Artificial Intelligence and Machine Learning,Artificial Intelligence and Machine Learning,MERN Stack,MERN Stack,Cloud Computing,Cloud Computing]","[Theory,Practical,Theory,Practical,Theory,Practical,Theory,Practical]",Bachelor of Computer Applications,31011222026,"[1,1,1,1,1,1,1,1]"
lalit.kadam@somaiya.edu,Lalit Satish Kadam,5,"[Software Project Management,Software Project Management,Artificial Intelligence and Machine Learning,Artificial Intelligence and Machine Learning,MERN Stack,MERN Stack,Cloud Computing,Cloud Computing]","[Theory,Practical,Theory,Practical,Theory,Practical,Theory,Practical]",Bachelor of Computer Applications,31011222027,"[1,1,1,1,1,1,1,1]"
tanish.k@somaiya.edu,Tanish Rajesh Kanagal,5,"[Software Project Management,Software Project Management,Artificial Intelligence and Machine Learning,Artificial Intelligence and Machine Learning,MERN Stack,MERN Stack,Cloud Computing,Cloud Computing]","[Theory,Practical,Theory,Practical,Theory,Practical,Theory,Practical]",Bachelor of Computer Applications,31011222028,"[1,1,1,1,1,1,1,1]"
mohammedsaadiq.k@somaiya.edu,Mohammed Saadiq Khan,5,"[Software Project Management,Software Project Management,Artificial Intelligence and Machine Learning,Artificial Intelligence and Machine Learning,MERN Stack,MERN Stack,Cloud Computing,Cloud Computing]","[Theory,Practical,Theory,Practical,Theory,Practical,Theory,Practical]",Bachelor of Computer Applications,31011222030,"[1,1,1,1,1,1,1,1]"
shazeb.khan@somaiya.edu,Shazeb  Khan,5,"[Software Project Management,Software Project Management,Artificial Intelligence and Machine Learning,Artificial Intelligence and Machine Learning,MERN Stack,MERN Stack,Cloud Computing,Cloud Computing]","[Theory,Practical,Theory,Practical,Theory,Practical,Theory,Practical]",Bachelor of Computer Applications,31011222031,"[1,1,1,1,1,1,1,1]"
soham.khare@somaiya.edu,Soham Vijay Khare,5,"[Software Project Management,Software Project Management,Artificial Intelligence and Machine Learning,Artificial Intelligence and Machine Learning,MERN Stack,MERN Stack,Cloud Computing,Cloud Computing]","[Theory,Practical,Theory,Practical,Theory,Practical,Theory,Practical]",Bachelor of Computer Applications,31011222032,"[1,1,1,1,1,1,1,1]"
m.kothari@somaiya.edu,Moksha Bharat Kothari,5,"[Software Project Management,Software Project Management,Artificial Intelligence and Machine Learning,Artificial Intelligence and Machine Learning,MERN Stack,MERN Stack,Cloud Computing,Cloud Computing]","[Theory,Practical,Theory,Practical,Theory,Practical,Theory,Practical]",Bachelor of Computer Applications,31011222033,"[1,1,1,1,1,1,1,1]"
kashish.kukreja@somaiya.edu,Kashish Bhisham Kukreja,5,"[Software Project Management,Software Project Management,Artificial Intelligence and Machine Learning,Artificial Intelligence and Machine Learning,MERN Stack,MERN Stack,Cloud Computing,Cloud Computing]","[Theory,Practical,Theory,Practical,Theory,Practical,Theory,Practical]",Bachelor of Computer Applications,31011222034,"[1,1,1,1,1,1,1,1]"
v.lad@somaiya.edu,Vedant Anant Lad,5,"[Software Project Management,Software Project Management,Artificial Intelligence and Machine Learning,Artificial Intelligence and Machine Learning,MERN Stack,MERN Stack,Cloud Computing,Cloud Computing]","[Theory,Practical,Theory,Practical,Theory,Practical,Theory,Practical]",Bachelor of Computer Applications,31011222035,"[1,1,1,1,1,1,1,1]"
om.maharana@somaiya.edu,Om Rajaram Maharana,5,"[Software Project Management,Software Project Management,Artificial Intelligence and Machine Learning,Artificial Intelligence and Machine Learning,MERN Stack,MERN Stack,Cloud Computing,Cloud Computing]","[Theory,Practical,Theory,Practical,Theory,Practical,Theory,Practical]",Bachelor of Computer Applications,31011222036,"[1,1,1,1,1,1,1,1]"
roshni.mall@somaiya.edu,Roshni Hemant Mall,5,"[Software Project Management,Software Project Management,Artificial Intelligence and Machine Learning,Artificial Intelligence and Machine Learning,MERN Stack,MERN Stack,Cloud Computing,Cloud Computing]","[Theory,Practical,Theory,Practical,Theory,Practical,Theory,Practical]",Bachelor of Computer Applications,31011222037,"[1,1,1,1,1,1,1,1]"
hussain.mantri@somaiya.edu,Hussain Zaahidh Mantri,5,"[Software Project Management,Software Project Management,Artificial Intelligence and Machine Learning,Artificial Intelligence and Machine Learning,MERN Stack,MERN Stack,Cloud Computing,Cloud Computing]","[Theory,Practical,Theory,Practical,Theory,Practical,Theory,Practical]",Bachelor of Computer Applications,31011222038,"[1,1,1,1,1,1,1,1]"
j.mehta@somaiya.edu,Jay Abhay Mehta,5,"[Software Project Management,Software Project Management,Artificial Intelligence and Machine Learning,Artificial Intelligence and Machine Learning,MERN Stack,MERN Stack,Cloud Computing,Cloud Computing]","[Theory,Practical,Theory,Practical,Theory,Practical,Theory,Practical]",Bachelor of Computer Applications,31011222040,"[1,1,1,1,1,1,1,1]"
tamanna.mulani@somaiya.edu,Tamanna Iqbal Mulani,5,"[Software Project Management,Software Project Management,Artificial Intelligence and Machine Learning,Artificial Intelligence and Machine Learning,MERN Stack,MERN Stack,Cloud Computing,Cloud Computing]","[Theory,Practical,Theory,Practical,Theory,Practical,Theory,Practical]",Bachelor of Computer Applications,31011222041,"[1,2,1,2,1,2,1,2]"
mohammed.mustafa@somaiya.edu,Mustafa Mohammad Mohammed,5,"[Software Project Management,Software Project Management,Artificial Intelligence and Machine Learning,Artificial Intelligence and Machine Learning,MERN Stack,MERN Stack,Cloud Computing,Cloud Computing]","[Theory,Practical,Theory,Practical,Theory,Practical,Theory,Practical]",Bachelor of Computer Applications,31011222042,"[1,2,1,2,1,2,1,2]"
tanuv.nair@somaiya.edu,Tanuv Murali Nair,5,"[Software Project Management,Software Project Management,Artificial Intelligence and Machine Learning,Artificial Intelligence and Machine Learning,MERN Stack,MERN Stack,Cloud Computing,Cloud Computing]","[Theory,Practical,Theory,Practical,Theory,Practical,Theory,Practical]",Bachelor of Computer Applications,31011222043,"[1,2,1,2,1,2,1,2]"
manisha.negi@somaiya.edu,Manisha Ramesh Negi,5,"[Software Project Management,Software Project Management,Artificial Intelligence and Machine Learning,Artificial Intelligence and Machine Learning,MERN Stack,MERN Stack,Cloud Computing,Cloud Computing]","[Theory,Practical,Theory,Practical,Theory,Practical,Theory,Practical]",Bachelor of Computer Applications,31011222044,"[1,2,1,2,1,2,1,2]"
ebrahim.p@somaiya.edu,Ibbrahim Murtaza Panvelwala,5,"[Software Project Management,Software Project Management,Artificial Intelligence and Machine Learning,Artificial Intelligence and Machine Learning,MERN Stack,MERN Stack,Cloud Computing,Cloud Computing]","[Theory,Practical,Theory,Practical,Theory,Practical,Theory,Practical]",Bachelor of Computer Applications,31011222045,"[1,2,1,2,1,2,1,2]"
yash.sp@somaiya.edu,Yash Sunil Parab,5,"[Software Project Management,Software Project Management,Artificial Intelligence and Machine Learning,Artificial Intelligence and Machine Learning,MERN Stack,MERN Stack,Cloud Computing,Cloud Computing]","[Theory,Practical,Theory,Practical,Theory,Practical,Theory,Practical]",Bachelor of Computer Applications,31011222046,"[1,2,1,2,1,2,1,2]"
daniela.p@somaiya.edu,Daniela Dwayne Pereira,5,"[Software Project Management,Software Project Management,Artificial Intelligence and Machine Learning,Artificial Intelligence and Machine Learning,MERN Stack,MERN Stack,Cloud Computing,Cloud Computing]","[Theory,Practical,Theory,Practical,Theory,Practical,Theory,Practical]",Bachelor of Computer Applications,31011222049,"[1,2,1,2,1,2,1,2]"
sahil.phadtare@somaiya.edu,Sahil Dattatray Phadtare,5,"[Software Project Management,Software Project Management,Artificial Intelligence and Machine Learning,Artificial Intelligence and Machine Learning,MERN Stack,MERN Stack,Cloud Computing,Cloud Computing]","[Theory,Practical,Theory,Practical,Theory,Practical,Theory,Practical]",Bachelor of Computer Applications,31011222050,"[1,2,1,2,1,2,1,2]"
mehak.pillai@somaiya.edu,Mehak  Pillai,5,"[Software Project Management,Software Project Management,Artificial Intelligence and Machine Learning,Artificial Intelligence and Machine Learning,MERN Stack,MERN Stack,Cloud Computing,Cloud Computing]","[Theory,Practical,Theory,Practical,Theory,Practical,Theory,Practical]",Bachelor of Computer Applications,31011222051,"[1,2,1,2,1,2,1,2]"
thushar.p@somaiya.edu,Thushar Vidyananda Poojary,5,"[Software Project Management,Software Project Management,Artificial Intelligence and Machine Learning,Artificial Intelligence and Machine Learning,MERN Stack,MERN Stack,Cloud Computing,Cloud Computing]","[Theory,Practical,Theory,Practical,Theory,Practical,Theory,Practical]",Bachelor of Computer Applications,31011222052,"[1,2,1,2,1,2,1,2]"
smit.potkar@somaiya.edu,Smit Shekhar Potkar,5,"[Software Project Management,Software Project Management,Artificial Intelligence and Machine Learning,Artificial Intelligence and Machine Learning,MERN Stack,MERN Stack,Cloud Computing,Cloud Computing]","[Theory,Practical,Theory,Practical,Theory,Practical,Theory,Practical]",Bachelor of Computer Applications,31011222053,"[1,2,1,2,1,2,1,2]"
divy.prajapati@somaiya.edu,Divy Dipesh Prajapati,5,"[Software Project Management,Software Project Management,Artificial Intelligence and Machine Learning,Artificial Intelligence and Machine Learning,MERN Stack,MERN Stack,Cloud Computing,Cloud Computing]","[Theory,Practical,Theory,Practical,Theory,Practical,Theory,Practical]",Bachelor of Computer Applications,31011222054,"[1,2,1,2,1,2,1,2]"
akshay.r@somaiya.edu,Akshay  Ramakrishna,5,"[Software Project Management,Software Project Management,Artificial Intelligence and Machine Learning,Artificial Intelligence and Machine Learning,MERN Stack,MERN Stack,Cloud Computing,Cloud Computing]","[Theory,Practical,Theory,Practical,Theory,Practical,Theory,Practical]",Bachelor of Computer Applications,31011222055,"[1,2,1,2,1,2,1,2]"
ramesh.pratyush@somaiya.edu,Pratyush  Ramesh,5,"[Software Project Management,Software Project Management,Artificial Intelligence and Machine Learning,Artificial Intelligence and Machine Learning,MERN Stack,MERN Stack,Cloud Computing,Cloud Computing]","[Theory,Practical,Theory,Practical,Theory,Practical,Theory,Practical]",Bachelor of Computer Applications,31011222056,"[1,2,1,2,1,2,1,2]"
ankit.samal@somaiya.edu,Ankit Krushna Samal,5,"[Software Project Management,Software Project Management,Artificial Intelligence and Machine Learning,Artificial Intelligence and Machine Learning,MERN Stack,MERN Stack,Cloud Computing,Cloud Computing]","[Theory,Practical,Theory,Practical,Theory,Practical,Theory,Practical]",Bachelor of Computer Applications,31011222057,"[1,2,1,2,1,2,1,2]"
a.sanap@somaiya.edu,Aditya Abhay Sanap,5,"[Software Project Management,Software Project Management,Artificial Intelligence and Machine Learning,Artificial Intelligence and Machine Learning,MERN Stack,MERN Stack,Cloud Computing,Cloud Computing]","[Theory,Practical,Theory,Practical,Theory,Practical,Theory,Practical]",Bachelor of Computer Applications,31011222058,"[1,2,1,2,1,2,1,2]"
ishika.sarang@somaiya.edu,Ishika Atul Sarang,5,"[Software Project Management,Software Project Management,Artificial Intelligence and Machine Learning,Artificial Intelligence and Machine Learning,MERN Stack,MERN Stack,Cloud Computing,Cloud Computing]","[Theory,Practical,Theory,Practical,Theory,Practical,Theory,Practical]",Bachelor of Computer Applications,31011222059,"[1,2,1,2,1,2,1,2]"
shawn.s@somaiya.edu,Shawn  Sequeira,5,"[Software Project Management,Software Project Management,Artificial Intelligence and Machine Learning,Artificial Intelligence and Machine Learning,MERN Stack,MERN Stack,Cloud Computing,Cloud Computing]","[Theory,Practical,Theory,Practical,Theory,Practical,Theory,Practical]",Bachelor of Computer Applications,31011222060,"[1,2,1,2,1,2,1,2]"
khushi13@somaiya.edu,Khushi Jaydeep Shah,5,"[Software Project Management,Software Project Management,Artificial Intelligence and Machine Learning,Artificial Intelligence and Machine Learning,MERN Stack,MERN Stack,Cloud Computing,Cloud Computing]","[Theory,Practical,Theory,Practical,Theory,Practical,Theory,Practical]",Bachelor of Computer Applications,31011222061,"[1,2,1,2,1,2,1,2]"
lamaan.s@somaiya.edu,Lamaan Kayum Shaikh,5,"[Software Project Management,Software Project Management,Artificial Intelligence and Machine Learning,Artificial Intelligence and Machine Learning,MERN Stack,MERN Stack,Cloud Computing,Cloud Computing]","[Theory,Practical,Theory,Practical,Theory,Practical,Theory,Practical]",Bachelor of Computer Applications,31011222062,"[1,2,1,2,1,2,1,2]"
maaz.shaikh@somaiya.edu,Maaz  Shaikh,5,"[Software Project Management,Software Project Management,Artificial Intelligence and Machine Learning,Artificial Intelligence and Machine Learning,MERN Stack,MERN Stack,Cloud Computing,Cloud Computing]","[Theory,Practical,Theory,Practical,Theory,Practical,Theory,Practical]",Bachelor of Computer Applications,31011222063,"[1,2,1,2,1,2,1,2]"
noorfatima.s@somaiya.edu,Noor Fatima Shaikh,5,"[Software Project Management,Software Project Management,Artificial Intelligence and Machine Learning,Artificial Intelligence and Machine Learning,MERN Stack,MERN Stack,Cloud Computing,Cloud Computing]","[Theory,Practical,Theory,Practical,Theory,Practical,Theory,Practical]",Bachelor of Computer Applications,31011222064,"[1,2,1,2,1,2,1,2]"
uzair.s@somaiya.edu,Uzair Mohammed Shaikh,5,"[Software Project Management,Software Project Management,Artificial Intelligence and Machine Learning,Artificial Intelligence and Machine Learning,MERN Stack,MERN Stack,Cloud Computing,Cloud Computing]","[Theory,Practical,Theory,Practical,Theory,Practical,Theory,Practical]",Bachelor of Computer Applications,31011222065,"[1,2,1,2,1,2,1,2]"
p.shinde@somaiya.edu,Priyanka Duryodhan Shinde,5,"[Software Project Management,Software Project Management,Artificial Intelligence and Machine Learning,Artificial Intelligence and Machine Learning,MERN Stack,MERN Stack,Cloud Computing,Cloud Computing]","[Theory,Practical,Theory,Practical,Theory,Practical,Theory,Practical]",Bachelor of Computer Applications,31011222066,"[1,2,1,2,1,2,1,2]"
vighnesh.ks@somaiya.edu,Vighnesh Kiran Shinde,5,"[Software Project Management,Software Project Management,Artificial Intelligence and Machine Learning,Artificial Intelligence and Machine Learning,MERN Stack,MERN Stack,Cloud Computing,Cloud Computing]","[Theory,Practical,Theory,Practical,Theory,Practical,Theory,Practical]",Bachelor of Computer Applications,31011222067,"[1,2,1,2,1,2,1,2]"
nabeel.siddiqui@somaiya.edu,Nabeel Shakeel Siddiqui,5,"[Software Project Management,Software Project Management,Artificial Intelligence and Machine Learning,Artificial Intelligence and Machine Learning,MERN Stack,MERN Stack,Cloud Computing,Cloud Computing]","[Theory,Practical,Theory,Practical,Theory,Practical,Theory,Practical]",Bachelor of Computer Applications,31011222068,"[1,2,1,2,1,2,1,2]"
singh.aa@somaiya.edu,Anjali Anilkumar Singh,5,"[Software Project Management,Software Project Management,Artificial Intelligence and Machine Learning,Artificial Intelligence and Machine Learning,MERN Stack,MERN Stack,Cloud Computing,Cloud Computing]","[Theory,Practical,Theory,Practical,Theory,Practical,Theory,Practical]",Bachelor of Computer Applications,31011222069,"[1,2,1,2,1,2,1,2]"
sirishti.s@somaiya.edu,Sirishti  Singh,5,"[Software Project Management,Software Project Management,Artificial Intelligence and Machine Learning,Artificial Intelligence and Machine Learning,MERN Stack,MERN Stack,Cloud Computing,Cloud Computing]","[Theory,Practical,Theory,Practical,Theory,Practical,Theory,Practical]",Bachelor of Computer Applications,31011222072,"[1,2,1,2,1,2,1,2]"
chaitanya.t@somaiya.edu,Chaitanya Sanjay Thatte,5,"[Software Project Management,Software Project Management,Artificial Intelligence and Machine Learning,Artificial Intelligence and Machine Learning,MERN Stack,MERN Stack,Cloud Computing,Cloud Computing]","[Theory,Practical,Theory,Practical,Theory,Practical,Theory,Practical]",Bachelor of Computer Applications,31011222075,"[1,2,1,2,1,2,1,2]"
murthy.t@somaiya.edu,Murthy Poothapandi Thevar,5,"[Software Project Management,Software Project Management,Artificial Intelligence and Machine Learning,Artificial Intelligence and Machine Learning,MERN Stack,MERN Stack,Cloud Computing,Cloud Computing]","[Theory,Practical,Theory,Practical,Theory,Practical,Theory,Practical]",Bachelor of Computer Applications,31011222076,"[1,2,1,2,1,2,1,2]"
riya.upadhyay@somaiya.edu,Riya Ratnakar Upadhyay,5,"[Software Project Management,Software Project Management,Artificial Intelligence and Machine Learning,Artificial Intelligence and Machine Learning,MERN Stack,MERN Stack,Cloud Computing,Cloud Computing]","[Theory,Practical,Theory,Practical,Theory,Practical,Theory,Practical]",Bachelor of Computer Applications,31011222077,"[1,2,1,2,1,2,1,2]"
aarpit.v@somaiya.edu,Aarpit  Vaghela,5,"[Software Project Management,Software Project Management,Artificial Intelligence and Machine Learning,Artificial Intelligence and Machine Learning,MERN Stack,MERN Stack,Cloud Computing,Cloud Computing]","[Theory,Practical,Theory,Practical,Theory,Practical,Theory,Practical]",Bachelor of Computer Applications,31011222078,"[1,2,1,2,1,2,1,2]"
harsh.vaidya@somaiya.edu,Harsh Rahul Vaidya,5,"[Software Project Management,Software Project Management,Artificial Intelligence and Machine Learning,Artificial Intelligence and Machine Learning,MERN Stack,MERN Stack,Cloud Computing,Cloud Computing]","[Theory,Practical,Theory,Practical,Theory,Practical,Theory,Practical]",Bachelor of Computer Applications,31011222079,"[1,2,1,2,1,2,1,2]"
ammar.vanu@somaiya.edu,Ammar Mohammad Vanu,5,"[Software Project Management,Software Project Management,Artificial Intelligence and Machine Learning,Artificial Intelligence and Machine Learning,MERN Stack,MERN Stack,Cloud Computing,Cloud Computing]","[Theory,Practical,Theory,Practical,Theory,Practical,Theory,Practical]",Bachelor of Computer Applications,31011222081,"[1,2,1,2,1,2,1,2]"
vamshi.vutla@somaiya.edu,Vamshi Tulasirao Vutla,5,"[Software Project Management,Software Project Management,Artificial Intelligence and Machine Learning,Artificial Intelligence and Machine Learning,MERN Stack,MERN Stack,Cloud Computing,Cloud Computing]","[Theory,Practical,Theory,Practical,Theory,Practical,Theory,Practical]",Bachelor of Computer Applications,31011222083,"[1,2,1,2,1,2,1,2]"
aman.yadav@somaiya.edu,Aman Ashok Yadav,5,"[Software Project Management,Software Project Management,Artificial Intelligence and Machine Learning,Artificial Intelligence and Machine Learning,MERN Stack,MERN Stack,Cloud Computing,Cloud Computing]","[Theory,Practical,Theory,Practical,Theory,Practical,Theory,Practical]",Bachelor of Computer Applications,31011222084,"[1,2,1,2,1,2,1,2]"
pawan.yadav@somaiya.edu,Pawan Jugal Yadav,5,"[Software Project Management,Software Project Management,Artificial Intelligence and Machine Learning,Artificial Intelligence and Machine Learning,MERN Stack,MERN Stack,Cloud Computing,Cloud Computing]","[Theory,Practical,Theory,Practical,Theory,Practical,Theory,Practical]",Bachelor of Computer Applications,31011222085,"[1,2,1,2,1,2,1,2]"
suhana.yadav@somaiya.edu,Suhana Rajesh Yadav,5,"[Software Project Management,Software Project Management,Artificial Intelligence and Machine Learning,Artificial Intelligence and Machine Learning,MERN Stack,MERN Stack,Cloud Computing,Cloud Computing]","[Theory,Practical,Theory,Practical,Theory,Practical,Theory,Practical]",Bachelor of Computer Applications,31011222086,"[1,2,1,2,1,2,1,2]"
sumeet.y@somaiya.edu,Sumeet Radheshyam Yadav,5,"[Software Project Management,Software Project Management,Artificial Intelligence and Machine Learning,Artificial Intelligence and Machine Learning,MERN Stack,MERN Stack,Cloud Computing,Cloud Computing]","[Theory,Practical,Theory,Practical,Theory,Practical,Theory,Practical]",Bachelor of Computer Applications,31011222087,"[1,2,1,2,1,2,1,2]"
surajnarayan.m@somaiya.edu,Narayan  Suraj,5,"[Software Project Management,Software Project Management,Artificial Intelligence and Machine Learning,Artificial Intelligence and Machine Learning,MERN Stack,MERN Stack,Cloud Computing,Cloud Computing]","[Theory,Practical,Theory,Practical,Theory,Practical,Theory,Practical]",Bachelor of Computer Applications,31011222089,"[1,2,1,2,1,2,1,2]"
justin.d@somaiya.edu,Justin Edward Dsouza,5,"[Software Testing,Software Testing,Artificial Intelligence,Artificial Intelligence,Web Services,Web Services,Security in Computing,Security in Computing,Design Thinking,E2: Next Gen Databases,E2: Next Gen Databases,Game Programming,Game Programming]","[Theory,Practical,Theory,Practical,Theory,Practical,Theory,Practical,Theory,Theory,Practical,Theory,Practical]",Bachelor of Science (Information Technology) Honour,31011021002,"[1,1,1,1,1,1,1,1,1,1,1,1,1]"
rohit.hp@somaiya.edu,Rohit Hemant Pal,5,"[Software Testing,Software Testing,Artificial Intelligence,Artificial Intelligence,Web Services,Web Services,Security in Computing,Security in Computing,Design Thinking,E2: Next Gen Databases,E2: Next Gen Databases,Game Programming,Game Programming]","[Theory,Practical,Theory,Practical,Theory,Practical,Theory,Practical,Theory,Theory,Practical,Theory,Practical]",Bachelor of Science (Information Technology) Honour,31011021011,"[1,1,1,1,1,1,1,1,1,1,1,1,1]"
rabeet.shaikh@somaiya.edu,Rabeet Abdulrashid Shaikh,5,"[Software Testing,Software Testing,Artificial Intelligence,Artificial Intelligence,Web Services,Web Services,Security in Computing,Security in Computing,Design Thinking,E2: Next Gen Databases,E2: Next Gen Databases,Game Programming,Game Programming]","[Theory,Practical,Theory,Practical,Theory,Practical,Theory,Practical,Theory,Theory,Practical,Theory,Practical]",Bachelor of Science (Information Technology) Honour,31011021021,"[1,1,1,1,1,1,1,1,1,1,1,1,1]"
aryan31@somaiya.edu,Aryan Jeevan Mhatre,5,"[Software Testing,Software Testing,Artificial Intelligence,Artificial Intelligence,Web Services,Web Services,Security in Computing,Security in Computing,Design Thinking,E2: Next Gen Databases,E2: Next Gen Databases,Game Programming,Game Programming]","[Theory,Practical,Theory,Practical,Theory,Practical,Theory,Practical,Theory,Theory,Practical,Theory,Practical]",Bachelor of Science (Information Technology) Honour,31011021028,"[1,1,1,1,1,1,1,1,1,1,1,1,1]"
arin.p@somaiya.edu,Arin Angelo Portugal,5,"[Software Testing,Software Testing,Artificial Intelligence,Artificial Intelligence,Web Services,Web Services,Security in Computing,Security in Computing,Design Thinking,E2: Next Gen Databases,E2: Next Gen Databases,Game Programming,Game Programming]","[Theory,Practical,Theory,Practical,Theory,Practical,Theory,Practical,Theory,Theory,Practical,Theory,Practical]",Bachelor of Science (Information Technology) Honour,31011021029,"[1,1,1,1,1,1,1,1,1,1,1,1,1]"
ashwin.a@somaiya.edu,Ashwin  Abhilash,5,"[Software Testing,Software Testing,Artificial Intelligence,Artificial Intelligence,Web Services,Web Services,Security in Computing,Security in Computing,Design Thinking,E2: Next Gen Databases,E2: Next Gen Databases,Game Programming,Game Programming]","[Theory,Practical,Theory,Practical,Theory,Practical,Theory,Practical,Theory,Theory,Practical,Theory,Practical]",Bachelor of Science (Information Technology) Honour,31011022001,"[1,1,1,1,1,1,1,1,1,1,1,1,1]"
mihir.anand@somaiya.edu,Mihir  Anand,5,"[Software Testing,Software Testing,Artificial Intelligence,Artificial Intelligence,Web Services,Web Services,Security in Computing,Security in Computing,Design Thinking,E2: Next Gen Databases,E2: Next Gen Databases,Game Programming,Game Programming]","[Theory,Practical,Theory,Practical,Theory,Practical,Theory,Practical,Theory,Theory,Practical,Theory,Practical]",Bachelor of Science (Information Technology) Honour,31011022002,"[1,1,1,1,1,1,1,1,1,1,1,1,1]"
mohdzubair.a@somaiya.edu,Mohd Zubair Ansari,5,"[Software Testing,Software Testing,Artificial Intelligence,Artificial Intelligence,Web Services,Web Services,Security in Computing,Security in Computing,Design Thinking,E2: Next Gen Databases,E2: Next Gen Databases,Game Programming,Game Programming]","[Theory,Practical,Theory,Practical,Theory,Practical,Theory,Practical,Theory,Theory,Practical,Theory,Practical]",Bachelor of Science (Information Technology) Honour,31011022003,"[1,1,1,1,1,1,1,1,1,1,1,1,1]"
surpreetkaur.b@somaiya.edu,Surpreet Kaur Bagal,5,"[Software Testing,Software Testing,Artificial Intelligence,Artificial Intelligence,Web Services,Web Services,Security in Computing,Security in Computing,Design Thinking,E2: Next Gen Databases,E2: Next Gen Databases,Game Programming,Game Programming]","[Theory,Practical,Theory,Practical,Theory,Practical,Theory,Practical,Theory,Theory,Practical,Theory,Practical]",Bachelor of Science (Information Technology) Honour,31011022004,"[1,1,1,1,1,1,1,1,1,1,1,1,1]"
gayatri.pc@somaiya.edu,Gayatri Pramod Chavan,5,"[Software Testing,Software Testing,Artificial Intelligence,Artificial Intelligence,Web Services,Web Services,Security in Computing,Security in Computing,Design Thinking,E2: Next Gen Databases,E2: Next Gen Databases,Game Programming,Game Programming]","[Theory,Practical,Theory,Practical,Theory,Practical,Theory,Practical,Theory,Theory,Practical,Theory,Practical]",Bachelor of Science (Information Technology) Honour,31011022006,"[1,1,1,1,1,1,1,1,1,1,1,1,1]"
rewa.dambal@somaiya.edu,Rewa Vedesh Dambal,5,"[Software Testing,Software Testing,Artificial Intelligence,Artificial Intelligence,Web Services,Web Services,Security in Computing,Security in Computing,Design Thinking,E2: Next Gen Databases,E2: Next Gen Databases,Game Programming,Game Programming]","[Theory,Practical,Theory,Practical,Theory,Practical,Theory,Practical,Theory,Theory,Practical,Theory,Practical]",Bachelor of Science (Information Technology) Honour,31011022007,"[1,1,1,1,1,1,1,1,1,1,1,1,1]"
anushka.devle@somaiya.edu,Anushka Ravindra Devle,5,"[Software Testing,Software Testing,Artificial Intelligence,Artificial Intelligence,Web Services,Web Services,Security in Computing,Security in Computing,Design Thinking,E2: Next Gen Databases,E2: Next Gen Databases,Game Programming,Game Programming]","[Theory,Practical,Theory,Practical,Theory,Practical,Theory,Practical,Theory,Theory,Practical,Theory,Practical]",Bachelor of Science (Information Technology) Honour,31011022008,"[1,1,1,1,1,1,1,1,1,1,1,1,1]"
p.ghodke@somaiya.edu,Priyanka Sunil Ghodke,5,"[Software Testing,Software Testing,Artificial Intelligence,Artificial Intelligence,Web Services,Web Services,Security in Computing,Security in Computing,Design Thinking,E2: Next Gen Databases,E2: Next Gen Databases,Game Programming,Game Programming]","[Theory,Practical,Theory,Practical,Theory,Practical,Theory,Practical,Theory,Theory,Practical,Theory,Practical]",Bachelor of Science (Information Technology) Honour,31011022009,"[1,1,1,1,1,1,1,1,1,1,1,1,1]"
vidnyesh.k@somaiya.edu,Vidnyesh Sunil Kanse,5,"[Software Testing,Software Testing,Artificial Intelligence,Artificial Intelligence,Web Services,Web Services,Security in Computing,Security in Computing,Design Thinking,E2: Next Gen Databases,E2: Next Gen Databases,Game Programming,Game Programming]","[Theory,Practical,Theory,Practical,Theory,Practical,Theory,Practical,Theory,Theory,Practical,Theory,Practical]",Bachelor of Science (Information Technology) Honour,31011022010,"[1,1,1,1,1,1,1,1,1,1,1,1,1]"
bhawna.m@somaiya.edu,Bhawna Balakrishnan Makkal,5,"[Software Testing,Software Testing,Artificial Intelligence,Artificial Intelligence,Web Services,Web Services,Security in Computing,Security in Computing,Design Thinking,E2: Next Gen Databases,E2: Next Gen Databases,Game Programming,Game Programming]","[Theory,Practical,Theory,Practical,Theory,Practical,Theory,Practical,Theory,Theory,Practical,Theory,Practical]",Bachelor of Science (Information Technology) Honour,31011022012,"[1,1,1,1,1,1,1,1,1,1,1,1,1]"
shrishti.dm@somaiya.edu,Shrishti Dilipkumar Mishra,5,"[Software Testing,Software Testing,Artificial Intelligence,Artificial Intelligence,Web Services,Web Services,Security in Computing,Security in Computing,Design Thinking,E2: Next Gen Databases,E2: Next Gen Databases,Game Programming,Game Programming]","[Theory,Practical,Theory,Practical,Theory,Practical,Theory,Practical,Theory,Theory,Practical,Theory,Practical]",Bachelor of Science (Information Technology) Honour,31011022013,"[1,1,1,1,1,1,1,1,1,1,1,1,1]"
riya06@somaiya.edu,Riya Rakesh Panchal,5,"[Software Testing,Software Testing,Artificial Intelligence,Artificial Intelligence,Web Services,Web Services,Security in Computing,Security in Computing,Design Thinking,E2: Next Gen Databases,E2: Next Gen Databases,Game Programming,Game Programming]","[Theory,Practical,Theory,Practical,Theory,Practical,Theory,Practical,Theory,Theory,Practical,Theory,Practical]",Bachelor of Science (Information Technology) Honour,31011022015,"[1,1,1,1,1,1,1,1,1,1,1,1,1]"
ssp16@somaiya.edu,Shraddha Sunil Pandey,5,"[Software Testing,Software Testing,Artificial Intelligence,Artificial Intelligence,Web Services,Web Services,Security in Computing,Security in Computing,Design Thinking,E2: Next Gen Databases,E2: Next Gen Databases,Game Programming,Game Programming]","[Theory,Practical,Theory,Practical,Theory,Practical,Theory,Practical,Theory,Theory,Practical,Theory,Practical]",Bachelor of Science (Information Technology) Honour,31011022016,"[1,1,1,1,1,1,1,1,1,1,1,1,1]"
saloni.rauthan@somaiya.edu,Saloni Jagdish Rauthan,5,"[Software Testing,Software Testing,Artificial Intelligence,Artificial Intelligence,Web Services,Web Services,Security in Computing,Security in Computing,Design Thinking,E2: Next Gen Databases,E2: Next Gen Databases,Game Programming,Game Programming]","[Theory,Practical,Theory,Practical,Theory,Practical,Theory,Practical,Theory,Theory,Practical,Theory,Practical]",Bachelor of Science (Information Technology) Honour,31011022017,"[1,1,1,1,1,1,1,1,1,1,1,1,1]"
saarthak.r@somaiya.edu,Saarthak Anil Rawate,5,"[Software Testing,Software Testing,Artificial Intelligence,Artificial Intelligence,Web Services,Web Services,Security in Computing,Security in Computing,Design Thinking,E2: Next Gen Databases,E2: Next Gen Databases,Game Programming,Game Programming]","[Theory,Practical,Theory,Practical,Theory,Practical,Theory,Practical,Theory,Theory,Practical,Theory,Practical]",Bachelor of Science (Information Technology) Honour,31011022018,"[1,1,1,1,1,1,1,1,1,1,1,1,1]"
om.renuse@somaiya.edu,Om Bajirao Renuse,5,"[Software Testing,Software Testing,Artificial Intelligence,Artificial Intelligence,Web Services,Web Services,Security in Computing,Security in Computing,Design Thinking,E2: Next Gen Databases,E2: Next Gen Databases,Game Programming,Game Programming]","[Theory,Practical,Theory,Practical,Theory,Practical,Theory,Practical,Theory,Theory,Practical,Theory,Practical]",Bachelor of Science (Information Technology) Honour,31011022019,"[1,1,1,1,1,1,1,1,1,1,1,1,1]"
ashita.salvi@somaiya.edu,Ashita Avinash Salvi,5,"[Software Testing,Software Testing,Artificial Intelligence,Artificial Intelligence,Web Services,Web Services,Security in Computing,Security in Computing,Design Thinking,E2: Next Gen Databases,E2: Next Gen Databases,Game Programming,Game Programming]","[Theory,Practical,Theory,Practical,Theory,Practical,Theory,Practical,Theory,Theory,Practical,Theory,Practical]",Bachelor of Science (Information Technology) Honour,31011022021,"[1,1,1,1,1,1,1,1,1,1,1,1,1]"
ojs@somaiya.edu,Omkar Jaywant Sawant,5,"[Software Testing,Software Testing,Artificial Intelligence,Artificial Intelligence,Web Services,Web Services,Security in Computing,Security in Computing,Design Thinking,E2: Next Gen Databases,E2: Next Gen Databases,Game Programming,Game Programming]","[Theory,Practical,Theory,Practical,Theory,Practical,Theory,Practical,Theory,Theory,Practical,Theory,Practical]",Bachelor of Science (Information Technology) Honour,31011022022,"[1,1,1,1,1,1,1,1,1,1,1,1,1]"
khush21@somaiya.edu,Khush Dhiren Shah,5,"[Software Testing,Software Testing,Artificial Intelligence,Artificial Intelligence,Web Services,Web Services,Security in Computing,Security in Computing,Design Thinking,E2: Next Gen Databases,E2: Next Gen Databases,Game Programming,Game Programming]","[Theory,Practical,Theory,Practical,Theory,Practical,Theory,Practical,Theory,Theory,Practical,Theory,Practical]",Bachelor of Science (Information Technology) Honour,31011022023,"[1,1,1,1,1,1,1,1,1,1,1,1,1]"
vandit14@somaiya.edu,Vandit Ketan Shah,5,"[Software Testing,Software Testing,Artificial Intelligence,Artificial Intelligence,Web Services,Web Services,Security in Computing,Security in Computing,Design Thinking,E2: Next Gen Databases,E2: Next Gen Databases,Game Programming,Game Programming]","[Theory,Practical,Theory,Practical,Theory,Practical,Theory,Practical,Theory,Theory,Practical,Theory,Practical]",Bachelor of Science (Information Technology) Honour,31011022024,"[1,1,1,1,1,1,1,1,1,1,1,1,1]"
soham.shinge@somaiya.edu,Soham Anil Shinge,5,"[Software Testing,Software Testing,Artificial Intelligence,Artificial Intelligence,Web Services,Web Services,Security in Computing,Security in Computing,Design Thinking,E2: Next Gen Databases,E2: Next Gen Databases,Game Programming,Game Programming]","[Theory,Practical,Theory,Practical,Theory,Practical,Theory,Practical,Theory,Theory,Practical,Theory,Practical]",Bachelor of Science (Information Technology) Honour,31011022027,"[1,1,1,1,1,1,1,1,1,1,1,1,1]"
kanishkaa.s@somaiya.edu,Kanishkaa  Shivashanmugam,5,"[Software Testing,Software Testing,Artificial Intelligence,Artificial Intelligence,Web Services,Web Services,Security in Computing,Security in Computing,Design Thinking,E2: Next Gen Databases,E2: Next Gen Databases,Game Programming,Game Programming]","[Theory,Practical,Theory,Practical,Theory,Practical,Theory,Practical,Theory,Theory,Practical,Theory,Practical]",Bachelor of Science (Information Technology) Honour,31011022028,"[1,1,1,1,1,1,1,1,1,1,1,1,1]"
riya.thakur@somaiya.edu,Riya Vinod Thakur,5,"[Software Testing,Software Testing,Artificial Intelligence,Artificial Intelligence,Web Services,Web Services,Security in Computing,Security in Computing,Design Thinking,E2: Next Gen Databases,E2: Next Gen Databases,Game Programming,Game Programming]","[Theory,Practical,Theory,Practical,Theory,Practical,Theory,Practical,Theory,Theory,Practical,Theory,Practical]",Bachelor of Science (Information Technology) Honour,31011022032,"[1,1,1,1,1,1,1,1,1,1,1,1,1]"
hetvi.v@somaiya.edu,Hetvi Bharat Visaria,5,"[Software Testing,Software Testing,Artificial Intelligence,Artificial Intelligence,Web Services,Web Services,Security in Computing,Security in Computing,Design Thinking,E2: Next Gen Databases,E2: Next Gen Databases,Game Programming,Game Programming]","[Theory,Practical,Theory,Practical,Theory,Practical,Theory,Practical,Theory,Theory,Practical,Theory,Practical]",Bachelor of Science (Information Technology) Honour,31011022033,"[1,1,1,1,1,1,1,1,1,1,1,1,1]"
om.waghmare@somaiya.edu,Om Nilesh Waghmare,5,"[Software Testing,Software Testing,Artificial Intelligence,Artificial Intelligence,Web Services,Web Services,Security in Computing,Security in Computing,Design Thinking,E2: Next Gen Databases,E2: Next Gen Databases,Game Programming,Game Programming]","[Theory,Practical,Theory,Practical,Theory,Practical,Theory,Practical,Theory,Theory,Practical,Theory,Practical]",Bachelor of Science (Information Technology) Honour,31011022034,"[1,1,1,1,1,1,1,1,1,1,1,1,1]"
aryan.w@somaiya.edu,Aryan Dilip Wankhede,5,"[Software Testing,Software Testing,Artificial Intelligence,Artificial Intelligence,Web Services,Web Services,Security in Computing,Security in Computing,Design Thinking,E2: Next Gen Databases,E2: Next Gen Databases,Game Programming,Game Programming]","[Theory,Practical,Theory,Practical,Theory,Practical,Theory,Practical,Theory,Theory,Practical,Theory,Practical]",Bachelor of Science (Information Technology) Honour,31011022035,"[1,1,1,1,1,1,1,1,1,1,1,1,1]"
samiksha.y@somaiya.edu,Samiksha Indramani Yadav,5,"[Software Testing,Software Testing,Artificial Intelligence,Artificial Intelligence,Web Services,Web Services,Security in Computing,Security in Computing,Design Thinking,E2: Next Gen Databases,E2: Next Gen Databases,Game Programming,Game Programming]","[Theory,Practical,Theory,Practical,Theory,Practical,Theory,Practical,Theory,Theory,Practical,Theory,Practical]",Bachelor of Science (Information Technology) Honour,31011022036,"[1,1,1,1,1,1,1,1,1,1,1,1,1]"
likith.g@somaiya.edu,Likith Gopal Ganiga,5,"[Software Testing,Software Testing,Artificial Intelligence,Artificial Intelligence,Web Services,Web Services,Security in Computing,Security in Computing,Design Thinking,E2: Next Gen Databases,E2: Next Gen Databases,Game Programming,Game Programming]","[Theory,Practical,Theory,Practical,Theory,Practical,Theory,Practical,Theory,Theory,Practical,Theory,Practical]",Bachelor of Science (Information Technology) Honour,31011022039,"[1,1,1,1,1,1,1,1,1,1,1,1,1]"
pranit.pawar@somaiya.edu,Pranit Sameer Pawar,5,"[Software Testing,Software Testing,Artificial Intelligence,Artificial Intelligence,Web Services,Web Services,Security in Computing,Security in Computing,Design Thinking,E2: Next Gen Databases,E2: Next Gen Databases,Game Programming,Game Programming]","[Theory,Practical,Theory,Practical,Theory,Practical,Theory,Practical,Theory,Theory,Practical,Theory,Practical]",Bachelor of Science (Information Technology) Honour,31011022042,"[1,1,1,1,1,1,1,1,1,1,1,1,1]"
ronak.kapadia@somaiya.edu,Ronak Hamir Kapadia,5,"[Software Testing,Software Testing,Artificial Intelligence,Artificial Intelligence,Web Services,Web Services,Security in Computing,Security in Computing,Design Thinking,E2: Next Gen Databases,E2: Next Gen Databases,Game Programming,Game Programming]","[Theory,Practical,Theory,Practical,Theory,Practical,Theory,Practical,Theory,Theory,Practical,Theory,Practical]",Bachelor of Science (Information Technology) Honour,31011022043,"[1,1,1,1,1,1,1,1,1,1,1,1,1]"
