email,name,semester,subjects,subjectType,course,seatNumber,batch
niharika.anand@somaiya.edu,Niharika  Anand,1,"[Goods and Services Marketing,Advertising,Corporate Accounting,Financial Markets and Services,Human Resource Management,Organizational Behaviour,French,German,Spanish,Management and Communication skills,Fundamental of technical Skills,Fundamental of technical Skills,Business Economics,Constitution and Public Policy]","[Theory,Theory,Theory,Theory,Theory,Theory,Theory,Theory,Theory,Theory,Theory,Practical,Theory,Theory]",Bachelor of Business Administration,31010724001,"[1,1,1,1,1,1,1,1,1,1,1,1,1,1]"
shirin.ia@somaiya.edu,Shirin Irfan Ansari,1,"[Goods and Services Marketing,Advertising,Corporate Accounting,Financial Markets and Services,Human Resource Management,Organizational Behaviour,French,German,Spanish,Management and Communication skills,Fundamental of technical Skills,Fundamental of technical Skills,Business Economics,Constitution and Public Policy]","[Theory,Theory,Theory,Theory,Theory,Theory,Theory,Theory,Theory,Theory,Theory,Practical,Theory,Theory]",Bachelor of Business Administration,31010724002,"[1,1,1,1,1,1,1,1,1,1,1,1,1,1]"
prerak.arya@somaiya.edu,Prerak  Arya,1,"[Goods and Services Marketing,Advertising,Corporate Accounting,Financial Markets and Services,Human Resource Management,Organizational Behaviour,French,German,Spanish,Management and Communication skills,Fundamental of technical Skills,Fundamental of technical Skills,Business Economics,Constitution and Public Policy]","[Theory,Theory,Theory,Theory,Theory,Theory,Theory,Theory,Theory,Theory,Theory,Practical,Theory,Theory]",Bachelor of Business Administration,31010724003,"[1,1,1,1,1,1,1,1,1,1,1,1,1,1]"
p.ayyagari@somaiya.edu,Priyanka  Ayyagari,1,"[Goods and Services Marketing,Advertising,Corporate Accounting,Financial Markets and Services,Human Resource Management,Organizational Behaviour,French,German,Spanish,Management and Communication skills,Fundamental of technical Skills,Fundamental of technical Skills,Business Economics,Constitution and Public Policy]","[Theory,Theory,Theory,Theory,Theory,Theory,Theory,Theory,Theory,Theory,Theory,Practical,Theory,Theory]",Bachelor of Business Administration,31010724004,"[1,1,1,1,1,1,1,1,1,1,1,1,1,1]"
vrat.bagla@somaiya.edu,Vrat Sanjay Bagla,1,"[Goods and Services Marketing,Advertising,Corporate Accounting,Financial Markets and Services,Human Resource Management,Organizational Behaviour,French,German,Spanish,Management and Communication skills,Fundamental of technical Skills,Fundamental of technical Skills,Business Economics,Constitution and Public Policy]","[Theory,Theory,Theory,Theory,Theory,Theory,Theory,Theory,Theory,Theory,Theory,Practical,Theory,Theory]",Bachelor of Business Administration,31010724005,"[1,1,1,1,1,1,1,1,1,1,1,1,1,1]"
aarya.bharade@somaiya.edu,Aarya Sandeep Bharade,1,"[Goods and Services Marketing,Advertising,Corporate Accounting,Financial Markets and Services,Human Resource Management,Organizational Behaviour,French,German,Spanish,Management and Communication skills,Fundamental of technical Skills,Fundamental of technical Skills,Business Economics,Constitution and Public Policy]","[Theory,Theory,Theory,Theory,Theory,Theory,Theory,Theory,Theory,Theory,Theory,Practical,Theory,Theory]",Bachelor of Business Administration,31010724007,"[1,1,1,1,1,1,1,1,1,1,1,1,1,1]"
anushka.bordia@somaiya.edu,Anushka  Bordia,1,"[Goods and Services Marketing,Advertising,Corporate Accounting,Financial Markets and Services,Human Resource Management,Organizational Behaviour,French,German,Spanish,Management and Communication skills,Fundamental of technical Skills,Fundamental of technical Skills,Business Economics,Constitution and Public Policy]","[Theory,Theory,Theory,Theory,Theory,Theory,Theory,Theory,Theory,Theory,Theory,Practical,Theory,Theory]",Bachelor of Business Administration,31010724008,"[1,1,1,1,1,1,1,1,1,1,1,1,1,1]"
boricha.s@somaiya.edu,Sakshi  Boricha,1,"[Goods and Services Marketing,Advertising,Corporate Accounting,Financial Markets and Services,Human Resource Management,Organizational Behaviour,French,German,Spanish,Management and Communication skills,Fundamental of technical Skills,Fundamental of technical Skills,Business Economics,Constitution and Public Policy]","[Theory,Theory,Theory,Theory,Theory,Theory,Theory,Theory,Theory,Theory,Theory,Practical,Theory,Theory]",Bachelor of Business Administration,31010724009,"[1,1,1,1,1,1,1,1,1,1,1,1,1,1]"
azad.chaubey@somaiya.edu,Azad Udit Chaubey,1,"[Goods and Services Marketing,Advertising,Corporate Accounting,Financial Markets and Services,Human Resource Management,Organizational Behaviour,French,German,Spanish,Management and Communication skills,Fundamental of technical Skills,Fundamental of technical Skills,Business Economics,Constitution and Public Policy]","[Theory,Theory,Theory,Theory,Theory,Theory,Theory,Theory,Theory,Theory,Theory,Practical,Theory,Theory]",Bachelor of Business Administration,31010724010,"[1,1,1,1,1,1,1,1,1,1,1,1,1,1]"
zeel.c@somaiya.edu,Zeel Dharmesh Chheda,1,"[Goods and Services Marketing,Advertising,Corporate Accounting,Financial Markets and Services,Human Resource Management,Organizational Behaviour,French,German,Spanish,Management and Communication skills,Fundamental of technical Skills,Fundamental of technical Skills,Business Economics,Constitution and Public Policy]","[Theory,Theory,Theory,Theory,Theory,Theory,Theory,Theory,Theory,Theory,Theory,Practical,Theory,Theory]",Bachelor of Business Administration,31010724011,"[1,1,1,1,1,1,1,1,1,1,1,1,1,1]"
himanshu.c@somaiya.edu,Himanshu Kailash Choudhary,1,"[Goods and Services Marketing,Advertising,Corporate Accounting,Financial Markets and Services,Human Resource Management,Organizational Behaviour,French,German,Spanish,Management and Communication skills,Fundamental of technical Skills,Fundamental of technical Skills,Business Economics,Constitution and Public Policy]","[Theory,Theory,Theory,Theory,Theory,Theory,Theory,Theory,Theory,Theory,Theory,Practical,Theory,Theory]",Bachelor of Business Administration,31010724012,"[1,1,1,1,1,1,1,1,1,1,1,1,1,1]"
jitendrakumar.c@somaiya.edu,Jitendrakumar Poonaram Choudhary,1,"[Goods and Services Marketing,Advertising,Corporate Accounting,Financial Markets and Services,Human Resource Management,Organizational Behaviour,French,German,Spanish,Management and Communication skills,Fundamental of technical Skills,Fundamental of technical Skills,Business Economics,Constitution and Public Policy]","[Theory,Theory,Theory,Theory,Theory,Theory,Theory,Theory,Theory,Theory,Theory,Practical,Theory,Theory]",Bachelor of Business Administration,31010724013,"[1,1,1,1,1,1,1,1,1,1,1,1,1,1]"
vivek.hc@somaiya.edu,Vivek Hiralal Choudhary,1,"[Goods and Services Marketing,Advertising,Corporate Accounting,Financial Markets and Services,Human Resource Management,Organizational Behaviour,French,German,Spanish,Management and Communication skills,Fundamental of technical Skills,Fundamental of technical Skills,Business Economics,Constitution and Public Policy]","[Theory,Theory,Theory,Theory,Theory,Theory,Theory,Theory,Theory,Theory,Theory,Practical,Theory,Theory]",Bachelor of Business Administration,31010724014,"[1,1,1,1,1,1,1,1,1,1,1,1,1,1]"
sneha.md@somaiya.edu,Sneha Manas Das,1,"[Goods and Services Marketing,Advertising,Corporate Accounting,Financial Markets and Services,Human Resource Management,Organizational Behaviour,French,German,Spanish,Management and Communication skills,Fundamental of technical Skills,Fundamental of technical Skills,Business Economics,Constitution and Public Policy]","[Theory,Theory,Theory,Theory,Theory,Theory,Theory,Theory,Theory,Theory,Theory,Practical,Theory,Theory]",Bachelor of Business Administration,31010724015,"[1,1,1,1,1,1,1,1,1,1,1,1,1,1]"
krish.devda@somaiya.edu,Krish  Devda,1,"[Goods and Services Marketing,Advertising,Corporate Accounting,Financial Markets and Services,Human Resource Management,Organizational Behaviour,French,German,Spanish,Management and Communication skills,Fundamental of technical Skills,Fundamental of technical Skills,Business Economics,Constitution and Public Policy]","[Theory,Theory,Theory,Theory,Theory,Theory,Theory,Theory,Theory,Theory,Theory,Practical,Theory,Theory]",Bachelor of Business Administration,31010724016,"[1,1,1,1,1,1,1,1,1,1,1,1,1,1]"
neeta.dewasi@somaiya.edu,Neeta Udesh Dewasi,1,"[Goods and Services Marketing,Advertising,Corporate Accounting,Financial Markets and Services,Human Resource Management,Organizational Behaviour,French,German,Spanish,Management and Communication skills,Fundamental of technical Skills,Fundamental of technical Skills,Business Economics,Constitution and Public Policy]","[Theory,Theory,Theory,Theory,Theory,Theory,Theory,Theory,Theory,Theory,Theory,Practical,Theory,Theory]",Bachelor of Business Administration,31010724017,"[1,1,1,1,1,1,1,1,1,1,1,1,1,1]"
nishka.doshi@somaiya.edu,Nishka Himanshu Doshi,1,"[Goods and Services Marketing,Advertising,Corporate Accounting,Financial Markets and Services,Human Resource Management,Organizational Behaviour,French,German,Spanish,Management and Communication skills,Fundamental of technical Skills,Fundamental of technical Skills,Business Economics,Constitution and Public Policy]","[Theory,Theory,Theory,Theory,Theory,Theory,Theory,Theory,Theory,Theory,Theory,Practical,Theory,Theory]",Bachelor of Business Administration,31010724018,"[1,1,1,1,1,1,1,1,1,1,1,1,1,1]"
prajwal.dubewar@somaiya.edu,Prajwal Girish Dubewar,1,"[Goods and Services Marketing,Advertising,Corporate Accounting,Financial Markets and Services,Human Resource Management,Organizational Behaviour,French,German,Spanish,Management and Communication skills,Fundamental of technical Skills,Fundamental of technical Skills,Business Economics,Constitution and Public Policy]","[Theory,Theory,Theory,Theory,Theory,Theory,Theory,Theory,Theory,Theory,Theory,Practical,Theory,Theory]",Bachelor of Business Administration,31010724019,"[1,1,1,1,1,1,1,1,1,1,1,1,1,1]"
sparsh.dvivedi@somaiya.edu,Sparsh Sanjay Dvivedi,1,"[Goods and Services Marketing,Advertising,Corporate Accounting,Financial Markets and Services,Human Resource Management,Organizational Behaviour,French,German,Spanish,Management and Communication skills,Fundamental of technical Skills,Fundamental of technical Skills,Business Economics,Constitution and Public Policy]","[Theory,Theory,Theory,Theory,Theory,Theory,Theory,Theory,Theory,Theory,Theory,Practical,Theory,Theory]",Bachelor of Business Administration,31010724020,"[1,1,1,1,1,1,1,1,1,1,1,1,1,1]"
rasika.f@somaiya.edu,Rasika Prashant Fulwane,1,"[Goods and Services Marketing,Advertising,Corporate Accounting,Financial Markets and Services,Human Resource Management,Organizational Behaviour,French,German,Spanish,Management and Communication skills,Fundamental of technical Skills,Fundamental of technical Skills,Business Economics,Constitution and Public Policy]","[Theory,Theory,Theory,Theory,Theory,Theory,Theory,Theory,Theory,Theory,Theory,Practical,Theory,Theory]",Bachelor of Business Administration,31010724021,"[1,1,1,1,1,1,1,1,1,1,1,1,1,1]"
masumi.g@somaiya.edu,Masumi A Ganatra,1,"[Goods and Services Marketing,Advertising,Corporate Accounting,Financial Markets and Services,Human Resource Management,Organizational Behaviour,French,German,Spanish,Management and Communication skills,Fundamental of technical Skills,Fundamental of technical Skills,Business Economics,Constitution and Public Policy]","[Theory,Theory,Theory,Theory,Theory,Theory,Theory,Theory,Theory,Theory,Theory,Practical,Theory,Theory]",Bachelor of Business Administration,31010724022,"[1,1,1,1,1,1,1,1,1,1,1,1,1,1]"
lashkara.g@somaiya.edu,Lashkara Sanjeev Ganju,1,"[Goods and Services Marketing,Advertising,Corporate Accounting,Financial Markets and Services,Human Resource Management,Organizational Behaviour,French,German,Spanish,Management and Communication skills,Fundamental of technical Skills,Fundamental of technical Skills,Business Economics,Constitution and Public Policy]","[Theory,Theory,Theory,Theory,Theory,Theory,Theory,Theory,Theory,Theory,Theory,Practical,Theory,Theory]",Bachelor of Business Administration,31010724023,"[1,1,1,1,1,1,1,1,1,1,1,1,1,1]"
prachi.gaur@somaiya.edu,Prachi  Gaur,1,"[Goods and Services Marketing,Advertising,Corporate Accounting,Financial Markets and Services,Human Resource Management,Organizational Behaviour,French,German,Spanish,Management and Communication skills,Fundamental of technical Skills,Fundamental of technical Skills,Business Economics,Constitution and Public Policy]","[Theory,Theory,Theory,Theory,Theory,Theory,Theory,Theory,Theory,Theory,Theory,Practical,Theory,Theory]",Bachelor of Business Administration,31010724024,"[1,1,1,1,1,1,1,1,1,1,1,1,1,1]"
utsav.gohil@somaiya.edu,Utsav Pratap Gohil,1,"[Goods and Services Marketing,Advertising,Corporate Accounting,Financial Markets and Services,Human Resource Management,Organizational Behaviour,French,German,Spanish,Management and Communication skills,Fundamental of technical Skills,Fundamental of technical Skills,Business Economics,Constitution and Public Policy]","[Theory,Theory,Theory,Theory,Theory,Theory,Theory,Theory,Theory,Theory,Theory,Practical,Theory,Theory]",Bachelor of Business Administration,31010724025,"[1,1,1,1,1,1,1,1,1,1,1,1,1,1]"
priyal.g@somaiya.edu,Priyal Himanshu Gosalia,1,"[Goods and Services Marketing,Advertising,Corporate Accounting,Financial Markets and Services,Human Resource Management,Organizational Behaviour,French,German,Spanish,Management and Communication skills,Fundamental of technical Skills,Fundamental of technical Skills,Business Economics,Constitution and Public Policy]","[Theory,Theory,Theory,Theory,Theory,Theory,Theory,Theory,Theory,Theory,Theory,Practical,Theory,Theory]",Bachelor of Business Administration,31010724026,"[1,1,1,1,1,1,1,1,1,1,1,1,1,1]"
dhrisha.g@somaiya.edu,Dhrisha Viren Gosrani,1,"[Goods and Services Marketing,Advertising,Corporate Accounting,Financial Markets and Services,Human Resource Management,Organizational Behaviour,French,German,Spanish,Management and Communication skills,Fundamental of technical Skills,Fundamental of technical Skills,Business Economics,Constitution and Public Policy]","[Theory,Theory,Theory,Theory,Theory,Theory,Theory,Theory,Theory,Theory,Theory,Practical,Theory,Theory]",Bachelor of Business Administration,31010724027,"[1,1,1,1,1,1,1,1,1,1,1,1,1,1]"
yashika.h@somaiya.edu,Yashika Jayesh Haria,1,"[Goods and Services Marketing,Advertising,Corporate Accounting,Financial Markets and Services,Human Resource Management,Organizational Behaviour,French,German,Spanish,Management and Communication skills,Fundamental of technical Skills,Fundamental of technical Skills,Business Economics,Constitution and Public Policy]","[Theory,Theory,Theory,Theory,Theory,Theory,Theory,Theory,Theory,Theory,Theory,Practical,Theory,Theory]",Bachelor of Business Administration,31010724028,"[1,1,1,1,1,1,1,1,1,1,1,1,1,1]"
ritika.hegde@somaiya.edu,Ritika Ramesh Hegde,1,"[Goods and Services Marketing,Advertising,Corporate Accounting,Financial Markets and Services,Human Resource Management,Organizational Behaviour,French,German,Spanish,Management and Communication skills,Fundamental of technical Skills,Fundamental of technical Skills,Business Economics,Constitution and Public Policy]","[Theory,Theory,Theory,Theory,Theory,Theory,Theory,Theory,Theory,Theory,Theory,Practical,Theory,Theory]",Bachelor of Business Administration,31010724029,"[1,1,1,1,1,1,1,1,1,1,1,1,1,1]"
preet.hemani@somaiya.edu,Preet Rajesh Hemani,1,"[Goods and Services Marketing,Advertising,Corporate Accounting,Financial Markets and Services,Human Resource Management,Organizational Behaviour,French,German,Spanish,Management and Communication skills,Fundamental of technical Skills,Fundamental of technical Skills,Business Economics,Constitution and Public Policy]","[Theory,Theory,Theory,Theory,Theory,Theory,Theory,Theory,Theory,Theory,Theory,Practical,Theory,Theory]",Bachelor of Business Administration,31010724030,"[1,1,1,1,1,1,1,1,1,1,1,1,1,1]"
manan.jain1@somaiya.edu,Manan Amit Jain,1,"[Goods and Services Marketing,Advertising,Corporate Accounting,Financial Markets and Services,Human Resource Management,Organizational Behaviour,French,German,Spanish,Management and Communication skills,Fundamental of technical Skills,Fundamental of technical Skills,Business Economics,Constitution and Public Policy]","[Theory,Theory,Theory,Theory,Theory,Theory,Theory,Theory,Theory,Theory,Theory,Practical,Theory,Theory]",Bachelor of Business Administration,31010724031,"[1,1,1,1,1,1,1,1,1,1,1,1,1,1]"
yug.jaju@somaiya.edu,Yug Arunkumar Jaju,1,"[Goods and Services Marketing,Advertising,Corporate Accounting,Financial Markets and Services,Human Resource Management,Organizational Behaviour,French,German,Spanish,Management and Communication skills,Fundamental of technical Skills,Fundamental of technical Skills,Business Economics,Constitution and Public Policy]","[Theory,Theory,Theory,Theory,Theory,Theory,Theory,Theory,Theory,Theory,Theory,Practical,Theory,Theory]",Bachelor of Business Administration,31010724032,"[1,1,1,1,1,1,1,1,1,1,1,1,1,1]"
harsh.jangir@somaiya.edu,Harsh Kirti Jangir,1,"[Goods and Services Marketing,Advertising,Corporate Accounting,Financial Markets and Services,Human Resource Management,Organizational Behaviour,French,German,Spanish,Management and Communication skills,Fundamental of technical Skills,Fundamental of technical Skills,Business Economics,Constitution and Public Policy]","[Theory,Theory,Theory,Theory,Theory,Theory,Theory,Theory,Theory,Theory,Theory,Practical,Theory,Theory]",Bachelor of Business Administration,31010724033,"[1,1,1,1,1,1,1,1,1,1,1,1,1,1]"
drishti.kadakia@somaiya.edu,Drishti Atul Kadakia,1,"[Goods and Services Marketing,Advertising,Corporate Accounting,Financial Markets and Services,Human Resource Management,Organizational Behaviour,French,German,Spanish,Management and Communication skills,Fundamental of technical Skills,Fundamental of technical Skills,Business Economics,Constitution and Public Policy]","[Theory,Theory,Theory,Theory,Theory,Theory,Theory,Theory,Theory,Theory,Theory,Practical,Theory,Theory]",Bachelor of Business Administration,31010724035,"[1,1,1,1,1,1,1,1,1,1,1,1,1,1]"
nakshi.karia@somaiya.edu,Nakshi Vipin Karia,1,"[Goods and Services Marketing,Advertising,Corporate Accounting,Financial Markets and Services,Human Resource Management,Organizational Behaviour,French,German,Spanish,Management and Communication skills,Fundamental of technical Skills,Fundamental of technical Skills,Business Economics,Constitution and Public Policy]","[Theory,Theory,Theory,Theory,Theory,Theory,Theory,Theory,Theory,Theory,Theory,Practical,Theory,Theory]",Bachelor of Business Administration,31010724036,"[1,1,1,1,1,1,1,1,1,1,1,1,1,1]"
vijay.karthick@somaiya.edu,Vijay Vijay Karthick,1,"[Goods and Services Marketing,Advertising,Corporate Accounting,Financial Markets and Services,Human Resource Management,Organizational Behaviour,French,German,Spanish,Management and Communication skills,Fundamental of technical Skills,Fundamental of technical Skills,Business Economics,Constitution and Public Policy]","[Theory,Theory,Theory,Theory,Theory,Theory,Theory,Theory,Theory,Theory,Theory,Practical,Theory,Theory]",Bachelor of Business Administration,31010724037,"[1,1,1,1,1,1,1,1,1,1,1,1,1,1]"
soham.rk@somaiya.edu,Soham Rajesh Kasar,1,"[Goods and Services Marketing,Advertising,Corporate Accounting,Financial Markets and Services,Human Resource Management,Organizational Behaviour,French,German,Spanish,Management and Communication skills,Fundamental of technical Skills,Fundamental of technical Skills,Business Economics,Constitution and Public Policy]","[Theory,Theory,Theory,Theory,Theory,Theory,Theory,Theory,Theory,Theory,Theory,Practical,Theory,Theory]",Bachelor of Business Administration,31010724038,"[1,1,1,1,1,1,1,1,1,1,1,1,1,1]"
sara.khandar@somaiya.edu,Sara Shishir Khandar,1,"[Goods and Services Marketing,Advertising,Corporate Accounting,Financial Markets and Services,Human Resource Management,Organizational Behaviour,French,German,Spanish,Management and Communication skills,Fundamental of technical Skills,Fundamental of technical Skills,Business Economics,Constitution and Public Policy]","[Theory,Theory,Theory,Theory,Theory,Theory,Theory,Theory,Theory,Theory,Theory,Practical,Theory,Theory]",Bachelor of Business Administration,31010724039,"[1,1,1,1,1,1,1,1,1,1,1,1,1,1]"
s.khandelwal@somaiya.edu,Suhani Ravindra Khandelwal,1,"[Goods and Services Marketing,Advertising,Corporate Accounting,Financial Markets and Services,Human Resource Management,Organizational Behaviour,French,German,Spanish,Management and Communication skills,Fundamental of technical Skills,Fundamental of technical Skills,Business Economics,Constitution and Public Policy]","[Theory,Theory,Theory,Theory,Theory,Theory,Theory,Theory,Theory,Theory,Theory,Practical,Theory,Theory]",Bachelor of Business Administration,31010724040,"[1,1,1,1,1,1,1,1,1,1,1,1,1,1]"
aayush.khilari@somaiya.edu,Aayush Mangesh Khilari,1,"[Goods and Services Marketing,Advertising,Corporate Accounting,Financial Markets and Services,Human Resource Management,Organizational Behaviour,French,German,Spanish,Management and Communication skills,Fundamental of technical Skills,Fundamental of technical Skills,Business Economics,Constitution and Public Policy]","[Theory,Theory,Theory,Theory,Theory,Theory,Theory,Theory,Theory,Theory,Theory,Practical,Theory,Theory]",Bachelor of Business Administration,31010724041,"[1,1,1,1,1,1,1,1,1,1,1,1,1,1]"
shraddha.kondal@somaiya.edu,Shraddha Anjanaya Kondal,1,"[Goods and Services Marketing,Advertising,Corporate Accounting,Financial Markets and Services,Human Resource Management,Organizational Behaviour,French,German,Spanish,Management and Communication skills,Fundamental of technical Skills,Fundamental of technical Skills,Business Economics,Constitution and Public Policy]","[Theory,Theory,Theory,Theory,Theory,Theory,Theory,Theory,Theory,Theory,Theory,Practical,Theory,Theory]",Bachelor of Business Administration,31010724042,"[1,1,1,1,1,1,1,1,1,1,1,1,1,1]"
veer.kumawat@somaiya.edu,Veer Pritam Kumawat,1,"[Goods and Services Marketing,Advertising,Corporate Accounting,Financial Markets and Services,Human Resource Management,Organizational Behaviour,French,German,Spanish,Management and Communication skills,Fundamental of technical Skills,Fundamental of technical Skills,Business Economics,Constitution and Public Policy]","[Theory,Theory,Theory,Theory,Theory,Theory,Theory,Theory,Theory,Theory,Theory,Practical,Theory,Theory]",Bachelor of Business Administration,31010724043,"[1,1,1,1,1,1,1,1,1,1,1,1,1,1]"
khushi.limbachia@somaiya.edu,Khushi Rakesh Limbachia,1,"[Goods and Services Marketing,Advertising,Corporate Accounting,Financial Markets and Services,Human Resource Management,Organizational Behaviour,French,German,Spanish,Management and Communication skills,Fundamental of technical Skills,Fundamental of technical Skills,Business Economics,Constitution and Public Policy]","[Theory,Theory,Theory,Theory,Theory,Theory,Theory,Theory,Theory,Theory,Theory,Practical,Theory,Theory]",Bachelor of Business Administration,31010724044,"[1,1,1,1,1,1,1,1,1,1,1,1,1,1]"
bhavesh.lohiya@somaiya.edu,Bhavesh Sandeep Lohiya,1,"[Goods and Services Marketing,Advertising,Corporate Accounting,Financial Markets and Services,Human Resource Management,Organizational Behaviour,French,German,Spanish,Management and Communication skills,Fundamental of technical Skills,Fundamental of technical Skills,Business Economics,Constitution and Public Policy]","[Theory,Theory,Theory,Theory,Theory,Theory,Theory,Theory,Theory,Theory,Theory,Practical,Theory,Theory]",Bachelor of Business Administration,31010724045,"[1,1,1,1,1,1,1,1,1,1,1,1,1,1]"
akshat.dm@somaiya.edu,Akshat Deepak Mehta,1,"[Goods and Services Marketing,Advertising,Corporate Accounting,Financial Markets and Services,Human Resource Management,Organizational Behaviour,French,German,Spanish,Management and Communication skills,Fundamental of technical Skills,Fundamental of technical Skills,Business Economics,Constitution and Public Policy]","[Theory,Theory,Theory,Theory,Theory,Theory,Theory,Theory,Theory,Theory,Theory,Practical,Theory,Theory]",Bachelor of Business Administration,31010724046,"[1,1,1,1,1,1,1,1,1,1,1,1,1,1]"
anishkaa.m@somaiya.edu,Anishkaa Sharad Mehta,1,"[Goods and Services Marketing,Advertising,Corporate Accounting,Financial Markets and Services,Human Resource Management,Organizational Behaviour,French,German,Spanish,Management and Communication skills,Fundamental of technical Skills,Fundamental of technical Skills,Business Economics,Constitution and Public Policy]","[Theory,Theory,Theory,Theory,Theory,Theory,Theory,Theory,Theory,Theory,Theory,Practical,Theory,Theory]",Bachelor of Business Administration,31010724047,"[1,1,1,1,1,1,1,1,1,1,1,1,1,1]"
aarav.mittal@somaiya.edu,Aarav  Mittal,1,"[Goods and Services Marketing,Advertising,Corporate Accounting,Financial Markets and Services,Human Resource Management,Organizational Behaviour,French,German,Spanish,Management and Communication skills,Fundamental of technical Skills,Fundamental of technical Skills,Business Economics,Constitution and Public Policy]","[Theory,Theory,Theory,Theory,Theory,Theory,Theory,Theory,Theory,Theory,Theory,Practical,Theory,Theory]",Bachelor of Business Administration,31010724048,"[1,1,1,1,1,1,1,1,1,1,1,1,1,1]"
raashi.more@somaiya.edu,Raashi Ravindra More,1,"[Goods and Services Marketing,Advertising,Corporate Accounting,Financial Markets and Services,Human Resource Management,Organizational Behaviour,French,German,Spanish,Management and Communication skills,Fundamental of technical Skills,Fundamental of technical Skills,Business Economics,Constitution and Public Policy]","[Theory,Theory,Theory,Theory,Theory,Theory,Theory,Theory,Theory,Theory,Theory,Practical,Theory,Theory]",Bachelor of Business Administration,31010724049,"[1,1,1,1,1,1,1,1,1,1,1,1,1,1]"
shubh.kn@somaiya.edu,Shubh Kalpesh Nagda,1,"[Goods and Services Marketing,Advertising,Corporate Accounting,Financial Markets and Services,Human Resource Management,Organizational Behaviour,French,German,Spanish,Management and Communication skills,Fundamental of technical Skills,Fundamental of technical Skills,Business Economics,Constitution and Public Policy]","[Theory,Theory,Theory,Theory,Theory,Theory,Theory,Theory,Theory,Theory,Theory,Practical,Theory,Theory]",Bachelor of Business Administration,31010724050,"[1,1,1,1,1,1,1,1,1,1,1,2,1,1]"
pranjal.nagvekar@somaiya.edu,Pranjal Jeetendra Nagvekar,1,"[Goods and Services Marketing,Advertising,Corporate Accounting,Financial Markets and Services,Human Resource Management,Organizational Behaviour,French,German,Spanish,Management and Communication skills,Fundamental of technical Skills,Fundamental of technical Skills,Business Economics,Constitution and Public Policy]","[Theory,Theory,Theory,Theory,Theory,Theory,Theory,Theory,Theory,Theory,Theory,Practical,Theory,Theory]",Bachelor of Business Administration,31010724051,"[1,1,1,1,1,1,1,1,1,1,1,2,1,1]"
krisha.nair@somaiya.edu,Krisha Sanjeev Nair,1,"[Goods and Services Marketing,Advertising,Corporate Accounting,Financial Markets and Services,Human Resource Management,Organizational Behaviour,French,German,Spanish,Management and Communication skills,Fundamental of technical Skills,Fundamental of technical Skills,Business Economics,Constitution and Public Policy]","[Theory,Theory,Theory,Theory,Theory,Theory,Theory,Theory,Theory,Theory,Theory,Practical,Theory,Theory]",Bachelor of Business Administration,31010724052,"[1,1,1,1,1,1,1,1,1,1,1,2,1,1]"
vritikka.n@somaiya.edu,Vritikka Dinesh Nair,1,"[Goods and Services Marketing,Advertising,Corporate Accounting,Financial Markets and Services,Human Resource Management,Organizational Behaviour,French,German,Spanish,Management and Communication skills,Fundamental of technical Skills,Fundamental of technical Skills,Business Economics,Constitution and Public Policy]","[Theory,Theory,Theory,Theory,Theory,Theory,Theory,Theory,Theory,Theory,Theory,Practical,Theory,Theory]",Bachelor of Business Administration,31010724053,"[1,1,1,1,1,1,1,1,1,1,1,2,1,1]"
veer.ogale@somaiya.edu,Veer Ashish Ogale,1,"[Goods and Services Marketing,Advertising,Corporate Accounting,Financial Markets and Services,Human Resource Management,Organizational Behaviour,French,German,Spanish,Management and Communication skills,Fundamental of technical Skills,Fundamental of technical Skills,Business Economics,Constitution and Public Policy]","[Theory,Theory,Theory,Theory,Theory,Theory,Theory,Theory,Theory,Theory,Theory,Practical,Theory,Theory]",Bachelor of Business Administration,31010724054,"[1,1,1,1,1,1,1,1,1,1,1,2,1,1]"
parmar.mk@somaiya.edu,Meet Kapoorchand Parmar,1,"[Goods and Services Marketing,Advertising,Corporate Accounting,Financial Markets and Services,Human Resource Management,Organizational Behaviour,French,German,Spanish,Management and Communication skills,Fundamental of technical Skills,Fundamental of technical Skills,Business Economics,Constitution and Public Policy]","[Theory,Theory,Theory,Theory,Theory,Theory,Theory,Theory,Theory,Theory,Theory,Practical,Theory,Theory]",Bachelor of Business Administration,31010724055,"[1,1,1,1,1,1,1,1,1,1,1,2,1,1]"
parmar.ys@somaiya.edu,Yash Sanjay Parmar,1,"[Goods and Services Marketing,Advertising,Corporate Accounting,Financial Markets and Services,Human Resource Management,Organizational Behaviour,French,German,Spanish,Management and Communication skills,Fundamental of technical Skills,Fundamental of technical Skills,Business Economics,Constitution and Public Policy]","[Theory,Theory,Theory,Theory,Theory,Theory,Theory,Theory,Theory,Theory,Theory,Practical,Theory,Theory]",Bachelor of Business Administration,31010724056,"[1,1,1,1,1,1,1,1,1,1,1,2,1,1]"
patil.pv@somaiya.edu,Parth Vivek Patil,1,"[Goods and Services Marketing,Advertising,Corporate Accounting,Financial Markets and Services,Human Resource Management,Organizational Behaviour,French,German,Spanish,Management and Communication skills,Fundamental of technical Skills,Fundamental of technical Skills,Business Economics,Constitution and Public Policy]","[Theory,Theory,Theory,Theory,Theory,Theory,Theory,Theory,Theory,Theory,Theory,Practical,Theory,Theory]",Bachelor of Business Administration,31010724057,"[1,1,1,1,1,1,1,1,1,1,1,2,1,1]"
shivam.ar@somaiya.edu,Shivam Anil Rane,1,"[Goods and Services Marketing,Advertising,Corporate Accounting,Financial Markets and Services,Human Resource Management,Organizational Behaviour,French,German,Spanish,Management and Communication skills,Fundamental of technical Skills,Fundamental of technical Skills,Business Economics,Constitution and Public Policy]","[Theory,Theory,Theory,Theory,Theory,Theory,Theory,Theory,Theory,Theory,Theory,Practical,Theory,Theory]",Bachelor of Business Administration,31010724058,"[1,1,1,1,1,1,1,1,1,1,1,2,1,1]"
parleen.s@somaiya.edu,Parleen  Saini,1,"[Goods and Services Marketing,Advertising,Corporate Accounting,Financial Markets and Services,Human Resource Management,Organizational Behaviour,French,German,Spanish,Management and Communication skills,Fundamental of technical Skills,Fundamental of technical Skills,Business Economics,Constitution and Public Policy]","[Theory,Theory,Theory,Theory,Theory,Theory,Theory,Theory,Theory,Theory,Theory,Practical,Theory,Theory]",Bachelor of Business Administration,31010724059,"[1,1,1,1,1,1,1,1,1,1,1,2,1,1]"
dhruvi.salecha@somaiya.edu,Dhruvi Rajendra Salecha,1,"[Goods and Services Marketing,Advertising,Corporate Accounting,Financial Markets and Services,Human Resource Management,Organizational Behaviour,French,German,Spanish,Management and Communication skills,Fundamental of technical Skills,Fundamental of technical Skills,Business Economics,Constitution and Public Policy]","[Theory,Theory,Theory,Theory,Theory,Theory,Theory,Theory,Theory,Theory,Theory,Practical,Theory,Theory]",Bachelor of Business Administration,31010724060,"[1,1,1,1,1,1,1,1,1,1,1,2,1,1]"
chaitrali.as@somaiya.edu,Chaitrali Abhijit Sawant,1,"[Goods and Services Marketing,Advertising,Corporate Accounting,Financial Markets and Services,Human Resource Management,Organizational Behaviour,French,German,Spanish,Management and Communication skills,Fundamental of technical Skills,Fundamental of technical Skills,Business Economics,Constitution and Public Policy]","[Theory,Theory,Theory,Theory,Theory,Theory,Theory,Theory,Theory,Theory,Theory,Practical,Theory,Theory]",Bachelor of Business Administration,31010724061,"[1,1,1,1,1,1,1,1,1,1,1,2,1,1]"
aaditya.sehgal@somaiya.edu,Aaditya Parveen Sehgal,1,"[Goods and Services Marketing,Advertising,Corporate Accounting,Financial Markets and Services,Human Resource Management,Organizational Behaviour,French,German,Spanish,Management and Communication skills,Fundamental of technical Skills,Fundamental of technical Skills,Business Economics,Constitution and Public Policy]","[Theory,Theory,Theory,Theory,Theory,Theory,Theory,Theory,Theory,Theory,Theory,Practical,Theory,Theory]",Bachelor of Business Administration,31010724062,"[1,1,1,1,1,1,1,1,1,1,1,2,1,1]"
ved.sehrawat@somaiya.edu,Ved  Sehrawat,1,"[Goods and Services Marketing,Advertising,Corporate Accounting,Financial Markets and Services,Human Resource Management,Organizational Behaviour,French,German,Spanish,Management and Communication skills,Fundamental of technical Skills,Fundamental of technical Skills,Business Economics,Constitution and Public Policy]","[Theory,Theory,Theory,Theory,Theory,Theory,Theory,Theory,Theory,Theory,Theory,Practical,Theory,Theory]",Bachelor of Business Administration,31010724063,"[1,1,1,1,1,1,1,1,1,1,1,2,1,1]"
krishant.s@somaiya.edu,Krishant Naren Shah,1,"[Goods and Services Marketing,Advertising,Corporate Accounting,Financial Markets and Services,Human Resource Management,Organizational Behaviour,French,German,Spanish,Management and Communication skills,Fundamental of technical Skills,Fundamental of technical Skills,Business Economics,Constitution and Public Policy]","[Theory,Theory,Theory,Theory,Theory,Theory,Theory,Theory,Theory,Theory,Theory,Practical,Theory,Theory]",Bachelor of Business Administration,31010724064,"[1,1,1,1,1,1,1,1,1,1,1,2,1,1]"
akanksha.ss@somaiya.edu,Akanksha Shivshankar Sharma,1,"[Goods and Services Marketing,Advertising,Corporate Accounting,Financial Markets and Services,Human Resource Management,Organizational Behaviour,French,German,Spanish,Management and Communication skills,Fundamental of technical Skills,Fundamental of technical Skills,Business Economics,Constitution and Public Policy]","[Theory,Theory,Theory,Theory,Theory,Theory,Theory,Theory,Theory,Theory,Theory,Practical,Theory,Theory]",Bachelor of Business Administration,31010724065,"[1,1,1,1,1,1,1,1,1,1,1,2,1,1]"
arnav23@somaiya.edu,Arnav Amit Sharma,1,"[Goods and Services Marketing,Advertising,Corporate Accounting,Financial Markets and Services,Human Resource Management,Organizational Behaviour,French,German,Spanish,Management and Communication skills,Fundamental of technical Skills,Fundamental of technical Skills,Business Economics,Constitution and Public Policy]","[Theory,Theory,Theory,Theory,Theory,Theory,Theory,Theory,Theory,Theory,Theory,Practical,Theory,Theory]",Bachelor of Business Administration,31010724066,"[1,1,1,1,1,1,1,1,1,1,1,2,1,1]"
kartik.ss@somaiya.edu,Kartik Sanjay Sharma,1,"[Goods and Services Marketing,Advertising,Corporate Accounting,Financial Markets and Services,Human Resource Management,Organizational Behaviour,French,German,Spanish,Management and Communication skills,Fundamental of technical Skills,Fundamental of technical Skills,Business Economics,Constitution and Public Policy]","[Theory,Theory,Theory,Theory,Theory,Theory,Theory,Theory,Theory,Theory,Theory,Practical,Theory,Theory]",Bachelor of Business Administration,31010724067,"[1,1,1,1,1,1,1,1,1,1,1,2,1,1]"
sharma.sd@somaiya.edu,Sanskriti Dilip Sharma,1,"[Goods and Services Marketing,Advertising,Corporate Accounting,Financial Markets and Services,Human Resource Management,Organizational Behaviour,French,German,Spanish,Management and Communication skills,Fundamental of technical Skills,Fundamental of technical Skills,Business Economics,Constitution and Public Policy]","[Theory,Theory,Theory,Theory,Theory,Theory,Theory,Theory,Theory,Theory,Theory,Practical,Theory,Theory]",Bachelor of Business Administration,31010724068,"[1,1,1,1,1,1,1,1,1,1,1,2,1,1]"
shivam.shelke@somaiya.edu,Shivam Govind Shelke,1,"[Goods and Services Marketing,Advertising,Corporate Accounting,Financial Markets and Services,Human Resource Management,Organizational Behaviour,French,German,Spanish,Management and Communication skills,Fundamental of technical Skills,Fundamental of technical Skills,Business Economics,Constitution and Public Policy]","[Theory,Theory,Theory,Theory,Theory,Theory,Theory,Theory,Theory,Theory,Theory,Practical,Theory,Theory]",Bachelor of Business Administration,31010724069,"[1,1,1,1,1,1,1,1,1,1,1,2,1,1]"
janam.sheth@somaiya.edu,Janam Rajesh Sheth,1,"[Goods and Services Marketing,Advertising,Corporate Accounting,Financial Markets and Services,Human Resource Management,Organizational Behaviour,French,German,Spanish,Management and Communication skills,Fundamental of technical Skills,Fundamental of technical Skills,Business Economics,Constitution and Public Policy]","[Theory,Theory,Theory,Theory,Theory,Theory,Theory,Theory,Theory,Theory,Theory,Practical,Theory,Theory]",Bachelor of Business Administration,31010724070,"[1,1,1,1,1,1,1,1,1,1,1,2,1,1]"
shewale.p@somaiya.edu,Prathamesh Kishor Shewale,1,"[Goods and Services Marketing,Advertising,Corporate Accounting,Financial Markets and Services,Human Resource Management,Organizational Behaviour,French,German,Spanish,Management and Communication skills,Fundamental of technical Skills,Fundamental of technical Skills,Business Economics,Constitution and Public Policy]","[Theory,Theory,Theory,Theory,Theory,Theory,Theory,Theory,Theory,Theory,Theory,Practical,Theory,Theory]",Bachelor of Business Administration,31010724071,"[1,1,1,1,1,1,1,1,1,1,1,2,1,1]"
ss47@somaiya.edu,Siddhi  Shrivastava,1,"[Goods and Services Marketing,Advertising,Corporate Accounting,Financial Markets and Services,Human Resource Management,Organizational Behaviour,French,German,Spanish,Management and Communication skills,Fundamental of technical Skills,Fundamental of technical Skills,Business Economics,Constitution and Public Policy]","[Theory,Theory,Theory,Theory,Theory,Theory,Theory,Theory,Theory,Theory,Theory,Practical,Theory,Theory]",Bachelor of Business Administration,31010724072,"[1,1,1,1,1,1,1,1,1,1,1,2,1,1]"
abhi.agarwal@somaiya.edu,Abhi  Agarwal,1,"[Goods and Services Marketing,Advertising,Corporate Accounting,Financial Markets and Services,Human Resource Management,Organizational Behaviour,French,German,Spanish,Management and Communication skills,Fundamental of technical Skills,Fundamental of technical Skills,Business Economics,Constitution and Public Policy]","[Theory,Theory,Theory,Theory,Theory,Theory,Theory,Theory,Theory,Theory,Theory,Practical,Theory,Theory]",Bachelor of Business Administration,31010724073,"[1,1,1,1,1,1,1,1,1,1,1,2,1,1]"
n.agrawal@somaiya.edu,Neel Rahul Agrawal,1,"[Goods and Services Marketing,Advertising,Corporate Accounting,Financial Markets and Services,Human Resource Management,Organizational Behaviour,French,German,Spanish,Management and Communication skills,Fundamental of technical Skills,Fundamental of technical Skills,Business Economics,Constitution and Public Policy]","[Theory,Theory,Theory,Theory,Theory,Theory,Theory,Theory,Theory,Theory,Theory,Practical,Theory,Theory]",Bachelor of Business Administration,31010724074,"[1,1,1,1,1,1,1,1,1,1,1,2,1,1]"
shaurika.b@somaiya.edu,Shaurika Abhijit Bagul,1,"[Goods and Services Marketing,Advertising,Corporate Accounting,Financial Markets and Services,Human Resource Management,Organizational Behaviour,French,German,Spanish,Management and Communication skills,Fundamental of technical Skills,Fundamental of technical Skills,Business Economics,Constitution and Public Policy]","[Theory,Theory,Theory,Theory,Theory,Theory,Theory,Theory,Theory,Theory,Theory,Practical,Theory,Theory]",Bachelor of Business Administration,31010724075,"[1,1,1,1,1,1,1,1,1,1,1,2,1,1]"
vedant.nb@somaiya.edu,Vedant Nilesh Bhanushali,1,"[Goods and Services Marketing,Advertising,Corporate Accounting,Financial Markets and Services,Human Resource Management,Organizational Behaviour,French,German,Spanish,Management and Communication skills,Fundamental of technical Skills,Fundamental of technical Skills,Business Economics,Constitution and Public Policy]","[Theory,Theory,Theory,Theory,Theory,Theory,Theory,Theory,Theory,Theory,Theory,Practical,Theory,Theory]",Bachelor of Business Administration,31010724076,"[1,1,1,1,1,1,1,1,1,1,1,2,1,1]"
sarthak.bhatia@somaiya.edu,Sarthak Deelip Bhatia,1,"[Goods and Services Marketing,Advertising,Corporate Accounting,Financial Markets and Services,Human Resource Management,Organizational Behaviour,French,German,Spanish,Management and Communication skills,Fundamental of technical Skills,Fundamental of technical Skills,Business Economics,Constitution and Public Policy]","[Theory,Theory,Theory,Theory,Theory,Theory,Theory,Theory,Theory,Theory,Theory,Practical,Theory,Theory]",Bachelor of Business Administration,31010724077,"[1,1,1,1,1,1,1,1,1,1,1,2,1,1]"
om.bhavsar@somaiya.edu,Om Vijay Bhavsar,1,"[Goods and Services Marketing,Advertising,Corporate Accounting,Financial Markets and Services,Human Resource Management,Organizational Behaviour,French,German,Spanish,Management and Communication skills,Fundamental of technical Skills,Fundamental of technical Skills,Business Economics,Constitution and Public Policy]","[Theory,Theory,Theory,Theory,Theory,Theory,Theory,Theory,Theory,Theory,Theory,Practical,Theory,Theory]",Bachelor of Business Administration,31010724078,"[1,1,1,1,1,1,1,1,1,1,1,2,1,1]"
trupthi.b@somaiya.edu,Trupthi  Biradar,1,"[Goods and Services Marketing,Advertising,Corporate Accounting,Financial Markets and Services,Human Resource Management,Organizational Behaviour,French,German,Spanish,Management and Communication skills,Fundamental of technical Skills,Fundamental of technical Skills,Business Economics,Constitution and Public Policy]","[Theory,Theory,Theory,Theory,Theory,Theory,Theory,Theory,Theory,Theory,Theory,Practical,Theory,Theory]",Bachelor of Business Administration,31010724079,"[1,1,1,1,1,1,1,1,1,1,1,2,1,1]"
jiya.c@somaiya.edu,Jiya Prasad Chaphekar,1,"[Goods and Services Marketing,Advertising,Corporate Accounting,Financial Markets and Services,Human Resource Management,Organizational Behaviour,French,German,Spanish,Management and Communication skills,Fundamental of technical Skills,Fundamental of technical Skills,Business Economics,Constitution and Public Policy]","[Theory,Theory,Theory,Theory,Theory,Theory,Theory,Theory,Theory,Theory,Theory,Practical,Theory,Theory]",Bachelor of Business Administration,31010724081,"[1,1,1,1,1,1,1,1,1,1,1,2,1,1]"
ravi.chowdhary@somaiya.edu,Ravi Mukesh Chowdhary,1,"[Goods and Services Marketing,Advertising,Corporate Accounting,Financial Markets and Services,Human Resource Management,Organizational Behaviour,French,German,Spanish,Management and Communication skills,Fundamental of technical Skills,Fundamental of technical Skills,Business Economics,Constitution and Public Policy]","[Theory,Theory,Theory,Theory,Theory,Theory,Theory,Theory,Theory,Theory,Theory,Practical,Theory,Theory]",Bachelor of Business Administration,31010724082,"[1,1,1,1,1,1,1,1,1,1,1,2,1,1]"
jainam.daga@somaiya.edu,Jainam  Daga,1,"[Goods and Services Marketing,Advertising,Corporate Accounting,Financial Markets and Services,Human Resource Management,Organizational Behaviour,French,German,Spanish,Management and Communication skills,Fundamental of technical Skills,Fundamental of technical Skills,Business Economics,Constitution and Public Policy]","[Theory,Theory,Theory,Theory,Theory,Theory,Theory,Theory,Theory,Theory,Theory,Practical,Theory,Theory]",Bachelor of Business Administration,31010724083,"[1,1,1,1,1,1,1,1,1,1,1,2,1,1]"
samhit.d@somaiya.edu,Samhit  Desabathina,1,"[Goods and Services Marketing,Advertising,Corporate Accounting,Financial Markets and Services,Human Resource Management,Organizational Behaviour,French,German,Spanish,Management and Communication skills,Fundamental of technical Skills,Fundamental of technical Skills,Business Economics,Constitution and Public Policy]","[Theory,Theory,Theory,Theory,Theory,Theory,Theory,Theory,Theory,Theory,Theory,Practical,Theory,Theory]",Bachelor of Business Administration,31010724084,"[1,1,1,1,1,1,1,1,1,1,1,2,1,1]"
arav.desai@somaiya.edu,Arav Amitbhai Desai,1,"[Goods and Services Marketing,Advertising,Corporate Accounting,Financial Markets and Services,Human Resource Management,Organizational Behaviour,French,German,Spanish,Management and Communication skills,Fundamental of technical Skills,Fundamental of technical Skills,Business Economics,Constitution and Public Policy]","[Theory,Theory,Theory,Theory,Theory,Theory,Theory,Theory,Theory,Theory,Theory,Practical,Theory,Theory]",Bachelor of Business Administration,31010724085,"[1,1,1,1,1,1,1,1,1,1,1,2,1,1]"
palak.deshmukh@somaiya.edu,Palak Umesh Deshmukh,1,"[Goods and Services Marketing,Advertising,Corporate Accounting,Financial Markets and Services,Human Resource Management,Organizational Behaviour,French,German,Spanish,Management and Communication skills,Fundamental of technical Skills,Fundamental of technical Skills,Business Economics,Constitution and Public Policy]","[Theory,Theory,Theory,Theory,Theory,Theory,Theory,Theory,Theory,Theory,Theory,Practical,Theory,Theory]",Bachelor of Business Administration,31010724086,"[1,1,1,1,1,1,1,1,1,1,1,2,1,1]"
swarali.deshmukh@somaiya.edu,Swarali  Deshmukh,1,"[Goods and Services Marketing,Advertising,Corporate Accounting,Financial Markets and Services,Human Resource Management,Organizational Behaviour,French,German,Spanish,Management and Communication skills,Fundamental of technical Skills,Fundamental of technical Skills,Business Economics,Constitution and Public Policy]","[Theory,Theory,Theory,Theory,Theory,Theory,Theory,Theory,Theory,Theory,Theory,Practical,Theory,Theory]",Bachelor of Business Administration,31010724087,"[1,1,1,1,1,1,1,1,1,1,1,2,1,1]"
s.devadiga@somaiya.edu,Samiksha Rama Devadiga,1,"[Goods and Services Marketing,Advertising,Corporate Accounting,Financial Markets and Services,Human Resource Management,Organizational Behaviour,French,German,Spanish,Management and Communication skills,Fundamental of technical Skills,Fundamental of technical Skills,Business Economics,Constitution and Public Policy]","[Theory,Theory,Theory,Theory,Theory,Theory,Theory,Theory,Theory,Theory,Theory,Practical,Theory,Theory]",Bachelor of Business Administration,31010724088,"[1,1,1,1,1,1,1,1,1,1,1,2,1,1]"
pooja.dhoka@somaiya.edu,Pooja Praveen Dhoka,1,"[Goods and Services Marketing,Advertising,Corporate Accounting,Financial Markets and Services,Human Resource Management,Organizational Behaviour,French,German,Spanish,Management and Communication skills,Fundamental of technical Skills,Fundamental of technical Skills,Business Economics,Constitution and Public Policy]","[Theory,Theory,Theory,Theory,Theory,Theory,Theory,Theory,Theory,Theory,Theory,Practical,Theory,Theory]",Bachelor of Business Administration,31010724089,"[1,1,1,1,1,1,1,1,1,1,1,2,1,1]"
pal.dubariya@somaiya.edu,Pal Karshan Dubariya,1,"[Goods and Services Marketing,Advertising,Corporate Accounting,Financial Markets and Services,Human Resource Management,Organizational Behaviour,French,German,Spanish,Management and Communication skills,Fundamental of technical Skills,Fundamental of technical Skills,Business Economics,Constitution and Public Policy]","[Theory,Theory,Theory,Theory,Theory,Theory,Theory,Theory,Theory,Theory,Theory,Practical,Theory,Theory]",Bachelor of Business Administration,31010724090,"[1,1,1,1,1,1,1,1,1,1,1,2,1,1]"
simran.dube@somaiya.edu,Simran Rajesh Dube,1,"[Goods and Services Marketing,Advertising,Corporate Accounting,Financial Markets and Services,Human Resource Management,Organizational Behaviour,French,German,Spanish,Management and Communication skills,Fundamental of technical Skills,Fundamental of technical Skills,Business Economics,Constitution and Public Policy]","[Theory,Theory,Theory,Theory,Theory,Theory,Theory,Theory,Theory,Theory,Theory,Practical,Theory,Theory]",Bachelor of Business Administration,31010724091,"[1,1,1,1,1,1,1,1,1,1,1,2,1,1]"
alankrit.d@somaiya.edu,Alankrit  Dwivedi,1,"[Goods and Services Marketing,Advertising,Corporate Accounting,Financial Markets and Services,Human Resource Management,Organizational Behaviour,French,German,Spanish,Management and Communication skills,Fundamental of technical Skills,Fundamental of technical Skills,Business Economics,Constitution and Public Policy]","[Theory,Theory,Theory,Theory,Theory,Theory,Theory,Theory,Theory,Theory,Theory,Practical,Theory,Theory]",Bachelor of Business Administration,31010724092,"[1,1,1,1,1,1,1,1,1,1,1,2,1,1]"
laksh.faria@somaiya.edu,Laksh Nitin Faria,1,"[Goods and Services Marketing,Advertising,Corporate Accounting,Financial Markets and Services,Human Resource Management,Organizational Behaviour,French,German,Spanish,Management and Communication skills,Fundamental of technical Skills,Fundamental of technical Skills,Business Economics,Constitution and Public Policy]","[Theory,Theory,Theory,Theory,Theory,Theory,Theory,Theory,Theory,Theory,Theory,Practical,Theory,Theory]",Bachelor of Business Administration,31010724093,"[1,1,1,1,1,1,1,1,1,1,1,2,1,1]"
meghnaa.g@somaiya.edu,Meghnaa Mayur Gajra,1,"[Goods and Services Marketing,Advertising,Corporate Accounting,Financial Markets and Services,Human Resource Management,Organizational Behaviour,French,German,Spanish,Management and Communication skills,Fundamental of technical Skills,Fundamental of technical Skills,Business Economics,Constitution and Public Policy]","[Theory,Theory,Theory,Theory,Theory,Theory,Theory,Theory,Theory,Theory,Theory,Practical,Theory,Theory]",Bachelor of Business Administration,31010724094,"[1,1,1,1,1,1,1,1,1,1,1,2,1,1]"
rudra.ganatra@somaiya.edu,Rudra Ketan Ganatra,1,"[Goods and Services Marketing,Advertising,Corporate Accounting,Financial Markets and Services,Human Resource Management,Organizational Behaviour,French,German,Spanish,Management and Communication skills,Fundamental of technical Skills,Fundamental of technical Skills,Business Economics,Constitution and Public Policy]","[Theory,Theory,Theory,Theory,Theory,Theory,Theory,Theory,Theory,Theory,Theory,Practical,Theory,Theory]",Bachelor of Business Administration,31010724095,"[1,1,1,1,1,1,1,1,1,1,1,2,1,1]"
krrish.gohil@somaiya.edu,Krrish Umesh Gohil,1,"[Goods and Services Marketing,Advertising,Corporate Accounting,Financial Markets and Services,Human Resource Management,Organizational Behaviour,French,German,Spanish,Management and Communication skills,Fundamental of technical Skills,Fundamental of technical Skills,Business Economics,Constitution and Public Policy]","[Theory,Theory,Theory,Theory,Theory,Theory,Theory,Theory,Theory,Theory,Theory,Practical,Theory,Theory]",Bachelor of Business Administration,31010724096,"[1,1,1,1,1,1,1,1,1,1,1,2,1,1]"
gupta.pl@somaiya.edu,Pratham Laxmikant Gupta,1,"[Goods and Services Marketing,Advertising,Corporate Accounting,Financial Markets and Services,Human Resource Management,Organizational Behaviour,French,German,Spanish,Management and Communication skills,Fundamental of technical Skills,Fundamental of technical Skills,Business Economics,Constitution and Public Policy]","[Theory,Theory,Theory,Theory,Theory,Theory,Theory,Theory,Theory,Theory,Theory,Practical,Theory,Theory]",Bachelor of Business Administration,31010724097,"[1,1,1,1,1,1,1,1,1,1,1,2,1,1]"
harsh04@somaiya.edu,Harsh Shantaram Jadhav,1,"[Goods and Services Marketing,Advertising,Corporate Accounting,Financial Markets and Services,Human Resource Management,Organizational Behaviour,French,German,Spanish,Management and Communication skills,Fundamental of technical Skills,Fundamental of technical Skills,Business Economics,Constitution and Public Policy]","[Theory,Theory,Theory,Theory,Theory,Theory,Theory,Theory,Theory,Theory,Theory,Practical,Theory,Theory]",Bachelor of Business Administration,31010724098,"[2,2,2,2,2,2,2,2,2,2,2,3,2,2]"
darpan27@somaiya.edu,Darpan  Jain,1,"[Goods and Services Marketing,Advertising,Corporate Accounting,Financial Markets and Services,Human Resource Management,Organizational Behaviour,French,German,Spanish,Management and Communication skills,Fundamental of technical Skills,Fundamental of technical Skills,Business Economics,Constitution and Public Policy]","[Theory,Theory,Theory,Theory,Theory,Theory,Theory,Theory,Theory,Theory,Theory,Practical,Theory,Theory]",Bachelor of Business Administration,31010724099,"[2,2,2,2,2,2,2,2,2,2,2,3,2,2]"
purva.jain@somaiya.edu,Purva Manish Jain,1,"[Goods and Services Marketing,Advertising,Corporate Accounting,Financial Markets and Services,Human Resource Management,Organizational Behaviour,French,German,Spanish,Management and Communication skills,Fundamental of technical Skills,Fundamental of technical Skills,Business Economics,Constitution and Public Policy]","[Theory,Theory,Theory,Theory,Theory,Theory,Theory,Theory,Theory,Theory,Theory,Practical,Theory,Theory]",Bachelor of Business Administration,31010724100,"[2,2,2,2,2,2,2,2,2,2,2,3,2,2]"
simran.javir@somaiya.edu,Simran Jitendra Javir,1,"[Goods and Services Marketing,Advertising,Corporate Accounting,Financial Markets and Services,Human Resource Management,Organizational Behaviour,French,German,Spanish,Management and Communication skills,Fundamental of technical Skills,Fundamental of technical Skills,Business Economics,Constitution and Public Policy]","[Theory,Theory,Theory,Theory,Theory,Theory,Theory,Theory,Theory,Theory,Theory,Practical,Theory,Theory]",Bachelor of Business Administration,31010724101,"[2,2,2,2,2,2,2,2,2,2,2,3,2,2]"
vansh.kachare@somaiya.edu,Vansh Vinod Kachare,1,"[Goods and Services Marketing,Advertising,Corporate Accounting,Financial Markets and Services,Human Resource Management,Organizational Behaviour,French,German,Spanish,Management and Communication skills,Fundamental of technical Skills,Fundamental of technical Skills,Business Economics,Constitution and Public Policy]","[Theory,Theory,Theory,Theory,Theory,Theory,Theory,Theory,Theory,Theory,Theory,Practical,Theory,Theory]",Bachelor of Business Administration,31010724102,"[2,2,2,2,2,2,2,2,2,2,2,3,2,2]"
sdk@somaiya.edu,Shubham Dadasaheb Kadam,1,"[Goods and Services Marketing,Advertising,Corporate Accounting,Financial Markets and Services,Human Resource Management,Organizational Behaviour,French,German,Spanish,Management and Communication skills,Fundamental of technical Skills,Fundamental of technical Skills,Business Economics,Constitution and Public Policy]","[Theory,Theory,Theory,Theory,Theory,Theory,Theory,Theory,Theory,Theory,Theory,Practical,Theory,Theory]",Bachelor of Business Administration,31010724103,"[2,2,2,2,2,2,2,2,2,2,2,3,2,2]"
ankita.kanuga@somaiya.edu,Ankita Sanjay Kanuga,1,"[Goods and Services Marketing,Advertising,Corporate Accounting,Financial Markets and Services,Human Resource Management,Organizational Behaviour,French,German,Spanish,Management and Communication skills,Fundamental of technical Skills,Fundamental of technical Skills,Business Economics,Constitution and Public Policy]","[Theory,Theory,Theory,Theory,Theory,Theory,Theory,Theory,Theory,Theory,Theory,Practical,Theory,Theory]",Bachelor of Business Administration,31010724104,"[2,2,2,2,2,2,2,2,2,2,2,3,2,2]"
ankita.keshari@somaiya.edu,Ankita  Keshari,1,"[Goods and Services Marketing,Advertising,Corporate Accounting,Financial Markets and Services,Human Resource Management,Organizational Behaviour,French,German,Spanish,Management and Communication skills,Fundamental of technical Skills,Fundamental of technical Skills,Business Economics,Constitution and Public Policy]","[Theory,Theory,Theory,Theory,Theory,Theory,Theory,Theory,Theory,Theory,Theory,Practical,Theory,Theory]",Bachelor of Business Administration,31010724105,"[2,2,2,2,2,2,2,2,2,2,2,3,2,2]"
jiya.k@somaiya.edu,Jiya Bunty Kewalramani,1,"[Goods and Services Marketing,Advertising,Corporate Accounting,Financial Markets and Services,Human Resource Management,Organizational Behaviour,French,German,Spanish,Management and Communication skills,Fundamental of technical Skills,Fundamental of technical Skills,Business Economics,Constitution and Public Policy]","[Theory,Theory,Theory,Theory,Theory,Theory,Theory,Theory,Theory,Theory,Theory,Practical,Theory,Theory]",Bachelor of Business Administration,31010724106,"[2,2,2,2,2,2,2,2,2,2,2,3,2,2]"
aarya.kottungal@somaiya.edu,Aarya Shrijit Kottungal,1,"[Goods and Services Marketing,Advertising,Corporate Accounting,Financial Markets and Services,Human Resource Management,Organizational Behaviour,French,German,Spanish,Management and Communication skills,Fundamental of technical Skills,Fundamental of technical Skills,Business Economics,Constitution and Public Policy]","[Theory,Theory,Theory,Theory,Theory,Theory,Theory,Theory,Theory,Theory,Theory,Practical,Theory,Theory]",Bachelor of Business Administration,31010724107,"[2,2,2,2,2,2,2,2,2,2,2,3,2,2]"
akshay.ak@somaiya.edu,Akshay Atul Kulkarni,1,"[Goods and Services Marketing,Advertising,Corporate Accounting,Financial Markets and Services,Human Resource Management,Organizational Behaviour,French,German,Spanish,Management and Communication skills,Fundamental of technical Skills,Fundamental of technical Skills,Business Economics,Constitution and Public Policy]","[Theory,Theory,Theory,Theory,Theory,Theory,Theory,Theory,Theory,Theory,Theory,Practical,Theory,Theory]",Bachelor of Business Administration,31010724108,"[2,2,2,2,2,2,2,2,2,2,2,3,2,2]"
archana.kunder@somaiya.edu,Archana  Kunder,1,"[Goods and Services Marketing,Advertising,Corporate Accounting,Financial Markets and Services,Human Resource Management,Organizational Behaviour,French,German,Spanish,Management and Communication skills,Fundamental of technical Skills,Fundamental of technical Skills,Business Economics,Constitution and Public Policy]","[Theory,Theory,Theory,Theory,Theory,Theory,Theory,Theory,Theory,Theory,Theory,Practical,Theory,Theory]",Bachelor of Business Administration,31010724109,"[2,2,2,2,2,2,2,2,2,2,2,3,2,2]"
aaditya.malik@somaiya.edu,Aaditya Rajesh Malik,1,"[Goods and Services Marketing,Advertising,Corporate Accounting,Financial Markets and Services,Human Resource Management,Organizational Behaviour,French,German,Spanish,Management and Communication skills,Fundamental of technical Skills,Fundamental of technical Skills,Business Economics,Constitution and Public Policy]","[Theory,Theory,Theory,Theory,Theory,Theory,Theory,Theory,Theory,Theory,Theory,Practical,Theory,Theory]",Bachelor of Business Administration,31010724110,"[2,2,2,2,2,2,2,2,2,2,2,3,2,2]"
vrushali.dm@somaiya.edu,Vrushali Deepak Mehta,1,"[Goods and Services Marketing,Advertising,Corporate Accounting,Financial Markets and Services,Human Resource Management,Organizational Behaviour,French,German,Spanish,Management and Communication skills,Fundamental of technical Skills,Fundamental of technical Skills,Business Economics,Constitution and Public Policy]","[Theory,Theory,Theory,Theory,Theory,Theory,Theory,Theory,Theory,Theory,Theory,Practical,Theory,Theory]",Bachelor of Business Administration,31010724112,"[2,2,2,2,2,2,2,2,2,2,2,3,2,2]"
vivek.menon@somaiya.edu,Vivek Vinod Menon,1,"[Goods and Services Marketing,Advertising,Corporate Accounting,Financial Markets and Services,Human Resource Management,Organizational Behaviour,French,German,Spanish,Management and Communication skills,Fundamental of technical Skills,Fundamental of technical Skills,Business Economics,Constitution and Public Policy]","[Theory,Theory,Theory,Theory,Theory,Theory,Theory,Theory,Theory,Theory,Theory,Practical,Theory,Theory]",Bachelor of Business Administration,31010724113,"[2,2,2,2,2,2,2,2,2,2,2,3,2,2]"
soham.more1@somaiya.edu,Soham Sachin More,1,"[Goods and Services Marketing,Advertising,Corporate Accounting,Financial Markets and Services,Human Resource Management,Organizational Behaviour,French,German,Spanish,Management and Communication skills,Fundamental of technical Skills,Fundamental of technical Skills,Business Economics,Constitution and Public Policy]","[Theory,Theory,Theory,Theory,Theory,Theory,Theory,Theory,Theory,Theory,Theory,Practical,Theory,Theory]",Bachelor of Business Administration,31010724114,"[2,2,2,2,2,2,2,2,2,2,2,3,2,2]"
abhinav.mn@somaiya.edu,Abhinav Madhu Nair,1,"[Goods and Services Marketing,Advertising,Corporate Accounting,Financial Markets and Services,Human Resource Management,Organizational Behaviour,French,German,Spanish,Management and Communication skills,Fundamental of technical Skills,Fundamental of technical Skills,Business Economics,Constitution and Public Policy]","[Theory,Theory,Theory,Theory,Theory,Theory,Theory,Theory,Theory,Theory,Theory,Practical,Theory,Theory]",Bachelor of Business Administration,31010724115,"[2,2,2,2,2,2,2,2,2,2,2,3,2,2]"
dhruv.negi@somaiya.edu,Dhruv Darshansingh Negi,1,"[Goods and Services Marketing,Advertising,Corporate Accounting,Financial Markets and Services,Human Resource Management,Organizational Behaviour,French,German,Spanish,Management and Communication skills,Fundamental of technical Skills,Fundamental of technical Skills,Business Economics,Constitution and Public Policy]","[Theory,Theory,Theory,Theory,Theory,Theory,Theory,Theory,Theory,Theory,Theory,Practical,Theory,Theory]",Bachelor of Business Administration,31010724116,"[2,2,2,2,2,2,2,2,2,2,2,3,2,2]"
toshini.p@somaiya.edu,Toshini Venkatramana Pamarti,1,"[Goods and Services Marketing,Advertising,Corporate Accounting,Financial Markets and Services,Human Resource Management,Organizational Behaviour,French,German,Spanish,Management and Communication skills,Fundamental of technical Skills,Fundamental of technical Skills,Business Economics,Constitution and Public Policy]","[Theory,Theory,Theory,Theory,Theory,Theory,Theory,Theory,Theory,Theory,Theory,Practical,Theory,Theory]",Bachelor of Business Administration,31010724117,"[2,2,2,2,2,2,2,2,2,2,2,3,2,2]"
dhara.panchasara@somaiya.edu,Dhara Shantilal Panchasara,1,"[Goods and Services Marketing,Advertising,Corporate Accounting,Financial Markets and Services,Human Resource Management,Organizational Behaviour,French,German,Spanish,Management and Communication skills,Fundamental of technical Skills,Fundamental of technical Skills,Business Economics,Constitution and Public Policy]","[Theory,Theory,Theory,Theory,Theory,Theory,Theory,Theory,Theory,Theory,Theory,Practical,Theory,Theory]",Bachelor of Business Administration,31010724118,"[2,2,2,2,2,2,2,2,2,2,2,3,2,2]"
atiksh.p@somaiya.edu,Atiksh  Parashar,1,"[Goods and Services Marketing,Advertising,Corporate Accounting,Financial Markets and Services,Human Resource Management,Organizational Behaviour,French,German,Spanish,Management and Communication skills,Fundamental of technical Skills,Fundamental of technical Skills,Business Economics,Constitution and Public Policy]","[Theory,Theory,Theory,Theory,Theory,Theory,Theory,Theory,Theory,Theory,Theory,Practical,Theory,Theory]",Bachelor of Business Administration,31010724119,"[2,2,2,2,2,2,2,2,2,2,2,3,2,2]"
avipsa.p@somaiya.edu,Avipsa  Parida,1,"[Goods and Services Marketing,Advertising,Corporate Accounting,Financial Markets and Services,Human Resource Management,Organizational Behaviour,French,German,Spanish,Management and Communication skills,Fundamental of technical Skills,Fundamental of technical Skills,Business Economics,Constitution and Public Policy]","[Theory,Theory,Theory,Theory,Theory,Theory,Theory,Theory,Theory,Theory,Theory,Practical,Theory,Theory]",Bachelor of Business Administration,31010724120,"[2,2,2,2,2,2,2,2,2,2,2,3,2,2]"
mitali.p@somaiya.edu,Mitali Mahesh Phadnis,1,"[Goods and Services Marketing,Advertising,Corporate Accounting,Financial Markets and Services,Human Resource Management,Organizational Behaviour,French,German,Spanish,Management and Communication skills,Fundamental of technical Skills,Fundamental of technical Skills,Business Economics,Constitution and Public Policy]","[Theory,Theory,Theory,Theory,Theory,Theory,Theory,Theory,Theory,Theory,Theory,Practical,Theory,Theory]",Bachelor of Business Administration,31010724121,"[2,2,2,2,2,2,2,2,2,2,2,3,2,2]"
abhiraj.prakash@somaiya.edu,Abhiraj  Prakash,1,"[Goods and Services Marketing,Advertising,Corporate Accounting,Financial Markets and Services,Human Resource Management,Organizational Behaviour,French,German,Spanish,Management and Communication skills,Fundamental of technical Skills,Fundamental of technical Skills,Business Economics,Constitution and Public Policy]","[Theory,Theory,Theory,Theory,Theory,Theory,Theory,Theory,Theory,Theory,Theory,Practical,Theory,Theory]",Bachelor of Business Administration,31010724122,"[2,2,2,2,2,2,2,2,2,2,2,3,2,2]"
jheel.r@somaiya.edu,Jheel Hitesh Rajkotia,1,"[Goods and Services Marketing,Advertising,Corporate Accounting,Financial Markets and Services,Human Resource Management,Organizational Behaviour,French,German,Spanish,Management and Communication skills,Fundamental of technical Skills,Fundamental of technical Skills,Business Economics,Constitution and Public Policy]","[Theory,Theory,Theory,Theory,Theory,Theory,Theory,Theory,Theory,Theory,Theory,Practical,Theory,Theory]",Bachelor of Business Administration,31010724123,"[2,2,2,2,2,2,2,2,2,2,2,3,2,2]"
anisha.rawat@somaiya.edu,Anisha Uttamsingh Rawat,1,"[Goods and Services Marketing,Advertising,Corporate Accounting,Financial Markets and Services,Human Resource Management,Organizational Behaviour,French,German,Spanish,Management and Communication skills,Fundamental of technical Skills,Fundamental of technical Skills,Business Economics,Constitution and Public Policy]","[Theory,Theory,Theory,Theory,Theory,Theory,Theory,Theory,Theory,Theory,Theory,Practical,Theory,Theory]",Bachelor of Business Administration,31010724124,"[2,2,2,2,2,2,2,2,2,2,2,3,2,2]"
prishita.s@somaiya.edu,Prishita Prashant Salunkhe,1,"[Goods and Services Marketing,Advertising,Corporate Accounting,Financial Markets and Services,Human Resource Management,Organizational Behaviour,French,German,Spanish,Management and Communication skills,Fundamental of technical Skills,Fundamental of technical Skills,Business Economics,Constitution and Public Policy]","[Theory,Theory,Theory,Theory,Theory,Theory,Theory,Theory,Theory,Theory,Theory,Practical,Theory,Theory]",Bachelor of Business Administration,31010724125,"[2,2,2,2,2,2,2,2,2,2,2,3,2,2]"
krishna.saraiya@somaiya.edu,Krishna Ratilal Saraiya,1,"[Goods and Services Marketing,Advertising,Corporate Accounting,Financial Markets and Services,Human Resource Management,Organizational Behaviour,French,German,Spanish,Management and Communication skills,Fundamental of technical Skills,Fundamental of technical Skills,Business Economics,Constitution and Public Policy]","[Theory,Theory,Theory,Theory,Theory,Theory,Theory,Theory,Theory,Theory,Theory,Practical,Theory,Theory]",Bachelor of Business Administration,31010724126,"[2,2,2,2,2,2,2,2,2,2,2,3,2,2]"
anmol.shah@somaiya.edu,Anmol Aatish Shah,1,"[Goods and Services Marketing,Advertising,Corporate Accounting,Financial Markets and Services,Human Resource Management,Organizational Behaviour,French,German,Spanish,Management and Communication skills,Fundamental of technical Skills,Fundamental of technical Skills,Business Economics,Constitution and Public Policy]","[Theory,Theory,Theory,Theory,Theory,Theory,Theory,Theory,Theory,Theory,Theory,Practical,Theory,Theory]",Bachelor of Business Administration,31010724127,"[2,2,2,2,2,2,2,2,2,2,2,3,2,2]"
heet.s@somaiya.edu,Heet Jatin Shah,1,"[Goods and Services Marketing,Advertising,Corporate Accounting,Financial Markets and Services,Human Resource Management,Organizational Behaviour,French,German,Spanish,Management and Communication skills,Fundamental of technical Skills,Fundamental of technical Skills,Business Economics,Constitution and Public Policy]","[Theory,Theory,Theory,Theory,Theory,Theory,Theory,Theory,Theory,Theory,Theory,Practical,Theory,Theory]",Bachelor of Business Administration,31010724128,"[2,2,2,2,2,2,2,2,2,2,2,3,2,2]"
pranjal.ss@somaiya.edu,Pranjal Sanjay Shah,1,"[Goods and Services Marketing,Advertising,Corporate Accounting,Financial Markets and Services,Human Resource Management,Organizational Behaviour,French,German,Spanish,Management and Communication skills,Fundamental of technical Skills,Fundamental of technical Skills,Business Economics,Constitution and Public Policy]","[Theory,Theory,Theory,Theory,Theory,Theory,Theory,Theory,Theory,Theory,Theory,Practical,Theory,Theory]",Bachelor of Business Administration,31010724129,"[2,2,2,2,2,2,2,2,2,2,2,3,2,2]"
akshay.shekatkar@somaiya.edu,Akshay Sachin Shekatkar,1,"[Goods and Services Marketing,Advertising,Corporate Accounting,Financial Markets and Services,Human Resource Management,Organizational Behaviour,French,German,Spanish,Management and Communication skills,Fundamental of technical Skills,Fundamental of technical Skills,Business Economics,Constitution and Public Policy]","[Theory,Theory,Theory,Theory,Theory,Theory,Theory,Theory,Theory,Theory,Theory,Practical,Theory,Theory]",Bachelor of Business Administration,31010724130,"[2,2,2,2,2,2,2,2,2,2,2,3,2,2]"
dhairya.s@somaiya.edu,Dhairya Mitesh Sheth,1,"[Goods and Services Marketing,Advertising,Corporate Accounting,Financial Markets and Services,Human Resource Management,Organizational Behaviour,French,German,Spanish,Management and Communication skills,Fundamental of technical Skills,Fundamental of technical Skills,Business Economics,Constitution and Public Policy]","[Theory,Theory,Theory,Theory,Theory,Theory,Theory,Theory,Theory,Theory,Theory,Practical,Theory,Theory]",Bachelor of Business Administration,31010724131,"[2,2,2,2,2,2,2,2,2,2,2,3,2,2]"
khushi.shetty@somaiya.edu,Khushi Harish Shetty,1,"[Goods and Services Marketing,Advertising,Corporate Accounting,Financial Markets and Services,Human Resource Management,Organizational Behaviour,French,German,Spanish,Management and Communication skills,Fundamental of technical Skills,Fundamental of technical Skills,Business Economics,Constitution and Public Policy]","[Theory,Theory,Theory,Theory,Theory,Theory,Theory,Theory,Theory,Theory,Theory,Practical,Theory,Theory]",Bachelor of Business Administration,31010724132,"[2,2,2,2,2,2,2,2,2,2,2,3,2,2]"
tanush.s@somaiya.edu,Tanush Prasad Shetty,1,"[Goods and Services Marketing,Advertising,Corporate Accounting,Financial Markets and Services,Human Resource Management,Organizational Behaviour,French,German,Spanish,Management and Communication skills,Fundamental of technical Skills,Fundamental of technical Skills,Business Economics,Constitution and Public Policy]","[Theory,Theory,Theory,Theory,Theory,Theory,Theory,Theory,Theory,Theory,Theory,Practical,Theory,Theory]",Bachelor of Business Administration,31010724133,"[2,2,2,2,2,2,2,2,2,2,2,3,2,2]"
p.shirsat@somaiya.edu,Pooja  Shirsat,1,"[Goods and Services Marketing,Advertising,Corporate Accounting,Financial Markets and Services,Human Resource Management,Organizational Behaviour,French,German,Spanish,Management and Communication skills,Fundamental of technical Skills,Fundamental of technical Skills,Business Economics,Constitution and Public Policy]","[Theory,Theory,Theory,Theory,Theory,Theory,Theory,Theory,Theory,Theory,Theory,Practical,Theory,Theory]",Bachelor of Business Administration,31010724134,"[2,2,2,2,2,2,2,2,2,2,2,3,2,2]"
shreya.ys@somaiya.edu,Shreya Yogesh Singh,1,"[Goods and Services Marketing,Advertising,Corporate Accounting,Financial Markets and Services,Human Resource Management,Organizational Behaviour,French,German,Spanish,Management and Communication skills,Fundamental of technical Skills,Fundamental of technical Skills,Business Economics,Constitution and Public Policy]","[Theory,Theory,Theory,Theory,Theory,Theory,Theory,Theory,Theory,Theory,Theory,Practical,Theory,Theory]",Bachelor of Business Administration,31010724135,"[2,2,2,2,2,2,2,2,2,2,2,3,2,2]"
shubhalakshmi.s@somaiya.edu,Shubhalakshmi Nagendra Singh,1,"[Goods and Services Marketing,Advertising,Corporate Accounting,Financial Markets and Services,Human Resource Management,Organizational Behaviour,French,German,Spanish,Management and Communication skills,Fundamental of technical Skills,Fundamental of technical Skills,Business Economics,Constitution and Public Policy]","[Theory,Theory,Theory,Theory,Theory,Theory,Theory,Theory,Theory,Theory,Theory,Practical,Theory,Theory]",Bachelor of Business Administration,31010724136,"[2,2,2,2,2,2,2,2,2,2,2,3,2,2]"
v.singrodia@somaiya.edu,Vanshika  Singrodia,1,"[Goods and Services Marketing,Advertising,Corporate Accounting,Financial Markets and Services,Human Resource Management,Organizational Behaviour,French,German,Spanish,Management and Communication skills,Fundamental of technical Skills,Fundamental of technical Skills,Business Economics,Constitution and Public Policy]","[Theory,Theory,Theory,Theory,Theory,Theory,Theory,Theory,Theory,Theory,Theory,Practical,Theory,Theory]",Bachelor of Business Administration,31010724137,"[2,2,2,2,2,2,2,2,2,2,2,3,2,2]"
ishika.sinha@somaiya.edu,Ishika Bharat Sinha,1,"[Goods and Services Marketing,Advertising,Corporate Accounting,Financial Markets and Services,Human Resource Management,Organizational Behaviour,French,German,Spanish,Management and Communication skills,Fundamental of technical Skills,Fundamental of technical Skills,Business Economics,Constitution and Public Policy]","[Theory,Theory,Theory,Theory,Theory,Theory,Theory,Theory,Theory,Theory,Theory,Practical,Theory,Theory]",Bachelor of Business Administration,31010724138,"[2,2,2,2,2,2,2,2,2,2,2,3,2,2]"
devansh.softa@somaiya.edu,Devansh Akhil Softa,1,"[Goods and Services Marketing,Advertising,Corporate Accounting,Financial Markets and Services,Human Resource Management,Organizational Behaviour,French,German,Spanish,Management and Communication skills,Fundamental of technical Skills,Fundamental of technical Skills,Business Economics,Constitution and Public Policy]","[Theory,Theory,Theory,Theory,Theory,Theory,Theory,Theory,Theory,Theory,Theory,Practical,Theory,Theory]",Bachelor of Business Administration,31010724139,"[2,2,2,2,2,2,2,2,2,2,2,3,2,2]"
hamsini.s@somaiya.edu,Hamsini  Sreekakulam,1,"[Goods and Services Marketing,Advertising,Corporate Accounting,Financial Markets and Services,Human Resource Management,Organizational Behaviour,French,German,Spanish,Management and Communication skills,Fundamental of technical Skills,Fundamental of technical Skills,Business Economics,Constitution and Public Policy]","[Theory,Theory,Theory,Theory,Theory,Theory,Theory,Theory,Theory,Theory,Theory,Practical,Theory,Theory]",Bachelor of Business Administration,31010724140,"[2,2,2,2,2,2,2,2,2,2,2,3,2,2]"
swayam.t@somaiya.edu,Swayam Harshal Thombre,1,"[Goods and Services Marketing,Advertising,Corporate Accounting,Financial Markets and Services,Human Resource Management,Organizational Behaviour,French,German,Spanish,Management and Communication skills,Fundamental of technical Skills,Fundamental of technical Skills,Business Economics,Constitution and Public Policy]","[Theory,Theory,Theory,Theory,Theory,Theory,Theory,Theory,Theory,Theory,Theory,Practical,Theory,Theory]",Bachelor of Business Administration,31010724141,"[2,2,2,2,2,2,2,2,2,2,2,3,2,2]"
krupa.t@somaiya.edu,Krupa Rajesh Trivedi,1,"[Goods and Services Marketing,Advertising,Corporate Accounting,Financial Markets and Services,Human Resource Management,Organizational Behaviour,French,German,Spanish,Management and Communication skills,Fundamental of technical Skills,Fundamental of technical Skills,Business Economics,Constitution and Public Policy]","[Theory,Theory,Theory,Theory,Theory,Theory,Theory,Theory,Theory,Theory,Theory,Practical,Theory,Theory]",Bachelor of Business Administration,31010724142,"[2,2,2,2,2,2,2,2,2,2,2,3,2,2]"
avin.tuli@somaiya.edu,Avin  Tuli,1,"[Goods and Services Marketing,Advertising,Corporate Accounting,Financial Markets and Services,Human Resource Management,Organizational Behaviour,French,German,Spanish,Management and Communication skills,Fundamental of technical Skills,Fundamental of technical Skills,Business Economics,Constitution and Public Policy]","[Theory,Theory,Theory,Theory,Theory,Theory,Theory,Theory,Theory,Theory,Theory,Practical,Theory,Theory]",Bachelor of Business Administration,31010724143,"[2,2,2,2,2,2,2,2,2,2,2,3,2,2]"
annanya.v@somaiya.edu,Annanya Anand Vaniankandy,1,"[Goods and Services Marketing,Advertising,Corporate Accounting,Financial Markets and Services,Human Resource Management,Organizational Behaviour,French,German,Spanish,Management and Communication skills,Fundamental of technical Skills,Fundamental of technical Skills,Business Economics,Constitution and Public Policy]","[Theory,Theory,Theory,Theory,Theory,Theory,Theory,Theory,Theory,Theory,Theory,Practical,Theory,Theory]",Bachelor of Business Administration,31010724144,"[2,2,2,2,2,2,2,2,2,2,2,3,2,2]"
aditi.bhanushali@somaiya.edu,Aditi Kalpesh Bhanushali,1,"[Goods and Services Marketing,Advertising,Corporate Accounting,Financial Markets and Services,Human Resource Management,Organizational Behaviour,French,German,Spanish,Management and Communication skills,Fundamental of technical Skills,Fundamental of technical Skills,Business Economics,Constitution and Public Policy]","[Theory,Theory,Theory,Theory,Theory,Theory,Theory,Theory,Theory,Theory,Theory,Practical,Theory,Theory]",Bachelor of Business Administration,31010724145,"[2,2,2,2,2,2,2,2,2,2,2,3,2,2]"
tanvi.bhave@somaiya.edu,Tanvi Rajesh Bhave,1,"[Goods and Services Marketing,Advertising,Corporate Accounting,Financial Markets and Services,Human Resource Management,Organizational Behaviour,French,German,Spanish,Management and Communication skills,Fundamental of technical Skills,Fundamental of technical Skills,Business Economics,Constitution and Public Policy]","[Theory,Theory,Theory,Theory,Theory,Theory,Theory,Theory,Theory,Theory,Theory,Practical,Theory,Theory]",Bachelor of Business Administration,31010724146,"[2,2,2,2,2,2,2,2,2,2,2,4,2,2]"
nishika.borse@somaiya.edu,Nishika Sunil Borse,1,"[Goods and Services Marketing,Advertising,Corporate Accounting,Financial Markets and Services,Human Resource Management,Organizational Behaviour,French,German,Spanish,Management and Communication skills,Fundamental of technical Skills,Fundamental of technical Skills,Business Economics,Constitution and Public Policy]","[Theory,Theory,Theory,Theory,Theory,Theory,Theory,Theory,Theory,Theory,Theory,Practical,Theory,Theory]",Bachelor of Business Administration,31010724147,"[2,2,2,2,2,2,2,2,2,2,2,4,2,2]"
shrusti.d@somaiya.edu,Shrusti Shriram Dalvi,1,"[Goods and Services Marketing,Advertising,Corporate Accounting,Financial Markets and Services,Human Resource Management,Organizational Behaviour,French,German,Spanish,Management and Communication skills,Fundamental of technical Skills,Fundamental of technical Skills,Business Economics,Constitution and Public Policy]","[Theory,Theory,Theory,Theory,Theory,Theory,Theory,Theory,Theory,Theory,Theory,Practical,Theory,Theory]",Bachelor of Business Administration,31010724148,"[2,2,2,2,2,2,2,2,2,2,2,4,2,2]"
prasanna.g@somaiya.edu,Prasanna  Gopal,1,"[Goods and Services Marketing,Advertising,Corporate Accounting,Financial Markets and Services,Human Resource Management,Organizational Behaviour,French,German,Spanish,Management and Communication skills,Fundamental of technical Skills,Fundamental of technical Skills,Business Economics,Constitution and Public Policy]","[Theory,Theory,Theory,Theory,Theory,Theory,Theory,Theory,Theory,Theory,Theory,Practical,Theory,Theory]",Bachelor of Business Administration,31010724149,"[2,2,2,2,2,2,2,2,2,2,2,4,2,2]"
arnav.sg@somaiya.edu,Arnav Shirish Gupta,1,"[Goods and Services Marketing,Advertising,Corporate Accounting,Financial Markets and Services,Human Resource Management,Organizational Behaviour,French,German,Spanish,Management and Communication skills,Fundamental of technical Skills,Fundamental of technical Skills,Business Economics,Constitution and Public Policy]","[Theory,Theory,Theory,Theory,Theory,Theory,Theory,Theory,Theory,Theory,Theory,Practical,Theory,Theory]",Bachelor of Business Administration,31010724150,"[2,2,2,2,2,2,2,2,2,2,2,4,2,2]"
avani.gupta@somaiya.edu,Avani Shirish Gupta,1,"[Goods and Services Marketing,Advertising,Corporate Accounting,Financial Markets and Services,Human Resource Management,Organizational Behaviour,French,German,Spanish,Management and Communication skills,Fundamental of technical Skills,Fundamental of technical Skills,Business Economics,Constitution and Public Policy]","[Theory,Theory,Theory,Theory,Theory,Theory,Theory,Theory,Theory,Theory,Theory,Practical,Theory,Theory]",Bachelor of Business Administration,31010724151,"[2,2,2,2,2,2,2,2,2,2,2,4,2,2]"
pooja.mhetre@somaiya.edu,Pooja Balchandra Mhetre,1,"[Goods and Services Marketing,Advertising,Corporate Accounting,Financial Markets and Services,Human Resource Management,Organizational Behaviour,French,German,Spanish,Management and Communication skills,Fundamental of technical Skills,Fundamental of technical Skills,Business Economics,Constitution and Public Policy]","[Theory,Theory,Theory,Theory,Theory,Theory,Theory,Theory,Theory,Theory,Theory,Practical,Theory,Theory]",Bachelor of Business Administration,31010724152,"[2,2,2,2,2,2,2,2,2,2,2,4,2,2]"
tanvi.nakrani@somaiya.edu,Tanvi Rajesh Nakrani,1,"[Goods and Services Marketing,Advertising,Corporate Accounting,Financial Markets and Services,Human Resource Management,Organizational Behaviour,French,German,Spanish,Management and Communication skills,Fundamental of technical Skills,Fundamental of technical Skills,Business Economics,Constitution and Public Policy]","[Theory,Theory,Theory,Theory,Theory,Theory,Theory,Theory,Theory,Theory,Theory,Practical,Theory,Theory]",Bachelor of Business Administration,31010724153,"[2,2,2,2,2,2,2,2,2,2,2,4,2,2]"
parth.nezawala@somaiya.edu,Parth Apoorva Nezawala,1,"[Goods and Services Marketing,Advertising,Corporate Accounting,Financial Markets and Services,Human Resource Management,Organizational Behaviour,French,German,Spanish,Management and Communication skills,Fundamental of technical Skills,Fundamental of technical Skills,Business Economics,Constitution and Public Policy]","[Theory,Theory,Theory,Theory,Theory,Theory,Theory,Theory,Theory,Theory,Theory,Practical,Theory,Theory]",Bachelor of Business Administration,31010724154,"[2,2,2,2,2,2,2,2,2,2,2,4,2,2]"
sai.pn@somaiya.edu,Sai Pramod Nikam,1,"[Goods and Services Marketing,Advertising,Corporate Accounting,Financial Markets and Services,Human Resource Management,Organizational Behaviour,French,German,Spanish,Management and Communication skills,Fundamental of technical Skills,Fundamental of technical Skills,Business Economics,Constitution and Public Policy]","[Theory,Theory,Theory,Theory,Theory,Theory,Theory,Theory,Theory,Theory,Theory,Practical,Theory,Theory]",Bachelor of Business Administration,31010724155,"[2,2,2,2,2,2,2,2,2,2,2,4,2,2]"
himanshu.pandey@somaiya.edu,Himanshu  Pandey,1,"[Goods and Services Marketing,Advertising,Corporate Accounting,Financial Markets and Services,Human Resource Management,Organizational Behaviour,French,German,Spanish,Management and Communication skills,Fundamental of technical Skills,Fundamental of technical Skills,Business Economics,Constitution and Public Policy]","[Theory,Theory,Theory,Theory,Theory,Theory,Theory,Theory,Theory,Theory,Theory,Practical,Theory,Theory]",Bachelor of Business Administration,31010724156,"[2,2,2,2,2,2,2,2,2,2,2,4,2,2]"
sarvesh.phodkar@somaiya.edu,Sarvesh Milind Phodkar,1,"[Goods and Services Marketing,Advertising,Corporate Accounting,Financial Markets and Services,Human Resource Management,Organizational Behaviour,French,German,Spanish,Management and Communication skills,Fundamental of technical Skills,Fundamental of technical Skills,Business Economics,Constitution and Public Policy]","[Theory,Theory,Theory,Theory,Theory,Theory,Theory,Theory,Theory,Theory,Theory,Practical,Theory,Theory]",Bachelor of Business Administration,31010724157,"[2,2,2,2,2,2,2,2,2,2,2,4,2,2]"
vidhiraval.v@somaiya.edu,Vidhi Milin Raval,1,"[Goods and Services Marketing,Advertising,Corporate Accounting,Financial Markets and Services,Human Resource Management,Organizational Behaviour,French,German,Spanish,Management and Communication skills,Fundamental of technical Skills,Fundamental of technical Skills,Business Economics,Constitution and Public Policy]","[Theory,Theory,Theory,Theory,Theory,Theory,Theory,Theory,Theory,Theory,Theory,Practical,Theory,Theory]",Bachelor of Business Administration,31010724158,"[2,2,2,2,2,2,2,2,2,2,2,4,2,2]"
saanvi.shrirang@somaiya.edu,Saanvi Pravin Shrirang,1,"[Goods and Services Marketing,Advertising,Corporate Accounting,Financial Markets and Services,Human Resource Management,Organizational Behaviour,French,German,Spanish,Management and Communication skills,Fundamental of technical Skills,Fundamental of technical Skills,Business Economics,Constitution and Public Policy]","[Theory,Theory,Theory,Theory,Theory,Theory,Theory,Theory,Theory,Theory,Theory,Practical,Theory,Theory]",Bachelor of Business Administration,31010724159,"[2,2,2,2,2,2,2,2,2,2,2,4,2,2]"
shreya.singh7@somaiya.edu,Shreya Sunil Singh,1,"[Goods and Services Marketing,Advertising,Corporate Accounting,Financial Markets and Services,Human Resource Management,Organizational Behaviour,French,German,Spanish,Management and Communication skills,Fundamental of technical Skills,Fundamental of technical Skills,Business Economics,Constitution and Public Policy]","[Theory,Theory,Theory,Theory,Theory,Theory,Theory,Theory,Theory,Theory,Theory,Practical,Theory,Theory]",Bachelor of Business Administration,31010724160,"[2,2,2,2,2,2,2,2,2,2,2,4,2,2]"
jiya.thorat@somaiya.edu,Jiya Pradeep Thorat,1,"[Goods and Services Marketing,Advertising,Corporate Accounting,Financial Markets and Services,Human Resource Management,Organizational Behaviour,French,German,Spanish,Management and Communication skills,Fundamental of technical Skills,Fundamental of technical Skills,Business Economics,Constitution and Public Policy]","[Theory,Theory,Theory,Theory,Theory,Theory,Theory,Theory,Theory,Theory,Theory,Practical,Theory,Theory]",Bachelor of Business Administration,31010724161,"[2,2,2,2,2,2,2,2,2,2,2,4,2,2]"
rishab.singh@somaiya.edu,Rishab Rakesh Singh,1,"[Goods and Services Marketing,Advertising,Corporate Accounting,Financial Markets and Services,Human Resource Management,Organizational Behaviour,French,German,Spanish,Management and Communication skills,Fundamental of technical Skills,Fundamental of technical Skills,Business Economics,Constitution and Public Policy]","[Theory,Theory,Theory,Theory,Theory,Theory,Theory,Theory,Theory,Theory,Theory,Practical,Theory,Theory]",Bachelor of Business Administration,31010724162,"[2,2,2,2,2,2,2,2,2,2,2,4,2,2]"
devashish06@somaiya.edu,Devashish  Srivastava,1,"[Goods and Services Marketing,Advertising,Corporate Accounting,Financial Markets and Services,Human Resource Management,Organizational Behaviour,French,German,Spanish,Management and Communication skills,Fundamental of technical Skills,Fundamental of technical Skills,Business Economics,Constitution and Public Policy]","[Theory,Theory,Theory,Theory,Theory,Theory,Theory,Theory,Theory,Theory,Theory,Practical,Theory,Theory]",Bachelor of Business Administration,31010724163,"[2,2,2,2,2,2,2,2,2,2,2,4,2,2]"
bhakti.t@somaiya.edu,Bhakti  Tripathi,1,"[Goods and Services Marketing,Advertising,Corporate Accounting,Financial Markets and Services,Human Resource Management,Organizational Behaviour,French,German,Spanish,Management and Communication skills,Fundamental of technical Skills,Fundamental of technical Skills,Business Economics,Constitution and Public Policy]","[Theory,Theory,Theory,Theory,Theory,Theory,Theory,Theory,Theory,Theory,Theory,Practical,Theory,Theory]",Bachelor of Business Administration,31010724164,"[2,2,2,2,2,2,2,2,2,2,2,4,2,2]"
aayush.ry@somaiya.edu,Aayush Rajesh Yadav,1,"[Goods and Services Marketing,Advertising,Corporate Accounting,Financial Markets and Services,Human Resource Management,Organizational Behaviour,French,German,Spanish,Management and Communication skills,Fundamental of technical Skills,Fundamental of technical Skills,Business Economics,Constitution and Public Policy]","[Theory,Theory,Theory,Theory,Theory,Theory,Theory,Theory,Theory,Theory,Theory,Practical,Theory,Theory]",Bachelor of Business Administration,31010724165,"[2,2,2,2,2,2,2,2,2,2,2,4,2,2]"
ayush.r1@somaiya.edu,Ayush,1,"[Goods and Services Marketing,Advertising,Corporate Accounting,Financial Markets and Services,Human Resource Management,Organizational Behaviour,French,German,Spanish,Management and Communication skills,Fundamental of technical Skills,Fundamental of technical Skills,Business Economics,Constitution and Public Policy]","[Theory,Theory,Theory,Theory,Theory,Theory,Theory,Theory,Theory,Theory,Theory,Practical,Theory,Theory]",Bachelor of Business Administration,31010724166,"[2,2,2,2,2,2,2,2,2,2,2,4,2,2]"
ebrahim.vanu@somaiya.edu,Ebrahim Habib Vanu,1,"[Goods and Services Marketing,Advertising,Corporate Accounting,Financial Markets and Services,Human Resource Management,Organizational Behaviour,French,German,Spanish,Management and Communication skills,Fundamental of technical Skills,Fundamental of technical Skills,Business Economics,Constitution and Public Policy]","[Theory,Theory,Theory,Theory,Theory,Theory,Theory,Theory,Theory,Theory,Theory,Practical,Theory,Theory]",Bachelor of Business Administration,31010724167,"[2,2,2,2,2,2,2,2,2,2,2,4,2,2]"
aagam.v@somaiya.edu,Aagam  Vikmani,1,"[Goods and Services Marketing,Advertising,Corporate Accounting,Financial Markets and Services,Human Resource Management,Organizational Behaviour,French,German,Spanish,Management and Communication skills,Fundamental of technical Skills,Fundamental of technical Skills,Business Economics,Constitution and Public Policy]","[Theory,Theory,Theory,Theory,Theory,Theory,Theory,Theory,Theory,Theory,Theory,Practical,Theory,Theory]",Bachelor of Business Administration,31010724168,"[2,2,2,2,2,2,2,2,2,2,2,4,2,2]"
riya.dhoka@somaiya.edu,Riya Rajesh Dhoka,1,"[Goods and Services Marketing,Advertising,Corporate Accounting,Financial Markets and Services,Human Resource Management,Organizational Behaviour,French,German,Spanish,Management and Communication skills,Fundamental of technical Skills,Fundamental of technical Skills,Business Economics,Constitution and Public Policy]","[Theory,Theory,Theory,Theory,Theory,Theory,Theory,Theory,Theory,Theory,Theory,Practical,Theory,Theory]",Bachelor of Business Administration,31010724169,"[2,2,2,2,2,2,2,2,2,2,2,4,2,2]"
tanishka.w@somaiya.edu,Tanishka Vijayendra Wagh,1,"[Goods and Services Marketing,Advertising,Corporate Accounting,Financial Markets and Services,Human Resource Management,Organizational Behaviour,French,German,Spanish,Management and Communication skills,Fundamental of technical Skills,Fundamental of technical Skills,Business Economics,Constitution and Public Policy]","[Theory,Theory,Theory,Theory,Theory,Theory,Theory,Theory,Theory,Theory,Theory,Practical,Theory,Theory]",Bachelor of Business Administration,31010724170,"[2,2,2,2,2,2,2,2,2,2,2,4,2,2]"
praneeth.rao@somaiya.edu,Praneeth Madhusudan Rao,1,"[Goods and Services Marketing,Advertising,Corporate Accounting,Financial Markets and Services,Human Resource Management,Organizational Behaviour,French,German,Spanish,Management and Communication skills,Fundamental of technical Skills,Fundamental of technical Skills,Business Economics,Constitution and Public Policy]","[Theory,Theory,Theory,Theory,Theory,Theory,Theory,Theory,Theory,Theory,Theory,Practical,Theory,Theory]",Bachelor of Business Administration,31010724171,"[2,2,2,2,2,2,2,2,2,2,2,4,2,2]"
chirag.agrawal@somaiya.edu,Chirag Mukesh Agrawal,1,"[Goods and Services Marketing,Advertising,Corporate Accounting,Financial Markets and Services,Human Resource Management,Organizational Behaviour,French,German,Spanish,Management and Communication skills,Fundamental of technical Skills,Fundamental of technical Skills,Business Economics,Constitution and Public Policy]","[Theory,Theory,Theory,Theory,Theory,Theory,Theory,Theory,Theory,Theory,Theory,Practical,Theory,Theory]",Bachelor of Business Administration,31010724172,"[2,2,2,2,2,2,2,2,2,2,2,4,2,2]"
shravani.sb@somaiya.edu,Shravani Sunil Bhosale,1,"[Goods and Services Marketing,Advertising,Corporate Accounting,Financial Markets and Services,Human Resource Management,Organizational Behaviour,French,German,Spanish,Management and Communication skills,Fundamental of technical Skills,Fundamental of technical Skills,Business Economics,Constitution and Public Policy]","[Theory,Theory,Theory,Theory,Theory,Theory,Theory,Theory,Theory,Theory,Theory,Practical,Theory,Theory]",Bachelor of Business Administration,31010724173,"[2,2,2,2,2,2,2,2,2,2,2,4,2,2]"
savya.c@somaiya.edu,Savya Sanchee Chaturvedi,1,"[Goods and Services Marketing,Advertising,Corporate Accounting,Financial Markets and Services,Human Resource Management,Organizational Behaviour,French,German,Spanish,Management and Communication skills,Fundamental of technical Skills,Fundamental of technical Skills,Business Economics,Constitution and Public Policy]","[Theory,Theory,Theory,Theory,Theory,Theory,Theory,Theory,Theory,Theory,Theory,Practical,Theory,Theory]",Bachelor of Business Administration,31010724174,"[2,2,2,2,2,2,2,2,2,2,2,4,2,2]"
veer.dodhia@somaiya.edu,Veer Jayesh Dodhia,1,"[Goods and Services Marketing,Advertising,Corporate Accounting,Financial Markets and Services,Human Resource Management,Organizational Behaviour,French,German,Spanish,Management and Communication skills,Fundamental of technical Skills,Fundamental of technical Skills,Business Economics,Constitution and Public Policy]","[Theory,Theory,Theory,Theory,Theory,Theory,Theory,Theory,Theory,Theory,Theory,Practical,Theory,Theory]",Bachelor of Business Administration,31010724175,"[2,2,2,2,2,2,2,2,2,2,2,4,2,2]"
diya.gehlot@somaiya.edu,Diya Anand Gehlot,1,"[Goods and Services Marketing,Advertising,Corporate Accounting,Financial Markets and Services,Human Resource Management,Organizational Behaviour,French,German,Spanish,Management and Communication skills,Fundamental of technical Skills,Fundamental of technical Skills,Business Economics,Constitution and Public Policy]","[Theory,Theory,Theory,Theory,Theory,Theory,Theory,Theory,Theory,Theory,Theory,Practical,Theory,Theory]",Bachelor of Business Administration,31010724176,"[2,2,2,2,2,2,2,2,2,2,2,4,2,2]"
sara.hazra@somaiya.edu,Sara  Hazra,1,"[Goods and Services Marketing,Advertising,Corporate Accounting,Financial Markets and Services,Human Resource Management,Organizational Behaviour,French,German,Spanish,Management and Communication skills,Fundamental of technical Skills,Fundamental of technical Skills,Business Economics,Constitution and Public Policy]","[Theory,Theory,Theory,Theory,Theory,Theory,Theory,Theory,Theory,Theory,Theory,Practical,Theory,Theory]",Bachelor of Business Administration,31010724177,"[2,2,2,2,2,2,2,2,2,2,2,4,2,2]"
kavya16@somaiya.edu,Kavya  Mehta,1,"[Goods and Services Marketing,Advertising,Corporate Accounting,Financial Markets and Services,Human Resource Management,Organizational Behaviour,French,German,Spanish,Management and Communication skills,Fundamental of technical Skills,Fundamental of technical Skills,Business Economics,Constitution and Public Policy]","[Theory,Theory,Theory,Theory,Theory,Theory,Theory,Theory,Theory,Theory,Theory,Practical,Theory,Theory]",Bachelor of Business Administration,31010724180,"[2,2,2,2,2,2,2,2,2,2,2,4,2,2]"
shom.patel@somaiya.edu,Shom Suvrat Patel,1,"[Goods and Services Marketing,Advertising,Corporate Accounting,Financial Markets and Services,Human Resource Management,Organizational Behaviour,French,German,Spanish,Management and Communication skills,Fundamental of technical Skills,Fundamental of technical Skills,Business Economics,Constitution and Public Policy]","[Theory,Theory,Theory,Theory,Theory,Theory,Theory,Theory,Theory,Theory,Theory,Practical,Theory,Theory]",Bachelor of Business Administration,31010724181,"[2,2,2,2,2,2,2,2,2,2,2,4,2,2]"
dheer.ts@somaiya.edu,Dheer Tejas Shah,1,"[Goods and Services Marketing,Advertising,Corporate Accounting,Financial Markets and Services,Human Resource Management,Organizational Behaviour,French,German,Spanish,Management and Communication skills,Fundamental of technical Skills,Fundamental of technical Skills,Business Economics,Constitution and Public Policy]","[Theory,Theory,Theory,Theory,Theory,Theory,Theory,Theory,Theory,Theory,Theory,Practical,Theory,Theory]",Bachelor of Business Administration,31010724182,"[2,2,2,2,2,2,2,2,2,2,2,4,2,2]"
avs10@somaiya.edu,Abhishek Vinay Shukla,1,"[Goods and Services Marketing,Advertising,Corporate Accounting,Financial Markets and Services,Human Resource Management,Organizational Behaviour,French,German,Spanish,Management and Communication skills,Fundamental of technical Skills,Fundamental of technical Skills,Business Economics,Constitution and Public Policy]","[Theory,Theory,Theory,Theory,Theory,Theory,Theory,Theory,Theory,Theory,Theory,Practical,Theory,Theory]",Bachelor of Business Administration,31010724183,"[2,2,2,2,2,2,2,2,2,2,2,4,2,2]"
pankti.b@somaiya.edu,Pankti Bharat Bhanushali,1,"[Goods and Services Marketing,Advertising,Corporate Accounting,Financial Markets and Services,Human Resource Management,Organizational Behaviour,French,German,Spanish,Management and Communication skills,Fundamental of technical Skills,Fundamental of technical Skills,Business Economics,Constitution and Public Policy]","[Theory,Theory,Theory,Theory,Theory,Theory,Theory,Theory,Theory,Theory,Theory,Practical,Theory,Theory]",Bachelor of Business Administration,31010724184,"[2,2,2,2,2,2,2,2,2,2,2,4,2,2]"
aditya.chand@somaiya.edu,Aditya Pratap Chand,1,"[Goods and Services Marketing,Advertising,Corporate Accounting,Financial Markets and Services,Human Resource Management,Organizational Behaviour,French,German,Spanish,Management and Communication skills,Fundamental of technical Skills,Fundamental of technical Skills,Business Economics,Constitution and Public Policy]","[Theory,Theory,Theory,Theory,Theory,Theory,Theory,Theory,Theory,Theory,Theory,Practical,Theory,Theory]",Bachelor of Business Administration,31010724185,"[2,2,2,2,2,2,2,2,2,2,2,4,2,2]"
riddhim.chib@somaiya.edu,Riddhim Vivek Chib,1,"[Goods and Services Marketing,Advertising,Corporate Accounting,Financial Markets and Services,Human Resource Management,Organizational Behaviour,French,German,Spanish,Management and Communication skills,Fundamental of technical Skills,Fundamental of technical Skills,Business Economics,Constitution and Public Policy]","[Theory,Theory,Theory,Theory,Theory,Theory,Theory,Theory,Theory,Theory,Theory,Practical,Theory,Theory]",Bachelor of Business Administration,31010724186,"[2,2,2,2,2,2,2,2,2,2,2,4,2,2]"
deeya.khatri@somaiya.edu,Deeya Sanjay Khatri,1,"[Goods and Services Marketing,Advertising,Corporate Accounting,Financial Markets and Services,Human Resource Management,Organizational Behaviour,French,German,Spanish,Management and Communication skills,Fundamental of technical Skills,Fundamental of technical Skills,Business Economics,Constitution and Public Policy]","[Theory,Theory,Theory,Theory,Theory,Theory,Theory,Theory,Theory,Theory,Theory,Practical,Theory,Theory]",Bachelor of Business Administration,31010724187,"[2,2,2,2,2,2,2,2,2,2,2,4,2,2]"
parva.nisar@somaiya.edu,Parva Mansookh Nisar,1,"[Goods and Services Marketing,Advertising,Corporate Accounting,Financial Markets and Services,Human Resource Management,Organizational Behaviour,French,German,Spanish,Management and Communication skills,Fundamental of technical Skills,Fundamental of technical Skills,Business Economics,Constitution and Public Policy]","[Theory,Theory,Theory,Theory,Theory,Theory,Theory,Theory,Theory,Theory,Theory,Practical,Theory,Theory]",Bachelor of Business Administration,31010724188,"[2,2,2,2,2,2,2,2,2,2,2,4,2,2]"
mariya.patel@somaiya.edu,Mariya Muzaffar Patel,1,"[Goods and Services Marketing,Advertising,Corporate Accounting,Financial Markets and Services,Human Resource Management,Organizational Behaviour,French,German,Spanish,Management and Communication skills,Fundamental of technical Skills,Fundamental of technical Skills,Business Economics,Constitution and Public Policy]","[Theory,Theory,Theory,Theory,Theory,Theory,Theory,Theory,Theory,Theory,Theory,Practical,Theory,Theory]",Bachelor of Business Administration,31010724189,"[2,2,2,2,2,2,2,2,2,2,2,4,2,2]"
raj.sanghrajka@somaiya.edu,Raj Narendra Sanghrajka,1,"[Goods and Services Marketing,Advertising,Corporate Accounting,Financial Markets and Services,Human Resource Management,Organizational Behaviour,French,German,Spanish,Management and Communication skills,Fundamental of technical Skills,Fundamental of technical Skills,Business Economics,Constitution and Public Policy]","[Theory,Theory,Theory,Theory,Theory,Theory,Theory,Theory,Theory,Theory,Theory,Practical,Theory,Theory]",Bachelor of Business Administration,31010724191,"[2,2,2,2,2,2,2,2,2,2,2,4,2,2]"
sakina.shah@somaiya.edu,Saniya Samim Shah,1,"[Goods and Services Marketing,Advertising,Corporate Accounting,Financial Markets and Services,Human Resource Management,Organizational Behaviour,French,German,Spanish,Management and Communication skills,Fundamental of technical Skills,Fundamental of technical Skills,Business Economics,Constitution and Public Policy]","[Theory,Theory,Theory,Theory,Theory,Theory,Theory,Theory,Theory,Theory,Theory,Practical,Theory,Theory]",Bachelor of Business Administration,31010724192,"[2,2,2,2,2,2,2,2,2,2,2,4,2,2]"
vidhi.thapliyal@somaiya.edu,Vidhi Vinod Thapliyal,1,"[Goods and Services Marketing,Advertising,Corporate Accounting,Financial Markets and Services,Human Resource Management,Organizational Behaviour,French,German,Spanish,Management and Communication skills,Fundamental of technical Skills,Fundamental of technical Skills,Business Economics,Constitution and Public Policy]","[Theory,Theory,Theory,Theory,Theory,Theory,Theory,Theory,Theory,Theory,Theory,Practical,Theory,Theory]",Bachelor of Business Administration,31010724193,"[2,2,2,2,2,2,2,2,2,2,2,4,2,2]"
rashipal.pal@somaiya.edu,Rashi Pal Pal,1,"[Goods and Services Marketing,Advertising,Corporate Accounting,Financial Markets and Services,Human Resource Management,Organizational Behaviour,French,German,Spanish,Management and Communication skills,Fundamental of technical Skills,Fundamental of technical Skills,Business Economics,Constitution and Public Policy]","[Theory,Theory,Theory,Theory,Theory,Theory,Theory,Theory,Theory,Theory,Theory,Practical,Theory,Theory]",Bachelor of Business Administration,31010724194,"[2,2,2,2,2,2,2,2,2,2,2,4,2,2]"
