email,lastName,firstName,middleName,semester,subjects,subjectType,course,seatNumber
a.preetikumari@somaiya.edu,Aryan,,,5,"Logistics and supply chain management, Entrepreneurship Management and Business Planning, French, German, Finance 4.0, Event management, Marketing 4.0, Retail Management, Sales and Distribution Management, Strategic cost management, Direct Tax, HR Accounting and Audit, Performance Management and Career Planning","Theory, Theory, Theory, Theory, Theory, Theory, Theory, Theory, Theory, Theory, Theory, Theory, Theory",Bachelor of Business Administration,31010722091
aagam.v@somaiya.edu,Vikmani,Aagam,,1,"Goods and Services Marketing, Advertising, Corporate Accounting, Financial Markets and Services, Human Resource Management, Organizational Behaviour, French, German, Spanish, Management and Communication skills, Fundamental of technical Skills, Fundamental of technical Skills, Business Economics, Constitution and Public Policy","Theory, Theory, Theory, Theory, Theory, Theory, Theory, Theory, Theory, Theory, Theory, Practical, Theory, Theory",Bachelor of Business Administration,31010724168
aarav.mittal@somaiya.edu,Mittal,Aarav,,1,"Goods and Services Marketing, Advertising, Corporate Accounting, Financial Markets and Services, Human Resource Management, Organizational Behaviour, French, German, Spanish, Management and Communication skills, Fundamental of technical Skills, Fundamental of technical Skills, Business Economics, Constitution and Public Policy","Theory, Theory, Theory, Theory, Theory, Theory, Theory, Theory, Theory, Theory, Theory, Practical, Theory, Theory",Bachelor of Business Administration,31010724048
aastha26@somaiya.edu,Rai,Aastha,,3,"Public Relations and Corporate Communication, Creative Writing, Film Studies, Ethical Practices in Media, Professional Photography, Professional Communication Skills III","Theory, Theory, Theory, Theory, Theory, Theory",Bachelor of Arts (Mass Communication and Journalism),31010823804
abhi.agarwal@somaiya.edu,Agarwal,Abhi,,1,"Goods and Services Marketing, Advertising, Corporate Accounting, Financial Markets and Services, Human Resource Management, Organizational Behaviour, French, German, Spanish, Management and Communication skills, Fundamental of technical Skills, Fundamental of technical Skills, Business Economics, Constitution and Public Policy","Theory, Theory, Theory, Theory, Theory, Theory, Theory, Theory, Theory, Theory, Theory, Practical, Theory, Theory",Bachelor of Business Administration,31010724073
abhiraj.prakash@somaiya.edu,Prakash,Abhiraj,,1,"Goods and Services Marketing, Advertising, Corporate Accounting, Financial Markets and Services, Human Resource Management, Organizational Behaviour, French, German, Spanish, Management and Communication skills, Fundamental of technical Skills, Fundamental of technical Skills, Business Economics, Constitution and Public Policy","Theory, Theory, Theory, Theory, Theory, Theory, Theory, Theory, Theory, Theory, Theory, Practical, Theory, Theory",Bachelor of Business Administration,31010724122
adhishree.singh@somaiya.edu,Singh,Adhishree,,1,"Managerial Economics , Financial Accounting , Professional Communication Skill - I , Constitution and Public Policy , Quantitative Methods-I","Theory, Theory, Theory, Theory, Theory",Bachelor of Commerce (Banking and Finance),31010524048
aditya.rawat@somaiya.edu,Rawat,Aditya,,1,"Professional Communication, Principles of Entertainment Media, Digital Media Marketing, Animation and Entertainment ","Theory, Theory, Theory, Theory",Master of Arts (Entertainment Media and Advertising),31032724036
advik.v@somaiya.edu,Vedantham,Advik,,1,"Foundation Course in Chemistry -I, Foundation Course in Chemistry-II, Introductory Chemistry Laboratory-I, Introductory Biology, Introductory Biology, Introductory Biology Laboratory, Introduction to Programming using Python, Introduction to Programming using Python, Foundations of Classical Physics, Foundations of Classical Physics, Physics Laboratory-I","Theory, Theory, Practical, Theory, Tutorial, Practical, Theory, Practical, Theory, Tutorial, Tutorial",Integrated Bachelor of Science-Master of Science,31017124010
akshaj.dewangan@somaiya.edu,Dewangan,Akshaj,,1,"Micro Economics I, Macro Economics I, Professional Communication Skill – I, Statistics in Economics I, Constitution and Public Policy, Computer Skills I","Theory, Theory, Theory, Theory, Theory, Theory",Bachelor of Science (Economics),31013124020
alankrit.d@somaiya.edu,Dwivedi,Alankrit,,1,"Goods and Services Marketing, Advertising, Corporate Accounting, Financial Markets and Services, Human Resource Management, Organizational Behaviour, French, German, Spanish, Management and Communication skills, Fundamental of technical Skills, Fundamental of technical Skills, Business Economics, Constitution and Public Policy","Theory, Theory, Theory, Theory, Theory, Theory, Theory, Theory, Theory, Theory, Theory, Practical, Theory, Theory",Bachelor of Business Administration,31010724092
anjali.markam@somaiya.edu,Markam,Anjali,,1,"Principles of Marketing, Corporate accounting, Professional Communication Skill I, Technical Skills for Business, Technical Skills for Business, Fundamentals of Economics, Constitution and Public Policy","Theory, Theory, Theory, Theory, Practical, Theory, Theory",Bachelor of Business Management,31010624148
ankita.keshari@somaiya.edu,Keshari,Ankita,,1,"Goods and Services Marketing, Advertising, Corporate Accounting, Financial Markets and Services, Human Resource Management, Organizational Behaviour, French, German, Spanish, Management and Communication skills, Fundamental of technical Skills, Fundamental of technical Skills, Business Economics, Constitution and Public Policy","Theory, Theory, Theory, Theory, Theory, Theory, Theory, Theory, Theory, Theory, Theory, Practical, Theory, Theory",Bachelor of Business Administration,31010724105
anshika.shukla@somaiya.edu,Shukla,Anshika,,5,"Advertising Design, Consumer Behaviour, Professional Ethics, Digital Media , Brand Managament , Media Planning and Buying","Theory, Theory, Theory, Theory, Theory, Theory",Bachelor of Arts (Mass Communication and Journalism),31010822063
anushka.bordia@somaiya.edu,Bordia,Anushka,,1,"Goods and Services Marketing, Advertising, Corporate Accounting, Financial Markets and Services, Human Resource Management, Organizational Behaviour, French, German, Spanish, Management and Communication skills, Fundamental of technical Skills, Fundamental of technical Skills, Business Economics, Constitution and Public Policy","Theory, Theory, Theory, Theory, Theory, Theory, Theory, Theory, Theory, Theory, Theory, Practical, Theory, Theory",Bachelor of Business Administration,31010724008
archana.kunder@somaiya.edu,Kunder,Archana,,1,"Goods and Services Marketing, Advertising, Corporate Accounting, Financial Markets and Services, Human Resource Management, Organizational Behaviour, French, German, Spanish, Management and Communication skills, Fundamental of technical Skills, Fundamental of technical Skills, Business Economics, Constitution and Public Policy","Theory, Theory, Theory, Theory, Theory, Theory, Theory, Theory, Theory, Theory, Theory, Practical, Theory, Theory",Bachelor of Business Administration,31010724109
ashutosh.parija@somaiya.edu,Parija,Ashutosh,,1,"Foundation Course in Chemistry -I, Foundation Course in Chemistry-II, Introductory Chemistry Laboratory-I, Introductory Biology, Introductory Biology, Introductory Biology Laboratory, Introduction to Programming using Python, Introduction to Programming using Python, Foundations of Classical Physics, Foundations of Classical Physics, Physics Laboratory-I","Theory, Theory, Practical, Theory, Tutorial, Practical, Theory, Practical, Theory, Tutorial, Tutorial",Integrated Bachelor of Science-Master of Science,31017124009
ashwin.a@somaiya.edu,Abhilash,Ashwin,,5,"Software Testing, Software Testing, Artificial Intelligence, Artificial Intelligence, Web Services, Web Services, Security in Computing, Security in Computing, Design Thinking, E2: Next Gen Databases, E2: Next Gen Databases, Game Programming, Game Programming","Theory, Practical, Theory, Practical, Theory, Practical, Theory, Practical, Theory, Theory, Practical, Theory, Practical",Bachelor of Science (Information Technology) Honour,31011022001
atiksh.p@somaiya.edu,Parashar,Atiksh,,1,"Goods and Services Marketing, Advertising, Corporate Accounting, Financial Markets and Services, Human Resource Management, Organizational Behaviour, French, German, Spanish, Management and Communication skills, Fundamental of technical Skills, Fundamental of technical Skills, Business Economics, Constitution and Public Policy","Theory, Theory, Theory, Theory, Theory, Theory, Theory, Theory, Theory, Theory, Theory, Practical, Theory, Theory",Bachelor of Business Administration,31010724119
avika.jain@somaiya.edu,Jain,Avika,,1,"Financial Accounting I, Cost Accounting I, Corporate Finance I, Statistical Techniques and Logical Reasoning , Minor in Tax, Minor in Finance, Professional Communication Skill I, Constitution and Public Policy","Theory, Theory, Theory, Theory, Theory, Theory, Theory, Theory",Bachelor of Commerce (Accounting and Finance),31010224162
avin.tuli@somaiya.edu,Tuli,Avin,,1,"Goods and Services Marketing, Advertising, Corporate Accounting, Financial Markets and Services, Human Resource Management, Organizational Behaviour, French, German, Spanish, Management and Communication skills, Fundamental of technical Skills, Fundamental of technical Skills, Business Economics, Constitution and Public Policy","Theory, Theory, Theory, Theory, Theory, Theory, Theory, Theory, Theory, Theory, Theory, Practical, Theory, Theory",Bachelor of Business Administration,31010724143
avipsa.p@somaiya.edu,Parida,Avipsa,,1,"Goods and Services Marketing, Advertising, Corporate Accounting, Financial Markets and Services, Human Resource Management, Organizational Behaviour, French, German, Spanish, Management and Communication skills, Fundamental of technical Skills, Fundamental of technical Skills, Business Economics, Constitution and Public Policy","Theory, Theory, Theory, Theory, Theory, Theory, Theory, Theory, Theory, Theory, Theory, Practical, Theory, Theory",Bachelor of Business Administration,31010724120
ayan.nage@somaiya.edu,Nage,Ayan,,1,"Financial Accounting I, Cost Accounting I, Corporate Finance I, Statistical Techniques and Logical Reasoning , Minor in Tax, Minor in Finance, Professional Communication Skill I, Constitution and Public Policy","Theory, Theory, Theory, Theory, Theory, Theory, Theory, Theory",Bachelor of Commerce (Accounting and Finance),31010224152
ayush.kasaudhan@somaiya.edu,Kasaudhan,Ayush,,5,"International Banking and Finance , Management Accounting , Reserach Methodology , Marketing of Financial Services , Credit Management, Treasury Management","Theory, Theory, Theory, Theory, Theory, Theory",Bachelor of Commerce (Banking and Finance),31010522009
ayush.r1@somaiya.edu,Ayush,,,1,"Goods and Services Marketing, Advertising, Corporate Accounting, Financial Markets and Services, Human Resource Management, Organizational Behaviour, French, German, Spanish, Management and Communication skills, Fundamental of technical Skills, Fundamental of technical Skills, Business Economics, Constitution and Public Policy","Theory, Theory, Theory, Theory, Theory, Theory, Theory, Theory, Theory, Theory, Theory, Practical, Theory, Theory",Bachelor of Business Administration,31010724166
bhakti.t@somaiya.edu,Tripathi,Bhakti,,1,"Goods and Services Marketing, Advertising, Corporate Accounting, Financial Markets and Services, Human Resource Management, Organizational Behaviour, French, German, Spanish, Management and Communication skills, Fundamental of technical Skills, Fundamental of technical Skills, Business Economics, Constitution and Public Policy","Theory, Theory, Theory, Theory, Theory, Theory, Theory, Theory, Theory, Theory, Theory, Practical, Theory, Theory",Bachelor of Business Administration,31010724164
boricha.s@somaiya.edu,Boricha,Sakshi,,1,"Goods and Services Marketing, Advertising, Corporate Accounting, Financial Markets and Services, Human Resource Management, Organizational Behaviour, French, German, Spanish, Management and Communication skills, Fundamental of technical Skills, Fundamental of technical Skills, Business Economics, Constitution and Public Policy","Theory, Theory, Theory, Theory, Theory, Theory, Theory, Theory, Theory, Theory, Theory, Practical, Theory, Theory",Bachelor of Business Administration,31010724009
darpan27@somaiya.edu,Jain,Darpan,,1,"Goods and Services Marketing, Advertising, Corporate Accounting, Financial Markets and Services, Human Resource Management, Organizational Behaviour, French, German, Spanish, Management and Communication skills, Fundamental of technical Skills, Fundamental of technical Skills, Business Economics, Constitution and Public Policy","Theory, Theory, Theory, Theory, Theory, Theory, Theory, Theory, Theory, Theory, Theory, Practical, Theory, Theory",Bachelor of Business Administration,31010724099
devashish06@somaiya.edu,Srivastava,Devashish,,1,"Goods and Services Marketing, Advertising, Corporate Accounting, Financial Markets and Services, Human Resource Management, Organizational Behaviour, French, German, Spanish, Management and Communication skills, Fundamental of technical Skills, Fundamental of technical Skills, Business Economics, Constitution and Public Policy","Theory, Theory, Theory, Theory, Theory, Theory, Theory, Theory, Theory, Theory, Theory, Practical, Theory, Theory",Bachelor of Business Administration,31010724163
dhanraj.jb@somaiya.edu,Bhanushali,Dhanraj,,1,"Principles of Marketing, Corporate accounting, Professional Communication Skill I, Technical Skills for Business, Technical Skills for Business, Fundamentals of Economics, Constitution and Public Policy","Theory, Theory, Theory, Theory, Practical, Theory, Theory",Bachelor of Business Management,31010624157
dhruv.kadu@somaiya.edu,Kadu,Dhruv,,3,"Strategic Management, Consumer Behaviour and Consumer Insights, Advertising and Sales, Management Accounting, Financial Markets and services, Professional Skill III , Event  management","Theory, Theory, Theory, Theory, Theory, Theory, Theory",Bachelor of Business Management,31010623803
disha25@somaiya.edu,Joshi,Disha,,3,"Strategic Management, Consumer Behaviour and Consumer Insights, Advertising and Sales, Management Accounting, Financial Markets and services, Professional Skill III , Event  management","Theory, Theory, Theory, Theory, Theory, Theory, Theory",Bachelor of Business Management,31010623186
gajendra.c@somaiya.edu,Chaudhary,Gajendra,,5,"Direct Taxation, Introduction to Fintech, Technical Analysis, Research Methodology, Derivative Market, Marketing in Financial Service","Theory, Theory, Theory, Theory, Theory, Theory",Bachelor of Commerce (Financial Markets),31010422009
hamsini.s@somaiya.edu,Sreekakulam,Hamsini,,1,"Goods and Services Marketing, Advertising, Corporate Accounting, Financial Markets and Services, Human Resource Management, Organizational Behaviour, French, German, Spanish, Management and Communication skills, Fundamental of technical Skills, Fundamental of technical Skills, Business Economics, Constitution and Public Policy","Theory, Theory, Theory, Theory, Theory, Theory, Theory, Theory, Theory, Theory, Theory, Practical, Theory, Theory",Bachelor of Business Administration,31010724140
himanshu.pandey@somaiya.edu,Pandey,Himanshu,,1,"Goods and Services Marketing, Advertising, Corporate Accounting, Financial Markets and Services, Human Resource Management, Organizational Behaviour, French, German, Spanish, Management and Communication skills, Fundamental of technical Skills, Fundamental of technical Skills, Business Economics, Constitution and Public Policy","Theory, Theory, Theory, Theory, Theory, Theory, Theory, Theory, Theory, Theory, Theory, Practical, Theory, Theory",Bachelor of Business Administration,31010724156
jainam.daga@somaiya.edu,Daga,Jainam,,1,"Goods and Services Marketing, Advertising, Corporate Accounting, Financial Markets and Services, Human Resource Management, Organizational Behaviour, French, German, Spanish, Management and Communication skills, Fundamental of technical Skills, Fundamental of technical Skills, Business Economics, Constitution and Public Policy","Theory, Theory, Theory, Theory, Theory, Theory, Theory, Theory, Theory, Theory, Theory, Practical, Theory, Theory",Bachelor of Business Administration,31010724083
jewel.tom@somaiya.edu,Tom,Jewel,,3,"Strategic Management, Consumer Behaviour and Consumer Insights, Sales and Distribution Management , Management Accounting, Technical Analysis of Financial Markets, Human Resource Accounting and Compensation Management, Human resource development, German, French, Spanish , Professional communication  Skill III -, Event  management","Theory, Theory, Theory, Theory, Theory, Theory, Theory, Theory, Theory, Theory, Theory, Theory",Bachelor of Business Administration,31010723052
kanishka.kariya@somaiya.edu,Kariya,Kanishka,,1,"Fundamentals of Mass Communication, Minor- Creative Writing, Visual Communication, Contemporary Issues, Contemporary Issues , Constitution and Public Policy, Language Skills in Media, Professional Skills I","Theory, Theory, Theory, Theory, Theory, Theory, Theory, Theory",Bachelor of Arts (Mass Communication and Journalism),31010824063
kavya16@somaiya.edu,Mehta,Kavya,,1,"Goods and Services Marketing, Advertising, Corporate Accounting, Financial Markets and Services, Human Resource Management, Organizational Behaviour, French, German, Spanish, Management and Communication skills, Fundamental of technical Skills, Fundamental of technical Skills, Business Economics, Constitution and Public Policy","Theory, Theory, Theory, Theory, Theory, Theory, Theory, Theory, Theory, Theory, Theory, Practical, Theory, Theory",Bachelor of Business Administration,31010724180
khushi.singla@somaiya.edu,Singla,Khushi,,5,"Advertising Design, Consumer Behaviour, Professional Ethics, Digital Media , Brand Managament , Media Planning and Buying","Theory, Theory, Theory, Theory, Theory, Theory",Bachelor of Arts (Mass Communication and Journalism),31010821060
krish.devda@somaiya.edu,Devda,Krish,,1,"Goods and Services Marketing, Advertising, Corporate Accounting, Financial Markets and Services, Human Resource Management, Organizational Behaviour, French, German, Spanish, Management and Communication skills, Fundamental of technical Skills, Fundamental of technical Skills, Business Economics, Constitution and Public Policy","Theory, Theory, Theory, Theory, Theory, Theory, Theory, Theory, Theory, Theory, Theory, Practical, Theory, Theory",Bachelor of Business Administration,31010724016
lavanya.m@somaiya.edu,Mahuley,Lavanya,,1,"Managerial Economics , Financial Accounting , Professional Communication Skill - I , Constitution and Public Policy , Quantitative Methods-I","Theory, Theory, Theory, Theory, Theory",Bachelor of Commerce (Banking and Finance),31010524042
lb@somaiya.edu,Bhanushali,Lakshya,,1,"Financial Accounting I, Cost Accounting I, Corporate Finance I, Statistical Techniques and Logical Reasoning , Minor in Tax, Minor in Finance, Professional Communication Skill I, Constitution and Public Policy","Theory, Theory, Theory, Theory, Theory, Theory, Theory, Theory",Bachelor of Commerce (Accounting and Finance),31010224160
m.v@somaiya.edu,,Vanshika,,1,"Biochemistry-I, CELL BIOLOGY 1, Chemistry I, Role of Computers in Biology, Microbiology 1, Biochemistry 1, CELL BIOLOGY 1, Chemistry I, Role of Computers in Biology, Microbiology 1","Theory, Theory, Theory, Theory, Theory, Practical, Practical, Practical, Practical, Practical",Bachelor of Science (Biotechnology),31011324042
maaz.shaikh@somaiya.edu,Shaikh,Maaz,,5,"Software Project Management, Software Project Management, Artificial Intelligence and Machine Learning, Artificial Intelligence and Machine Learning, MERN Stack, MERN Stack, Cloud Computing, Cloud Computing","Theory, Practical, Theory, Practical, Theory, Practical, Theory, Practical",Bachelor of Computer Applications,31011222063
madhav.varshney@somaiya.edu,Varshney,Madhav,,5,"Direct Tax, Strategic Financial Management, Risk Management, Portfolio Management, Service Marketing, Media Planning and Management, Tourism Marketing, Customer Relationship Management, Logistics and supply chain management","Theory, Theory, Theory, Theory, Theory, Theory, Theory, Theory, Theory",Bachelor of Business Management,31010622171
mahi.kothari@somaiya.edu,Kothari,Mahi,,5,"Direct Tax, Strategic Financial Management, Risk Management, Portfolio Management, Service Marketing, Media Planning and Management, Tourism Marketing, Customer Relationship Management, Logistics and supply chain management","Theory, Theory, Theory, Theory, Theory, Theory, Theory, Theory, Theory",Bachelor of Business Management,31010622069
mahi.ss@somaiya.edu,Mahi,Singh,,1,"Foundation Course in Chemistry -I, Foundation Course in Chemistry-II, Introductory Chemistry Laboratory-I, Introductory Biology, Introductory Biology, Introductory Biology Laboratory, Introduction to Programming using Python, Introduction to Programming using Python, Foundations of Classical Physics, Foundations of Classical Physics, Physics Laboratory-I","Theory, Theory, Practical, Theory, Tutorial, Practical, Theory, Practical, Theory, Tutorial, Tutorial",Integrated Bachelor of Science-Master of Science,31017124011
mohit.dagur@somaiya.edu,Dagur,Mohit,,3,"Public Relations and Corporate Communication, Creative Writing, Film Studies, Ethical Practices in Media, Professional Photography, Professional Communication Skills III","Theory, Theory, Theory, Theory, Theory, Theory",Bachelor of Arts (Mass Communication and Journalism),31010823004
ms10@somaiya.edu,Sharma,Muskan,,1,"Financial Accounting I, Cost Accounting I, Corporate Finance I, Statistical Techniques and Logical Reasoning , Minor in Tax, Minor in Finance, Professional Communication Skill I, Constitution and Public Policy","Theory, Theory, Theory, Theory, Theory, Theory, Theory, Theory",Bachelor of Commerce (Accounting and Finance),31010224154
muskan.sharma@somaiya.edu,Sharma,Muskan,,5,"Direct Tax, Strategic Financial Management, Risk Management, Portfolio Management, Service Marketing, Media Planning and Management, Tourism Marketing, Customer Relationship Management, Logistics and supply chain management","Theory, Theory, Theory, Theory, Theory, Theory, Theory, Theory, Theory",Bachelor of Business Management,31010622134
nidhi.bhatkar@somaiya.edu,Bhatkar,Nidhi,,1,"Calculus, Calculus, Foundation of Descriptive Statistcis, Foundation of Descriptive Statistics, Professional Skill I, Data Management using Spreadsheet, Data Management using Spreadsheet, Introduction to programming through Python, Introduction to programming through Python, Constitution and Public Policy","Theory, Practical, Theory, Practical, Theory, Theory, Practical, Theory, Practical, Theory",Bachelor of Science (Data Science),31013024003
niharika.anand@somaiya.edu,Anand,Niharika,,1,"Goods and Services Marketing, Advertising, Corporate Accounting, Financial Markets and Services, Human Resource Management, Organizational Behaviour, French, German, Spanish, Management and Communication skills, Fundamental of technical Skills, Fundamental of technical Skills, Business Economics, Constitution and Public Policy","Theory, Theory, Theory, Theory, Theory, Theory, Theory, Theory, Theory, Theory, Theory, Practical, Theory, Theory",Bachelor of Business Administration,31010724001
nirupama.dubey@somaiya.edu,Dubey,Nirupama,,1,"Fundamentals of Mass Communication, Minor- Creative Writing, Visual Communication, Contemporary Issues, Contemporary Issues , Constitution and Public Policy, Language Skills in Media, Professional Skills I","Theory, Theory, Theory, Theory, Theory, Theory, Theory, Theory",Bachelor of Arts (Mass Communication and Journalism),31010824062
p.ayyagari@somaiya.edu,Ayyagari,Priyanka,,1,"Goods and Services Marketing, Advertising, Corporate Accounting, Financial Markets and Services, Human Resource Management, Organizational Behaviour, French, German, Spanish, Management and Communication skills, Fundamental of technical Skills, Fundamental of technical Skills, Business Economics, Constitution and Public Policy","Theory, Theory, Theory, Theory, Theory, Theory, Theory, Theory, Theory, Theory, Theory, Practical, Theory, Theory",Bachelor of Business Administration,31010724004
p.shirsat@somaiya.edu,Shirsat,Pooja,,1,"Goods and Services Marketing, Advertising, Corporate Accounting, Financial Markets and Services, Human Resource Management, Organizational Behaviour, French, German, Spanish, Management and Communication skills, Fundamental of technical Skills, Fundamental of technical Skills, Business Economics, Constitution and Public Policy","Theory, Theory, Theory, Theory, Theory, Theory, Theory, Theory, Theory, Theory, Theory, Practical, Theory, Theory",Bachelor of Business Administration,31010724134
panchal.mn@somaiya.edu,Panchal,Meet,,5,"Logistics and supply chain management, Entrepreneurship Management and Business Planning, French, German, Finance 4.0, Event management, Marketing 4.0, Retail Management, Sales and Distribution Management, Strategic cost management, Direct Tax, HR Accounting and Audit, Performance Management and Career Planning","Theory, Theory, Theory, Theory, Theory, Theory, Theory, Theory, Theory, Theory, Theory, Theory, Theory",Bachelor of Business Administration,31010722054
parleen.s@somaiya.edu,Saini,Parleen,,1,"Goods and Services Marketing, Advertising, Corporate Accounting, Financial Markets and Services, Human Resource Management, Organizational Behaviour, French, German, Spanish, Management and Communication skills, Fundamental of technical Skills, Fundamental of technical Skills, Business Economics, Constitution and Public Policy","Theory, Theory, Theory, Theory, Theory, Theory, Theory, Theory, Theory, Theory, Theory, Practical, Theory, Theory",Bachelor of Business Administration,31010724059
parv.a@somaiya.edu,Arora,Parv,,1,"Financial Accounting I, Cost Accounting I, Corporate Finance I, Statistical Techniques and Logical Reasoning , Minor in Tax, Minor in Finance, Professional Communication Skill I, Constitution and Public Policy","Theory, Theory, Theory, Theory, Theory, Theory, Theory, Theory",Bachelor of Commerce (Accounting and Finance),31010224130
prachi.gaur@somaiya.edu,Gaur,Prachi,,1,"Goods and Services Marketing, Advertising, Corporate Accounting, Financial Markets and Services, Human Resource Management, Organizational Behaviour, French, German, Spanish, Management and Communication skills, Fundamental of technical Skills, Fundamental of technical Skills, Business Economics, Constitution and Public Policy","Theory, Theory, Theory, Theory, Theory, Theory, Theory, Theory, Theory, Theory, Theory, Practical, Theory, Theory",Bachelor of Business Administration,31010724024
pragashini.s@somaiya.edu,Sivabalan,Pragashini,,1,"Biochemistry-I, CELL BIOLOGY 1, Chemistry I, Role of Computers in Biology, Microbiology 1, Biochemistry 1, CELL BIOLOGY 1, Chemistry I, Role of Computers in Biology, Microbiology 1","Theory, Theory, Theory, Theory, Theory, Practical, Practical, Practical, Practical, Practical",Bachelor of Science (Biotechnology),31011324044
prasanna.g@somaiya.edu,Gopal,Prasanna,,1,"Goods and Services Marketing, Advertising, Corporate Accounting, Financial Markets and Services, Human Resource Management, Organizational Behaviour, French, German, Spanish, Management and Communication skills, Fundamental of technical Skills, Fundamental of technical Skills, Business Economics, Constitution and Public Policy","Theory, Theory, Theory, Theory, Theory, Theory, Theory, Theory, Theory, Theory, Theory, Practical, Theory, Theory",Bachelor of Business Administration,31010724149
prerak.arya@somaiya.edu,Arya,Prerak,,1,"Goods and Services Marketing, Advertising, Corporate Accounting, Financial Markets and Services, Human Resource Management, Organizational Behaviour, French, German, Spanish, Management and Communication skills, Fundamental of technical Skills, Fundamental of technical Skills, Business Economics, Constitution and Public Policy","Theory, Theory, Theory, Theory, Theory, Theory, Theory, Theory, Theory, Theory, Theory, Practical, Theory, Theory",Bachelor of Business Administration,31010724003
priyasha.parhi@somaiya.edu,Parhi,Priyasha,,1,"Managerial Economics , Financial Accounting , Professional Communication Skill - I , Constitution and Public Policy , Quantitative Methods-I","Theory, Theory, Theory, Theory, Theory",Bachelor of Commerce (Banking and Finance),31010524018
raghav.muchhal@somaiya.edu,Muchhal,Raghav,,1,"Corporate Accounting I, Constitution and Public policy, Fundamentals of Economics, Statistics - I, Introduction to finacial market, Professional communication skills","Theory, Theory, Theory, Theory, Theory, Theory",Bachelor of Commerce (Financial Markets),31010424094
riya.kapoor@somaiya.edu,Kapoor,Riya,,1,"Micro Economics I, Macro Economics I, Professional Communication Skill – I, Statistics in Economics I, Constitution and Public Policy, Computer Skills I","Theory, Theory, Theory, Theory, Theory, Theory",Bachelor of Science (Economics),31013124007
rohit.pradhan@somaiya.edu,Pradhan,Rohit,,5,"Software Testing, Software Testing, Artificial Intelligence, Artificial Intelligence, Web Services, Web Services, Security in Computing, Security in Computing, Design Thinking, E2: Next Gen Databases, E2: Next Gen Databases","Theory, Practical, Theory, Practical, Theory, Practical, Theory, Practical, Theory, Theory, Practical",Bachelor of Science (Information Technology),31010922119
saad07@somaiya.edu,Saad,,,1,"Principles of Algorithms and Programming, Principles of Algorithms and Programming, Digital Computer Fundamentals, Digital Computer Fundamentals, Organizational Behaviour, Discrete Structures, Professional Communication Skills I, Organizational Behaviour, Constitution of India and Public Policy","Theory, Practical, Theory, Practical, Practical, Theory, Theory, Theory, Theory",Bachelor of Computer Applications,31011224079
sakshi.sinha@somaiya.edu,Sinha,Sakshi,,1,"Professional Communication, Principles of Entertainment Media, Digital Media Marketing, Animation and Entertainment ","Theory, Theory, Theory, Theory",Master of Arts (Entertainment Media and Advertising),31032724032
samhit.d@somaiya.edu,Desabathina,Samhit,,1,"Goods and Services Marketing, Advertising, Corporate Accounting, Financial Markets and Services, Human Resource Management, Organizational Behaviour, French, German, Spanish, Management and Communication skills, Fundamental of technical Skills, Fundamental of technical Skills, Business Economics, Constitution and Public Policy","Theory, Theory, Theory, Theory, Theory, Theory, Theory, Theory, Theory, Theory, Theory, Practical, Theory, Theory",Bachelor of Business Administration,31010724084
sara.hazra@somaiya.edu,Hazra,Sara,,1,"Goods and Services Marketing, Advertising, Corporate Accounting, Financial Markets and Services, Human Resource Management, Organizational Behaviour, French, German, Spanish, Management and Communication skills, Fundamental of technical Skills, Fundamental of technical Skills, Business Economics, Constitution and Public Policy","Theory, Theory, Theory, Theory, Theory, Theory, Theory, Theory, Theory, Theory, Theory, Practical, Theory, Theory",Bachelor of Business Administration,31010724177
sg1@somaiya.edu,Gupta,Shubham,,1,"Global Media Challenges and Perspectives, Principles and Theories of Communication, Communication for Development, News Reporting and Writing","Theory, Theory, Theory, Theory",Master of Arts (Communication and Journalism),31032824007
shreya.jhanwar@somaiya.edu,Jhanwar,Shreya,,5,"Direct Tax, Strategic Financial Management, Risk Management, Portfolio Management, Service Marketing, Media Planning and Management, Tourism Marketing, Customer Relationship Management, Logistics and supply chain management","Theory, Theory, Theory, Theory, Theory, Theory, Theory, Theory, Theory",Bachelor of Business Management,31010622056
sidh.j@somaiya.edu,Jain,Sidh,,5,"Software Testing, Software Testing, Artificial Intelligence, Artificial Intelligence, Web Services, Web Services, Security in Computing, Security in Computing, Design Thinking, E2: Next Gen Databases, E2: Next Gen Databases","Theory, Practical, Theory, Practical, Theory, Practical, Theory, Practical, Theory, Theory, Practical",Bachelor of Science (Information Technology),31010922110
srivastava.a@somaiya.edu,Srivastava,Avantika,,3,"Public Relations and Corporate Communication, Creative Writing, Film Studies, Ethical Practices in Media, Professional Photography, Professional Communication Skills III","Theory, Theory, Theory, Theory, Theory, Theory",Bachelor of Arts (Mass Communication and Journalism),31010823054
ss40@somaiya.edu,Sharma,Shubham,,3,"Strategic Management, Consumer Behaviour and Consumer Insights, Sales and Distribution Management , Management Accounting, Technical Analysis of Financial Markets, Human Resource Accounting and Compensation Management, Human resource development, German, French, Spanish , Professional communication  Skill III -, Event  management","Theory, Theory, Theory, Theory, Theory, Theory, Theory, Theory, Theory, Theory, Theory, Theory",Bachelor of Business Administration,31010723120
ss47@somaiya.edu,Shrivastava,Siddhi,,1,"Goods and Services Marketing, Advertising, Corporate Accounting, Financial Markets and Services, Human Resource Management, Organizational Behaviour, French, German, Spanish, Management and Communication skills, Fundamental of technical Skills, Fundamental of technical Skills, Business Economics, Constitution and Public Policy","Theory, Theory, Theory, Theory, Theory, Theory, Theory, Theory, Theory, Theory, Theory, Practical, Theory, Theory",Bachelor of Business Administration,31010724072
surjit.chontale@somaiya.edu,Chontale,Surjit,,1,"Economics for Business Decision , Non- Banking Financial Companies (NBFCs), Advanced Research Methodology, Research Statistical Analysis, Strategic Management ","Theory, Theory, Theory, Practical, Theory",Master of Commerce (Banking and Finance),31032424014
suyash.phadke@somaiya.edu,Phadke,Suyash,,1," Biochemistry , Immunology , Molecular Biology , Advanced Analytical techniques, Biochemistry, Immunology , Molecular Biology , Advanced Analytical techniques","Theory, Theory, Theory, Theory, Practical, Practical, Practical, Practical",Master of Science (Biotechnology),31031624023
swarali.deshmukh@somaiya.edu,Deshmukh,Swarali,,1,"Goods and Services Marketing, Advertising, Corporate Accounting, Financial Markets and Services, Human Resource Management, Organizational Behaviour, French, German, Spanish, Management and Communication skills, Fundamental of technical Skills, Fundamental of technical Skills, Business Economics, Constitution and Public Policy","Theory, Theory, Theory, Theory, Theory, Theory, Theory, Theory, Theory, Theory, Theory, Practical, Theory, Theory",Bachelor of Business Administration,31010724087
tanishqa.sathe@somaiya.edu,Sathe,Tanishqa,,5,"Direct Tax, Strategic Financial Management, Risk Management, Portfolio Management, Service Marketing, Media Planning and Management, Tourism Marketing, Customer Relationship Management, Logistics and supply chain management","Theory, Theory, Theory, Theory, Theory, Theory, Theory, Theory, Theory",Bachelor of Business Management,31010622120
tilak.rawat@somaiya.edu,Rawat,Tilak,,3,"Human-Computer Interaction, Blockchain Concepts and Techniques, Human-Computer Interaction, Blockchain Concepts and Techniques, E1 Advances in Machine Learning, E1 Advances in Machine Learning","Theory, Theory, Practical, Practical, Theory, Practical",Master of Science (Information Technology),31031423036
trupthi.b@somaiya.edu,Biradar,Trupthi,,1,"Goods and Services Marketing, Advertising, Corporate Accounting, Financial Markets and Services, Human Resource Management, Organizational Behaviour, French, German, Spanish, Management and Communication skills, Fundamental of technical Skills, Fundamental of technical Skills, Business Economics, Constitution and Public Policy","Theory, Theory, Theory, Theory, Theory, Theory, Theory, Theory, Theory, Theory, Theory, Practical, Theory, Theory",Bachelor of Business Administration,31010724079
udit.singh@somaiya.edu,Singh,Udit,,1,"Financial Accounting I, Cost Accounting I, Corporate Finance I, Statistical Techniques and Logical Reasoning , Minor in Tax, Minor in Finance, Professional Communication Skill I, Constitution and Public Policy","Theory, Theory, Theory, Theory, Theory, Theory, Theory, Theory",Bachelor of Commerce (Accounting and Finance),31010224102
v.singrodia@somaiya.edu,Singrodia,Vanshika,,1,"Goods and Services Marketing, Advertising, Corporate Accounting, Financial Markets and Services, Human Resource Management, Organizational Behaviour, French, German, Spanish, Management and Communication skills, Fundamental of technical Skills, Fundamental of technical Skills, Business Economics, Constitution and Public Policy","Theory, Theory, Theory, Theory, Theory, Theory, Theory, Theory, Theory, Theory, Theory, Practical, Theory, Theory",Bachelor of Business Administration,31010724137
vansh.adnala@somaiya.edu,Adnala,Vansh,,3,"Strategic Management, Consumer Behaviour and Consumer Insights, Sales and Distribution Management , Management Accounting, Technical Analysis of Financial Markets, Human Resource Accounting and Compensation Management, Human resource development, German, French, Spanish , Professional communication  Skill III -, Event  management","Theory, Theory, Theory, Theory, Theory, Theory, Theory, Theory, Theory, Theory, Theory, Theory",Bachelor of Business Administration,31010723016
vansshika.r@somaiya.edu,Ranoth,Vansshika,,5,"Logistics and supply chain management, Entrepreneurship Management and Business Planning, French, German, Finance 4.0, Event management, Marketing 4.0, Retail Management, Sales and Distribution Management, Strategic cost management, Direct Tax, HR Accounting and Audit, Performance Management and Career Planning","Theory, Theory, Theory, Theory, Theory, Theory, Theory, Theory, Theory, Theory, Theory, Theory, Theory",Bachelor of Business Administration,31010723110
vardaan.syal@somaiya.edu,Syal,Vardaan,,1,"Managerial Economics , Financial Accounting , Professional Communication Skill - I , Constitution and Public Policy , Quantitative Methods-I","Theory, Theory, Theory, Theory, Theory",Bachelor of Commerce (Banking and Finance),31010524044
ved.sehrawat@somaiya.edu,Sehrawat,Ved,,1,"Goods and Services Marketing, Advertising, Corporate Accounting, Financial Markets and Services, Human Resource Management, Organizational Behaviour, French, German, Spanish, Management and Communication skills, Fundamental of technical Skills, Fundamental of technical Skills, Business Economics, Constitution and Public Policy","Theory, Theory, Theory, Theory, Theory, Theory, Theory, Theory, Theory, Theory, Theory, Practical, Theory, Theory",Bachelor of Business Administration,31010724063
vedanth.bhat@somaiya.edu,Bhat,Vedanth,,3,"Strategic Management, Consumer Behaviour and Consumer Insights, Sales and Distribution Management , Management Accounting, Technical Analysis of Financial Markets, Human Resource Accounting and Compensation Management, Human resource development, German, French, Spanish , Professional communication  Skill III -, Event  management","Theory, Theory, Theory, Theory, Theory, Theory, Theory, Theory, Theory, Theory, Theory, Theory",Bachelor of Business Administration,31010723158
y.shahi@somaiya.edu,Shahi,Yash,,1,"Microeconomics I, Public Finance, Mathematical economics, Statistical Techniques, Economics of Demography","Theory, Theory, Theory, Theory, Theory",Master of Arts (Economics),31032624024
yumna.ahmed@somaiya.edu,Ahmed,Yumna,,1,"Professional Communication, Principles of Entertainment Media, Digital Media Marketing, Animation and Entertainment ","Theory, Theory, Theory, Theory",Master of Arts (Entertainment Media and Advertising),31032724037
a.salunke@somaiya.edu,Salunke,Aditya,Sanjay,5,"Direct Tax, Strategic Financial Management, Risk Management, Portfolio Management, Service Marketing, Media Planning and Management, Tourism Marketing, Customer Relationship Management, Logistics and supply chain management","Theory, Theory, Theory, Theory, Theory, Theory, Theory, Theory, Theory",Bachelor of Business Management,31010623117
a.sarang@somaiya.edu,Sarang,Atharva,Uttamkumar,5,"Corporate Accounting III, Cost and Management Accounting III , International Taxation , Direct Tax II, Research Methodology, Strategic Management","Theory, Theory, Theory, Theory, Theory, Theory",Bachelor of Commerce (Accounting and Finance) Honour,31010322021
aadi.savla@somaiya.edu,Savla,Aadi,Rahul,1,"Principles of Marketing, Corporate accounting, Professional Communication Skill I, Technical Skills for Business, Technical Skills for Business, Fundamentals of Economics, Constitution and Public Policy","Theory, Theory, Theory, Theory, Practical, Theory, Theory",Bachelor of Business Management,31010624151
aaditya.malik@somaiya.edu,Malik,Aaditya,Rajesh,1,"Goods and Services Marketing, Advertising, Corporate Accounting, Financial Markets and Services, Human Resource Management, Organizational Behaviour, French, German, Spanish, Management and Communication skills, Fundamental of technical Skills, Fundamental of technical Skills, Business Economics, Constitution and Public Policy","Theory, Theory, Theory, Theory, Theory, Theory, Theory, Theory, Theory, Theory, Theory, Practical, Theory, Theory",Bachelor of Business Administration,31010724110
aaditya.sehgal@somaiya.edu,Sehgal,Aaditya,Parveen,1,"Goods and Services Marketing, Advertising, Corporate Accounting, Financial Markets and Services, Human Resource Management, Organizational Behaviour, French, German, Spanish, Management and Communication skills, Fundamental of technical Skills, Fundamental of technical Skills, Business Economics, Constitution and Public Policy","Theory, Theory, Theory, Theory, Theory, Theory, Theory, Theory, Theory, Theory, Theory, Practical, Theory, Theory",Bachelor of Business Administration,31010724062
aakansh.m@somaiya.edu,Mishra,Aakansh,Anand,3,"Strategic Management, Consumer Behaviour and Consumer Insights, Advertising and Sales, Management Accounting, Financial Markets and services, Professional Skill III , Event  management","Theory, Theory, Theory, Theory, Theory, Theory, Theory",Bachelor of Business Management,31010623179
aanan.b@somaiya.edu,Baviskar,Aanan,Laxman,1,"Foundation Course in Chemistry -I, Foundation Course in Chemistry-II, Introductory Chemistry Laboratory-I, Introductory Biology, Introductory Biology, Introductory Biology Laboratory, Introduction to Programming using Python, Introduction to Programming using Python, Foundations of Classical Physics, Foundations of Classical Physics, Physics Laboratory-I","Theory, Theory, Practical, Theory, Tutorial, Practical, Theory, Practical, Theory, Tutorial, Tutorial",Integrated Bachelor of Science-Master of Science,31017124013
aarushi.phadnis@somaiya.edu,Phadnis,Aarushi,Parikshit,1,"Biomolecules and biocatalysts, Biomolecules and biocatalysts, Biomass Energy and Biofuel Technologies, Biomass Energy and Biofuel Technologies, Production microorganisms – Isolation and improvement, Production microorganisms – Isolation and improvement, Process dynamics – principles and kinetics","Theory, Practical, Theory, Practical, Theory, Practical, Theory",Master of Science (Industrial Biotechnology),31036924008
aarya.bharade@somaiya.edu,Bharade,Aarya,Sandeep,1,"Goods and Services Marketing, Advertising, Corporate Accounting, Financial Markets and Services, Human Resource Management, Organizational Behaviour, French, German, Spanish, Management and Communication skills, Fundamental of technical Skills, Fundamental of technical Skills, Business Economics, Constitution and Public Policy","Theory, Theory, Theory, Theory, Theory, Theory, Theory, Theory, Theory, Theory, Theory, Practical, Theory, Theory",Bachelor of Business Administration,31010724007
aarya.kottungal@somaiya.edu,Kottungal,Aarya,Shrijit,1,"Goods and Services Marketing, Advertising, Corporate Accounting, Financial Markets and Services, Human Resource Management, Organizational Behaviour, French, German, Spanish, Management and Communication skills, Fundamental of technical Skills, Fundamental of technical Skills, Business Economics, Constitution and Public Policy","Theory, Theory, Theory, Theory, Theory, Theory, Theory, Theory, Theory, Theory, Theory, Practical, Theory, Theory",Bachelor of Business Administration,31010724107
aashee.gada@somaiya.edu,Gada,Aashee,Viral,5,"Logistics and supply chain management, Entrepreneurship Management and Business Planning, French, German, Finance 4.0, Event management, Marketing 4.0, Retail Management, Sales and Distribution Management, Strategic cost management, Direct Tax, HR Accounting and Audit, Performance Management and Career Planning","Theory, Theory, Theory, Theory, Theory, Theory, Theory, Theory, Theory, Theory, Theory, Theory, Theory",Bachelor of Business Administration,31010722105
aastha.jp@somaiya.edu,Patel,Aastha,Jitendrakumar,1,"Advanced Accounting , Direct Tax, Advanced Research Methodology , Operations Research, Data Management using Spreadsheets , Research Statistical Analysis","Theory, Theory, Theory, Theory, Theory, Theory",Master of Commerce (Accounting and Finance),31032524018
aayush.khilari@somaiya.edu,Khilari,Aayush,Mangesh,1,"Goods and Services Marketing, Advertising, Corporate Accounting, Financial Markets and Services, Human Resource Management, Organizational Behaviour, French, German, Spanish, Management and Communication skills, Fundamental of technical Skills, Fundamental of technical Skills, Business Economics, Constitution and Public Policy","Theory, Theory, Theory, Theory, Theory, Theory, Theory, Theory, Theory, Theory, Theory, Practical, Theory, Theory",Bachelor of Business Administration,31010724041
aayush.ry@somaiya.edu,Yadav,Aayush,Rajesh,1,"Goods and Services Marketing, Advertising, Corporate Accounting, Financial Markets and Services, Human Resource Management, Organizational Behaviour, French, German, Spanish, Management and Communication skills, Fundamental of technical Skills, Fundamental of technical Skills, Business Economics, Constitution and Public Policy","Theory, Theory, Theory, Theory, Theory, Theory, Theory, Theory, Theory, Theory, Theory, Practical, Theory, Theory",Bachelor of Business Administration,31010724165
aayushi.bm@somaiya.edu,Mehta,Aayushi,Bharat,5,"Direct Tax, Strategic Financial Management, Risk Management, Portfolio Management, Service Marketing, Media Planning and Management, Tourism Marketing, Customer Relationship Management, Logistics and supply chain management","Theory, Theory, Theory, Theory, Theory, Theory, Theory, Theory, Theory",Bachelor of Business Management,31010622086
abdulahad.m@somaiya.edu,Memon,Abdul,Ahad,5,"Direct Tax, Strategic Financial Management, Risk Management, Portfolio Management, Service Marketing, Media Planning and Management, Tourism Marketing, Customer Relationship Management, Logistics and supply chain management","Theory, Theory, Theory, Theory, Theory, Theory, Theory, Theory, Theory",Bachelor of Business Management,31010622090
abhinav.mn@somaiya.edu,Nair,Abhinav,Madhu,1,"Goods and Services Marketing, Advertising, Corporate Accounting, Financial Markets and Services, Human Resource Management, Organizational Behaviour, French, German, Spanish, Management and Communication skills, Fundamental of technical Skills, Fundamental of technical Skills, Business Economics, Constitution and Public Policy","Theory, Theory, Theory, Theory, Theory, Theory, Theory, Theory, Theory, Theory, Theory, Practical, Theory, Theory",Bachelor of Business Administration,31010724115
abhineet.o@somaiya.edu,Ozarkar,Abhineet,Gopal,3,"Strategic Management, Consumer Behaviour and Consumer Insights, Advertising and Sales, Management Accounting, Financial Markets and services, Professional Skill III , Event  management","Theory, Theory, Theory, Theory, Theory, Theory, Theory",Bachelor of Business Management,31010623807
aditi.at@somaiya.edu,Tiwari,Aditi,Ajay,1,"Principles of Marketing, Corporate accounting, Professional Communication Skill I, Technical Skills for Business, Technical Skills for Business, Fundamentals of Economics, Constitution and Public Policy","Theory, Theory, Theory, Theory, Practical, Theory, Theory",Bachelor of Business Management,31010624118
aditi.bhanushali@somaiya.edu,Bhanushali,Aditi,Kalpesh,1,"Goods and Services Marketing, Advertising, Corporate Accounting, Financial Markets and Services, Human Resource Management, Organizational Behaviour, French, German, Spanish, Management and Communication skills, Fundamental of technical Skills, Fundamental of technical Skills, Business Economics, Constitution and Public Policy","Theory, Theory, Theory, Theory, Theory, Theory, Theory, Theory, Theory, Theory, Theory, Practical, Theory, Theory",Bachelor of Business Administration,31010724145
aditi.gupta1@somaiya.edu,Gupta,Aditi,Shekhar,1,"Biochemistry-I, CELL BIOLOGY 1, Chemistry I, Role of Computers in Biology, Microbiology 1, Biochemistry 1, CELL BIOLOGY 1, Chemistry I, Role of Computers in Biology, Microbiology 1","Theory, Theory, Theory, Theory, Theory, Practical, Practical, Practical, Practical, Practical",Bachelor of Science (Biotechnology),31011324039
aditya.chand@somaiya.edu,Chand,Aditya,Pratap,1,"Goods and Services Marketing, Advertising, Corporate Accounting, Financial Markets and Services, Human Resource Management, Organizational Behaviour, French, German, Spanish, Management and Communication skills, Fundamental of technical Skills, Fundamental of technical Skills, Business Economics, Constitution and Public Policy","Theory, Theory, Theory, Theory, Theory, Theory, Theory, Theory, Theory, Theory, Theory, Practical, Theory, Theory",Bachelor of Business Administration,31010724185
aditya.chatrath@somaiya.edu,Chatrath,Aditya,Rakesh,1,"Corporate Accounting I, Constitution and Public policy, Fundamentals of Economics, Statistics - I, Introduction to finacial market, Professional communication skills","Theory, Theory, Theory, Theory, Theory, Theory",Bachelor of Commerce (Financial Markets),31010424008
aditya.patel2@somaiya.edu,Patel,Aditya,Mahesh,1,"Fundamentals of Mass Communication, Minor- Creative Writing, Visual Communication, Contemporary Issues, Contemporary Issues , Constitution and Public Policy, Language Skills in Media, Professional Skills I","Theory, Theory, Theory, Theory, Theory, Theory, Theory, Theory",Bachelor of Arts (Mass Communication and Journalism),31010824064
adityakumar.r@somaiya.edu,Rai,Adityakumar,Subhashchandra,3,"Public Relations and Corporate Communication, Creative Writing, Film Studies, Ethical Practices in Media, Professional Photography, Professional Communication Skills III","Theory, Theory, Theory, Theory, Theory, Theory",Bachelor of Arts (Mass Communication and Journalism),31010823805
afan.wasgare@somaiya.edu,Wasgare,Afan,Altaf,3,"Strategic Management, Consumer Behaviour and Consumer Insights, Sales and Distribution Management , Management Accounting, Technical Analysis of Financial Markets, Human Resource Accounting and Compensation Management, Human resource development, German, French, Spanish , Professional communication  Skill III -, Event  management","Theory, Theory, Theory, Theory, Theory, Theory, Theory, Theory, Theory, Theory, Theory, Theory",Bachelor of Business Administration,31010723155
aisha.solkar@somaiya.edu,Solkar,Aisha,Shakeel,5,"Data Mining and adaptive Business Intelligence, Information and Network Security, Information and Network Security, Software Testing and Quality Assurance, Software Testing and Quality Assurance, PL/SQL and NoSQL Databases, PL/SQL and NoSQL Databases, Artificial Intelligence, Artificial Intelligence, Data visualization and Analysis in Python, Data visualization and Analysis in Python, Data Mining and Adaptive Business Intelligence","Theory, Theory, Practical, Theory, Practical, Theory, Practical, Theory, Practical, Theory, Practical, Practical",Bachelor of Science Computer Science (Honours),31011122092
ajinkya.dp@somaiya.edu,Patil,Ajinkya,Dhananjay,3,"Machine Learning, Machine Learning, Complex Analysis , Complex Analysis , Number Theory, Number Theory, Numerical Analysis, Numerical Analysis, Research Methodology, Research Methodology","Theory, Practical, Theory, Tutorial, Theory, Tutorial, Theory, Tutorial, Theory, Tutorial",Master of Science (Mathematics),31031723002
akanksha.ss@somaiya.edu,Sharma,Akanksha,Shivshankar,1,"Goods and Services Marketing, Advertising, Corporate Accounting, Financial Markets and Services, Human Resource Management, Organizational Behaviour, French, German, Spanish, Management and Communication skills, Fundamental of technical Skills, Fundamental of technical Skills, Business Economics, Constitution and Public Policy","Theory, Theory, Theory, Theory, Theory, Theory, Theory, Theory, Theory, Theory, Theory, Practical, Theory, Theory",Bachelor of Business Administration,31010724065
akash.banerjee@somaiya.edu,Banerjee,Akash,Debasish,1,"Financial Accounting I, Cost Accounting I, Corporate Finance I, Statistical Techniques and Logical Reasoning , Minor in Tax, Minor in Finance, Professional Communication Skill I, Constitution and Public Policy","Theory, Theory, Theory, Theory, Theory, Theory, Theory, Theory",Bachelor of Commerce (Accounting and Finance),31010224127
akhtarraza.f@somaiya.edu,Farash,Akhtar,Raza,5,"Logistics and supply chain management, Entrepreneurship Management and Business Planning, French, German, Finance 4.0, Event management, Marketing 4.0, Retail Management, Sales and Distribution Management, Strategic cost management, Direct Tax, HR Accounting and Audit, Performance Management and Career Planning","Theory, Theory, Theory, Theory, Theory, Theory, Theory, Theory, Theory, Theory, Theory, Theory, Theory",Bachelor of Business Administration,31010722031
akshat.bhomkar@somaiya.edu,Bhomkar,Akshat,Shrinivas,1,"Calculus, Calculus, Foundation of Descriptive Statistcis, Foundation of Descriptive Statistics, Professional Skill I, Data Management using Spreadsheet, Data Management using Spreadsheet, Introduction to programming through Python, Introduction to programming through Python, Constitution and Public Policy","Theory, Practical, Theory, Practical, Theory, Theory, Practical, Theory, Practical, Theory",Bachelor of Science (Data Science),31013024043
akshat.dm@somaiya.edu,Mehta,Akshat,Deepak,1,"Goods and Services Marketing, Advertising, Corporate Accounting, Financial Markets and Services, Human Resource Management, Organizational Behaviour, French, German, Spanish, Management and Communication skills, Fundamental of technical Skills, Fundamental of technical Skills, Business Economics, Constitution and Public Policy","Theory, Theory, Theory, Theory, Theory, Theory, Theory, Theory, Theory, Theory, Theory, Practical, Theory, Theory",Bachelor of Business Administration,31010724046
akshat.variya@somaiya.edu,Variya,Akshat,Kishore,5,"Software Testing, Software Testing, Artificial Intelligence, Artificial Intelligence, Web Services, Web Services, Security in Computing, Security in Computing, Design Thinking, E2: Next Gen Databases, E2: Next Gen Databases","Theory, Practical, Theory, Practical, Theory, Practical, Theory, Practical, Theory, Theory, Practical",Bachelor of Science (Information Technology),31010922104
akshay.ak@somaiya.edu,Kulkarni,Akshay,Atul,1,"Goods and Services Marketing, Advertising, Corporate Accounting, Financial Markets and Services, Human Resource Management, Organizational Behaviour, French, German, Spanish, Management and Communication skills, Fundamental of technical Skills, Fundamental of technical Skills, Business Economics, Constitution and Public Policy","Theory, Theory, Theory, Theory, Theory, Theory, Theory, Theory, Theory, Theory, Theory, Practical, Theory, Theory",Bachelor of Business Administration,31010724108
akshay.shekatkar@somaiya.edu,Shekatkar,Akshay,Sachin,1,"Goods and Services Marketing, Advertising, Corporate Accounting, Financial Markets and Services, Human Resource Management, Organizational Behaviour, French, German, Spanish, Management and Communication skills, Fundamental of technical Skills, Fundamental of technical Skills, Business Economics, Constitution and Public Policy","Theory, Theory, Theory, Theory, Theory, Theory, Theory, Theory, Theory, Theory, Theory, Practical, Theory, Theory",Bachelor of Business Administration,31010724130
ali.patel@somaiya.edu,Patel,Ali,Amiruddin,3,"Data Structure using python, Data Structure using python, Introduction to Data Science, Introduction to Data Science, Oracle and PL/SQL, Oracle and PL/SQL, Professional Communication Skill III, Graph Theory and Optimization, Graph Theory and Optimization","Theory, Practical, Theory, Practical, Theory, Practical, Theory, Theory, Practical",Bachelor of Science (Data Science),31013023023
amey.sr@somaiya.edu,Rane,Amey,Surendra,1,"Biochemistry-I, CELL BIOLOGY 1, Chemistry I, Role of Computers in Biology, Microbiology 1, Biochemistry 1, CELL BIOLOGY 1, Chemistry I, Role of Computers in Biology, Microbiology 1","Theory, Theory, Theory, Theory, Theory, Practical, Practical, Practical, Practical, Practical",Bachelor of Science (Biotechnology),31011324040
anannya.g@somaiya.edu,Gudise,Anannya,Shankar,5,"International Banking and Finance , Management Accounting , Reserach Methodology , Marketing of Financial Services , Credit Management, Treasury Management","Theory, Theory, Theory, Theory, Theory, Theory",Bachelor of Commerce (Banking and Finance),31010522006
ananya.mavjekar@somaiya.edu,Mavjekar,Ananya,Sagar,1,"Managerial Economics , Financial Accounting , Professional Communication Skill - I , Constitution and Public Policy , Quantitative Methods-I","Theory, Theory, Theory, Theory, Theory",Bachelor of Commerce (Banking and Finance),31010524032
anish.as@somaiya.edu,Shelar,Anish,Adhik,3,"Strategic Management, Consumer Behaviour and Consumer Insights, Advertising and Sales, Management Accounting, Financial Markets and services, Professional Skill III , Event  management","Theory, Theory, Theory, Theory, Theory, Theory, Theory",Bachelor of Business Management,31010623806
anisha.rawat@somaiya.edu,Rawat,Anisha,Uttamsingh,1,"Goods and Services Marketing, Advertising, Corporate Accounting, Financial Markets and Services, Human Resource Management, Organizational Behaviour, French, German, Spanish, Management and Communication skills, Fundamental of technical Skills, Fundamental of technical Skills, Business Economics, Constitution and Public Policy","Theory, Theory, Theory, Theory, Theory, Theory, Theory, Theory, Theory, Theory, Theory, Practical, Theory, Theory",Bachelor of Business Administration,31010724124
anishkaa.m@somaiya.edu,Mehta,Anishkaa,Sharad,1,"Goods and Services Marketing, Advertising, Corporate Accounting, Financial Markets and Services, Human Resource Management, Organizational Behaviour, French, German, Spanish, Management and Communication skills, Fundamental of technical Skills, Fundamental of technical Skills, Business Economics, Constitution and Public Policy","Theory, Theory, Theory, Theory, Theory, Theory, Theory, Theory, Theory, Theory, Theory, Practical, Theory, Theory",Bachelor of Business Administration,31010724047
anjani.b@somaiya.edu,Bais,Anjani,Singh,1,"Goods and Services Marketing, Advertising, Corporate Accounting, Financial Markets and Services, Human Resource Management, Organizational Behaviour, French, German, Spanish, Management and Communication skills, Fundamental of technical Skills, Fundamental of technical Skills, Business Economics, Constitution and Public Policy","Theory, Theory, Theory, Theory, Theory, Theory, Theory, Theory, Theory, Theory, Theory, Practical, Theory, Theory",Bachelor of Business Administration,31010724006
anjani.b@somaiya.edu,Bais,Anjani,Singh,1,"Principles of Marketing, Corporate accounting, Professional Communication Skill I, Technical Skills for Business, Technical Skills for Business, Fundamentals of Economics, Constitution and Public Policy","Theory, Theory, Theory, Theory, Practical, Theory, Theory",Bachelor of Business Management,31010624004
ankita.kanuga@somaiya.edu,Kanuga,Ankita,Sanjay,1,"Goods and Services Marketing, Advertising, Corporate Accounting, Financial Markets and Services, Human Resource Management, Organizational Behaviour, French, German, Spanish, Management and Communication skills, Fundamental of technical Skills, Fundamental of technical Skills, Business Economics, Constitution and Public Policy","Theory, Theory, Theory, Theory, Theory, Theory, Theory, Theory, Theory, Theory, Theory, Practical, Theory, Theory",Bachelor of Business Administration,31010724104
anmol.shah@somaiya.edu,Shah,Anmol,Aatish,1,"Goods and Services Marketing, Advertising, Corporate Accounting, Financial Markets and Services, Human Resource Management, Organizational Behaviour, French, German, Spanish, Management and Communication skills, Fundamental of technical Skills, Fundamental of technical Skills, Business Economics, Constitution and Public Policy","Theory, Theory, Theory, Theory, Theory, Theory, Theory, Theory, Theory, Theory, Theory, Practical, Theory, Theory",Bachelor of Business Administration,31010724127
annanya.v@somaiya.edu,Vaniankandy,Annanya,Anand,1,"Goods and Services Marketing, Advertising, Corporate Accounting, Financial Markets and Services, Human Resource Management, Organizational Behaviour, French, German, Spanish, Management and Communication skills, Fundamental of technical Skills, Fundamental of technical Skills, Business Economics, Constitution and Public Policy","Theory, Theory, Theory, Theory, Theory, Theory, Theory, Theory, Theory, Theory, Theory, Practical, Theory, Theory",Bachelor of Business Administration,31010724144
anshul.malviya@somaiya.edu,Malviya,Anshul,Ajay,1,"Principles of Marketing, Corporate accounting, Professional Communication Skill I, Technical Skills for Business, Technical Skills for Business, Fundamentals of Economics, Constitution and Public Policy","Theory, Theory, Theory, Theory, Practical, Theory, Theory",Bachelor of Business Management,31010624147
anuj.pipada@somaiya.edu,Pipada,Anuj,Amit,5,"Direct Tax, Strategic Financial Management, Risk Management, Portfolio Management, Service Marketing, Media Planning and Management, Tourism Marketing, Customer Relationship Management, Logistics and supply chain management","Theory, Theory, Theory, Theory, Theory, Theory, Theory, Theory, Theory",Bachelor of Business Management,31010623106
arahat.d@somaiya.edu,Darokar,Arahat,Santoshkumar,1,"Managerial Economics , Financial Accounting , Professional Communication Skill - I , Constitution and Public Policy , Quantitative Methods-I","Theory, Theory, Theory, Theory, Theory",Bachelor of Commerce (Banking and Finance),31010524039
arav.desai@somaiya.edu,Desai,Arav,Amitbhai,1,"Goods and Services Marketing, Advertising, Corporate Accounting, Financial Markets and Services, Human Resource Management, Organizational Behaviour, French, German, Spanish, Management and Communication skills, Fundamental of technical Skills, Fundamental of technical Skills, Business Economics, Constitution and Public Policy","Theory, Theory, Theory, Theory, Theory, Theory, Theory, Theory, Theory, Theory, Theory, Practical, Theory, Theory",Bachelor of Business Administration,31010724085
arnav.ramandavis@somaiya.edu,Raman,Davis,Arnav,5,"Corporate Accounting III, Cost and Management Accounting III , International Taxation , Direct Tax II, Research Methodology, Strategic Management","Theory, Theory, Theory, Theory, Theory, Theory",Bachelor of Commerce (Accounting and Finance) Honour,31010322019
arnav.sg@somaiya.edu,Gupta,Arnav,Shirish,1,"Goods and Services Marketing, Advertising, Corporate Accounting, Financial Markets and Services, Human Resource Management, Organizational Behaviour, French, German, Spanish, Management and Communication skills, Fundamental of technical Skills, Fundamental of technical Skills, Business Economics, Constitution and Public Policy","Theory, Theory, Theory, Theory, Theory, Theory, Theory, Theory, Theory, Theory, Theory, Practical, Theory, Theory",Bachelor of Business Administration,31010724150
arnav23@somaiya.edu,Sharma,Arnav,Amit,1,"Goods and Services Marketing, Advertising, Corporate Accounting, Financial Markets and Services, Human Resource Management, Organizational Behaviour, French, German, Spanish, Management and Communication skills, Fundamental of technical Skills, Fundamental of technical Skills, Business Economics, Constitution and Public Policy","Theory, Theory, Theory, Theory, Theory, Theory, Theory, Theory, Theory, Theory, Theory, Practical, Theory, Theory",Bachelor of Business Administration,31010724066
arpita.os@somaiya.edu,Singh,Arpita,Omprakash,3,"Database Management System, Database Management System, Operating System, Operating System, Python Programming, Python Programming, Elements of Statistics, Elements of Statistics, Arduino Programming, Arduino Programming","Theory, Practical, Theory, Practical, Theory, Practical, Theory, Practical, Theory, Practical",Bachelor of Computer Applications,31011223066
aryan.hj@somaiya.edu,Joshi,Aryan,Himalay,5,"Corporate Accounting III, Cost and Management Accounting III , International Taxation , Direct Tax II, Research Methodology, Strategic Management","Theory, Theory, Theory, Theory, Theory, Theory",Bachelor of Commerce (Accounting and Finance) Honour,31010322033
ashutosh.ns@somaiya.edu,Singh,Ashutosh,Niraj,3,"Public Relations and Corporate Communication, Creative Writing, Film Studies, Ethical Practices in Media, Professional Photography, Professional Communication Skills III","Theory, Theory, Theory, Theory, Theory, Theory",Bachelor of Arts (Mass Communication and Journalism),31010823051
asifa.s@somaiya.edu,Shaikh,Asifa,Nazir,1,"Advanced Accounting , Direct Tax, Advanced Research Methodology , Operations Research, Data Management using Spreadsheets , Research Statistical Analysis","Theory, Theory, Theory, Theory, Theory, Theory",Master of Commerce (Accounting and Finance),31032524037
asmi.kale@somaiya.edu,Kale,Asmi,Suresh,1,"Financial Accounting I, Cost Accounting I, Corporate Finance I, Statistical Techniques and Logical Reasoning , Minor in Tax, Minor in Finance, Professional Communication Skill I, Constitution and Public Policy","Theory, Theory, Theory, Theory, Theory, Theory, Theory, Theory",Bachelor of Commerce (Accounting and Finance),31010224137
atharva.bhurale@somaiya.edu,Bhurale,Atharva,Chetan,5,"Logistics and supply chain management, Entrepreneurship Management and Business Planning, French, German, Finance 4.0, Event management, Marketing 4.0, Retail Management, Sales and Distribution Management, Strategic cost management, Direct Tax, HR Accounting and Audit, Performance Management and Career Planning","Theory, Theory, Theory, Theory, Theory, Theory, Theory, Theory, Theory, Theory, Theory, Theory, Theory",Bachelor of Business Administration,31010722025
atharva.tare@somaiya.edu,Tare,Atharva,Chandrahas,5,"Data Mining and adaptive Business Intelligence, Information and Network Security, Information and Network Security, Software Testing and Quality Assurance, Software Testing and Quality Assurance, PL/SQL and NoSQL Databases, PL/SQL and NoSQL Databases, Artificial Intelligence, Artificial Intelligence, Data visualization and Analysis in Python, Data visualization and Analysis in Python, Data Mining and Adaptive Business Intelligence","Theory, Theory, Practical, Theory, Practical, Theory, Practical, Theory, Practical, Theory, Practical, Practical",Bachelor of Science Computer Science (Honours),31011122095
austin.isyas@somaiya.edu,Isyas,Austin,Arun,3,"Data structure, Data structure, Operating System, Operating System, Core Java, Core Java, Mobile Programming, Professional Communication Skill III, Applied Mathematics","Theory, Practical, Theory, Practical, Theory, Practical, Theory, Theory, Theory",Bachelor of Science (Information Technology),31010923143
avani.gupta@somaiya.edu,Gupta,Avani,Shirish,1,"Goods and Services Marketing, Advertising, Corporate Accounting, Financial Markets and Services, Human Resource Management, Organizational Behaviour, French, German, Spanish, Management and Communication skills, Fundamental of technical Skills, Fundamental of technical Skills, Business Economics, Constitution and Public Policy","Theory, Theory, Theory, Theory, Theory, Theory, Theory, Theory, Theory, Theory, Theory, Practical, Theory, Theory",Bachelor of Business Administration,31010724151
avs10@somaiya.edu,Shukla,Abhishek,Vinay,1,"Goods and Services Marketing, Advertising, Corporate Accounting, Financial Markets and Services, Human Resource Management, Organizational Behaviour, French, German, Spanish, Management and Communication skills, Fundamental of technical Skills, Fundamental of technical Skills, Business Economics, Constitution and Public Policy","Theory, Theory, Theory, Theory, Theory, Theory, Theory, Theory, Theory, Theory, Theory, Practical, Theory, Theory",Bachelor of Business Administration,31010724183
ayush.rajwadkar@somaiya.edu,Rajwadkar,Ayush,Harshad,1,"Algorithm and C ++ programming, Web Technology, Digital Electronics, Discrete Mathematics, Professional Communication Skill I, Web Technology, Digital Electronics, Algorithm and C ++ programming, Constitution and Public Policy","Theory, Theory, Theory, Theory, Theory, Practical, Practical, Practical, Theory",Bachelor of Science (Computer Science),31011124072
azad.chaubey@somaiya.edu,Chaubey,Azad,Udit,1,"Goods and Services Marketing, Advertising, Corporate Accounting, Financial Markets and Services, Human Resource Management, Organizational Behaviour, French, German, Spanish, Management and Communication skills, Fundamental of technical Skills, Fundamental of technical Skills, Business Economics, Constitution and Public Policy","Theory, Theory, Theory, Theory, Theory, Theory, Theory, Theory, Theory, Theory, Theory, Practical, Theory, Theory",Bachelor of Business Administration,31010724010
b.shirodkar@somaiya.edu,Shirodkar,Bhavesh,Devendra,5,"Direct Tax, Strategic Financial Management, Risk Management, Portfolio Management, Service Marketing, Media Planning and Management, Tourism Marketing, Customer Relationship Management, Logistics and supply chain management","Theory, Theory, Theory, Theory, Theory, Theory, Theory, Theory, Theory",Bachelor of Business Management,31010622139
bhavesh.lohiya@somaiya.edu,Lohiya,Bhavesh,Sandeep,1,"Goods and Services Marketing, Advertising, Corporate Accounting, Financial Markets and Services, Human Resource Management, Organizational Behaviour, French, German, Spanish, Management and Communication skills, Fundamental of technical Skills, Fundamental of technical Skills, Business Economics, Constitution and Public Policy","Theory, Theory, Theory, Theory, Theory, Theory, Theory, Theory, Theory, Theory, Theory, Practical, Theory, Theory",Bachelor of Business Administration,31010724045
bhoomi.shewale@somaiya.edu,Shewale,Bhoomi,Ganesh,1,"Foundation Course in Chemistry -I, Foundation Course in Chemistry-II, Introductory Chemistry Laboratory-I, Introductory Biology, Introductory Biology, Introductory Biology Laboratory, Introduction to Programming using Python, Introduction to Programming using Python, Foundations of Classical Physics, Foundations of Classical Physics, Physics Laboratory-I","Theory, Theory, Practical, Theory, Tutorial, Practical, Theory, Practical, Theory, Tutorial, Tutorial",Integrated Bachelor of Science-Master of Science,31017124014
bhoomika.vaidwan@somaiya.edu,Vaidwan,Bhoomika,Rajeev,1,"Biochemistry-I, CELL BIOLOGY 1, Chemistry I, Role of Computers in Biology, Microbiology 1, Biochemistry 1, CELL BIOLOGY 1, Chemistry I, Role of Computers in Biology, Microbiology 1","Theory, Theory, Theory, Theory, Theory, Practical, Practical, Practical, Practical, Practical",Bachelor of Science (Biotechnology),31011324038
c.mahindrakar@somaiya.edu,Mahindrakar,Chaitanya,Niraj,1,"Calculus, Calculus, Foundation of Descriptive Statistcis, Foundation of Descriptive Statistics, Professional Skill I, Data Management using Spreadsheet, Data Management using Spreadsheet, Introduction to programming through Python, Introduction to programming through Python, Constitution and Public Policy","Theory, Practical, Theory, Practical, Theory, Theory, Practical, Theory, Practical, Theory",Bachelor of Science (Data Science),31013024045
chaitrali.as@somaiya.edu,Sawant,Chaitrali,Abhijit,1,"Goods and Services Marketing, Advertising, Corporate Accounting, Financial Markets and Services, Human Resource Management, Organizational Behaviour, French, German, Spanish, Management and Communication skills, Fundamental of technical Skills, Fundamental of technical Skills, Business Economics, Constitution and Public Policy","Theory, Theory, Theory, Theory, Theory, Theory, Theory, Theory, Theory, Theory, Theory, Practical, Theory, Theory",Bachelor of Business Administration,31010724061
chirag.agrawal@somaiya.edu,Agrawal,Chirag,Mukesh,1,"Goods and Services Marketing, Advertising, Corporate Accounting, Financial Markets and Services, Human Resource Management, Organizational Behaviour, French, German, Spanish, Management and Communication skills, Fundamental of technical Skills, Fundamental of technical Skills, Business Economics, Constitution and Public Policy","Theory, Theory, Theory, Theory, Theory, Theory, Theory, Theory, Theory, Theory, Theory, Practical, Theory, Theory",Bachelor of Business Administration,31010724172
d.prajapati@somaiya.edu,Prajapati,Darshan,Premkumar,5,"Direct Tax, Strategic Financial Management, Risk Management, Portfolio Management, Service Marketing, Media Planning and Management, Tourism Marketing, Customer Relationship Management, Logistics and supply chain management","Theory, Theory, Theory, Theory, Theory, Theory, Theory, Theory, Theory",Bachelor of Business Management,31010622110
dakshata.panchal@somaiya.edu,Panchal,Dakshata,Vilas,1,"Advanced Accounting , Direct Tax, Advanced Research Methodology , Operations Research, Data Management using Spreadsheets , Research Statistical Analysis","Theory, Theory, Theory, Theory, Theory, Theory",Master of Commerce (Accounting and Finance),31032524038
darshan.sawant@somaiya.edu,Sawant,Darshan,Prashant,5,"Software Testing, Software Testing, Artificial Intelligence, Artificial Intelligence, Web Services, Web Services, Security in Computing, Security in Computing, Design Thinking, E2: Next Gen Databases, E2: Next Gen Databases","Theory, Practical, Theory, Practical, Theory, Practical, Theory, Practical, Theory, Theory, Practical",Bachelor of Science (Information Technology),31010922081
debargho.mitra@somaiya.edu,Mitra,Debargho,Dipankar,1,"Algorithm and C ++ programming, Web Technology, Digital Electronics, Discrete Mathematics, Professional Communication Skill I, Web Technology, Digital Electronics, Algorithm and C ++ programming, Constitution and Public Policy","Theory, Theory, Theory, Theory, Theory, Practical, Practical, Practical, Theory",Bachelor of Science (Computer Science),31011124053
deep23@somaiya.edu,Bhanushali,Deep,Pratap,5,"Direct Tax, Strategic Financial Management, Risk Management, Portfolio Management, Service Marketing, Media Planning and Management, Tourism Marketing, Customer Relationship Management, Logistics and supply chain management","Theory, Theory, Theory, Theory, Theory, Theory, Theory, Theory, Theory",Bachelor of Business Management,31010622007
deeya.khatri@somaiya.edu,Khatri,Deeya,Sanjay,1,"Goods and Services Marketing, Advertising, Corporate Accounting, Financial Markets and Services, Human Resource Management, Organizational Behaviour, French, German, Spanish, Management and Communication skills, Fundamental of technical Skills, Fundamental of technical Skills, Business Economics, Constitution and Public Policy","Theory, Theory, Theory, Theory, Theory, Theory, Theory, Theory, Theory, Theory, Theory, Practical, Theory, Theory",Bachelor of Business Administration,31010724187
dev.karwa@somaiya.edu,Karwa,Dev,Komalkumar,3,"Fixed Income Securities, Equity Market, Corporate Finance, Professional Communication Skills, Research Methodology, Strategic Management","Theory, Theory, Theory, Theory, Theory, Theory",Bachelor of Commerce (Financial Markets),31010423077
devam.mody@somaiya.edu,Mody,Devam,Amit,5,"Direct Taxation, Introduction to Fintech, Technical Analysis, Research Methodology, Derivative Market, Marketing in Financial Service","Theory, Theory, Theory, Theory, Theory, Theory",Bachelor of Commerce (Financial Markets),31010422058
devansh.softa@somaiya.edu,Softa,Devansh,Akhil,1,"Goods and Services Marketing, Advertising, Corporate Accounting, Financial Markets and Services, Human Resource Management, Organizational Behaviour, French, German, Spanish, Management and Communication skills, Fundamental of technical Skills, Fundamental of technical Skills, Business Economics, Constitution and Public Policy","Theory, Theory, Theory, Theory, Theory, Theory, Theory, Theory, Theory, Theory, Theory, Practical, Theory, Theory",Bachelor of Business Administration,31010724139
devanshi.jain@somaiya.edu,Jain,Devanshi,Sandeep,3,"Public Relations and Corporate Communication, Creative Writing, Film Studies, Ethical Practices in Media, Professional Photography, Professional Communication Skills III","Theory, Theory, Theory, Theory, Theory, Theory",Bachelor of Arts (Mass Communication and Journalism),31010823012
dhairya.jd@somaiya.edu,Dedhia,Dhairya,Jayesh,5,"Corporate Accounting III, Cost and Management Accounting III, Direct Tax II, Research Methodology , Corporate Accounting, Financial Management II, Strategic Management","Theory, Theory, Theory, Theory, Theory, Theory, Theory",Bachelor of Commerce (Accounting and Finance),31010222017
dhairya.s@somaiya.edu,Sheth,Dhairya,Mitesh,1,"Goods and Services Marketing, Advertising, Corporate Accounting, Financial Markets and Services, Human Resource Management, Organizational Behaviour, French, German, Spanish, Management and Communication skills, Fundamental of technical Skills, Fundamental of technical Skills, Business Economics, Constitution and Public Policy","Theory, Theory, Theory, Theory, Theory, Theory, Theory, Theory, Theory, Theory, Theory, Practical, Theory, Theory",Bachelor of Business Administration,31010724131
dhara.panchasara@somaiya.edu,Panchasara,Dhara,Shantilal,1,"Goods and Services Marketing, Advertising, Corporate Accounting, Financial Markets and Services, Human Resource Management, Organizational Behaviour, French, German, Spanish, Management and Communication skills, Fundamental of technical Skills, Fundamental of technical Skills, Business Economics, Constitution and Public Policy","Theory, Theory, Theory, Theory, Theory, Theory, Theory, Theory, Theory, Theory, Theory, Practical, Theory, Theory",Bachelor of Business Administration,31010724118
dheer.ts@somaiya.edu,Shah,Dheer,Tejas,1,"Goods and Services Marketing, Advertising, Corporate Accounting, Financial Markets and Services, Human Resource Management, Organizational Behaviour, French, German, Spanish, Management and Communication skills, Fundamental of technical Skills, Fundamental of technical Skills, Business Economics, Constitution and Public Policy","Theory, Theory, Theory, Theory, Theory, Theory, Theory, Theory, Theory, Theory, Theory, Practical, Theory, Theory",Bachelor of Business Administration,31010724182
dhrasti.p@somaiya.edu,Patel,Dhrasti,Nilesh,3,"Data structure, Data structure, Operating System, Operating System, Core Java, Core Java, Mobile Programming, Professional Communication Skill III, Applied Mathematics","Theory, Practical, Theory, Practical, Theory, Practical, Theory, Theory, Theory",Bachelor of Science (Information Technology),31010923802
dhrisha.g@somaiya.edu,Gosrani,Dhrisha,Viren,1,"Goods and Services Marketing, Advertising, Corporate Accounting, Financial Markets and Services, Human Resource Management, Organizational Behaviour, French, German, Spanish, Management and Communication skills, Fundamental of technical Skills, Fundamental of technical Skills, Business Economics, Constitution and Public Policy","Theory, Theory, Theory, Theory, Theory, Theory, Theory, Theory, Theory, Theory, Theory, Practical, Theory, Theory",Bachelor of Business Administration,31010724027
dhruv.lakhani@somaiya.edu,Lakhani,Dhruv,Kumar,3,"Fixed Income Securities, Equity Market, Corporate Finance, Professional Communication Skills, Research Methodology, Strategic Management","Theory, Theory, Theory, Theory, Theory, Theory",Bachelor of Commerce (Financial Markets),31010423801
dhruv.maurya@somaiya.edu,Maurya,Dhruv,Rajesh,5,"Software Testing, Software Testing, Artificial Intelligence, Artificial Intelligence, Web Services, Web Services, Security in Computing, Security in Computing, Design Thinking, E2: Next Gen Databases, E2: Next Gen Databases","Theory, Practical, Theory, Practical, Theory, Practical, Theory, Practical, Theory, Theory, Practical",Bachelor of Science (Information Technology),31010921095
dhruv.negi@somaiya.edu,Negi,Dhruv,Darshansingh,1,"Goods and Services Marketing, Advertising, Corporate Accounting, Financial Markets and Services, Human Resource Management, Organizational Behaviour, French, German, Spanish, Management and Communication skills, Fundamental of technical Skills, Fundamental of technical Skills, Business Economics, Constitution and Public Policy","Theory, Theory, Theory, Theory, Theory, Theory, Theory, Theory, Theory, Theory, Theory, Practical, Theory, Theory",Bachelor of Business Administration,31010724116
dhruv.thanki@somaiya.edu,Thanki,Dhruv,Mayur,1,"Managerial Economics , Financial Accounting , Professional Communication Skill - I , Constitution and Public Policy , Quantitative Methods-I","Theory, Theory, Theory, Theory, Theory",Bachelor of Commerce (Banking and Finance),31010524047
dhruvanshi.p@somaiya.edu,Patel,Dhruvanshi,Amit,5,"Logistics and supply chain management, Entrepreneurship Management and Business Planning, French, German, Finance 4.0, Event management, Marketing 4.0, Retail Management, Sales and Distribution Management, Strategic cost management, Direct Tax, HR Accounting and Audit, Performance Management and Career Planning","Theory, Theory, Theory, Theory, Theory, Theory, Theory, Theory, Theory, Theory, Theory, Theory, Theory",Bachelor of Business Administration,31010722130
dhruvi.ck@somaiya.edu,Karaniya,Dhruvi,Chandresh,5,"Direct Tax, Strategic Financial Management, Risk Management, Portfolio Management, Service Marketing, Media Planning and Management, Tourism Marketing, Customer Relationship Management, Logistics and supply chain management","Theory, Theory, Theory, Theory, Theory, Theory, Theory, Theory, Theory",Bachelor of Business Management,31010621045
dhruvi.s@somaiya.edu,Shah,Dhruvi,Pankaj,5,"Corporate Accounting III, Cost and Management Accounting III , International Taxation , Direct Tax II, Research Methodology, Strategic Management","Theory, Theory, Theory, Theory, Theory, Theory",Bachelor of Commerce (Accounting and Finance) Honour,31010322022
dhruvi.salecha@somaiya.edu,Salecha,Dhruvi,Rajendra,1,"Goods and Services Marketing, Advertising, Corporate Accounting, Financial Markets and Services, Human Resource Management, Organizational Behaviour, French, German, Spanish, Management and Communication skills, Fundamental of technical Skills, Fundamental of technical Skills, Business Economics, Constitution and Public Policy","Theory, Theory, Theory, Theory, Theory, Theory, Theory, Theory, Theory, Theory, Theory, Practical, Theory, Theory",Bachelor of Business Administration,31010724060
dhwani.u@somaiya.edu,Udeshi,Dhwani,Paresh,5,"Direct Taxation, Introduction to Fintech, Technical Analysis, Research Methodology, Derivative Market, Marketing in Financial Service","Theory, Theory, Theory, Theory, Theory, Theory",Bachelor of Commerce (Financial Markets),31010422086
diana.maniar@somaiya.edu,Maniar,Diana,Nikhil,3,"Strategic Management, Consumer Behaviour and Consumer Insights, Sales and Distribution Management , Management Accounting, Technical Analysis of Financial Markets, Human Resource Accounting and Compensation Management, Human resource development, German, French, Spanish , Professional communication  Skill III -, Event  management","Theory, Theory, Theory, Theory, Theory, Theory, Theory, Theory, Theory, Theory, Theory, Theory",Bachelor of Business Administration,31010723003
diksha.u@somaiya.edu,Ushakola,Diksha,Bhaskar,1," Biochemistry , Immunology , Molecular Biology , Advanced Analytical techniques, Biochemistry, Immunology , Molecular Biology , Advanced Analytical techniques","Theory, Theory, Theory, Theory, Practical, Practical, Practical, Practical",Master of Science (Biotechnology),31031624033
dineshbhai.p@somaiya.edu,Padmani,Devam,Dineshbhai,3,"Strategic Management, Consumer Behaviour and Consumer Insights, Advertising and Sales, Management Accounting, Financial Markets and services, Professional Skill III , Event  management","Theory, Theory, Theory, Theory, Theory, Theory, Theory",Bachelor of Business Management,31010623166
disha.verat@somaiya.edu,Verat,Disha,Ratna,5,"International Banking and Finance , Management Accounting , Reserach Methodology , Marketing of Financial Services , Credit Management, Treasury Management","Theory, Theory, Theory, Theory, Theory, Theory",Bachelor of Commerce (Banking and Finance),31010522023
divesh.j@somaiya.edu,Jadhav,Divesh,Jayprakash,3,"Data Structure using python, Data Structure using python, Introduction to Data Science, Introduction to Data Science, Oracle and PL/SQL, Oracle and PL/SQL, Professional Communication Skill III, Graph Theory and Optimization, Graph Theory and Optimization","Theory, Practical, Theory, Practical, Theory, Practical, Theory, Theory, Practical",Bachelor of Science (Data Science),31013023801
divy.prajapati@somaiya.edu,Prajapati,Divy,Dipesh,5,"Software Project Management, Software Project Management, Artificial Intelligence and Machine Learning, Artificial Intelligence and Machine Learning, MERN Stack, MERN Stack, Cloud Computing, Cloud Computing","Theory, Practical, Theory, Practical, Theory, Practical, Theory, Practical",Bachelor of Computer Applications,31011222054
divya.barot@somaiya.edu,Barot,Divya,Hitesh,3,"Strategic Management, Consumer Behaviour and Consumer Insights, Advertising and Sales, Management Accounting, Financial Markets and services, Professional Skill III , Event  management","Theory, Theory, Theory, Theory, Theory, Theory, Theory",Bachelor of Business Management,31010623012
divya.gada@somaiya.edu,Gada,Divya,Vinod,1,"Corporate Accounting I, Constitution and Public policy, Fundamentals of Economics, Statistics - I, Introduction to finacial market, Professional communication skills","Theory, Theory, Theory, Theory, Theory, Theory",Bachelor of Commerce (Financial Markets),31010424019
divyansh.h@somaiya.edu,Hemani,Divyansh,Vipul,5,"Direct Tax, Strategic Financial Management, Risk Management, Portfolio Management, Service Marketing, Media Planning and Management, Tourism Marketing, Customer Relationship Management, Logistics and supply chain management","Theory, Theory, Theory, Theory, Theory, Theory, Theory, Theory, Theory",Bachelor of Business Management,31010622042
diya.gehlot@somaiya.edu,Gehlot,Diya,Anand,1,"Goods and Services Marketing, Advertising, Corporate Accounting, Financial Markets and Services, Human Resource Management, Organizational Behaviour, French, German, Spanish, Management and Communication skills, Fundamental of technical Skills, Fundamental of technical Skills, Business Economics, Constitution and Public Policy","Theory, Theory, Theory, Theory, Theory, Theory, Theory, Theory, Theory, Theory, Theory, Practical, Theory, Theory",Bachelor of Business Administration,31010724176
dodia.pa@somaiya.edu,Dodia,Parth,Anil,1,"Algebra I, Algebra I, Linear Algebra, Linear Algebra, SageMath, Probability and Statistics using R, Probability and Statistics using R, Research Methodology, Research Methodology","Theory, Tutorial, Theory, Tutorial, Practical, Theory, Practical, Theory, Tutorial",Master of Science (Mathematics),31031724013
drishti.kadakia@somaiya.edu,Kadakia,Drishti,Atul,1,"Goods and Services Marketing, Advertising, Corporate Accounting, Financial Markets and Services, Human Resource Management, Organizational Behaviour, French, German, Spanish, Management and Communication skills, Fundamental of technical Skills, Fundamental of technical Skills, Business Economics, Constitution and Public Policy","Theory, Theory, Theory, Theory, Theory, Theory, Theory, Theory, Theory, Theory, Theory, Practical, Theory, Theory",Bachelor of Business Administration,31010724035
ebrahim.vanu@somaiya.edu,Vanu,Ebrahim,Habib,1,"Goods and Services Marketing, Advertising, Corporate Accounting, Financial Markets and Services, Human Resource Management, Organizational Behaviour, French, German, Spanish, Management and Communication skills, Fundamental of technical Skills, Fundamental of technical Skills, Business Economics, Constitution and Public Policy","Theory, Theory, Theory, Theory, Theory, Theory, Theory, Theory, Theory, Theory, Theory, Practical, Theory, Theory",Bachelor of Business Administration,31010724167
ekta.chauhan@somaiya.edu,Chauhan,Ekta,Mukesh,3,"Human-Computer Interaction, Blockchain Concepts and Techniques, Human-Computer Interaction, Blockchain Concepts and Techniques, E1 Advances in Machine Learning, E1 Advances in Machine Learning","Theory, Theory, Practical, Practical, Theory, Practical",Master of Science (Information Technology),31031423005
g.singh@somaiya.edu,Singh,Gaurav,Ravindra,3,"Data structure, Data structure, Operating System, Operating System, Core Java, Core Java, Mobile Programming, Professional Communication Skill III, Applied Mathematics","Theory, Practical, Theory, Practical, Theory, Practical, Theory, Theory, Theory",Bachelor of Science (Information Technology),31010923091
gagan.surana@somaiya.edu,Surana,Gagan,Manoj,5,"Direct Tax, Strategic Financial Management, Risk Management, Portfolio Management, Service Marketing, Media Planning and Management, Tourism Marketing, Customer Relationship Management, Logistics and supply chain management","Theory, Theory, Theory, Theory, Theory, Theory, Theory, Theory, Theory",Bachelor of Business Management,31010622148
gaikwad.ap@somaiya.edu,Gaikwad,Aditya,Prashant,5,"International Banking and Finance , Management Accounting , Reserach Methodology , Marketing of Financial Services , Credit Management, Treasury Management","Theory, Theory, Theory, Theory, Theory, Theory",Bachelor of Commerce (Banking and Finance),31010523005
gandhi.sd@somaiya.edu,Gandhi,Siddhi,Dinesh,3,"Strategic Management, Consumer Behaviour and Consumer Insights, Advertising and Sales, Management Accounting, Financial Markets and services, Professional Skill III , Event  management","Theory, Theory, Theory, Theory, Theory, Theory, Theory",Bachelor of Business Management,31010623181
gaurav.rawat@somaiya.edu,Rawat,Gaurav,Laxman,1,"Economics for Business Decision , Non- Banking Financial Companies (NBFCs), Advanced Research Methodology, Research Statistical Analysis, Strategic Management ","Theory, Theory, Theory, Practical, Theory",Master of Commerce (Banking and Finance),31032424015
hardi.j@somaiya.edu,Jakhariya,Hardi,Kaushik,5,"Software Project Management, Software Project Management, Artificial Intelligence and Machine Learning, Artificial Intelligence and Machine Learning, MERN Stack, MERN Stack, Cloud Computing, Cloud Computing","Theory, Practical, Theory, Practical, Theory, Practical, Theory, Practical",Bachelor of Computer Applications,31011222025
gunjan.mallik@somaiya.edu,Mallik,Gunjan,Jayanta,1,"Financial Accounting I, Cost Accounting I, Corporate Finance I, Statistical Techniques and Logical Reasoning , Minor in Tax, Minor in Finance, Professional Communication Skill I, Constitution and Public Policy","Theory, Theory, Theory, Theory, Theory, Theory, Theory, Theory",Bachelor of Commerce (Accounting and Finance),31010224060
gupta.pl@somaiya.edu,Gupta,Pratham,Laxmikant,1,"Goods and Services Marketing, Advertising, Corporate Accounting, Financial Markets and Services, Human Resource Management, Organizational Behaviour, French, German, Spanish, Management and Communication skills, Fundamental of technical Skills, Fundamental of technical Skills, Business Economics, Constitution and Public Policy","Theory, Theory, Theory, Theory, Theory, Theory, Theory, Theory, Theory, Theory, Theory, Practical, Theory, Theory",Bachelor of Business Administration,31010724097
h.jain@somaiya.edu,Jain,Heet,Prakash,5,"Direct Tax, Strategic Financial Management, Risk Management, Portfolio Management, Service Marketing, Media Planning and Management, Tourism Marketing, Customer Relationship Management, Logistics and supply chain management","Theory, Theory, Theory, Theory, Theory, Theory, Theory, Theory, Theory",Bachelor of Business Management,31010622049
haadi.shaikh@somaiya.edu,Shaikh,Haadi,Irfan,3,"Strategic Management, Consumer Behaviour and Consumer Insights, Sales and Distribution Management , Management Accounting, Technical Analysis of Financial Markets, Human Resource Accounting and Compensation Management, Human resource development, German, French, Spanish , Professional communication  Skill III -, Event  management","Theory, Theory, Theory, Theory, Theory, Theory, Theory, Theory, Theory, Theory, Theory, Theory",Bachelor of Business Administration,31010723049
harsh.damame@somaiya.edu,Damame,Harsh,Milind,5,"Software Testing, Software Testing, Artificial Intelligence, Artificial Intelligence, Web Services, Web Services, Security in Computing, Security in Computing, Design Thinking, E2: Next Gen Databases, E2: Next Gen Databases","Theory, Practical, Theory, Practical, Theory, Practical, Theory, Practical, Theory, Theory, Practical",Bachelor of Science (Information Technology),31010921110
harsh.jangir@somaiya.edu,Jangir,Harsh,Kirti,1,"Goods and Services Marketing, Advertising, Corporate Accounting, Financial Markets and Services, Human Resource Management, Organizational Behaviour, French, German, Spanish, Management and Communication skills, Fundamental of technical Skills, Fundamental of technical Skills, Business Economics, Constitution and Public Policy","Theory, Theory, Theory, Theory, Theory, Theory, Theory, Theory, Theory, Theory, Theory, Practical, Theory, Theory",Bachelor of Business Administration,31010724033
harsh.tandlekar@somaiya.edu,Tandlekar,Harsh,Mangesh,5,"Logistics and supply chain management, Entrepreneurship Management and Business Planning, French, German, Finance 4.0, Event management, Marketing 4.0, Retail Management, Sales and Distribution Management, Strategic cost management, Direct Tax, HR Accounting and Audit, Performance Management and Career Planning","Theory, Theory, Theory, Theory, Theory, Theory, Theory, Theory, Theory, Theory, Theory, Theory, Theory",Bachelor of Business Administration,31010722087
harsh03@somaiya.edu,Jain,Harsh,Suresh,5,"Direct Tax, Strategic Financial Management, Risk Management, Portfolio Management, Service Marketing, Media Planning and Management, Tourism Marketing, Customer Relationship Management, Logistics and supply chain management","Theory, Theory, Theory, Theory, Theory, Theory, Theory, Theory, Theory",Bachelor of Business Management,31010622048
harsh04@somaiya.edu,Jadhav,Harsh,Shantaram,1,"Goods and Services Marketing, Advertising, Corporate Accounting, Financial Markets and Services, Human Resource Management, Organizational Behaviour, French, German, Spanish, Management and Communication skills, Fundamental of technical Skills, Fundamental of technical Skills, Business Economics, Constitution and Public Policy","Theory, Theory, Theory, Theory, Theory, Theory, Theory, Theory, Theory, Theory, Theory, Practical, Theory, Theory",Bachelor of Business Administration,31010724098
harshal.panda@somaiya.edu,Panda,Harshal,Sanjeev,5,"Software Testing, Software Testing, Artificial Intelligence, Artificial Intelligence, Web Services, Web Services, Security in Computing, Security in Computing, Design Thinking, E2: Next Gen Databases, E2: Next Gen Databases","Theory, Practical, Theory, Practical, Theory, Practical, Theory, Practical, Theory, Theory, Practical",Bachelor of Science (Information Technology),31010922061
harshil.ah@somaiya.edu,Haria,Harshil,Alpesh,5,"Direct Tax, Strategic Financial Management, Risk Management, Portfolio Management, Service Marketing, Media Planning and Management, Tourism Marketing, Customer Relationship Management, Logistics and supply chain management","Theory, Theory, Theory, Theory, Theory, Theory, Theory, Theory, Theory",Bachelor of Business Management,31010622041
heena.malik@somaiya.edu,Malik,Heena,Abdul,3,"Cellular metabolism 1, Genetics and Molecular Biology-I, Basic Bioanalytical Techniques, Cellular metabolism 1, Genetics and Molecular Biology-I, Basic Bioanalytical Techniques, Basics of Plant and Animal Tissue Culture, Basics of Plant and Animal Tissue Culture, Environmental Pollution and Bioethics, Genomic sequence analysis, Genomic sequence analysis","Theory, Theory, Theory, Practical, Practical, Practical, Theory, Practical, Theory, Theory, Practical",Bachelor of Science (Biotechnology),31011323038
heer.visaria@somaiya.edu,Visaria,Heer,Nitish,5,"Logistics and supply chain management, Entrepreneurship Management and Business Planning, French, German, Finance 4.0, Event management, Marketing 4.0, Retail Management, Sales and Distribution Management, Strategic cost management, Direct Tax, HR Accounting and Audit, Performance Management and Career Planning","Theory, Theory, Theory, Theory, Theory, Theory, Theory, Theory, Theory, Theory, Theory, Theory, Theory",Bachelor of Business Administration,31010722089
heet.s@somaiya.edu,Shah,Heet,Jatin,1,"Goods and Services Marketing, Advertising, Corporate Accounting, Financial Markets and Services, Human Resource Management, Organizational Behaviour, French, German, Spanish, Management and Communication skills, Fundamental of technical Skills, Fundamental of technical Skills, Business Economics, Constitution and Public Policy","Theory, Theory, Theory, Theory, Theory, Theory, Theory, Theory, Theory, Theory, Theory, Practical, Theory, Theory",Bachelor of Business Administration,31010724128
henil.gada@somaiya.edu,Gada,Henil,Dinesh,5,"Direct Taxation, Introduction to Fintech, Technical Analysis, Research Methodology, Derivative Market, Marketing in Financial Service","Theory, Theory, Theory, Theory, Theory, Theory",Bachelor of Commerce (Financial Markets),31010422022
hiiya.sheth@somaiya.edu,Sheth,Hiiya,Brijesh,3,"Fixed Income Securities, Equity Market, Corporate Finance, Professional Communication Skills, Research Methodology, Strategic Management","Theory, Theory, Theory, Theory, Theory, Theory",Bachelor of Commerce (Financial Markets),31010423061
himanshu.c@somaiya.edu,Choudhary,Himanshu,Kailash,1,"Goods and Services Marketing, Advertising, Corporate Accounting, Financial Markets and Services, Human Resource Management, Organizational Behaviour, French, German, Spanish, Management and Communication skills, Fundamental of technical Skills, Fundamental of technical Skills, Business Economics, Constitution and Public Policy","Theory, Theory, Theory, Theory, Theory, Theory, Theory, Theory, Theory, Theory, Theory, Practical, Theory, Theory",Bachelor of Business Administration,31010724012
himav.s@somaiya.edu,Shakrani,Himav,Jignesh,1,"Corporate Accounting I, Constitution and Public policy, Fundamentals of Economics, Statistics - I, Introduction to finacial market, Professional communication skills","Theory, Theory, Theory, Theory, Theory, Theory",Bachelor of Commerce (Financial Markets),31010424096
hjp1@somaiya.edu,Patel,Harsh,Jagdish,5,"Corporate Accounting III, Cost and Management Accounting III, Direct Tax II, Research Methodology , Corporate Accounting, Financial Management II, Strategic Management","Theory, Theory, Theory, Theory, Theory, Theory, Theory",Bachelor of Commerce (Accounting and Finance),31010222052
hryday.patel@somaiya.edu,Patel,Hryday,Rajesh,5,"Direct Tax, Strategic Financial Management, Risk Management, Portfolio Management, Service Marketing, Media Planning and Management, Tourism Marketing, Customer Relationship Management, Logistics and supply chain management","Theory, Theory, Theory, Theory, Theory, Theory, Theory, Theory, Theory",Bachelor of Business Management,31010622100
iqrabisme.a@somaiya.edu,Ansari,Iqra,Bisme,1,"Microeconomics I, Public Finance, Mathematical economics, Statistical Techniques, Economics of Demography","Theory, Theory, Theory, Theory, Theory",Master of Arts (Economics),31032624026
ishika.pm@somaiya.edu,Mehta,Ishika,Pukhraj,1,"Economics for Business Decision , Non- Banking Financial Companies (NBFCs), Advanced Research Methodology, Research Statistical Analysis, Strategic Management ","Theory, Theory, Theory, Practical, Theory",Master of Commerce (Banking and Finance),31032424013
ishika.sinha@somaiya.edu,Sinha,Ishika,Bharat,1,"Goods and Services Marketing, Advertising, Corporate Accounting, Financial Markets and Services, Human Resource Management, Organizational Behaviour, French, German, Spanish, Management and Communication skills, Fundamental of technical Skills, Fundamental of technical Skills, Business Economics, Constitution and Public Policy","Theory, Theory, Theory, Theory, Theory, Theory, Theory, Theory, Theory, Theory, Theory, Practical, Theory, Theory",Bachelor of Business Administration,31010724138
ishita.v@somaiya.edu,Varwani,Ishita,Anand,5,"Logistics and supply chain management, Entrepreneurship Management and Business Planning, French, German, Finance 4.0, Event management, Marketing 4.0, Retail Management, Sales and Distribution Management, Strategic cost management, Direct Tax, HR Accounting and Audit, Performance Management and Career Planning","Theory, Theory, Theory, Theory, Theory, Theory, Theory, Theory, Theory, Theory, Theory, Theory, Theory",Bachelor of Business Administration,31010722088
jadhav.as@somaiya.edu,Jadhav,Aaryan,Sitaram,1,"Foundation Course in Chemistry -I, Foundation Course in Chemistry-II, Introductory Chemistry Laboratory-I, Introductory Biology, Introductory Biology, Introductory Biology Laboratory, Introduction to Programming using Python, Introduction to Programming using Python, Foundations of Classical Physics, Foundations of Classical Physics, Physics Laboratory-I","Theory, Theory, Practical, Theory, Tutorial, Practical, Theory, Practical, Theory, Tutorial, Tutorial",Integrated Bachelor of Science-Master of Science,31017124012
jaikishan.a@somaiya.edu,Ashar,Jaikishan,Sameer,1,"Financial Accounting I, Cost Accounting I, Corporate Finance I, Statistical Techniques and Logical Reasoning , Minor in Tax, Minor in Finance, Professional Communication Skill I, Constitution and Public Policy","Theory, Theory, Theory, Theory, Theory, Theory, Theory, Theory",Bachelor of Commerce (Accounting and Finance),31010224145
jaimin.gada@somaiya.edu,Gada,Jaimin,Satish,1,"Corporate Accounting I, Constitution and Public policy, Fundamentals of Economics, Statistics - I, Introduction to finacial market, Professional communication skills","Theory, Theory, Theory, Theory, Theory, Theory",Bachelor of Commerce (Financial Markets),31010424020
jain.kn@somaiya.edu,Jain,Khushi,Nirmal,3,"Public Relations and Corporate Communication, Creative Writing, Film Studies, Ethical Practices in Media, Professional Photography, Professional Communication Skills III","Theory, Theory, Theory, Theory, Theory, Theory",Bachelor of Arts (Mass Communication and Journalism),31010823014
jain.y@somaiya.edu,Jain,Yash,Arvind,1,"Financial Accounting I, Cost Accounting I, Corporate Finance I, Statistical Techniques and Logical Reasoning , Minor in Tax, Minor in Finance, Professional Communication Skill I, Constitution and Public Policy","Theory, Theory, Theory, Theory, Theory, Theory, Theory, Theory",Bachelor of Commerce (Accounting and Finance),31010224136
jainam.jain@somaiya.edu,Jain,Jainam,Vijay,5,"Logistics and supply chain management, Entrepreneurship Management and Business Planning, French, German, Finance 4.0, Event management, Marketing 4.0, Retail Management, Sales and Distribution Management, Strategic cost management, Direct Tax, HR Accounting and Audit, Performance Management and Career Planning","Theory, Theory, Theory, Theory, Theory, Theory, Theory, Theory, Theory, Theory, Theory, Theory, Theory",Bachelor of Business Administration,31010722037
jainam.malde@somaiya.edu,Malde,Jainam,Sunil,5,"Corporate Accounting III, Cost and Management Accounting III, Direct Tax II, Research Methodology , Corporate Accounting, Financial Management II, Strategic Management","Theory, Theory, Theory, Theory, Theory, Theory, Theory",Bachelor of Commerce (Accounting and Finance),31010222045
jainish.jain@somaiya.edu,Jain,Jainish,Nitish,1,"Financial Accounting I, Cost Accounting I, Corporate Finance I, Statistical Techniques and Logical Reasoning , Minor in Tax, Minor in Finance, Professional Communication Skill I, Constitution and Public Policy","Theory, Theory, Theory, Theory, Theory, Theory, Theory, Theory",Bachelor of Commerce (Accounting and Finance),31010224148
janam.sheth@somaiya.edu,Sheth,Janam,Rajesh,1,"Goods and Services Marketing, Advertising, Corporate Accounting, Financial Markets and Services, Human Resource Management, Organizational Behaviour, French, German, Spanish, Management and Communication skills, Fundamental of technical Skills, Fundamental of technical Skills, Business Economics, Constitution and Public Policy","Theory, Theory, Theory, Theory, Theory, Theory, Theory, Theory, Theory, Theory, Theory, Practical, Theory, Theory",Bachelor of Business Administration,31010724070
janvi.n@somaiya.edu,Narshana,Janvi,Suman,5,"Software Model Designing, Software Model Designing, Analytics for IOT, Analytics for IOT, Big Data Analytics, Big Data Analytics, Image Analytics, Image Analytics","Theory, Practical, Theory, Practical, Theory, Practical, Theory, Practical",Bachelor of Science (Data Science),31013022014
jash.adsule@somaiya.edu,Adsule,Jash,Jagdish,1,"Computer Organisation and Architecture, Computer Organisation and Architecture , Computer Organisation and Architecture, Object Oriented and Programming with C++, Web Technology, Web Technology, Discrete Mathematics, Constitution of India, Professional Skill","Theory, Practical, Practical, Theory, Theory, Practical, Theory, Theory, Theory",Bachelor of Science (Information Technology),31010924126
jaswant.bishnoi@somaiya.edu,Bishnoi,Jaswant,Ramesh,3,"Strategic Management, Consumer Behaviour and Consumer Insights, Sales and Distribution Management , Management Accounting, Technical Analysis of Financial Markets, Human Resource Accounting and Compensation Management, Human resource development, German, French, Spanish , Professional communication  Skill III -, Event  management","Theory, Theory, Theory, Theory, Theory, Theory, Theory, Theory, Theory, Theory, Theory, Theory",Bachelor of Business Administration,31010723018
jatin.hg@somaiya.edu,Gupta,Jatin,Hemant,5,"Direct Tax, Strategic Financial Management, Risk Management, Portfolio Management, Service Marketing, Media Planning and Management, Tourism Marketing, Customer Relationship Management, Logistics and supply chain management","Theory, Theory, Theory, Theory, Theory, Theory, Theory, Theory, Theory",Bachelor of Business Management,31010622039
jay.gupta@somaiya.edu,Gupta,Jay,Harishchandra,5,"Direct Tax, Strategic Financial Management, Risk Management, Portfolio Management, Service Marketing, Media Planning and Management, Tourism Marketing, Customer Relationship Management, Logistics and supply chain management","Theory, Theory, Theory, Theory, Theory, Theory, Theory, Theory, Theory",Bachelor of Business Management,31010622802
jayani.gala@somaiya.edu,Gala,Jayani,Gemendra,1,"Characterization of Food and Nutraceuticals, Characterization of Food and Nutraceuticals, Nutraceuticals, Nutraceuticals, Nutrigenomics_ biostatistics and bioinformatics, Nutrigenomics_ biostatistics and bioinformatics, Spectroscopy, Spectroscopy","Theory, Practical, Theory, Practical, Theory, Practical, Theory, Practical",Master of Science (Nutraceuticals),31032024020
jayant.d@somaiya.edu,Dhabas,Jayant,Jitendra,1,"Financial Accounting I, Cost Accounting I, Corporate Finance I, Statistical Techniques and Logical Reasoning , Minor in Tax, Minor in Finance, Professional Communication Skill I, Constitution and Public Policy","Theory, Theory, Theory, Theory, Theory, Theory, Theory, Theory",Bachelor of Commerce (Accounting and Finance),31010224133
jayprakash.singh@somaiya.edu,Singh,Jayprakash,Surendra,3,"Strategic Management, Consumer Behaviour and Consumer Insights, Advertising and Sales, Management Accounting, Financial Markets and services, Professional Skill III , Event  management","Theory, Theory, Theory, Theory, Theory, Theory, Theory",Bachelor of Business Management,31010623131
jaywant.ved@somaiya.edu,Patil,Ved,Jaywant,5,"Direct Tax, Strategic Financial Management, Risk Management, Portfolio Management, Service Marketing, Media Planning and Management, Tourism Marketing, Customer Relationship Management, Logistics and supply chain management","Theory, Theory, Theory, Theory, Theory, Theory, Theory, Theory, Theory",Bachelor of Business Management,31010622166
jeet.bhoir@somaiya.edu,Bhoir,Jeet,Karna,3,"Strategic Management, Consumer Behaviour and Consumer Insights, Sales and Distribution Management , Management Accounting, Technical Analysis of Financial Markets, Human Resource Accounting and Compensation Management, Human resource development, German, French, Spanish , Professional communication  Skill III -, Event  management","Theory, Theory, Theory, Theory, Theory, Theory, Theory, Theory, Theory, Theory, Theory, Theory",Bachelor of Business Administration,31010723164
jhanvi.j@somaiya.edu,Jindal,Jhanvi,Babulal,3,"Fixed Income Securities, Equity Market, Corporate Finance, Professional Communication Skills, Research Methodology, Strategic Management","Theory, Theory, Theory, Theory, Theory, Theory",Bachelor of Commerce (Financial Markets),31010423029
jheel.r@somaiya.edu,Rajkotia,Jheel,Hitesh,1,"Goods and Services Marketing, Advertising, Corporate Accounting, Financial Markets and Services, Human Resource Management, Organizational Behaviour, French, German, Spanish, Management and Communication skills, Fundamental of technical Skills, Fundamental of technical Skills, Business Economics, Constitution and Public Policy","Theory, Theory, Theory, Theory, Theory, Theory, Theory, Theory, Theory, Theory, Theory, Practical, Theory, Theory",Bachelor of Business Administration,31010724123
jitendrakumar.c@somaiya.edu,Choudhary,Jitendrakumar,Poonaram,1,"Goods and Services Marketing, Advertising, Corporate Accounting, Financial Markets and Services, Human Resource Management, Organizational Behaviour, French, German, Spanish, Management and Communication skills, Fundamental of technical Skills, Fundamental of technical Skills, Business Economics, Constitution and Public Policy","Theory, Theory, Theory, Theory, Theory, Theory, Theory, Theory, Theory, Theory, Theory, Practical, Theory, Theory",Bachelor of Business Administration,31010724013
jiya.c@somaiya.edu,Chaphekar,Jiya,Prasad,1,"Goods and Services Marketing, Advertising, Corporate Accounting, Financial Markets and Services, Human Resource Management, Organizational Behaviour, French, German, Spanish, Management and Communication skills, Fundamental of technical Skills, Fundamental of technical Skills, Business Economics, Constitution and Public Policy","Theory, Theory, Theory, Theory, Theory, Theory, Theory, Theory, Theory, Theory, Theory, Practical, Theory, Theory",Bachelor of Business Administration,31010724081
jiya.k@somaiya.edu,Kewalramani,Jiya,Bunty,1,"Goods and Services Marketing, Advertising, Corporate Accounting, Financial Markets and Services, Human Resource Management, Organizational Behaviour, French, German, Spanish, Management and Communication skills, Fundamental of technical Skills, Fundamental of technical Skills, Business Economics, Constitution and Public Policy","Theory, Theory, Theory, Theory, Theory, Theory, Theory, Theory, Theory, Theory, Theory, Practical, Theory, Theory",Bachelor of Business Administration,31010724106
jiya.thorat@somaiya.edu,Thorat,Jiya,Pradeep,1,"Goods and Services Marketing, Advertising, Corporate Accounting, Financial Markets and Services, Human Resource Management, Organizational Behaviour, French, German, Spanish, Management and Communication skills, Fundamental of technical Skills, Fundamental of technical Skills, Business Economics, Constitution and Public Policy","Theory, Theory, Theory, Theory, Theory, Theory, Theory, Theory, Theory, Theory, Theory, Practical, Theory, Theory",Bachelor of Business Administration,31010724161
jobin.i@somaiya.edu,Inikkal,Jobin,Biju,1,"Foundation Course in Chemistry -I, Foundation Course in Chemistry-II, Introductory Chemistry Laboratory-I, Introductory Biology, Introductory Biology, Introductory Biology Laboratory, Introduction to Programming using Python, Introduction to Programming using Python, Foundations of Classical Physics, Foundations of Classical Physics, Physics Laboratory-I","Theory, Theory, Practical, Theory, Tutorial, Practical, Theory, Practical, Theory, Tutorial, Tutorial",Integrated Bachelor of Science-Master of Science,31017124007
k.golapally@somaiya.edu,Golapally,Kshitija,Narsimlu,1,"Fundamentals of Mass Communication, Minor- Creative Writing, Visual Communication, Contemporary Issues, Contemporary Issues , Constitution and Public Policy, Language Skills in Media, Professional Skills I","Theory, Theory, Theory, Theory, Theory, Theory, Theory, Theory",Bachelor of Arts (Mass Communication and Journalism),31010824066
k.khadodra@somaiya.edu,Khadodra,Karan,Kishor,5,"Direct Tax, Strategic Financial Management, Risk Management, Portfolio Management, Service Marketing, Media Planning and Management, Tourism Marketing, Customer Relationship Management, Logistics and supply chain management","Theory, Theory, Theory, Theory, Theory, Theory, Theory, Theory, Theory",Bachelor of Business Management,31010621182
k.rukhiyana@somaiya.edu,Rukhiyana,Kashish,Kirit,3,"Machine Learning, Machine Learning, Complex Analysis , Complex Analysis , Number Theory, Number Theory, Numerical Analysis, Numerical Analysis, Research Methodology, Research Methodology","Theory, Practical, Theory, Tutorial, Theory, Tutorial, Theory, Tutorial, Theory, Tutorial",Master of Science (Mathematics),31031723005
k.shaikh@somaiya.edu,Shaikh,Kaif,Abdul,3,"Strategic Management, Consumer Behaviour and Consumer Insights, Advertising and Sales, Management Accounting, Financial Markets and services, Professional Skill III , Event  management","Theory, Theory, Theory, Theory, Theory, Theory, Theory",Bachelor of Business Management,31010623184
k.waghela@somaiya.edu,Waghela,Kirti,Santosh,3,"Mutual Fund Management , Accounting for Bankers, Strategic Management, Digital Banking , Computer Application in Business, Professional Communication Skills - III","Theory, Theory, Theory, Theory, Practical, Theory",Bachelor of Commerce (Banking and Finance),31010523017
kamakshi.rai@somaiya.edu,Rai,Kamakshi,Kailash,3,"Strategic Management, Capital Market, Retail Management, Logistics and SCM","Theory, Theory, Theory, Theory",Master of Commerce (Business Management),31032323008
kartik.singh@somaiya.edu,Singh,Kartik,Deepak,1,"Financial Accounting I, Cost Accounting I, Corporate Finance I, Statistical Techniques and Logical Reasoning , Minor in Tax, Minor in Finance, Professional Communication Skill I, Constitution and Public Policy","Theory, Theory, Theory, Theory, Theory, Theory, Theory, Theory",Bachelor of Commerce (Accounting and Finance),31010224144
kartik.ss@somaiya.edu,Sharma,Kartik,Sanjay,1,"Goods and Services Marketing, Advertising, Corporate Accounting, Financial Markets and Services, Human Resource Management, Organizational Behaviour, French, German, Spanish, Management and Communication skills, Fundamental of technical Skills, Fundamental of technical Skills, Business Economics, Constitution and Public Policy","Theory, Theory, Theory, Theory, Theory, Theory, Theory, Theory, Theory, Theory, Theory, Practical, Theory, Theory",Bachelor of Business Administration,31010724067
khan.asra@somaiya.edu,Khan,Asra,Monish,1,"Financial Accounting I, Cost Accounting I, Corporate Finance I, Statistical Techniques and Logical Reasoning , Minor in Tax, Minor in Finance, Professional Communication Skill I, Constitution and Public Policy","Theory, Theory, Theory, Theory, Theory, Theory, Theory, Theory",Bachelor of Commerce (Accounting and Finance),31010224146
khushal.ranka@somaiya.edu,Ranka,Khushal,Hasmukh,5,"Direct Tax, Strategic Financial Management, Risk Management, Portfolio Management, Service Marketing, Media Planning and Management, Tourism Marketing, Customer Relationship Management, Logistics and supply chain management","Theory, Theory, Theory, Theory, Theory, Theory, Theory, Theory, Theory",Bachelor of Business Management,31010622167
khushi.limbachia@somaiya.edu,Limbachia,Khushi,Rakesh,1,"Goods and Services Marketing, Advertising, Corporate Accounting, Financial Markets and Services, Human Resource Management, Organizational Behaviour, French, German, Spanish, Management and Communication skills, Fundamental of technical Skills, Fundamental of technical Skills, Business Economics, Constitution and Public Policy","Theory, Theory, Theory, Theory, Theory, Theory, Theory, Theory, Theory, Theory, Theory, Practical, Theory, Theory",Bachelor of Business Administration,31010724044
khushi.shetty@somaiya.edu,Shetty,Khushi,Harish,1,"Goods and Services Marketing, Advertising, Corporate Accounting, Financial Markets and Services, Human Resource Management, Organizational Behaviour, French, German, Spanish, Management and Communication skills, Fundamental of technical Skills, Fundamental of technical Skills, Business Economics, Constitution and Public Policy","Theory, Theory, Theory, Theory, Theory, Theory, Theory, Theory, Theory, Theory, Theory, Practical, Theory, Theory",Bachelor of Business Administration,31010724132
kishori.p@somaiya.edu,Patil,Kishori,Jayendra,1,"Biomolecules and biocatalysts, Biomolecules and biocatalysts, Biomass Energy and Biofuel Technologies, Biomass Energy and Biofuel Technologies, Production microorganisms – Isolation and improvement, Production microorganisms – Isolation and improvement, Process dynamics – principles and kinetics","Theory, Practical, Theory, Practical, Theory, Practical, Theory",Master of Science (Industrial Biotechnology),31036924006
krinil.gada@somaiya.edu,Gada,Krinil,Nitin,5,"Direct Tax, Strategic Financial Management, Risk Management, Portfolio Management, Service Marketing, Media Planning and Management, Tourism Marketing, Customer Relationship Management, Logistics and supply chain management","Theory, Theory, Theory, Theory, Theory, Theory, Theory, Theory, Theory",Bachelor of Business Management,31010622028
krisha.nair@somaiya.edu,Nair,Krisha,Sanjeev,1,"Goods and Services Marketing, Advertising, Corporate Accounting, Financial Markets and Services, Human Resource Management, Organizational Behaviour, French, German, Spanish, Management and Communication skills, Fundamental of technical Skills, Fundamental of technical Skills, Business Economics, Constitution and Public Policy","Theory, Theory, Theory, Theory, Theory, Theory, Theory, Theory, Theory, Theory, Theory, Practical, Theory, Theory",Bachelor of Business Administration,31010724052
krisha.rabhadiya@somaiya.edu,Rabhadiya,Krisha,Pravin,1,"Advanced Accounting , Direct Tax, Advanced Research Methodology , Operations Research, Data Management using Spreadsheets , Research Statistical Analysis","Theory, Theory, Theory, Theory, Theory, Theory",Master of Commerce (Accounting and Finance),31032524035
krishant.s@somaiya.edu,Shah,Krishant,Naren,1,"Goods and Services Marketing, Advertising, Corporate Accounting, Financial Markets and Services, Human Resource Management, Organizational Behaviour, French, German, Spanish, Management and Communication skills, Fundamental of technical Skills, Fundamental of technical Skills, Business Economics, Constitution and Public Policy","Theory, Theory, Theory, Theory, Theory, Theory, Theory, Theory, Theory, Theory, Theory, Practical, Theory, Theory",Bachelor of Business Administration,31010724064
krishna.mj@somaiya.edu,Joshi,Krishna,Mayur,1,"Principles of Marketing, Corporate accounting, Professional Communication Skill I, Technical Skills for Business, Technical Skills for Business, Fundamentals of Economics, Constitution and Public Policy","Theory, Theory, Theory, Theory, Practical, Theory, Theory",Bachelor of Business Management,31010624143
krishna.saraiya@somaiya.edu,Saraiya,Krishna,Ratilal,1,"Goods and Services Marketing, Advertising, Corporate Accounting, Financial Markets and Services, Human Resource Management, Organizational Behaviour, French, German, Spanish, Management and Communication skills, Fundamental of technical Skills, Fundamental of technical Skills, Business Economics, Constitution and Public Policy","Theory, Theory, Theory, Theory, Theory, Theory, Theory, Theory, Theory, Theory, Theory, Practical, Theory, Theory",Bachelor of Business Administration,31010724126
kritika.dak@somaiya.edu,Dak,Kritika,Manishkumar,5,"Direct Tax, Strategic Financial Management, Risk Management, Portfolio Management, Service Marketing, Media Planning and Management, Tourism Marketing, Customer Relationship Management, Logistics and supply chain management","Theory, Theory, Theory, Theory, Theory, Theory, Theory, Theory, Theory",Bachelor of Business Management,31010622022
krrish.bagde@somaiya.edu,Bagde,Krrish,Deepak,1,"Financial Accounting I, Cost Accounting I, Corporate Finance I, Statistical Techniques and Logical Reasoning , Minor in Tax, Minor in Finance, Professional Communication Skill I, Constitution and Public Policy","Theory, Theory, Theory, Theory, Theory, Theory, Theory, Theory",Bachelor of Commerce (Accounting and Finance),31010224159
krrish.g@somaiya.edu,Gawand,Krrish,Gajendra,1,"Principles of Marketing, Corporate accounting, Professional Communication Skill I, Technical Skills for Business, Technical Skills for Business, Fundamentals of Economics, Constitution and Public Policy","Theory, Theory, Theory, Theory, Practical, Theory, Theory",Bachelor of Business Management,31010624145
krrish.gohil@somaiya.edu,Gohil,Krrish,Umesh,1,"Goods and Services Marketing, Advertising, Corporate Accounting, Financial Markets and Services, Human Resource Management, Organizational Behaviour, French, German, Spanish, Management and Communication skills, Fundamental of technical Skills, Fundamental of technical Skills, Business Economics, Constitution and Public Policy","Theory, Theory, Theory, Theory, Theory, Theory, Theory, Theory, Theory, Theory, Theory, Practical, Theory, Theory",Bachelor of Business Administration,31010724096
krupa.t@somaiya.edu,Trivedi,Krupa,Rajesh,1,"Goods and Services Marketing, Advertising, Corporate Accounting, Financial Markets and Services, Human Resource Management, Organizational Behaviour, French, German, Spanish, Management and Communication skills, Fundamental of technical Skills, Fundamental of technical Skills, Business Economics, Constitution and Public Policy","Theory, Theory, Theory, Theory, Theory, Theory, Theory, Theory, Theory, Theory, Theory, Practical, Theory, Theory",Bachelor of Business Administration,31010724142
krupal.p@somaiya.edu,Patel,Krupal,Ramesh,5,"International Banking and Finance , Management Accounting , Reserach Methodology , Marketing of Financial Services , Credit Management, Treasury Management","Theory, Theory, Theory, Theory, Theory, Theory",Bachelor of Commerce (Banking and Finance),31010522025
ksp@somaiya.edu,Patil,Krish,Sanjay,1,"Managerial Economics , Financial Accounting , Professional Communication Skill - I , Constitution and Public Policy , Quantitative Methods-I","Theory, Theory, Theory, Theory, Theory",Bachelor of Commerce (Banking and Finance),31010524034
kush.ds@somaiya.edu,Shah,Kush,Dharmesh,5,"Data Mining and adaptive Business Intelligence, Information and Network Security, Information and Network Security, Software Testing and Quality Assurance, Software Testing and Quality Assurance, PL/SQL and NoSQL Databases, PL/SQL and NoSQL Databases, Artificial Intelligence, Artificial Intelligence, Data visualization and Analysis in Python, Data visualization and Analysis in Python, Data Mining and Adaptive Business Intelligence","Theory, Theory, Practical, Theory, Practical, Theory, Practical, Theory, Practical, Theory, Practical, Practical",Bachelor of Science Computer Science (Honours),31011122077
laksh.faria@somaiya.edu,Faria,Laksh,Nitin,1,"Goods and Services Marketing, Advertising, Corporate Accounting, Financial Markets and Services, Human Resource Management, Organizational Behaviour, French, German, Spanish, Management and Communication skills, Fundamental of technical Skills, Fundamental of technical Skills, Business Economics, Constitution and Public Policy","Theory, Theory, Theory, Theory, Theory, Theory, Theory, Theory, Theory, Theory, Theory, Practical, Theory, Theory",Bachelor of Business Administration,31010724093
lashkara.g@somaiya.edu,Ganju,Lashkara,Sanjeev,1,"Goods and Services Marketing, Advertising, Corporate Accounting, Financial Markets and Services, Human Resource Management, Organizational Behaviour, French, German, Spanish, Management and Communication skills, Fundamental of technical Skills, Fundamental of technical Skills, Business Economics, Constitution and Public Policy","Theory, Theory, Theory, Theory, Theory, Theory, Theory, Theory, Theory, Theory, Theory, Practical, Theory, Theory",Bachelor of Business Administration,31010724023
luqman.s@somaiya.edu,Shaikh,Luqman,Fakhrulhoda,1,"Managerial Economics , Financial Accounting , Professional Communication Skill - I , Constitution and Public Policy , Quantitative Methods-I","Theory, Theory, Theory, Theory, Theory",Bachelor of Commerce (Banking and Finance),31010524046
m.gori@somaiya.edu,Gori,Mahek,Kantilal,5,"Advertising Design, Consumer Behaviour, Professional Ethics, Digital Media , Brand Managament , Media Planning and Buying","Theory, Theory, Theory, Theory, Theory, Theory",Bachelor of Arts (Mass Communication and Journalism),31010822023
mahir.patel@somaiya.edu,Patel,Mahir,Manish,3,"corporate accounting, Direct Taxation, Professional Communication skills - 3, Statistics - II, Digital Marketing, Company Law","Theory, Theory, Theory, Theory, Theory, Theory",Bachelor of Commerce (Specialization in Data Science),31017623005
mahira.s@somaiya.edu,Shaikh,Mahira,Rida,5,"Bioprocess technology, Recombinant DNA technology, Recombinant DNA technology, Bioprocess technology, Plant_ Agriculture and Animal Biotechnology , Food Biotechnology , Plant_ Agriculture and Animal Biotechnology , Food Biotechnology","Theory, Theory, Practical, Practical, Theory, Theory, Practical, Practical",Bachelor of Science (Biotechnology),31011322037
maithil.samani@somaiya.edu,Samani,Maithil,Atul,1,"Financial Accounting I, Cost Accounting I, Corporate Finance I, Statistical Techniques and Logical Reasoning , Minor in Tax, Minor in Finance, Professional Communication Skill I, Constitution and Public Policy","Theory, Theory, Theory, Theory, Theory, Theory, Theory, Theory",Bachelor of Commerce (Accounting and Finance),31010224153
maithili.malbari@somaiya.edu,Malbari,Maithili,Prasad,3,"Data structure, Data structure, Operating System, Operating System, Core Java, Core Java, Mobile Programming, Professional Communication Skill III, Applied Mathematics","Theory, Practical, Theory, Practical, Theory, Practical, Theory, Theory, Theory",Bachelor of Science (Information Technology),31010923119
malaika.jain@somaiya.edu,Jain,Malaika,Kamlesh,1,"Managerial Economics , Financial Accounting , Professional Communication Skill - I , Constitution and Public Policy , Quantitative Methods-I","Theory, Theory, Theory, Theory, Theory",Bachelor of Commerce (Banking and Finance),31010524040
manan.jain1@somaiya.edu,Jain,Manan,Amit,1,"Goods and Services Marketing, Advertising, Corporate Accounting, Financial Markets and Services, Human Resource Management, Organizational Behaviour, French, German, Spanish, Management and Communication skills, Fundamental of technical Skills, Fundamental of technical Skills, Business Economics, Constitution and Public Policy","Theory, Theory, Theory, Theory, Theory, Theory, Theory, Theory, Theory, Theory, Theory, Practical, Theory, Theory",Bachelor of Business Administration,31010724031
manasvi.d@somaiya.edu,Dharwal,Manasvi,Raj,1,"Financial Accounting I, Cost Accounting I, Corporate Finance I, Statistical Techniques and Logical Reasoning , Minor in Tax, Minor in Finance, Professional Communication Skill I, Constitution and Public Policy","Theory, Theory, Theory, Theory, Theory, Theory, Theory, Theory",Bachelor of Commerce (Accounting and Finance),31010224134
mandeepsingh.b@somaiya.edu,Banwait,Mandeep,Singh,3,"Big Data Analysis, Big Data Analysis, Block Chain Technology, Block Chain Technology, Machine Learning","Theory, Practical, Theory, Practical, Theory",Master of Science (Computer Science),31031523004
manish.ghodela@somaiya.edu,Ghodela,Manish,Kailash,5,"Software Project Management, Software Project Management, Artificial Intelligence and Machine Learning, Artificial Intelligence and Machine Learning, MERN Stack, MERN Stack, Cloud Computing, Cloud Computing","Theory, Practical, Theory, Practical, Theory, Practical, Theory, Practical",Bachelor of Computer Applications,31011222015
manthan.nj@somaiya.edu,Jain,Manthan,Naresh,1,"Managerial Economics , Financial Accounting , Professional Communication Skill - I , Constitution and Public Policy , Quantitative Methods-I","Theory, Theory, Theory, Theory, Theory",Bachelor of Commerce (Banking and Finance),31010524041
mariya.patel@somaiya.edu,Patel,Mariya,Muzaffar,1,"Goods and Services Marketing, Advertising, Corporate Accounting, Financial Markets and Services, Human Resource Management, Organizational Behaviour, French, German, Spanish, Management and Communication skills, Fundamental of technical Skills, Fundamental of technical Skills, Business Economics, Constitution and Public Policy","Theory, Theory, Theory, Theory, Theory, Theory, Theory, Theory, Theory, Theory, Theory, Practical, Theory, Theory",Bachelor of Business Administration,31010724189
mohammedsartaj.k@somaiya.edu,Khan,Mohammed,Sartaj,3,"Data structure, Data structure, Operating System, Operating System, Core Java, Core Java, Mobile Programming, Professional Communication Skill III, Applied Mathematics","Theory, Practical, Theory, Practical, Theory, Practical, Theory, Theory, Theory",Bachelor of Science (Information Technology),31010923040
maryam.sharif@somaiya.edu,Sharif,Maryam,Sadatulla,5,"Bioprocess technology, Recombinant DNA technology, Recombinant DNA technology, Bioprocess technology, Plant_ Agriculture and Animal Biotechnology , Food Biotechnology , Plant_ Agriculture and Animal Biotechnology , Food Biotechnology","Theory, Theory, Practical, Practical, Theory, Theory, Practical, Practical",Bachelor of Science (Biotechnology),31011322045
masumi.g@somaiya.edu,Ganatra,Masumi,A,1,"Goods and Services Marketing, Advertising, Corporate Accounting, Financial Markets and Services, Human Resource Management, Organizational Behaviour, French, German, Spanish, Management and Communication skills, Fundamental of technical Skills, Fundamental of technical Skills, Business Economics, Constitution and Public Policy","Theory, Theory, Theory, Theory, Theory, Theory, Theory, Theory, Theory, Theory, Theory, Practical, Theory, Theory",Bachelor of Business Administration,31010724022
mayur.hp@somaiya.edu,Patil,Mayur,Hemant,1,"Professional Communication, Principles of Entertainment Media, Digital Media Marketing, Animation and Entertainment ","Theory, Theory, Theory, Theory",Master of Arts (Entertainment Media and Advertising),31032724035
meeit.gala@somaiya.edu,Gala,Meeit,Nilesh,5,"Direct Tax, Strategic Financial Management, Risk Management, Portfolio Management, Service Marketing, Media Planning and Management, Tourism Marketing, Customer Relationship Management, Logistics and supply chain management","Theory, Theory, Theory, Theory, Theory, Theory, Theory, Theory, Theory",Bachelor of Business Management,31010623044
meet.jain10@somaiya.edu,Jain,Meet,Ashok,1,"Principles of Marketing, Corporate accounting, Professional Communication Skill I, Technical Skills for Business, Technical Skills for Business, Fundamentals of Economics, Constitution and Public Policy","Theory, Theory, Theory, Theory, Practical, Theory, Theory",Bachelor of Business Management,31010624146
meet.shrishrimal@somaiya.edu,Shrishrimal,Meet,Anand,5,"Logistics and supply chain management, Entrepreneurship Management and Business Planning, French, German, Finance 4.0, Event management, Marketing 4.0, Retail Management, Sales and Distribution Management, Strategic cost management, Direct Tax, HR Accounting and Audit, Performance Management and Career Planning","Theory, Theory, Theory, Theory, Theory, Theory, Theory, Theory, Theory, Theory, Theory, Theory, Theory",Bachelor of Business Administration,31010722080
meeth.banthiya@somaiya.edu,Banthiya,Meeth,Manish,3,"Strategic Management, Consumer Behaviour and Consumer Insights, Advertising and Sales, Management Accounting, Financial Markets and services, Professional Skill III , Event  management","Theory, Theory, Theory, Theory, Theory, Theory, Theory",Bachelor of Business Management,31010623801
meeth.kothari@somaiya.edu,Kothari,Meeth,Rajesh,5,"Direct Tax, Strategic Financial Management, Risk Management, Portfolio Management, Service Marketing, Media Planning and Management, Tourism Marketing, Customer Relationship Management, Logistics and supply chain management","Theory, Theory, Theory, Theory, Theory, Theory, Theory, Theory, Theory",Bachelor of Business Management,31010622070
meghnaa.g@somaiya.edu,Gajra,Meghnaa,Mayur,1,"Goods and Services Marketing, Advertising, Corporate Accounting, Financial Markets and Services, Human Resource Management, Organizational Behaviour, French, German, Spanish, Management and Communication skills, Fundamental of technical Skills, Fundamental of technical Skills, Business Economics, Constitution and Public Policy","Theory, Theory, Theory, Theory, Theory, Theory, Theory, Theory, Theory, Theory, Theory, Practical, Theory, Theory",Bachelor of Business Administration,31010724094
meraj.rizvi@somaiya.edu,Rizvi,Meraj,Haider,5,"Software Testing, Software Testing, Artificial Intelligence, Artificial Intelligence, Web Services, Web Services, Security in Computing, Security in Computing, Design Thinking, E2: Next Gen Databases, E2: Next Gen Databases","Theory, Practical, Theory, Practical, Theory, Practical, Theory, Practical, Theory, Theory, Practical",Bachelor of Science (Information Technology),31010922075
mihair.patel@somaiya.edu,Patel,Mihair,Patel,1,"Professional Communication, Principles of Entertainment Media, Digital Media Marketing, Animation and Entertainment ","Theory, Theory, Theory, Theory",Master of Arts (Entertainment Media and Advertising),31032724034
mishti.dangi@somaiya.edu,Dangi,Mishti,Vikas,1,"Managerial Economics , Financial Accounting , Professional Communication Skill - I , Constitution and Public Policy , Quantitative Methods-I","Theory, Theory, Theory, Theory, Theory",Bachelor of Commerce (Banking and Finance),31010524045
mitali.p@somaiya.edu,Phadnis,Mitali,Mahesh,1,"Goods and Services Marketing, Advertising, Corporate Accounting, Financial Markets and Services, Human Resource Management, Organizational Behaviour, French, German, Spanish, Management and Communication skills, Fundamental of technical Skills, Fundamental of technical Skills, Business Economics, Constitution and Public Policy","Theory, Theory, Theory, Theory, Theory, Theory, Theory, Theory, Theory, Theory, Theory, Practical, Theory, Theory",Bachelor of Business Administration,31010724121
mitali14@somaiya.edu,Bhanushali,Mitali,Manish,3,"Public Relations and Corporate Communication, Creative Writing, Film Studies, Ethical Practices in Media, Professional Photography, Professional Communication Skills III","Theory, Theory, Theory, Theory, Theory, Theory",Bachelor of Arts (Mass Communication and Journalism),31010823065
mjs3@somaiya.edu,Shah,Meet,Jignesh,5,"Direct Tax, Strategic Financial Management, Risk Management, Portfolio Management, Service Marketing, Media Planning and Management, Tourism Marketing, Customer Relationship Management, Logistics and supply chain management","Theory, Theory, Theory, Theory, Theory, Theory, Theory, Theory, Theory",Bachelor of Business Management,31010622126
mk3@somaiya.edu,Khan,Mohamad,Jafar,1,"Algebra I, Algebra I, Linear Algebra, Linear Algebra, SageMath, Probability and Statistics using R, Probability and Statistics using R, Research Methodology, Research Methodology","Theory, Tutorial, Theory, Tutorial, Practical, Theory, Practical, Theory, Tutorial",Master of Science (Mathematics),31031724014
mohammadquadir.k@somaiya.edu,Khan,Mohammad,Quadir,5,"Advertising Design, Consumer Behaviour, Professional Ethics, Digital Media , Brand Managament , Media Planning and Buying","Theory, Theory, Theory, Theory, Theory, Theory",Bachelor of Arts (Mass Communication and Journalism),31010820150
mohdzubair.a@somaiya.edu,Ansari,Mohd,Zubair,5,"Software Testing, Software Testing, Artificial Intelligence, Artificial Intelligence, Web Services, Web Services, Security in Computing, Security in Computing, Design Thinking, E2: Next Gen Databases, E2: Next Gen Databases, Game Programming, Game Programming","Theory, Practical, Theory, Practical, Theory, Practical, Theory, Practical, Theory, Theory, Practical, Theory, Practical",Bachelor of Science (Information Technology) Honour,31011022003
mohit.w@somaiya.edu,Warungshe,Mohit,Prabhu,1,"Calculus, Calculus, Foundation of Descriptive Statistcis, Foundation of Descriptive Statistics, Professional Skill I, Data Management using Spreadsheet, Data Management using Spreadsheet, Introduction to programming through Python, Introduction to programming through Python, Constitution and Public Policy","Theory, Practical, Theory, Practical, Theory, Theory, Practical, Theory, Practical, Theory",Bachelor of Science (Data Science),31013024041
moiz.arsiwala@somaiya.edu,Arsiwala,Moiz,Huzefa,1,"Algorithm and C ++ programming, Web Technology, Digital Electronics, Discrete Mathematics, Professional Communication Skill I, Web Technology, Digital Electronics, Algorithm and C ++ programming, Constitution and Public Policy","Theory, Theory, Theory, Theory, Theory, Practical, Practical, Practical, Theory",Bachelor of Science (Computer Science),31011124003
moksharth.s@somaiya.edu,Shah,Moksharth,Paresh,5,"Corporate Accounting III, Cost and Management Accounting III, Direct Tax II, Research Methodology , Corporate Accounting, Financial Management II, Strategic Management","Theory, Theory, Theory, Theory, Theory, Theory, Theory",Bachelor of Commerce (Accounting and Finance),31010222066
mudit.a@somaiya.edu,Aggarwal,Mudit,Niraj,5,"Corporate Accounting III, Cost and Management Accounting III, Direct Tax II, Research Methodology , Corporate Accounting, Financial Management II, Strategic Management","Theory, Theory, Theory, Theory, Theory, Theory, Theory",Bachelor of Commerce (Accounting and Finance),31010222004
munal.lathia@somaiya.edu,Lathia,Munal,Prashant,1,"Principles of Marketing, Corporate accounting, Professional Communication Skill I, Technical Skills for Business, Technical Skills for Business, Fundamentals of Economics, Constitution and Public Policy","Theory, Theory, Theory, Theory, Practical, Theory, Theory",Bachelor of Business Management,31010624144
n.agrawal@somaiya.edu,Agrawal,Neel,Rahul,1,"Goods and Services Marketing, Advertising, Corporate Accounting, Financial Markets and Services, Human Resource Management, Organizational Behaviour, French, German, Spanish, Management and Communication skills, Fundamental of technical Skills, Fundamental of technical Skills, Business Economics, Constitution and Public Policy","Theory, Theory, Theory, Theory, Theory, Theory, Theory, Theory, Theory, Theory, Theory, Practical, Theory, Theory",Bachelor of Business Administration,31010724074
nachiket.gupte@somaiya.edu,Gupte,Nachiket,Narendra,1,"Financial Accounting I, Cost Accounting I, Corporate Finance I, Statistical Techniques and Logical Reasoning , Minor in Tax, Minor in Finance, Professional Communication Skill I, Constitution and Public Policy","Theory, Theory, Theory, Theory, Theory, Theory, Theory, Theory",Bachelor of Commerce (Accounting and Finance),31010224135
nakshi.karia@somaiya.edu,Karia,Nakshi,Vipin,1,"Goods and Services Marketing, Advertising, Corporate Accounting, Financial Markets and Services, Human Resource Management, Organizational Behaviour, French, German, Spanish, Management and Communication skills, Fundamental of technical Skills, Fundamental of technical Skills, Business Economics, Constitution and Public Policy","Theory, Theory, Theory, Theory, Theory, Theory, Theory, Theory, Theory, Theory, Theory, Practical, Theory, Theory",Bachelor of Business Administration,31010724036
neel.naik@somaiya.edu,Naik,Neel,Prasad,3,"Database Management System, Database Management System, Operating System, Operating System, Python Programming, Python Programming, Elements of Statistics, Elements of Statistics, Arduino Programming, Arduino Programming","Theory, Practical, Theory, Practical, Theory, Practical, Theory, Practical, Theory, Practical",Bachelor of Computer Applications,31011223045
neeta.dewasi@somaiya.edu,Dewasi,Neeta,Udesh,1,"Goods and Services Marketing, Advertising, Corporate Accounting, Financial Markets and Services, Human Resource Management, Organizational Behaviour, French, German, Spanish, Management and Communication skills, Fundamental of technical Skills, Fundamental of technical Skills, Business Economics, Constitution and Public Policy","Theory, Theory, Theory, Theory, Theory, Theory, Theory, Theory, Theory, Theory, Theory, Practical, Theory, Theory",Bachelor of Business Administration,31010724017
neha.kulria@somaiya.edu,Kulria,Neha,Rohatash,1,"Algorithm and C ++ programming, Web Technology, Digital Electronics, Discrete Mathematics, Professional Communication Skill I, Web Technology, Digital Electronics, Algorithm and C ++ programming, Constitution and Public Policy","Theory, Theory, Theory, Theory, Theory, Practical, Practical, Practical, Theory",Bachelor of Science (Computer Science),31011124045
netra.gosalia@somaiya.edu,Gosalia,Netra,Jigar,5,"Corporate Accounting III, Cost and Management Accounting III , International Taxation , Direct Tax II, Research Methodology, Strategic Management","Theory, Theory, Theory, Theory, Theory, Theory",Bachelor of Commerce (Accounting and Finance) Honour,31010322005
nidhi.bamne@somaiya.edu,Bamne,Nidhi,Pravin,1,"Biomolecules and biocatalysts, Biomolecules and biocatalysts, Biomass Energy and Biofuel Technologies, Biomass Energy and Biofuel Technologies, Production microorganisms – Isolation and improvement, Production microorganisms – Isolation and improvement, Process dynamics – principles and kinetics","Theory, Practical, Theory, Practical, Theory, Practical, Theory",Master of Science (Industrial Biotechnology),31036924002
nikit.m@somaiya.edu,Modi,Nikit,Rupesh,5,"Corporate Accounting III, Cost and Management Accounting III, Direct Tax II, Research Methodology , Corporate Accounting, Financial Management II, Strategic Management","Theory, Theory, Theory, Theory, Theory, Theory, Theory",Bachelor of Commerce (Accounting and Finance),31010221062
nirvi.rathod@somaiya.edu,Rathod,Nirvi,Vikas,3,"Strategic Management, Consumer Behaviour and Consumer Insights, Advertising and Sales, Management Accounting, Financial Markets and services, Professional Skill III , Event  management","Theory, Theory, Theory, Theory, Theory, Theory, Theory",Bachelor of Business Management,31010623805
nishant.chopra@somaiya.edu,Chopra,Nishant,Samir,5,"Logistics and supply chain management, Entrepreneurship Management and Business Planning, French, German, Finance 4.0, Event management, Marketing 4.0, Retail Management, Sales and Distribution Management, Strategic cost management, Direct Tax, HR Accounting and Audit, Performance Management and Career Planning","Theory, Theory, Theory, Theory, Theory, Theory, Theory, Theory, Theory, Theory, Theory, Theory, Theory",Bachelor of Business Administration,31010722099
nishant.unde@somaiya.edu,Unde,Nishant,Krishna,3,"Strategic Management, Consumer Behaviour and Consumer Insights, Sales and Distribution Management , Management Accounting, Technical Analysis of Financial Markets, Human Resource Accounting and Compensation Management, Human resource development, German, French, Spanish , Professional communication  Skill III -, Event  management","Theory, Theory, Theory, Theory, Theory, Theory, Theory, Theory, Theory, Theory, Theory, Theory",Bachelor of Business Administration,31010723130
nishika.borse@somaiya.edu,Borse,Nishika,Sunil,1,"Goods and Services Marketing, Advertising, Corporate Accounting, Financial Markets and Services, Human Resource Management, Organizational Behaviour, French, German, Spanish, Management and Communication skills, Fundamental of technical Skills, Fundamental of technical Skills, Business Economics, Constitution and Public Policy","Theory, Theory, Theory, Theory, Theory, Theory, Theory, Theory, Theory, Theory, Theory, Practical, Theory, Theory",Bachelor of Business Administration,31010724147
nishka.doshi@somaiya.edu,Doshi,Nishka,Himanshu,1,"Goods and Services Marketing, Advertising, Corporate Accounting, Financial Markets and Services, Human Resource Management, Organizational Behaviour, French, German, Spanish, Management and Communication skills, Fundamental of technical Skills, Fundamental of technical Skills, Business Economics, Constitution and Public Policy","Theory, Theory, Theory, Theory, Theory, Theory, Theory, Theory, Theory, Theory, Theory, Practical, Theory, Theory",Bachelor of Business Administration,31010724018
nourin.malik@somaiya.edu,Malik,Nourin,Ali,1,"Characterization of Food and Nutraceuticals, Characterization of Food and Nutraceuticals, Nutraceuticals, Nutraceuticals, Nutrigenomics_ biostatistics and bioinformatics, Nutrigenomics_ biostatistics and bioinformatics, Spectroscopy, Spectroscopy","Theory, Practical, Theory, Practical, Theory, Practical, Theory, Practical",Master of Science (Nutraceuticals),31032024021
om.bhavsar@somaiya.edu,Bhavsar,Om,Vijay,1,"Goods and Services Marketing, Advertising, Corporate Accounting, Financial Markets and Services, Human Resource Management, Organizational Behaviour, French, German, Spanish, Management and Communication skills, Fundamental of technical Skills, Fundamental of technical Skills, Business Economics, Constitution and Public Policy","Theory, Theory, Theory, Theory, Theory, Theory, Theory, Theory, Theory, Theory, Theory, Practical, Theory, Theory",Bachelor of Business Administration,31010724078
om.dl@somaiya.edu,Lad,Om,Dilip,3,"Big Data Analysis, Big Data Analysis, Block Chain Technology, Block Chain Technology, Machine Learning","Theory, Practical, Theory, Practical, Theory",Master of Science (Computer Science),31031523040
p.hankare@somaiya.edu,Hankare,Prathmesh,Tushar,1,"Financial Accounting I, Cost Accounting I, Corporate Finance I, Statistical Techniques and Logical Reasoning , Minor in Tax, Minor in Finance, Professional Communication Skill I, Constitution and Public Policy","Theory, Theory, Theory, Theory, Theory, Theory, Theory, Theory",Bachelor of Commerce (Accounting and Finance),31010224147
p.visariya@somaiya.edu,Visariya,Priyansh,Kalpesh,1,"Financial Accounting I, Cost Accounting I, Corporate Finance I, Statistical Techniques and Logical Reasoning , Minor in Tax, Minor in Finance, Professional Communication Skill I, Constitution and Public Policy","Theory, Theory, Theory, Theory, Theory, Theory, Theory, Theory",Bachelor of Commerce (Accounting and Finance),31010224143
pal.dubariya@somaiya.edu,Dubariya,Pal,Karshan,1,"Goods and Services Marketing, Advertising, Corporate Accounting, Financial Markets and Services, Human Resource Management, Organizational Behaviour, French, German, Spanish, Management and Communication skills, Fundamental of technical Skills, Fundamental of technical Skills, Business Economics, Constitution and Public Policy","Theory, Theory, Theory, Theory, Theory, Theory, Theory, Theory, Theory, Theory, Theory, Practical, Theory, Theory",Bachelor of Business Administration,31010724090
palak.deshmukh@somaiya.edu,Deshmukh,Palak,Umesh,1,"Goods and Services Marketing, Advertising, Corporate Accounting, Financial Markets and Services, Human Resource Management, Organizational Behaviour, French, German, Spanish, Management and Communication skills, Fundamental of technical Skills, Fundamental of technical Skills, Business Economics, Constitution and Public Policy","Theory, Theory, Theory, Theory, Theory, Theory, Theory, Theory, Theory, Theory, Theory, Practical, Theory, Theory",Bachelor of Business Administration,31010724086
pallav.hiran@somaiya.edu,Hiran,Pallav,Mansukh,1,"Calculus, Calculus, Foundation of Descriptive Statistcis, Foundation of Descriptive Statistics, Professional Skill I, Data Management using Spreadsheet, Data Management using Spreadsheet, Introduction to programming through Python, Introduction to programming through Python, Constitution and Public Policy","Theory, Practical, Theory, Practical, Theory, Theory, Practical, Theory, Practical, Theory",Bachelor of Science (Data Science),31013024044
pranjal.ky@somaiya.edu,Yadav,Pranjal,Kumar,3,"Data structure, Data structure, Operating System, Operating System, Core Java, Core Java, Mobile Programming, Professional Communication Skill III, Applied Mathematics","Theory, Practical, Theory, Practical, Theory, Practical, Theory, Theory, Theory",Bachelor of Science (Information Technology),31010923110
pankti.b@somaiya.edu,Bhanushali,Pankti,Bharat,1,"Goods and Services Marketing, Advertising, Corporate Accounting, Financial Markets and Services, Human Resource Management, Organizational Behaviour, French, German, Spanish, Management and Communication skills, Fundamental of technical Skills, Fundamental of technical Skills, Business Economics, Constitution and Public Policy","Theory, Theory, Theory, Theory, Theory, Theory, Theory, Theory, Theory, Theory, Theory, Practical, Theory, Theory",Bachelor of Business Administration,31010724184
parab.aditi@somaiya.edu,Parab,Aditi,Balkrishna,1,"Professional Communication, Principles of Entertainment Media, Digital Media Marketing, Animation and Entertainment ","Theory, Theory, Theory, Theory",Master of Arts (Entertainment Media and Advertising),31032724033
parmar.mk@somaiya.edu,Parmar,Meet,Kapoorchand,1,"Goods and Services Marketing, Advertising, Corporate Accounting, Financial Markets and Services, Human Resource Management, Organizational Behaviour, French, German, Spanish, Management and Communication skills, Fundamental of technical Skills, Fundamental of technical Skills, Business Economics, Constitution and Public Policy","Theory, Theory, Theory, Theory, Theory, Theory, Theory, Theory, Theory, Theory, Theory, Practical, Theory, Theory",Bachelor of Business Administration,31010724055
parmar.ys@somaiya.edu,Parmar,Yash,Sanjay,1,"Goods and Services Marketing, Advertising, Corporate Accounting, Financial Markets and Services, Human Resource Management, Organizational Behaviour, French, German, Spanish, Management and Communication skills, Fundamental of technical Skills, Fundamental of technical Skills, Business Economics, Constitution and Public Policy","Theory, Theory, Theory, Theory, Theory, Theory, Theory, Theory, Theory, Theory, Theory, Practical, Theory, Theory",Bachelor of Business Administration,31010724056
parth.nezawala@somaiya.edu,Nezawala,Parth,Apoorva,1,"Goods and Services Marketing, Advertising, Corporate Accounting, Financial Markets and Services, Human Resource Management, Organizational Behaviour, French, German, Spanish, Management and Communication skills, Fundamental of technical Skills, Fundamental of technical Skills, Business Economics, Constitution and Public Policy","Theory, Theory, Theory, Theory, Theory, Theory, Theory, Theory, Theory, Theory, Theory, Practical, Theory, Theory",Bachelor of Business Administration,31010724154
parth.ranjan@somaiya.edu,Ranjan,Parth,Rajiv,5,"International Banking and Finance , Management Accounting , Reserach Methodology , Marketing of Financial Services , Credit Management, Treasury Management","Theory, Theory, Theory, Theory, Theory, Theory",Bachelor of Commerce (Banking and Finance),31010522016
parv.s@somaiya.edu,Savla,Parv,Savla,1,"Principles of Marketing, Corporate accounting, Professional Communication Skill I, Technical Skills for Business, Technical Skills for Business, Fundamentals of Economics, Constitution and Public Policy","Theory, Theory, Theory, Theory, Practical, Theory, Theory",Bachelor of Business Management,31010624152
parv.vora@somaiya.edu,Vora,Parv,Mukesh,1,"Corporate Accounting I, Constitution and Public policy, Fundamentals of Economics, Statistics - I, Introduction to finacial market, Professional communication skills","Theory, Theory, Theory, Theory, Theory, Theory",Bachelor of Commerce (Financial Markets),31010424088
parva.nisar@somaiya.edu,Nisar,Parva,Mansookh,1,"Goods and Services Marketing, Advertising, Corporate Accounting, Financial Markets and Services, Human Resource Management, Organizational Behaviour, French, German, Spanish, Management and Communication skills, Fundamental of technical Skills, Fundamental of technical Skills, Business Economics, Constitution and Public Policy","Theory, Theory, Theory, Theory, Theory, Theory, Theory, Theory, Theory, Theory, Theory, Practical, Theory, Theory",Bachelor of Business Administration,31010724188
patil.ap@somaiya.edu,Patil,Aarya,Prashant,3,"Public Relations and Corporate Communication, Creative Writing, Film Studies, Ethical Practices in Media, Professional Photography, Professional Communication Skills III","Theory, Theory, Theory, Theory, Theory, Theory",Bachelor of Arts (Mass Communication and Journalism),31010823033
patil.pv@somaiya.edu,Patil,Parth,Vivek,1,"Goods and Services Marketing, Advertising, Corporate Accounting, Financial Markets and Services, Human Resource Management, Organizational Behaviour, French, German, Spanish, Management and Communication skills, Fundamental of technical Skills, Fundamental of technical Skills, Business Economics, Constitution and Public Policy","Theory, Theory, Theory, Theory, Theory, Theory, Theory, Theory, Theory, Theory, Theory, Practical, Theory, Theory",Bachelor of Business Administration,31010724057
pbh@somaiya.edu,Harikrushna,Bhai,Patel,1,"Biomolecules and biocatalysts, Biomolecules and biocatalysts, Biomass Energy and Biofuel Technologies, Biomass Energy and Biofuel Technologies, Production microorganisms – Isolation and improvement, Production microorganisms – Isolation and improvement, Process dynamics – principles and kinetics","Theory, Practical, Theory, Practical, Theory, Practical, Theory",Master of Science (Industrial Biotechnology),31036924004
piyanshu.p@somaiya.edu,Pethkar,Piyanshu,Vipin,3,"Strategic Management, Consumer Behaviour and Consumer Insights, Advertising and Sales, Management Accounting, Financial Markets and services, Professional Skill III , Event  management","Theory, Theory, Theory, Theory, Theory, Theory, Theory",Bachelor of Business Management,31010623804
piyush.meriya@somaiya.edu,Meriya,Piyush,Mukesh,5,"Logistics and supply chain management, Entrepreneurship Management and Business Planning, French, German, Finance 4.0, Event management, Marketing 4.0, Retail Management, Sales and Distribution Management, Strategic cost management, Direct Tax, HR Accounting and Audit, Performance Management and Career Planning","Theory, Theory, Theory, Theory, Theory, Theory, Theory, Theory, Theory, Theory, Theory, Theory, Theory",Bachelor of Business Administration,31010722047
pooja.dhoka@somaiya.edu,Dhoka,Pooja,Praveen,1,"Goods and Services Marketing, Advertising, Corporate Accounting, Financial Markets and Services, Human Resource Management, Organizational Behaviour, French, German, Spanish, Management and Communication skills, Fundamental of technical Skills, Fundamental of technical Skills, Business Economics, Constitution and Public Policy","Theory, Theory, Theory, Theory, Theory, Theory, Theory, Theory, Theory, Theory, Theory, Practical, Theory, Theory",Bachelor of Business Administration,31010724089
pooja.mhetre@somaiya.edu,Mhetre,Pooja,Balchandra,1,"Goods and Services Marketing, Advertising, Corporate Accounting, Financial Markets and Services, Human Resource Management, Organizational Behaviour, French, German, Spanish, Management and Communication skills, Fundamental of technical Skills, Fundamental of technical Skills, Business Economics, Constitution and Public Policy","Theory, Theory, Theory, Theory, Theory, Theory, Theory, Theory, Theory, Theory, Theory, Practical, Theory, Theory",Bachelor of Business Administration,31010724152
prajwal.dubewar@somaiya.edu,Dubewar,Prajwal,Girish,1,"Goods and Services Marketing, Advertising, Corporate Accounting, Financial Markets and Services, Human Resource Management, Organizational Behaviour, French, German, Spanish, Management and Communication skills, Fundamental of technical Skills, Fundamental of technical Skills, Business Economics, Constitution and Public Policy","Theory, Theory, Theory, Theory, Theory, Theory, Theory, Theory, Theory, Theory, Theory, Practical, Theory, Theory",Bachelor of Business Administration,31010724019
pranay.mohota@somaiya.edu,Mohota,Pranay,Vivek,5,"Logistics and supply chain management, Entrepreneurship Management and Business Planning, French, German, Finance 4.0, Event management, Marketing 4.0, Retail Management, Sales and Distribution Management, Strategic cost management, Direct Tax, HR Accounting and Audit, Performance Management and Career Planning","Theory, Theory, Theory, Theory, Theory, Theory, Theory, Theory, Theory, Theory, Theory, Theory, Theory",Bachelor of Business Administration,31010722124
praneeth.rao@somaiya.edu,Rao,Praneeth,Madhusudan,1,"Goods and Services Marketing, Advertising, Corporate Accounting, Financial Markets and Services, Human Resource Management, Organizational Behaviour, French, German, Spanish, Management and Communication skills, Fundamental of technical Skills, Fundamental of technical Skills, Business Economics, Constitution and Public Policy","Theory, Theory, Theory, Theory, Theory, Theory, Theory, Theory, Theory, Theory, Theory, Practical, Theory, Theory",Bachelor of Business Administration,31010724171
pranit.pawar@somaiya.edu,Pawar,Pranit,Sameer,5,"Software Testing, Software Testing, Artificial Intelligence, Artificial Intelligence, Web Services, Web Services, Security in Computing, Security in Computing, Design Thinking, E2: Next Gen Databases, E2: Next Gen Databases, Game Programming, Game Programming","Theory, Practical, Theory, Practical, Theory, Practical, Theory, Practical, Theory, Theory, Practical, Theory, Practical",Bachelor of Science (Information Technology) Honour,31011022042
pranita.m@somaiya.edu,Mahale,Pranita,Rajendra,5,"Direct Taxation, Introduction to Fintech, Technical Analysis, Research Methodology, Derivative Market, Marketing in Financial Service","Theory, Theory, Theory, Theory, Theory, Theory",Bachelor of Commerce (Financial Markets),31010422092
pranjal.nagvekar@somaiya.edu,Nagvekar,Pranjal,Jeetendra,1,"Goods and Services Marketing, Advertising, Corporate Accounting, Financial Markets and Services, Human Resource Management, Organizational Behaviour, French, German, Spanish, Management and Communication skills, Fundamental of technical Skills, Fundamental of technical Skills, Business Economics, Constitution and Public Policy","Theory, Theory, Theory, Theory, Theory, Theory, Theory, Theory, Theory, Theory, Theory, Practical, Theory, Theory",Bachelor of Business Administration,31010724051
pranjal.ss@somaiya.edu,Shah,Pranjal,Sanjay,1,"Goods and Services Marketing, Advertising, Corporate Accounting, Financial Markets and Services, Human Resource Management, Organizational Behaviour, French, German, Spanish, Management and Communication skills, Fundamental of technical Skills, Fundamental of technical Skills, Business Economics, Constitution and Public Policy","Theory, Theory, Theory, Theory, Theory, Theory, Theory, Theory, Theory, Theory, Theory, Practical, Theory, Theory",Bachelor of Business Administration,31010724129
pratham.lal@somaiya.edu,Lal,Pratham,Neeraj,5,"Corporate Accounting III, Cost and Management Accounting III, Direct Tax II, Research Methodology , Corporate Accounting, Financial Management II, Strategic Management","Theory, Theory, Theory, Theory, Theory, Theory, Theory",Bachelor of Commerce (Accounting and Finance),31010222040
prayag.s@somaiya.edu,Satpute,Prayag,Parshuram,5,"Direct Taxation, Introduction to Fintech, Technical Analysis, Research Methodology, Derivative Market, Marketing in Financial Service","Theory, Theory, Theory, Theory, Theory, Theory",Bachelor of Commerce (Financial Markets),31010422069
preet.hemani@somaiya.edu,Hemani,Preet,Rajesh,1,"Goods and Services Marketing, Advertising, Corporate Accounting, Financial Markets and Services, Human Resource Management, Organizational Behaviour, French, German, Spanish, Management and Communication skills, Fundamental of technical Skills, Fundamental of technical Skills, Business Economics, Constitution and Public Policy","Theory, Theory, Theory, Theory, Theory, Theory, Theory, Theory, Theory, Theory, Theory, Practical, Theory, Theory",Bachelor of Business Administration,31010724030
preeti.gorial@somaiya.edu,Gorial,Preeti,Mukesh,1,"Calculus, Calculus, Foundation of Descriptive Statistcis, Foundation of Descriptive Statistics, Professional Skill I, Data Management using Spreadsheet, Data Management using Spreadsheet, Introduction to programming through Python, Introduction to programming through Python, Constitution and Public Policy","Theory, Practical, Theory, Practical, Theory, Theory, Practical, Theory, Practical, Theory",Bachelor of Science (Data Science),31013024038
preksha.gawde@somaiya.edu,Gawde,Preksha,Dattatray,1,"Managerial Economics , Financial Accounting , Professional Communication Skill - I , Constitution and Public Policy , Quantitative Methods-I","Theory, Theory, Theory, Theory, Theory",Bachelor of Commerce (Banking and Finance),31010524030
prishita.s@somaiya.edu,Salunkhe,Prishita,Prashant,1,"Goods and Services Marketing, Advertising, Corporate Accounting, Financial Markets and Services, Human Resource Management, Organizational Behaviour, French, German, Spanish, Management and Communication skills, Fundamental of technical Skills, Fundamental of technical Skills, Business Economics, Constitution and Public Policy","Theory, Theory, Theory, Theory, Theory, Theory, Theory, Theory, Theory, Theory, Theory, Practical, Theory, Theory",Bachelor of Business Administration,31010724125
priya.sy@somaiya.edu,Yadav,Priya,Suresh,1,"Advanced Accounting , Direct Tax, Advanced Research Methodology , Operations Research, Data Management using Spreadsheets , Research Statistical Analysis","Theory, Theory, Theory, Theory, Theory, Theory",Master of Commerce (Accounting and Finance),31032524033
priyal.chaplot@somaiya.edu,Chaplot,Priyal,Subhash,1,"Fundamentals of Mass Communication, Minor- Creative Writing, Visual Communication, Contemporary Issues, Contemporary Issues , Constitution and Public Policy, Language Skills in Media, Professional Skills I","Theory, Theory, Theory, Theory, Theory, Theory, Theory, Theory",Bachelor of Arts (Mass Communication and Journalism),31010824065
priyal.g@somaiya.edu,Gosalia,Priyal,Himanshu,1,"Goods and Services Marketing, Advertising, Corporate Accounting, Financial Markets and Services, Human Resource Management, Organizational Behaviour, French, German, Spanish, Management and Communication skills, Fundamental of technical Skills, Fundamental of technical Skills, Business Economics, Constitution and Public Policy","Theory, Theory, Theory, Theory, Theory, Theory, Theory, Theory, Theory, Theory, Theory, Practical, Theory, Theory",Bachelor of Business Administration,31010724026
priyanka.kp@somaiya.edu,Patil,Priyanka,Kishor,1,"Biomolecules and biocatalysts, Biomolecules and biocatalysts, Biomass Energy and Biofuel Technologies, Biomass Energy and Biofuel Technologies, Production microorganisms – Isolation and improvement, Production microorganisms – Isolation and improvement, Process dynamics – principles and kinetics","Theory, Practical, Theory, Practical, Theory, Practical, Theory",Master of Science (Industrial Biotechnology),31036924007
priyanka.rathod@somaiya.edu,Rathod,Priyanka,Ishwar,5,"International Banking and Finance , Management Accounting , Reserach Methodology , Marketing of Financial Services , Credit Management, Treasury Management","Theory, Theory, Theory, Theory, Theory, Theory",Bachelor of Commerce (Banking and Finance),31010522017
priyanshi.sc@somaiya.edu,Choudhary,Priyanshi,Shivram,1,"Microeconomics I, Public Finance, Mathematical economics, Statistical Techniques, Economics of Demography","Theory, Theory, Theory, Theory, Theory",Master of Arts (Economics),31032624027
priyanshi.vador@somaiya.edu,Vador,Priyanshi,Devang,5,"Logistics and supply chain management, Entrepreneurship Management and Business Planning, French, German, Finance 4.0, Event management, Marketing 4.0, Retail Management, Sales and Distribution Management, Strategic cost management, Direct Tax, HR Accounting and Audit, Performance Management and Career Planning","Theory, Theory, Theory, Theory, Theory, Theory, Theory, Theory, Theory, Theory, Theory, Theory, Theory",Bachelor of Business Administration,31010722161
purva.jain@somaiya.edu,Jain,Purva,Manish,1,"Goods and Services Marketing, Advertising, Corporate Accounting, Financial Markets and Services, Human Resource Management, Organizational Behaviour, French, German, Spanish, Management and Communication skills, Fundamental of technical Skills, Fundamental of technical Skills, Business Economics, Constitution and Public Policy","Theory, Theory, Theory, Theory, Theory, Theory, Theory, Theory, Theory, Theory, Theory, Practical, Theory, Theory",Bachelor of Business Administration,31010724100
r.acharekar@somaiya.edu,Acharekar,Radhika,Parag,1,"Biomolecules and biocatalysts, Biomolecules and biocatalysts, Biomass Energy and Biofuel Technologies, Biomass Energy and Biofuel Technologies, Production microorganisms – Isolation and improvement, Production microorganisms – Isolation and improvement, Process dynamics – principles and kinetics","Theory, Practical, Theory, Practical, Theory, Practical, Theory",Master of Science (Industrial Biotechnology),31036924001
raashi.more@somaiya.edu,More,Raashi,Ravindra,1,"Goods and Services Marketing, Advertising, Corporate Accounting, Financial Markets and Services, Human Resource Management, Organizational Behaviour, French, German, Spanish, Management and Communication skills, Fundamental of technical Skills, Fundamental of technical Skills, Business Economics, Constitution and Public Policy","Theory, Theory, Theory, Theory, Theory, Theory, Theory, Theory, Theory, Theory, Theory, Practical, Theory, Theory",Bachelor of Business Administration,31010724049
racha.b@somaiya.edu,Racha,Bhavesh,Bhaskar,5,"Corporate Accounting III, Cost and Management Accounting III, Direct Tax II, Research Methodology , Corporate Accounting, Financial Management II, Strategic Management","Theory, Theory, Theory, Theory, Theory, Theory, Theory",Bachelor of Commerce (Accounting and Finance),31010222087
rachit.oberai@somaiya.edu,Oberai,Rachit,Ravi,5,"Corporate Accounting III, Cost and Management Accounting III, Direct Tax II, Research Methodology , Corporate Accounting, Financial Management II, Strategic Management","Theory, Theory, Theory, Theory, Theory, Theory, Theory",Bachelor of Commerce (Accounting and Finance),31010222050
rahul.kinge@somaiya.edu,Kinge,Rahul,Ravi,3,"Strategic Management, Capital Market, Retail Management, Logistics and SCM","Theory, Theory, Theory, Theory",Master of Commerce (Business Management),31032323006
raj.kk@somaiya.edu,Kothari,Raj,Deepak,5,"Corporate Accounting III, Cost and Management Accounting III, Direct Tax II, Research Methodology , Corporate Accounting, Financial Management II, Strategic Management","Theory, Theory, Theory, Theory, Theory, Theory, Theory",Bachelor of Commerce (Accounting and Finance),31010222038
raj.sanghrajka@somaiya.edu,Sanghrajka,Raj,Narendra,1,"Goods and Services Marketing, Advertising, Corporate Accounting, Financial Markets and Services, Human Resource Management, Organizational Behaviour, French, German, Spanish, Management and Communication skills, Fundamental of technical Skills, Fundamental of technical Skills, Business Economics, Constitution and Public Policy","Theory, Theory, Theory, Theory, Theory, Theory, Theory, Theory, Theory, Theory, Theory, Practical, Theory, Theory",Bachelor of Business Administration,31010724191
rashi.maru@somaiya.edu,Maru,Rashi,Dhiren,1,"Financial Accounting I, Cost Accounting I, Corporate Finance I, Statistical Techniques and Logical Reasoning , Minor in Tax, Minor in Finance, Professional Communication Skill I, Constitution and Public Policy","Theory, Theory, Theory, Theory, Theory, Theory, Theory, Theory",Bachelor of Commerce (Accounting and Finance),31010224151
rashipal.pal@somaiya.edu,Pal,Rashi,Pal,1,"Goods and Services Marketing, Advertising, Corporate Accounting, Financial Markets and Services, Human Resource Management, Organizational Behaviour, French, German, Spanish, Management and Communication skills, Fundamental of technical Skills, Fundamental of technical Skills, Business Economics, Constitution and Public Policy","Theory, Theory, Theory, Theory, Theory, Theory, Theory, Theory, Theory, Theory, Theory, Practical, Theory, Theory",Bachelor of Business Administration,31010724194
rasika.f@somaiya.edu,Fulwane,Rasika,Prashant,1,"Goods and Services Marketing, Advertising, Corporate Accounting, Financial Markets and Services, Human Resource Management, Organizational Behaviour, French, German, Spanish, Management and Communication skills, Fundamental of technical Skills, Fundamental of technical Skills, Business Economics, Constitution and Public Policy","Theory, Theory, Theory, Theory, Theory, Theory, Theory, Theory, Theory, Theory, Theory, Practical, Theory, Theory",Bachelor of Business Administration,31010724021
raunak.s@somaiya.edu,Singh,Raunak,Pankaj,1,"Managerial Economics , Financial Accounting , Professional Communication Skill - I , Constitution and Public Policy , Quantitative Methods-I","Theory, Theory, Theory, Theory, Theory",Bachelor of Commerce (Banking and Finance),31010524043
ravi.chowdhary@somaiya.edu,Chowdhary,Ravi,Mukesh,1,"Goods and Services Marketing, Advertising, Corporate Accounting, Financial Markets and Services, Human Resource Management, Organizational Behaviour, French, German, Spanish, Management and Communication skills, Fundamental of technical Skills, Fundamental of technical Skills, Business Economics, Constitution and Public Policy","Theory, Theory, Theory, Theory, Theory, Theory, Theory, Theory, Theory, Theory, Theory, Practical, Theory, Theory",Bachelor of Business Administration,31010724082
rhea.m@somaiya.edu,Marshall,Rhea,Francisco,1,"Principles of Marketing, Corporate accounting, Professional Communication Skill I, Technical Skills for Business, Technical Skills for Business, Fundamentals of Economics, Constitution and Public Policy","Theory, Theory, Theory, Theory, Practical, Theory, Theory",Bachelor of Business Management,31010624149
rhugved.s@somaiya.edu,Samse,Rhugved,Vaibhav,3,"Strategic Management, Consumer Behaviour and Consumer Insights, Sales and Distribution Management , Management Accounting, Technical Analysis of Financial Markets, Human Resource Accounting and Compensation Management, Human resource development, German, French, Spanish , Professional communication  Skill III -, Event  management","Theory, Theory, Theory, Theory, Theory, Theory, Theory, Theory, Theory, Theory, Theory, Theory",Bachelor of Business Administration,31010723048
richa.cs@somaiya.edu,Shah,Richa,Chetan,5,"Direct Taxation, Introduction to Fintech, Technical Analysis, Research Methodology, Derivative Market, Marketing in Financial Service","Theory, Theory, Theory, Theory, Theory, Theory",Bachelor of Commerce (Financial Markets),31010422074
riddhesh.r@somaiya.edu,Rahakar,Riddhesh,Santosh,1,"Biomolecules and biocatalysts, Biomolecules and biocatalysts, Biomass Energy and Biofuel Technologies, Biomass Energy and Biofuel Technologies, Production microorganisms – Isolation and improvement, Production microorganisms – Isolation and improvement, Process dynamics – principles and kinetics","Theory, Practical, Theory, Practical, Theory, Practical, Theory",Master of Science (Industrial Biotechnology),31036924009
riddhim.chib@somaiya.edu,Chib,Riddhim,Vivek,1,"Goods and Services Marketing, Advertising, Corporate Accounting, Financial Markets and Services, Human Resource Management, Organizational Behaviour, French, German, Spanish, Management and Communication skills, Fundamental of technical Skills, Fundamental of technical Skills, Business Economics, Constitution and Public Policy","Theory, Theory, Theory, Theory, Theory, Theory, Theory, Theory, Theory, Theory, Theory, Practical, Theory, Theory",Bachelor of Business Administration,31010724186
rishab.singh@somaiya.edu,Singh,Rishab,Rakesh,1,"Goods and Services Marketing, Advertising, Corporate Accounting, Financial Markets and Services, Human Resource Management, Organizational Behaviour, French, German, Spanish, Management and Communication skills, Fundamental of technical Skills, Fundamental of technical Skills, Business Economics, Constitution and Public Policy","Theory, Theory, Theory, Theory, Theory, Theory, Theory, Theory, Theory, Theory, Theory, Practical, Theory, Theory",Bachelor of Business Administration,31010724162
rishi.maru@somaiya.edu,Maru,Rishi,Praful,3,"Public Relations and Corporate Communication, Creative Writing, Film Studies, Ethical Practices in Media, Professional Photography, Professional Communication Skills III","Theory, Theory, Theory, Theory, Theory, Theory",Bachelor of Arts (Mass Communication and Journalism),31010823025
rishi.mm@somaiya.edu,Maru,Rishi,Mitul,1,"Financial Accounting I, Cost Accounting I, Corporate Finance I, Statistical Techniques and Logical Reasoning , Minor in Tax, Minor in Finance, Professional Communication Skill I, Constitution and Public Policy","Theory, Theory, Theory, Theory, Theory, Theory, Theory, Theory",Bachelor of Commerce (Accounting and Finance),31010224064
rishi.mm@somaiya.edu,Maru,Rishi,Mitul,1,"Goods and Services Marketing, Advertising, Corporate Accounting, Financial Markets and Services, Human Resource Management, Organizational Behaviour, French, German, Spanish, Management and Communication skills, Fundamental of technical Skills, Fundamental of technical Skills, Business Economics, Constitution and Public Policy","Theory, Theory, Theory, Theory, Theory, Theory, Theory, Theory, Theory, Theory, Theory, Practical, Theory, Theory",Bachelor of Business Administration,31010724179
ritika.chari@somaiya.edu,Chari,Ritika,Ravi,1,"Financial Accounting I, Cost Accounting I, Corporate Finance I, Statistical Techniques and Logical Reasoning , Minor in Tax, Minor in Finance, Professional Communication Skill I, Constitution and Public Policy","Theory, Theory, Theory, Theory, Theory, Theory, Theory, Theory",Bachelor of Commerce (Accounting and Finance),31010224128
ritika.hegde@somaiya.edu,Hegde,Ritika,Ramesh,1,"Goods and Services Marketing, Advertising, Corporate Accounting, Financial Markets and Services, Human Resource Management, Organizational Behaviour, French, German, Spanish, Management and Communication skills, Fundamental of technical Skills, Fundamental of technical Skills, Business Economics, Constitution and Public Policy","Theory, Theory, Theory, Theory, Theory, Theory, Theory, Theory, Theory, Theory, Theory, Practical, Theory, Theory",Bachelor of Business Administration,31010724029
riya.dhoka@somaiya.edu,Dhoka,Riya,Rajesh,1,"Goods and Services Marketing, Advertising, Corporate Accounting, Financial Markets and Services, Human Resource Management, Organizational Behaviour, French, German, Spanish, Management and Communication skills, Fundamental of technical Skills, Fundamental of technical Skills, Business Economics, Constitution and Public Policy","Theory, Theory, Theory, Theory, Theory, Theory, Theory, Theory, Theory, Theory, Theory, Practical, Theory, Theory",Bachelor of Business Administration,31010724169
rohini.salunkhe@somaiya.edu,Salunkhe,Rohini,Kantilal,3,"Machine Learning Techniques, Machine Learning Techniques, Statistical Process Control, Statistical Process Control, Stochastic Processes, Stochastic Processes, SAS, SAS, Biostatistics, Biostatistics","Theory, Practical, Theory, Practical, Theory, Practical, Theory, Practical, Theory, Practical",Master of Science (Statistics),31031823020
rohit.hp@somaiya.edu,Pal,Rohit,Hemant,5,"Software Testing, Software Testing, Artificial Intelligence, Artificial Intelligence, Web Services, Web Services, Security in Computing, Security in Computing, Design Thinking, E2: Next Gen Databases, E2: Next Gen Databases, Game Programming, Game Programming","Theory, Practical, Theory, Practical, Theory, Practical, Theory, Practical, Theory, Theory, Practical, Theory, Practical",Bachelor of Science (Information Technology) Honour,31011021011
rudhra.r@somaiya.edu,Rakhasiya,Rudhra,Pankaj,1,"Managerial Economics , Financial Accounting , Professional Communication Skill - I , Constitution and Public Policy , Quantitative Methods-I","Theory, Theory, Theory, Theory, Theory",Bachelor of Commerce (Banking and Finance),31010524035
rudhvi.barot@somaiya.edu,Barot,Rudhvi,Ajay,3,"Strategic Management, Consumer Behaviour and Consumer Insights, Advertising and Sales, Management Accounting, Financial Markets and services, Professional Skill III , Event  management","Theory, Theory, Theory, Theory, Theory, Theory, Theory",Bachelor of Business Management,31010623802
rudra.ganatra@somaiya.edu,Ganatra,Rudra,Ketan,1,"Goods and Services Marketing, Advertising, Corporate Accounting, Financial Markets and Services, Human Resource Management, Organizational Behaviour, French, German, Spanish, Management and Communication skills, Fundamental of technical Skills, Fundamental of technical Skills, Business Economics, Constitution and Public Policy","Theory, Theory, Theory, Theory, Theory, Theory, Theory, Theory, Theory, Theory, Theory, Practical, Theory, Theory",Bachelor of Business Administration,31010724095
rudra.wattamwar@somaiya.edu,Wattamwar,Rudra,Vishal,1,"Managerial Economics , Financial Accounting , Professional Communication Skill - I , Constitution and Public Policy , Quantitative Methods-I","Theory, Theory, Theory, Theory, Theory",Bachelor of Commerce (Banking and Finance),31010524037
rushaan.khan@somaiya.edu,Khan,Rushaan,Zafeer,3,"Public Relations and Corporate Communication, Creative Writing, Film Studies, Ethical Practices in Media, Professional Photography, Professional Communication Skills III","Theory, Theory, Theory, Theory, Theory, Theory",Bachelor of Arts (Mass Communication and Journalism),31010823076
rutu.shahmerwana@somaiya.edu,ShahMerwana,Rutu,Hiteshkumar,5,"Corporate Accounting III, Cost and Management Accounting III, Direct Tax II, Research Methodology , Corporate Accounting, Financial Management II, Strategic Management","Theory, Theory, Theory, Theory, Theory, Theory, Theory",Bachelor of Commerce (Accounting and Finance),31010221084
ruturaj.j@somaiya.edu,Jagdale,Ruturaj,Vishal,5,"Corporate Accounting III, Cost and Management Accounting III , International Taxation , Direct Tax II, Research Methodology, Strategic Management","Theory, Theory, Theory, Theory, Theory, Theory",Bachelor of Commerce (Accounting and Finance) Honour,31010321005
s.devadiga@somaiya.edu,Devadiga,Samiksha,Rama,1,"Goods and Services Marketing, Advertising, Corporate Accounting, Financial Markets and Services, Human Resource Management, Organizational Behaviour, French, German, Spanish, Management and Communication skills, Fundamental of technical Skills, Fundamental of technical Skills, Business Economics, Constitution and Public Policy","Theory, Theory, Theory, Theory, Theory, Theory, Theory, Theory, Theory, Theory, Theory, Practical, Theory, Theory",Bachelor of Business Administration,31010724088
s.gimhavanekar@somaiya.edu,Gimhavanekar,Samarth,Sandip,3,"Data structure, Data structure, Operating System, Operating System, Core Java, Core Java, Mobile Programming, Professional Communication Skill III, Applied Mathematics","Theory, Practical, Theory, Practical, Theory, Practical, Theory, Theory, Theory",Bachelor of Science (Information Technology),31010923801
s.khandelwal@somaiya.edu,Khandelwal,Suhani,Ravindra,1,"Goods and Services Marketing, Advertising, Corporate Accounting, Financial Markets and Services, Human Resource Management, Organizational Behaviour, French, German, Spanish, Management and Communication skills, Fundamental of technical Skills, Fundamental of technical Skills, Business Economics, Constitution and Public Policy","Theory, Theory, Theory, Theory, Theory, Theory, Theory, Theory, Theory, Theory, Theory, Practical, Theory, Theory",Bachelor of Business Administration,31010724040
s.mukhedkar@somaiya.edu,Mukhedkar,Shambhavi,Purushottam,1,"Principles of Marketing, Corporate accounting, Professional Communication Skill I, Technical Skills for Business, Technical Skills for Business, Fundamentals of Economics, Constitution and Public Policy","Theory, Theory, Theory, Theory, Practical, Theory, Theory",Bachelor of Business Management,31010624150
saanvi.shrirang@somaiya.edu,Shrirang,Saanvi,Pravin,1,"Goods and Services Marketing, Advertising, Corporate Accounting, Financial Markets and Services, Human Resource Management, Organizational Behaviour, French, German, Spanish, Management and Communication skills, Fundamental of technical Skills, Fundamental of technical Skills, Business Economics, Constitution and Public Policy","Theory, Theory, Theory, Theory, Theory, Theory, Theory, Theory, Theory, Theory, Theory, Practical, Theory, Theory",Bachelor of Business Administration,31010724159
sahil.lad@somaiya.edu,Lad,Sahil,Viren,1,"Foundation Course in Chemistry -I, Foundation Course in Chemistry-II, Introductory Chemistry Laboratory-I, Introductory Biology, Introductory Biology, Introductory Biology Laboratory, Introduction to Programming using Python, Introduction to Programming using Python, Foundations of Classical Physics, Foundations of Classical Physics, Physics Laboratory-I","Theory, Theory, Practical, Theory, Tutorial, Practical, Theory, Practical, Theory, Tutorial, Tutorial",Integrated Bachelor of Science-Master of Science,31017124008
sai.pn@somaiya.edu,Nikam,Sai,Pramod,1,"Goods and Services Marketing, Advertising, Corporate Accounting, Financial Markets and Services, Human Resource Management, Organizational Behaviour, French, German, Spanish, Management and Communication skills, Fundamental of technical Skills, Fundamental of technical Skills, Business Economics, Constitution and Public Policy","Theory, Theory, Theory, Theory, Theory, Theory, Theory, Theory, Theory, Theory, Theory, Practical, Theory, Theory",Bachelor of Business Administration,31010724155
saiee.desai@somaiya.edu,Desai,Saiee,Sunil,3,"Strategic Management, Consumer Behaviour and Consumer Insights, Advertising and Sales, Management Accounting, Financial Markets and services, Professional Skill III , Event  management","Theory, Theory, Theory, Theory, Theory, Theory, Theory",Bachelor of Business Management,31010623035
sajid.ak@somaiya.edu,Khan,Sajid,Ahmed,1,"Calculus, Calculus, Foundation of Descriptive Statistcis, Foundation of Descriptive Statistics, Professional Skill I, Data Management using Spreadsheet, Data Management using Spreadsheet, Introduction to programming through Python, Introduction to programming through Python, Constitution and Public Policy","Theory, Practical, Theory, Practical, Theory, Theory, Practical, Theory, Practical, Theory",Bachelor of Science (Data Science),31013024039
sakina.shah@somaiya.edu,Shah,Saniya,Samim,1,"Goods and Services Marketing, Advertising, Corporate Accounting, Financial Markets and Services, Human Resource Management, Organizational Behaviour, French, German, Spanish, Management and Communication skills, Fundamental of technical Skills, Fundamental of technical Skills, Business Economics, Constitution and Public Policy","Theory, Theory, Theory, Theory, Theory, Theory, Theory, Theory, Theory, Theory, Theory, Practical, Theory, Theory",Bachelor of Business Administration,31010724192
samiksha.yelve@somaiya.edu,Yelve,Samiksha,Chandravadan,1,"Microeconomics I, Public Finance, Mathematical economics, Statistical Techniques, Economics of Demography","Theory, Theory, Theory, Theory, Theory",Master of Arts (Economics),31032624025
samreenfatima.k@somaiya.edu,Khan,Samreen,Fatima,1,"Advanced Accounting , Direct Tax, Advanced Research Methodology , Operations Research, Data Management using Spreadsheets , Research Statistical Analysis","Theory, Theory, Theory, Theory, Theory, Theory",Master of Commerce (Accounting and Finance),31032524036
samridhi.j@somaiya.edu,Joshi,Samridhi,Harishchandra,1,"Corporate Accounting I, Constitution and Public policy, Fundamentals of Economics, Statistics - I, Introduction to finacial market, Professional communication skills","Theory, Theory, Theory, Theory, Theory, Theory",Bachelor of Commerce (Financial Markets),31010424033
sanika.f@somaiya.edu,Fulsundar,Sanika,Dattaram,5,"Corporate Accounting III, Cost and Management Accounting III, Direct Tax II, Research Methodology , Corporate Accounting, Financial Management II, Strategic Management","Theory, Theory, Theory, Theory, Theory, Theory, Theory",Bachelor of Commerce (Accounting and Finance),31010222020
sanskar.n@somaiya.edu,Nagwani,Sanskar,Naresh,3,"Database Management System, Database Management System, Operating System, Operating System, Python Programming, Python Programming, Elements of Statistics, Elements of Statistics, Arduino Programming, Arduino Programming","Theory, Practical, Theory, Practical, Theory, Practical, Theory, Practical, Theory, Practical",Bachelor of Computer Applications,31011223044
sara.khandar@somaiya.edu,Khandar,Sara,Shishir,1,"Goods and Services Marketing, Advertising, Corporate Accounting, Financial Markets and Services, Human Resource Management, Organizational Behaviour, French, German, Spanish, Management and Communication skills, Fundamental of technical Skills, Fundamental of technical Skills, Business Economics, Constitution and Public Policy","Theory, Theory, Theory, Theory, Theory, Theory, Theory, Theory, Theory, Theory, Theory, Practical, Theory, Theory",Bachelor of Business Administration,31010724039
sarthak.bhatia@somaiya.edu,Bhatia,Sarthak,Deelip,1,"Goods and Services Marketing, Advertising, Corporate Accounting, Financial Markets and Services, Human Resource Management, Organizational Behaviour, French, German, Spanish, Management and Communication skills, Fundamental of technical Skills, Fundamental of technical Skills, Business Economics, Constitution and Public Policy","Theory, Theory, Theory, Theory, Theory, Theory, Theory, Theory, Theory, Theory, Theory, Practical, Theory, Theory",Bachelor of Business Administration,31010724077
sarthak.mahajan@somaiya.edu,Mahajan,Sarthak,Kiran,1,"Financial Accounting I, Cost Accounting I, Corporate Finance I, Statistical Techniques and Logical Reasoning , Minor in Tax, Minor in Finance, Professional Communication Skill I, Constitution and Public Policy","Theory, Theory, Theory, Theory, Theory, Theory, Theory, Theory",Bachelor of Commerce (Accounting and Finance),31010224150
sarthak.nj@somaiya.edu,Jain,Sarthak,Nirmal,1,"Principles of Marketing, Corporate accounting, Professional Communication Skill I, Technical Skills for Business, Technical Skills for Business, Fundamentals of Economics, Constitution and Public Policy","Theory, Theory, Theory, Theory, Practical, Theory, Theory",Bachelor of Business Management,31010624158
sarvesh.phodkar@somaiya.edu,Phodkar,Sarvesh,Milind,1,"Goods and Services Marketing, Advertising, Corporate Accounting, Financial Markets and Services, Human Resource Management, Organizational Behaviour, French, German, Spanish, Management and Communication skills, Fundamental of technical Skills, Fundamental of technical Skills, Business Economics, Constitution and Public Policy","Theory, Theory, Theory, Theory, Theory, Theory, Theory, Theory, Theory, Theory, Theory, Practical, Theory, Theory",Bachelor of Business Administration,31010724157
saumya.dagliya@somaiya.edu,Dagliya,Saumya,Harish,1,"Financial Accounting I, Cost Accounting I, Corporate Finance I, Statistical Techniques and Logical Reasoning , Minor in Tax, Minor in Finance, Professional Communication Skill I, Constitution and Public Policy","Theory, Theory, Theory, Theory, Theory, Theory, Theory, Theory",Bachelor of Commerce (Accounting and Finance),31010224161
saurabh.mayekar@somaiya.edu,Mayekar,Saurabh,Vinod,1,"Calculus, Calculus, Foundation of Descriptive Statistcis, Foundation of Descriptive Statistics, Professional Skill I, Data Management using Spreadsheet, Data Management using Spreadsheet, Introduction to programming through Python, Introduction to programming through Python, Constitution and Public Policy","Theory, Practical, Theory, Practical, Theory, Theory, Practical, Theory, Practical, Theory",Bachelor of Science (Data Science),31013024048
savya.c@somaiya.edu,Chaturvedi,Savya,Sanchee,1,"Goods and Services Marketing, Advertising, Corporate Accounting, Financial Markets and Services, Human Resource Management, Organizational Behaviour, French, German, Spanish, Management and Communication skills, Fundamental of technical Skills, Fundamental of technical Skills, Business Economics, Constitution and Public Policy","Theory, Theory, Theory, Theory, Theory, Theory, Theory, Theory, Theory, Theory, Theory, Practical, Theory, Theory",Bachelor of Business Administration,31010724174
sdk@somaiya.edu,Kadam,Shubham,Dadasaheb,1,"Goods and Services Marketing, Advertising, Corporate Accounting, Financial Markets and Services, Human Resource Management, Organizational Behaviour, French, German, Spanish, Management and Communication skills, Fundamental of technical Skills, Fundamental of technical Skills, Business Economics, Constitution and Public Policy","Theory, Theory, Theory, Theory, Theory, Theory, Theory, Theory, Theory, Theory, Theory, Practical, Theory, Theory",Bachelor of Business Administration,31010724103
shaikh.rizwan@somaiya.edu,Shaikh,Arsalan,Rizwan,5,"Software Testing, Software Testing, Artificial Intelligence, Artificial Intelligence, Web Services, Web Services, Security in Computing, Security in Computing, Design Thinking, E2: Next Gen Databases, E2: Next Gen Databases","Theory, Practical, Theory, Practical, Theory, Practical, Theory, Practical, Theory, Theory, Practical",Bachelor of Science (Information Technology),31010921040
shaikh.saleem@somaiya.edu,Saleem,Shaikh,Alfia,1,"Fundamentals of Mass Communication, Minor- Creative Writing, Visual Communication, Contemporary Issues, Contemporary Issues , Constitution and Public Policy, Language Skills in Media, Professional Skills I","Theory, Theory, Theory, Theory, Theory, Theory, Theory, Theory",Bachelor of Arts (Mass Communication and Journalism),31010824037
shanoor.m@somaiya.edu,Mohammed,Ziauddin,Shanoor,1,"Microeconomics I, Public Finance, Mathematical economics, Statistical Techniques, Economics of Demography","Theory, Theory, Theory, Theory, Theory",Master of Arts (Economics),31032624030
sharma.sd@somaiya.edu,Sharma,Sanskriti,Dilip,1,"Goods and Services Marketing, Advertising, Corporate Accounting, Financial Markets and Services, Human Resource Management, Organizational Behaviour, French, German, Spanish, Management and Communication skills, Fundamental of technical Skills, Fundamental of technical Skills, Business Economics, Constitution and Public Policy","Theory, Theory, Theory, Theory, Theory, Theory, Theory, Theory, Theory, Theory, Theory, Practical, Theory, Theory",Bachelor of Business Administration,31010724068
shaurika.b@somaiya.edu,Bagul,Shaurika,Abhijit,1,"Goods and Services Marketing, Advertising, Corporate Accounting, Financial Markets and Services, Human Resource Management, Organizational Behaviour, French, German, Spanish, Management and Communication skills, Fundamental of technical Skills, Fundamental of technical Skills, Business Economics, Constitution and Public Policy","Theory, Theory, Theory, Theory, Theory, Theory, Theory, Theory, Theory, Theory, Theory, Practical, Theory, Theory",Bachelor of Business Administration,31010724075
shaurya.dabri@somaiya.edu,Dabri,Shaurya,Samir,1,"Financial Accounting I, Cost Accounting I, Corporate Finance I, Statistical Techniques and Logical Reasoning , Minor in Tax, Minor in Finance, Professional Communication Skill I, Constitution and Public Policy","Theory, Theory, Theory, Theory, Theory, Theory, Theory, Theory",Bachelor of Commerce (Accounting and Finance),31010224132
shewale.p@somaiya.edu,Shewale,Prathamesh,Kishor,1,"Goods and Services Marketing, Advertising, Corporate Accounting, Financial Markets and Services, Human Resource Management, Organizational Behaviour, French, German, Spanish, Management and Communication skills, Fundamental of technical Skills, Fundamental of technical Skills, Business Economics, Constitution and Public Policy","Theory, Theory, Theory, Theory, Theory, Theory, Theory, Theory, Theory, Theory, Theory, Practical, Theory, Theory",Bachelor of Business Administration,31010724071
shirin.ia@somaiya.edu,Ansari,Shirin,Irfan,1,"Goods and Services Marketing, Advertising, Corporate Accounting, Financial Markets and Services, Human Resource Management, Organizational Behaviour, French, German, Spanish, Management and Communication skills, Fundamental of technical Skills, Fundamental of technical Skills, Business Economics, Constitution and Public Policy","Theory, Theory, Theory, Theory, Theory, Theory, Theory, Theory, Theory, Theory, Theory, Practical, Theory, Theory",Bachelor of Business Administration,31010724002
shivam.ar@somaiya.edu,Rane,Shivam,Anil,1,"Goods and Services Marketing, Advertising, Corporate Accounting, Financial Markets and Services, Human Resource Management, Organizational Behaviour, French, German, Spanish, Management and Communication skills, Fundamental of technical Skills, Fundamental of technical Skills, Business Economics, Constitution and Public Policy","Theory, Theory, Theory, Theory, Theory, Theory, Theory, Theory, Theory, Theory, Theory, Practical, Theory, Theory",Bachelor of Business Administration,31010724058
shivam.shelke@somaiya.edu,Shelke,Shivam,Govind,1,"Goods and Services Marketing, Advertising, Corporate Accounting, Financial Markets and Services, Human Resource Management, Organizational Behaviour, French, German, Spanish, Management and Communication skills, Fundamental of technical Skills, Fundamental of technical Skills, Business Economics, Constitution and Public Policy","Theory, Theory, Theory, Theory, Theory, Theory, Theory, Theory, Theory, Theory, Theory, Practical, Theory, Theory",Bachelor of Business Administration,31010724069
shivam.vd@somaiya.edu,Dubey,Shivam,Vikas,3,"Strategic Management, Consumer Behaviour and Consumer Insights, Sales and Distribution Management , Management Accounting, Technical Analysis of Financial Markets, Human Resource Accounting and Compensation Management, Human resource development, German, French, Spanish , Professional communication  Skill III -, Event  management","Theory, Theory, Theory, Theory, Theory, Theory, Theory, Theory, Theory, Theory, Theory, Theory",Bachelor of Business Administration,31010723068
shivansh.r@somaiya.edu,Rathore,Shivansh,Tejpal,1,"Financial Accounting I, Cost Accounting I, Corporate Finance I, Statistical Techniques and Logical Reasoning , Minor in Tax, Minor in Finance, Professional Communication Skill I, Constitution and Public Policy","Theory, Theory, Theory, Theory, Theory, Theory, Theory, Theory",Bachelor of Commerce (Accounting and Finance),31010224139
shivlaxmi.k@somaiya.edu,Konar,Shivlaxmi,Krishnan,5,"Software Testing, Software Testing, Artificial Intelligence, Artificial Intelligence, Web Services, Web Services, Security in Computing, Security in Computing, Design Thinking, E2: Next Gen Databases, E2: Next Gen Databases","Theory, Practical, Theory, Practical, Theory, Practical, Theory, Practical, Theory, Theory, Practical",Bachelor of Science (Information Technology),31010922045
shom.patel@somaiya.edu,Patel,Shom,Suvrat,1,"Goods and Services Marketing, Advertising, Corporate Accounting, Financial Markets and Services, Human Resource Management, Organizational Behaviour, French, German, Spanish, Management and Communication skills, Fundamental of technical Skills, Fundamental of technical Skills, Business Economics, Constitution and Public Policy","Theory, Theory, Theory, Theory, Theory, Theory, Theory, Theory, Theory, Theory, Theory, Practical, Theory, Theory",Bachelor of Business Administration,31010724181
shraddha.kondal@somaiya.edu,Kondal,Shraddha,Anjanaya,1,"Goods and Services Marketing, Advertising, Corporate Accounting, Financial Markets and Services, Human Resource Management, Organizational Behaviour, French, German, Spanish, Management and Communication skills, Fundamental of technical Skills, Fundamental of technical Skills, Business Economics, Constitution and Public Policy","Theory, Theory, Theory, Theory, Theory, Theory, Theory, Theory, Theory, Theory, Theory, Practical, Theory, Theory",Bachelor of Business Administration,31010724042
shravani.bhoir@somaiya.edu,Bhoir,Shravani,Sadanand,1,"Algorithm and C ++ programming, Web Technology, Digital Electronics, Discrete Mathematics, Professional Communication Skill I, Web Technology, Digital Electronics, Algorithm and C ++ programming, Constitution and Public Policy","Theory, Theory, Theory, Theory, Theory, Practical, Practical, Practical, Theory",Bachelor of Science (Computer Science),31011124004
shravani.hp@somaiya.edu,Pednekar,Shravani,Hemant,1,"Algorithm and C ++ programming, Web Technology, Digital Electronics, Discrete Mathematics, Professional Communication Skill I, Web Technology, Digital Electronics, Algorithm and C ++ programming, Constitution and Public Policy","Theory, Theory, Theory, Theory, Theory, Practical, Practical, Practical, Theory",Bachelor of Science (Computer Science),31011124066
shravani.js@somaiya.edu,Shete,Shravani,Jaywant,1,"Algorithm and C ++ programming, Web Technology, Digital Electronics, Discrete Mathematics, Professional Communication Skill I, Web Technology, Digital Electronics, Algorithm and C ++ programming, Constitution and Public Policy","Theory, Theory, Theory, Theory, Theory, Practical, Practical, Practical, Theory",Bachelor of Science (Computer Science),31011124101
shravani.sb@somaiya.edu,Bhosale,Shravani,Sunil,1,"Goods and Services Marketing, Advertising, Corporate Accounting, Financial Markets and Services, Human Resource Management, Organizational Behaviour, French, German, Spanish, Management and Communication skills, Fundamental of technical Skills, Fundamental of technical Skills, Business Economics, Constitution and Public Policy","Theory, Theory, Theory, Theory, Theory, Theory, Theory, Theory, Theory, Theory, Theory, Practical, Theory, Theory",Bachelor of Business Administration,31010724173
shreya.ac@somaiya.edu,Chakraborty,Shreya,Arindam,3,"Public Relations and Corporate Communication, Creative Writing, Film Studies, Ethical Practices in Media, Professional Photography, Professional Communication Skills III","Theory, Theory, Theory, Theory, Theory, Theory",Bachelor of Arts (Mass Communication and Journalism),31010823802
shreya.singh7@somaiya.edu,Singh,Shreya,Sunil,1,"Goods and Services Marketing, Advertising, Corporate Accounting, Financial Markets and Services, Human Resource Management, Organizational Behaviour, French, German, Spanish, Management and Communication skills, Fundamental of technical Skills, Fundamental of technical Skills, Business Economics, Constitution and Public Policy","Theory, Theory, Theory, Theory, Theory, Theory, Theory, Theory, Theory, Theory, Theory, Practical, Theory, Theory",Bachelor of Business Administration,31010724160
shreya.tyagi@somaiya.edu,Tyagi,Shreya,Vinod,5,"Direct Tax, Strategic Financial Management, Risk Management, Portfolio Management, Service Marketing, Media Planning and Management, Tourism Marketing, Customer Relationship Management, Logistics and supply chain management","Theory, Theory, Theory, Theory, Theory, Theory, Theory, Theory, Theory",Bachelor of Business Management,31010622155
shreya.ys@somaiya.edu,Singh,Shreya,Yogesh,1,"Goods and Services Marketing, Advertising, Corporate Accounting, Financial Markets and Services, Human Resource Management, Organizational Behaviour, French, German, Spanish, Management and Communication skills, Fundamental of technical Skills, Fundamental of technical Skills, Business Economics, Constitution and Public Policy","Theory, Theory, Theory, Theory, Theory, Theory, Theory, Theory, Theory, Theory, Theory, Practical, Theory, Theory",Bachelor of Business Administration,31010724135
shreyash.ahiwale@somaiya.edu,Ahiwale,Shreyash,Amol,1,"Calculus, Calculus, Foundation of Descriptive Statistcis, Foundation of Descriptive Statistics, Professional Skill I, Data Management using Spreadsheet, Data Management using Spreadsheet, Introduction to programming through Python, Introduction to programming through Python, Constitution and Public Policy","Theory, Practical, Theory, Practical, Theory, Theory, Practical, Theory, Practical, Theory",Bachelor of Science (Data Science),31013024042
shreyash.mc@somaiya.edu,Chaudhary,Shreyash,Mahesh,3,"Fixed Income Securities, Equity Market, Corporate Finance, Professional Communication Skills, Research Methodology, Strategic Management","Theory, Theory, Theory, Theory, Theory, Theory",Bachelor of Commerce (Financial Markets),31010423006
shrishti.dm@somaiya.edu,Mishra,Shrishti,Dilipkumar,5,"Software Testing, Software Testing, Artificial Intelligence, Artificial Intelligence, Web Services, Web Services, Security in Computing, Security in Computing, Design Thinking, E2: Next Gen Databases, E2: Next Gen Databases, Game Programming, Game Programming","Theory, Practical, Theory, Practical, Theory, Practical, Theory, Practical, Theory, Theory, Practical, Theory, Practical",Bachelor of Science (Information Technology) Honour,31011022013
shrusti.d@somaiya.edu,Dalvi,Shrusti,Shriram,1,"Goods and Services Marketing, Advertising, Corporate Accounting, Financial Markets and Services, Human Resource Management, Organizational Behaviour, French, German, Spanish, Management and Communication skills, Fundamental of technical Skills, Fundamental of technical Skills, Business Economics, Constitution and Public Policy","Theory, Theory, Theory, Theory, Theory, Theory, Theory, Theory, Theory, Theory, Theory, Practical, Theory, Theory",Bachelor of Business Administration,31010724148
shruti.m@somaiya.edu,Mohite,Shruti,Nitin,1,"Calculus, Calculus, Foundation of Descriptive Statistcis, Foundation of Descriptive Statistics, Professional Skill I, Data Management using Spreadsheet, Data Management using Spreadsheet, Introduction to programming through Python, Introduction to programming through Python, Constitution and Public Policy","Theory, Practical, Theory, Practical, Theory, Theory, Practical, Theory, Practical, Theory",Bachelor of Science (Data Science),31013024046
shubh.kn@somaiya.edu,Nagda,Shubh,Kalpesh,1,"Goods and Services Marketing, Advertising, Corporate Accounting, Financial Markets and Services, Human Resource Management, Organizational Behaviour, French, German, Spanish, Management and Communication skills, Fundamental of technical Skills, Fundamental of technical Skills, Business Economics, Constitution and Public Policy","Theory, Theory, Theory, Theory, Theory, Theory, Theory, Theory, Theory, Theory, Theory, Practical, Theory, Theory",Bachelor of Business Administration,31010724050
shubhalakshmi.s@somaiya.edu,Singh,Shubhalakshmi,Nagendra,1,"Goods and Services Marketing, Advertising, Corporate Accounting, Financial Markets and Services, Human Resource Management, Organizational Behaviour, French, German, Spanish, Management and Communication skills, Fundamental of technical Skills, Fundamental of technical Skills, Business Economics, Constitution and Public Policy","Theory, Theory, Theory, Theory, Theory, Theory, Theory, Theory, Theory, Theory, Theory, Practical, Theory, Theory",Bachelor of Business Administration,31010724136
shubham.patel@somaiya.edu,Patel,Shubham,Bharat,5,"Direct Taxation, Introduction to Fintech, Technical Analysis, Research Methodology, Derivative Market, Marketing in Financial Service","Theory, Theory, Theory, Theory, Theory, Theory",Bachelor of Commerce (Financial Markets),31010422065
shugan.l@somaiya.edu,Lakhara,Shugan,Ashok,3,"Data structure, Data structure, Operating System, Operating System, Core Java, Core Java, Mobile Programming, Professional Communication Skill III, Applied Mathematics","Theory, Practical, Theory, Practical, Theory, Practical, Theory, Theory, Theory",Bachelor of Science (Information Technology),31010923126
siddh.vora@somaiya.edu,Vora,Siddh,Mitesh,1,"Principles of Marketing, Corporate accounting, Professional Communication Skill I, Technical Skills for Business, Technical Skills for Business, Fundamentals of Economics, Constitution and Public Policy","Theory, Theory, Theory, Theory, Practical, Theory, Theory",Bachelor of Business Management,31010624155
siddhant.sp@somaiya.edu,Pednekar,Siddhant,Sanjay,3,"Strategic Management, Consumer Behaviour and Consumer Insights, Advertising and Sales, Management Accounting, Financial Markets and services, Professional Skill III , Event  management","Theory, Theory, Theory, Theory, Theory, Theory, Theory",Bachelor of Business Management,31010623154
simran.dube@somaiya.edu,Dube,Simran,Rajesh,1,"Goods and Services Marketing, Advertising, Corporate Accounting, Financial Markets and Services, Human Resource Management, Organizational Behaviour, French, German, Spanish, Management and Communication skills, Fundamental of technical Skills, Fundamental of technical Skills, Business Economics, Constitution and Public Policy","Theory, Theory, Theory, Theory, Theory, Theory, Theory, Theory, Theory, Theory, Theory, Practical, Theory, Theory",Bachelor of Business Administration,31010724091
simran.g@somaiya.edu,Gehlot,Simran,Dinesh,5,"Bioprocess technology, Recombinant DNA technology, Recombinant DNA technology, Bioprocess technology, Plant_ Agriculture and Animal Biotechnology , Food Biotechnology , Plant_ Agriculture and Animal Biotechnology , Food Biotechnology","Theory, Theory, Practical, Practical, Theory, Theory, Practical, Practical",Bachelor of Science (Biotechnology),31011322009
simran.javir@somaiya.edu,Javir,Simran,Jitendra,1,"Goods and Services Marketing, Advertising, Corporate Accounting, Financial Markets and Services, Human Resource Management, Organizational Behaviour, French, German, Spanish, Management and Communication skills, Fundamental of technical Skills, Fundamental of technical Skills, Business Economics, Constitution and Public Policy","Theory, Theory, Theory, Theory, Theory, Theory, Theory, Theory, Theory, Theory, Theory, Practical, Theory, Theory",Bachelor of Business Administration,31010724101
smit.sawant@somaiya.edu,Sawant,Smit,Sameer,5,"Software Testing, Software Testing, Artificial Intelligence, Artificial Intelligence, Web Services, Web Services, Security in Computing, Security in Computing, Design Thinking, E2: Next Gen Databases, E2: Next Gen Databases","Theory, Practical, Theory, Practical, Theory, Practical, Theory, Practical, Theory, Theory, Practical",Bachelor of Science (Information Technology),31010922082
smj@somaiya.edu,Jain,Shubham,Mukesh,1,"Principles of Marketing, Corporate accounting, Professional Communication Skill I, Technical Skills for Business, Technical Skills for Business, Fundamentals of Economics, Constitution and Public Policy","Theory, Theory, Theory, Theory, Practical, Theory, Theory",Bachelor of Business Management,31010624162
smridhioditi.k@somaiya.edu,Kate,Smridhi,Oditi,1,"Managerial Economics , Financial Accounting , Professional Communication Skill - I , Constitution and Public Policy , Quantitative Methods-I","Theory, Theory, Theory, Theory, Theory",Bachelor of Commerce (Banking and Finance),31010524031
sneha.md@somaiya.edu,Das,Sneha,Manas,1,"Goods and Services Marketing, Advertising, Corporate Accounting, Financial Markets and Services, Human Resource Management, Organizational Behaviour, French, German, Spanish, Management and Communication skills, Fundamental of technical Skills, Fundamental of technical Skills, Business Economics, Constitution and Public Policy","Theory, Theory, Theory, Theory, Theory, Theory, Theory, Theory, Theory, Theory, Theory, Practical, Theory, Theory",Bachelor of Business Administration,31010724015
sneha.srivastava@somaiya.edu,Srivastava,Sneha,Sanjeeva,1,"Financial Accounting I, Cost Accounting I, Corporate Finance I, Statistical Techniques and Logical Reasoning , Minor in Tax, Minor in Finance, Professional Communication Skill I, Constitution and Public Policy","Theory, Theory, Theory, Theory, Theory, Theory, Theory, Theory",Bachelor of Commerce (Accounting and Finance),31010224142
soham.more1@somaiya.edu,More,Soham,Sachin,1,"Goods and Services Marketing, Advertising, Corporate Accounting, Financial Markets and Services, Human Resource Management, Organizational Behaviour, French, German, Spanish, Management and Communication skills, Fundamental of technical Skills, Fundamental of technical Skills, Business Economics, Constitution and Public Policy","Theory, Theory, Theory, Theory, Theory, Theory, Theory, Theory, Theory, Theory, Theory, Practical, Theory, Theory",Bachelor of Business Administration,31010724114
soham.rk@somaiya.edu,Kasar,Soham,Rajesh,1,"Goods and Services Marketing, Advertising, Corporate Accounting, Financial Markets and Services, Human Resource Management, Organizational Behaviour, French, German, Spanish, Management and Communication skills, Fundamental of technical Skills, Fundamental of technical Skills, Business Economics, Constitution and Public Policy","Theory, Theory, Theory, Theory, Theory, Theory, Theory, Theory, Theory, Theory, Theory, Practical, Theory, Theory",Bachelor of Business Administration,31010724038
soma.gupta@somaiya.edu,Gupta,Soma,Rajesh,1,"Advanced Accounting , Direct Tax, Advanced Research Methodology , Operations Research, Data Management using Spreadsheets , Research Statistical Analysis","Theory, Theory, Theory, Theory, Theory, Theory",Master of Commerce (Accounting and Finance),31032524034
sonia.pandit@somaiya.edu,Pandit,Sonia,Nilesh,1,"Financial Accounting I, Cost Accounting I, Corporate Finance I, Statistical Techniques and Logical Reasoning , Minor in Tax, Minor in Finance, Professional Communication Skill I, Constitution and Public Policy","Theory, Theory, Theory, Theory, Theory, Theory, Theory, Theory",Bachelor of Commerce (Accounting and Finance),31010224129
sparsh.dvivedi@somaiya.edu,Dvivedi,Sparsh,Sanjay,1,"Goods and Services Marketing, Advertising, Corporate Accounting, Financial Markets and Services, Human Resource Management, Organizational Behaviour, French, German, Spanish, Management and Communication skills, Fundamental of technical Skills, Fundamental of technical Skills, Business Economics, Constitution and Public Policy","Theory, Theory, Theory, Theory, Theory, Theory, Theory, Theory, Theory, Theory, Theory, Practical, Theory, Theory",Bachelor of Business Administration,31010724020
suhani.choudhary@somaiya.edu,Choudhary,Suhani,Ajay,1,"Managerial Economics , Financial Accounting , Professional Communication Skill - I , Constitution and Public Policy , Quantitative Methods-I","Theory, Theory, Theory, Theory, Theory",Bachelor of Commerce (Banking and Finance),31010524038
sujal.chawda@somaiya.edu,Chawda,Sujal,Bharat,5,"Direct Tax, Strategic Financial Management, Risk Management, Portfolio Management, Service Marketing, Media Planning and Management, Tourism Marketing, Customer Relationship Management, Logistics and supply chain management","Theory, Theory, Theory, Theory, Theory, Theory, Theory, Theory, Theory",Bachelor of Business Management,31010622016
sujal.teli@somaiya.edu,Teli,Sujal,Vijay,5,"Software Testing, Software Testing, Artificial Intelligence, Artificial Intelligence, Web Services, Web Services, Security in Computing, Security in Computing, Design Thinking, E2: Next Gen Databases, E2: Next Gen Databases","Theory, Practical, Theory, Practical, Theory, Practical, Theory, Practical, Theory, Theory, Practical",Bachelor of Science (Information Technology),31010922098
sumeet.h@somaiya.edu,Humbre,Sumeet,Santosh,5,"Software Testing, Software Testing, Artificial Intelligence, Artificial Intelligence, Web Services, Web Services, Security in Computing, Security in Computing, Design Thinking, E2: Next Gen Databases, E2: Next Gen Databases","Theory, Practical, Theory, Practical, Theory, Practical, Theory, Practical, Theory, Theory, Practical",Bachelor of Science (Information Technology),31010922024
swara.bauva@somaiya.edu,Bauva,Swara,Navin,1,"Fundamentals of Mass Communication, Minor- Creative Writing, Visual Communication, Contemporary Issues, Contemporary Issues , Constitution and Public Policy, Language Skills in Media, Professional Skills I","Theory, Theory, Theory, Theory, Theory, Theory, Theory, Theory",Bachelor of Arts (Mass Communication and Journalism),31010824068
swayam.t@somaiya.edu,Thombre,Swayam,Harshal,1,"Goods and Services Marketing, Advertising, Corporate Accounting, Financial Markets and Services, Human Resource Management, Organizational Behaviour, French, German, Spanish, Management and Communication skills, Fundamental of technical Skills, Fundamental of technical Skills, Business Economics, Constitution and Public Policy","Theory, Theory, Theory, Theory, Theory, Theory, Theory, Theory, Theory, Theory, Theory, Practical, Theory, Theory",Bachelor of Business Administration,31010724141
swikruti.m@somaiya.edu,Munankar,Swikruti,Mangesh,1,"Microeconomics I, Public Finance, Mathematical economics, Statistical Techniques, Economics of Demography","Theory, Theory, Theory, Theory, Theory",Master of Arts (Economics),31032624029
syedzeba.s@somaiya.edu,Syed,Zeba,Naaz,3,"Cellular metabolism 1, Genetics and Molecular Biology-I, Basic Bioanalytical Techniques, Cellular metabolism 1, Genetics and Molecular Biology-I, Basic Bioanalytical Techniques, Basics of Plant and Animal Tissue Culture, Basics of Plant and Animal Tissue Culture, Environmental Pollution and Bioethics, Genomic sequence analysis, Genomic sequence analysis","Theory, Theory, Theory, Practical, Practical, Practical, Theory, Practical, Theory, Theory, Practical",Bachelor of Science (Biotechnology),31011323030
taha.vohra@somaiya.edu,Vohra,Taha,Mohammed,5,"Logistics and supply chain management, Entrepreneurship Management and Business Planning, French, German, Finance 4.0, Event management, Marketing 4.0, Retail Management, Sales and Distribution Management, Strategic cost management, Direct Tax, HR Accounting and Audit, Performance Management and Career Planning","Theory, Theory, Theory, Theory, Theory, Theory, Theory, Theory, Theory, Theory, Theory, Theory, Theory",Bachelor of Business Administration,31010723137
tanish.desai@somaiya.edu,Desai,Tanish,Shekhar,5,"Software Testing, Software Testing, Artificial Intelligence, Artificial Intelligence, Web Services, Web Services, Security in Computing, Security in Computing, Design Thinking, E2: Next Gen Databases, E2: Next Gen Databases","Theory, Practical, Theory, Practical, Theory, Practical, Theory, Practical, Theory, Theory, Practical",Bachelor of Science (Information Technology),31010922016
tanish.savla@somaiya.edu,Savla,Tanish,Rajesh,3,"Strategic Management, Consumer Behaviour and Consumer Insights, Advertising and Sales, Management Accounting, Financial Markets and services, Professional Skill III , Event  management","Theory, Theory, Theory, Theory, Theory, Theory, Theory",Bachelor of Business Management,31010623120
tanishka.w@somaiya.edu,Wagh,Tanishka,Vijayendra,1,"Goods and Services Marketing, Advertising, Corporate Accounting, Financial Markets and Services, Human Resource Management, Organizational Behaviour, French, German, Spanish, Management and Communication skills, Fundamental of technical Skills, Fundamental of technical Skills, Business Economics, Constitution and Public Policy","Theory, Theory, Theory, Theory, Theory, Theory, Theory, Theory, Theory, Theory, Theory, Practical, Theory, Theory",Bachelor of Business Administration,31010724170
tanush.s@somaiya.edu,Shetty,Tanush,Prasad,1,"Goods and Services Marketing, Advertising, Corporate Accounting, Financial Markets and Services, Human Resource Management, Organizational Behaviour, French, German, Spanish, Management and Communication skills, Fundamental of technical Skills, Fundamental of technical Skills, Business Economics, Constitution and Public Policy","Theory, Theory, Theory, Theory, Theory, Theory, Theory, Theory, Theory, Theory, Theory, Practical, Theory, Theory",Bachelor of Business Administration,31010724133
tanvi.bhagat@somaiya.edu,Bhagat,Tanvi,Suresh,1,"Financial Accounting I, Cost Accounting I, Corporate Finance I, Statistical Techniques and Logical Reasoning , Minor in Tax, Minor in Finance, Professional Communication Skill I, Constitution and Public Policy","Theory, Theory, Theory, Theory, Theory, Theory, Theory, Theory",Bachelor of Commerce (Accounting and Finance),31010224131
tanvi.bhave@somaiya.edu,Bhave,Tanvi,Rajesh,1,"Goods and Services Marketing, Advertising, Corporate Accounting, Financial Markets and Services, Human Resource Management, Organizational Behaviour, French, German, Spanish, Management and Communication skills, Fundamental of technical Skills, Fundamental of technical Skills, Business Economics, Constitution and Public Policy","Theory, Theory, Theory, Theory, Theory, Theory, Theory, Theory, Theory, Theory, Theory, Practical, Theory, Theory",Bachelor of Business Administration,31010724146
tanvi.nakrani@somaiya.edu,Nakrani,Tanvi,Rajesh,1,"Goods and Services Marketing, Advertising, Corporate Accounting, Financial Markets and Services, Human Resource Management, Organizational Behaviour, French, German, Spanish, Management and Communication skills, Fundamental of technical Skills, Fundamental of technical Skills, Business Economics, Constitution and Public Policy","Theory, Theory, Theory, Theory, Theory, Theory, Theory, Theory, Theory, Theory, Theory, Practical, Theory, Theory",Bachelor of Business Administration,31010724153
tarana.j@somaiya.edu,Jitiya,Tarana,Gautam,1,"Financial Accounting I, Cost Accounting I, Corporate Finance I, Statistical Techniques and Logical Reasoning , Minor in Tax, Minor in Finance, Professional Communication Skill I, Constitution and Public Policy","Theory, Theory, Theory, Theory, Theory, Theory, Theory, Theory",Bachelor of Commerce (Accounting and Finance),31010224149
tejasvin.w@somaiya.edu,Warke,Tejasvin,Vishal,1,"Biochemistry-I, CELL BIOLOGY 1, Chemistry I, Role of Computers in Biology, Microbiology 1, Biochemistry 1, CELL BIOLOGY 1, Chemistry I, Role of Computers in Biology, Microbiology 1","Theory, Theory, Theory, Theory, Theory, Practical, Practical, Practical, Practical, Practical",Bachelor of Science (Biotechnology),31011324043
tithi.vasani@somaiya.edu,Vasani,Tithi,Nitin,1,"Principles of Marketing, Corporate accounting, Professional Communication Skill I, Technical Skills for Business, Technical Skills for Business, Fundamentals of Economics, Constitution and Public Policy","Theory, Theory, Theory, Theory, Practical, Theory, Theory",Bachelor of Business Management,31010624160
toshini.p@somaiya.edu,Pamarti,Toshini,Venkatramana,1,"Goods and Services Marketing, Advertising, Corporate Accounting, Financial Markets and Services, Human Resource Management, Organizational Behaviour, French, German, Spanish, Management and Communication skills, Fundamental of technical Skills, Fundamental of technical Skills, Business Economics, Constitution and Public Policy","Theory, Theory, Theory, Theory, Theory, Theory, Theory, Theory, Theory, Theory, Theory, Practical, Theory, Theory",Bachelor of Business Administration,31010724117
trisha.sheth@somaiya.edu,Sheth,Trisha,Deven,5,"Direct Tax, Strategic Financial Management, Risk Management, Portfolio Management, Service Marketing, Media Planning and Management, Tourism Marketing, Customer Relationship Management, Logistics and supply chain management","Theory, Theory, Theory, Theory, Theory, Theory, Theory, Theory, Theory",Bachelor of Business Management,31010622137
twisha.sinha@somaiya.edu,Sinha,Twisha,Raj,1,"Financial Accounting I, Cost Accounting I, Corporate Finance I, Statistical Techniques and Logical Reasoning , Minor in Tax, Minor in Finance, Professional Communication Skill I, Constitution and Public Policy","Theory, Theory, Theory, Theory, Theory, Theory, Theory, Theory",Bachelor of Commerce (Accounting and Finance),31010224141
ujwal.bedmutha@somaiya.edu,Bedmutha,Ujwal,Pradeep,5,"Corporate Accounting III, Cost and Management Accounting III, Direct Tax II, Research Methodology , Corporate Accounting, Financial Management II, Strategic Management","Theory, Theory, Theory, Theory, Theory, Theory, Theory",Bachelor of Commerce (Accounting and Finance),31010221006
utsav.gohil@somaiya.edu,Gohil,Utsav,Pratap,1,"Goods and Services Marketing, Advertising, Corporate Accounting, Financial Markets and Services, Human Resource Management, Organizational Behaviour, French, German, Spanish, Management and Communication skills, Fundamental of technical Skills, Fundamental of technical Skills, Business Economics, Constitution and Public Policy","Theory, Theory, Theory, Theory, Theory, Theory, Theory, Theory, Theory, Theory, Theory, Practical, Theory, Theory",Bachelor of Business Administration,31010724025
uzair.s@somaiya.edu,Shaikh,Uzair,Mohammed,5,"Software Project Management, Software Project Management, Artificial Intelligence and Machine Learning, Artificial Intelligence and Machine Learning, MERN Stack, MERN Stack, Cloud Computing, Cloud Computing","Theory, Practical, Theory, Practical, Theory, Practical, Theory, Practical",Bachelor of Computer Applications,31011222065
v.belose@somaiya.edu,Belose,Vaishnavi,Dinanath,1,"Biomolecules and biocatalysts, Biomolecules and biocatalysts, Biomass Energy and Biofuel Technologies, Biomass Energy and Biofuel Technologies, Production microorganisms – Isolation and improvement, Production microorganisms – Isolation and improvement, Process dynamics – principles and kinetics","Theory, Practical, Theory, Practical, Theory, Practical, Theory",Master of Science (Industrial Biotechnology),31036924003
vamshi.vutla@somaiya.edu,Vutla,Vamshi,Tulasirao,5,"Software Project Management, Software Project Management, Artificial Intelligence and Machine Learning, Artificial Intelligence and Machine Learning, MERN Stack, MERN Stack, Cloud Computing, Cloud Computing","Theory, Practical, Theory, Practical, Theory, Practical, Theory, Practical",Bachelor of Computer Applications,31011222083
vansh.kachare@somaiya.edu,Kachare,Vansh,Vinod,1,"Goods and Services Marketing, Advertising, Corporate Accounting, Financial Markets and Services, Human Resource Management, Organizational Behaviour, French, German, Spanish, Management and Communication skills, Fundamental of technical Skills, Fundamental of technical Skills, Business Economics, Constitution and Public Policy","Theory, Theory, Theory, Theory, Theory, Theory, Theory, Theory, Theory, Theory, Theory, Practical, Theory, Theory",Bachelor of Business Administration,31010724102
vansh.patel@somaiya.edu,Patel,Vansh,Rajesh,5,"Direct Tax, Strategic Financial Management, Risk Management, Portfolio Management, Service Marketing, Media Planning and Management, Tourism Marketing, Customer Relationship Management, Logistics and supply chain management","Theory, Theory, Theory, Theory, Theory, Theory, Theory, Theory, Theory",Bachelor of Business Management,31010622104
vansh04@somaiya.edu,Jain,Vansh,Hasmukh,3,"Public Relations and Corporate Communication, Creative Writing, Film Studies, Ethical Practices in Media, Professional Photography, Professional Communication Skills III","Theory, Theory, Theory, Theory, Theory, Theory",Bachelor of Arts (Mass Communication and Journalism),31010823803
vansh27@somaiya.edu,Bhanushali,Vansh,Rajesh,5,"Direct Tax, Strategic Financial Management, Risk Management, Portfolio Management, Service Marketing, Media Planning and Management, Tourism Marketing, Customer Relationship Management, Logistics and supply chain management","Theory, Theory, Theory, Theory, Theory, Theory, Theory, Theory, Theory",Bachelor of Business Management,31010622009
varada.v@somaiya.edu,Vaidya,Varada,Vikas,1,"Biochemistry-I, CELL BIOLOGY 1, Chemistry I, Role of Computers in Biology, Microbiology 1, Biochemistry 1, CELL BIOLOGY 1, Chemistry I, Role of Computers in Biology, Microbiology 1","Theory, Theory, Theory, Theory, Theory, Practical, Practical, Practical, Practical, Practical",Bachelor of Science (Biotechnology),31011324041
varun.syal@somaiya.edu,Syal,Varun,Bhavesh,1,"Fundamentals of Mass Communication, Minor- Creative Writing, Visual Communication, Contemporary Issues, Contemporary Issues , Constitution and Public Policy, Language Skills in Media, Professional Skills I","Theory, Theory, Theory, Theory, Theory, Theory, Theory, Theory",Bachelor of Arts (Mass Communication and Journalism),31010824067
vasu.agrawal@somaiya.edu,Agrawal,Vasu,Sandip,3,"Strategic Management, Consumer Behaviour and Consumer Insights, Sales and Distribution Management , Management Accounting, Technical Analysis of Financial Markets, Human Resource Accounting and Compensation Management, Human resource development, German, French, Spanish , Professional communication  Skill III -, Event  management","Theory, Theory, Theory, Theory, Theory, Theory, Theory, Theory, Theory, Theory, Theory, Theory",Bachelor of Business Administration,31010723134
ved.at@somaiya.edu,Thakkar,Ved,Alok,3,"Public Relations and Corporate Communication, Creative Writing, Film Studies, Ethical Practices in Media, Professional Photography, Professional Communication Skills III","Theory, Theory, Theory, Theory, Theory, Theory",Bachelor of Arts (Mass Communication and Journalism),31010823071
vedant.mule@somaiya.edu,Mule,Vedant,Dwarkanath,1,"Principles of Algorithms and Programming, Principles of Algorithms and Programming, Digital Computer Fundamentals, Digital Computer Fundamentals, Organizational Behaviour, Discrete Structures, Professional Communication Skills I, Organizational Behaviour, Constitution of India and Public Policy","Theory, Practical, Theory, Practical, Practical, Theory, Theory, Theory, Theory",Bachelor of Computer Applications,31011224078
vedant.nb@somaiya.edu,Bhanushali,Vedant,Nilesh,1,"Goods and Services Marketing, Advertising, Corporate Accounting, Financial Markets and Services, Human Resource Management, Organizational Behaviour, French, German, Spanish, Management and Communication skills, Fundamental of technical Skills, Fundamental of technical Skills, Business Economics, Constitution and Public Policy","Theory, Theory, Theory, Theory, Theory, Theory, Theory, Theory, Theory, Theory, Theory, Practical, Theory, Theory",Bachelor of Business Administration,31010724076
vedant.paradkar@somaiya.edu,Paradkar,Vedant,Manish,1,"Principles of Marketing, Corporate accounting, Professional Communication Skill I, Technical Skills for Business, Technical Skills for Business, Fundamentals of Economics, Constitution and Public Policy","Theory, Theory, Theory, Theory, Practical, Theory, Theory",Bachelor of Business Management,31010624159
vedant.parmar@somaiya.edu,Parmar,Vedant,Sanjay,1,"Financial Accounting I, Cost Accounting I, Corporate Finance I, Statistical Techniques and Logical Reasoning , Minor in Tax, Minor in Finance, Professional Communication Skill I, Constitution and Public Policy","Theory, Theory, Theory, Theory, Theory, Theory, Theory, Theory",Bachelor of Commerce (Accounting and Finance),31010224138
vedant.sawant@somaiya.edu,Sawant,Vedant,Dinesh,5,"Software Testing, Software Testing, Artificial Intelligence, Artificial Intelligence, Web Services, Web Services, Security in Computing, Security in Computing, Design Thinking, E2: Next Gen Databases, E2: Next Gen Databases","Theory, Practical, Theory, Practical, Theory, Practical, Theory, Practical, Theory, Theory, Practical",Bachelor of Science (Information Technology),31010922083
vedika.pandya@somaiya.edu,Pandya,Vedika,Ankur,3,"Fixed Income Securities, Equity Market, Corporate Finance, Professional Communication Skills, Research Methodology, Strategic Management","Theory, Theory, Theory, Theory, Theory, Theory",Bachelor of Commerce (Financial Markets),31010423046
veenaa.dalvi@somaiya.edu,Dalvi,Veenaa,Umakant,1,"Fundamentals of Mass Communication, Minor- Creative Writing, Visual Communication, Contemporary Issues, Contemporary Issues , Constitution and Public Policy, Language Skills in Media, Professional Skills I","Theory, Theory, Theory, Theory, Theory, Theory, Theory, Theory",Bachelor of Arts (Mass Communication and Journalism),31010824061
veer.dodhia@somaiya.edu,Dodhia,Veer,Jayesh,1,"Goods and Services Marketing, Advertising, Corporate Accounting, Financial Markets and Services, Human Resource Management, Organizational Behaviour, French, German, Spanish, Management and Communication skills, Fundamental of technical Skills, Fundamental of technical Skills, Business Economics, Constitution and Public Policy","Theory, Theory, Theory, Theory, Theory, Theory, Theory, Theory, Theory, Theory, Theory, Practical, Theory, Theory",Bachelor of Business Administration,31010724175
veer.kumawat@somaiya.edu,Kumawat,Veer,Pritam,1,"Goods and Services Marketing, Advertising, Corporate Accounting, Financial Markets and Services, Human Resource Management, Organizational Behaviour, French, German, Spanish, Management and Communication skills, Fundamental of technical Skills, Fundamental of technical Skills, Business Economics, Constitution and Public Policy","Theory, Theory, Theory, Theory, Theory, Theory, Theory, Theory, Theory, Theory, Theory, Practical, Theory, Theory",Bachelor of Business Administration,31010724043
veer.ogale@somaiya.edu,Ogale,Veer,Ashish,1,"Goods and Services Marketing, Advertising, Corporate Accounting, Financial Markets and Services, Human Resource Management, Organizational Behaviour, French, German, Spanish, Management and Communication skills, Fundamental of technical Skills, Fundamental of technical Skills, Business Economics, Constitution and Public Policy","Theory, Theory, Theory, Theory, Theory, Theory, Theory, Theory, Theory, Theory, Theory, Practical, Theory, Theory",Bachelor of Business Administration,31010724054
vidhi.sharma@somaiya.edu,Sharma,Vidhi,Vijay,1,"Calculus, Calculus, Foundation of Descriptive Statistcis, Foundation of Descriptive Statistics, Professional Skill I, Data Management using Spreadsheet, Data Management using Spreadsheet, Introduction to programming through Python, Introduction to programming through Python, Constitution and Public Policy","Theory, Practical, Theory, Practical, Theory, Theory, Practical, Theory, Practical, Theory",Bachelor of Science (Data Science),31013024049
vidhi.thapliyal@somaiya.edu,Thapliyal,Vidhi,Vinod,1,"Goods and Services Marketing, Advertising, Corporate Accounting, Financial Markets and Services, Human Resource Management, Organizational Behaviour, French, German, Spanish, Management and Communication skills, Fundamental of technical Skills, Fundamental of technical Skills, Business Economics, Constitution and Public Policy","Theory, Theory, Theory, Theory, Theory, Theory, Theory, Theory, Theory, Theory, Theory, Practical, Theory, Theory",Bachelor of Business Administration,31010724193
vidhiraval.v@somaiya.edu,Raval,Vidhi,Milin,1,"Goods and Services Marketing, Advertising, Corporate Accounting, Financial Markets and Services, Human Resource Management, Organizational Behaviour, French, German, Spanish, Management and Communication skills, Fundamental of technical Skills, Fundamental of technical Skills, Business Economics, Constitution and Public Policy","Theory, Theory, Theory, Theory, Theory, Theory, Theory, Theory, Theory, Theory, Theory, Practical, Theory, Theory",Bachelor of Business Administration,31010724158
vihaan.nishar@somaiya.edu,Nishar,Vihaan,Dhiren,1,"Managerial Economics , Financial Accounting , Professional Communication Skill - I , Constitution and Public Policy , Quantitative Methods-I","Theory, Theory, Theory, Theory, Theory",Bachelor of Commerce (Banking and Finance),31010524033
vijay.karthick@somaiya.edu,Karthick,Vijay,Vijay,1,"Goods and Services Marketing, Advertising, Corporate Accounting, Financial Markets and Services, Human Resource Management, Organizational Behaviour, French, German, Spanish, Management and Communication skills, Fundamental of technical Skills, Fundamental of technical Skills, Business Economics, Constitution and Public Policy","Theory, Theory, Theory, Theory, Theory, Theory, Theory, Theory, Theory, Theory, Theory, Practical, Theory, Theory",Bachelor of Business Administration,31010724037
vincy.k@somaiya.edu,Kothari,Vincy,Dinesh,5,"Direct Taxation, Introduction to Fintech, Technical Analysis, Research Methodology, Derivative Market, Marketing in Financial Service","Theory, Theory, Theory, Theory, Theory, Theory",Bachelor of Commerce (Financial Markets),31010422049
vipul.gohil@somaiya.edu,Gohil,Vipul,Ramesh,5,"Software Testing, Software Testing, Artificial Intelligence, Artificial Intelligence, Web Services, Web Services, Security in Computing, Security in Computing, Design Thinking, E2: Next Gen Databases, E2: Next Gen Databases","Theory, Practical, Theory, Practical, Theory, Practical, Theory, Practical, Theory, Theory, Practical",Bachelor of Science (Information Technology),31010922021
vivek.hc@somaiya.edu,Choudhary,Vivek,Hiralal,1,"Goods and Services Marketing, Advertising, Corporate Accounting, Financial Markets and Services, Human Resource Management, Organizational Behaviour, French, German, Spanish, Management and Communication skills, Fundamental of technical Skills, Fundamental of technical Skills, Business Economics, Constitution and Public Policy","Theory, Theory, Theory, Theory, Theory, Theory, Theory, Theory, Theory, Theory, Theory, Practical, Theory, Theory",Bachelor of Business Administration,31010724014
vivek.menon@somaiya.edu,Menon,Vivek,Vinod,1,"Goods and Services Marketing, Advertising, Corporate Accounting, Financial Markets and Services, Human Resource Management, Organizational Behaviour, French, German, Spanish, Management and Communication skills, Fundamental of technical Skills, Fundamental of technical Skills, Business Economics, Constitution and Public Policy","Theory, Theory, Theory, Theory, Theory, Theory, Theory, Theory, Theory, Theory, Theory, Practical, Theory, Theory",Bachelor of Business Administration,31010724113
vivek.sv@somaiya.edu,Vishwakarma,Vivek,Santosh,1,"Managerial Economics , Financial Accounting , Professional Communication Skill - I , Constitution and Public Policy , Quantitative Methods-I","Theory, Theory, Theory, Theory, Theory",Bachelor of Commerce (Banking and Finance),31010524036
vrat.bagla@somaiya.edu,Bagla,Vrat,Sanjay,1,"Goods and Services Marketing, Advertising, Corporate Accounting, Financial Markets and Services, Human Resource Management, Organizational Behaviour, French, German, Spanish, Management and Communication skills, Fundamental of technical Skills, Fundamental of technical Skills, Business Economics, Constitution and Public Policy","Theory, Theory, Theory, Theory, Theory, Theory, Theory, Theory, Theory, Theory, Theory, Practical, Theory, Theory",Bachelor of Business Administration,31010724005
vritikka.n@somaiya.edu,Nair,Vritikka,Dinesh,1,"Goods and Services Marketing, Advertising, Corporate Accounting, Financial Markets and Services, Human Resource Management, Organizational Behaviour, French, German, Spanish, Management and Communication skills, Fundamental of technical Skills, Fundamental of technical Skills, Business Economics, Constitution and Public Policy","Theory, Theory, Theory, Theory, Theory, Theory, Theory, Theory, Theory, Theory, Theory, Practical, Theory, Theory",Bachelor of Business Administration,31010724053
vrushali.dm@somaiya.edu,Mehta,Vrushali,Deepak,1,"Goods and Services Marketing, Advertising, Corporate Accounting, Financial Markets and Services, Human Resource Management, Organizational Behaviour, French, German, Spanish, Management and Communication skills, Fundamental of technical Skills, Fundamental of technical Skills, Business Economics, Constitution and Public Policy","Theory, Theory, Theory, Theory, Theory, Theory, Theory, Theory, Theory, Theory, Theory, Practical, Theory, Theory",Bachelor of Business Administration,31010724112
y.singh@somaiya.edu,Singh,Yash,Manoj,5,"Corporate Accounting III, Cost and Management Accounting III, Direct Tax II, Research Methodology , Corporate Accounting, Financial Management II, Strategic Management","Theory, Theory, Theory, Theory, Theory, Theory, Theory",Bachelor of Commerce (Accounting and Finance),31010222076
yak@somaiya.edu,Kadam,Yash,Ajay,1,"Biomolecules and biocatalysts, Biomolecules and biocatalysts, Biomass Energy and Biofuel Technologies, Biomass Energy and Biofuel Technologies, Production microorganisms – Isolation and improvement, Production microorganisms – Isolation and improvement, Process dynamics – principles and kinetics","Theory, Practical, Theory, Practical, Theory, Practical, Theory",Master of Science (Industrial Biotechnology),31036924005
yash.kadam@somaiya.edu,Kadam,Yash,Lavesh,5,"Logistics and supply chain management, Entrepreneurship Management and Business Planning, French, German, Finance 4.0, Event management, Marketing 4.0, Retail Management, Sales and Distribution Management, Strategic cost management, Direct Tax, HR Accounting and Audit, Performance Management and Career Planning","Theory, Theory, Theory, Theory, Theory, Theory, Theory, Theory, Theory, Theory, Theory, Theory, Theory",Bachelor of Business Administration,31010722038
yash.kamathe@somaiya.edu,Kamathe,Yash,Vilas,3,"Strategic Management, Consumer Behaviour and Consumer Insights, Advertising and Sales, Management Accounting, Financial Markets and services, Professional Skill III , Event  management","Theory, Theory, Theory, Theory, Theory, Theory, Theory",Bachelor of Business Management,31010623069
yashika.h@somaiya.edu,Haria,Yashika,Jayesh,1,"Goods and Services Marketing, Advertising, Corporate Accounting, Financial Markets and Services, Human Resource Management, Organizational Behaviour, French, German, Spanish, Management and Communication skills, Fundamental of technical Skills, Fundamental of technical Skills, Business Economics, Constitution and Public Policy","Theory, Theory, Theory, Theory, Theory, Theory, Theory, Theory, Theory, Theory, Theory, Practical, Theory, Theory",Bachelor of Business Administration,31010724028
yug.jaju@somaiya.edu,Jaju,Yug,Arunkumar,1,"Goods and Services Marketing, Advertising, Corporate Accounting, Financial Markets and Services, Human Resource Management, Organizational Behaviour, French, German, Spanish, Management and Communication skills, Fundamental of technical Skills, Fundamental of technical Skills, Business Economics, Constitution and Public Policy","Theory, Theory, Theory, Theory, Theory, Theory, Theory, Theory, Theory, Theory, Theory, Practical, Theory, Theory",Bachelor of Business Administration,31010724032
yug.patel@somaiya.edu,Patel,Yug,Mukesh,3,"Database Management System, Database Management System, Operating System, Operating System, Python Programming, Python Programming, Elements of Statistics, Elements of Statistics, Arduino Programming, Arduino Programming","Theory, Practical, Theory, Practical, Theory, Practical, Theory, Practical, Theory, Practical",Bachelor of Computer Applications,31011223048
yukta.belge@somaiya.edu,Belge,Yukta,Ravindra,1,"Fundamentals of Mass Communication, Minor- Creative Writing, Visual Communication, Contemporary Issues, Contemporary Issues , Constitution and Public Policy, Language Skills in Media, Professional Skills I","Theory, Theory, Theory, Theory, Theory, Theory, Theory, Theory",Bachelor of Arts (Mass Communication and Journalism),31010824002
yuvraj.dangi@somaiya.edu,Dangi,Yuvraj,Vikram,3,"Strategic Management, Consumer Behaviour and Consumer Insights, Advertising and Sales, Management Accounting, Financial Markets and services, Professional Skill III , Event  management","Theory, Theory, Theory, Theory, Theory, Theory, Theory",Bachelor of Business Management,31010623033
zaara.t@somaiya.edu,Thaliyapadath,Zaara,Kareem,1,"Principles of Marketing, Corporate accounting, Professional Communication Skill I, Technical Skills for Business, Technical Skills for Business, Fundamentals of Economics, Constitution and Public Policy","Theory, Theory, Theory, Theory, Practical, Theory, Theory",Bachelor of Business Management,31010624153
zach.balid@somaiya.edu,Balid,Zach,Olvin,3,"Public Relations and Corporate Communication, Creative Writing, Film Studies, Ethical Practices in Media, Professional Photography, Professional Communication Skills III","Theory, Theory, Theory, Theory, Theory, Theory",Bachelor of Arts (Mass Communication and Journalism),31010823801
zeel.c@somaiya.edu,Chheda,Zeel,Dharmesh,1,"Goods and Services Marketing, Advertising, Corporate Accounting, Financial Markets and Services, Human Resource Management, Organizational Behaviour, French, German, Spanish, Management and Communication skills, Fundamental of technical Skills, Fundamental of technical Skills, Business Economics, Constitution and Public Policy","Theory, Theory, Theory, Theory, Theory, Theory, Theory, Theory, Theory, Theory, Theory, Practical, Theory, Theory",Bachelor of Business Administration,31010724011
