rishab.baran@somaiya.edu,Rishab,Singh,Baran,5,"[Logistics and supply chain management,Entrepreneurship Management and Business Planning,French,German,Finance 4.0,Event management,Marketing 4.0,Retail Management,Sales and Distribution Management,Strategic cost management,Direct Tax,HR Accounting and Audit,Performance Management and Career Planning]","[Theory,Theory,Theory,Theory,Theory,Theory,Theory,Theory,Theory,Theory,Theory,Theory,Theory]",Bachelor of Business Administration,31010721024,"[1,1,1,1,1,1,1,1,1,1,1,1,1]"
devesh.mahale@somaiya.edu,Devesh,Bhanudas,Mahale,5,"[Logistics and supply chain management,Entrepreneurship Management and Business Planning,French,German,Finance 4.0,Event management,Marketing 4.0,Retail Management,Sales and Distribution Management,Strategic cost management,Direct Tax,HR Accounting and Audit,Performance Management and Career Planning]","[Theory,Theory,Theory,Theory,Theory,Theory,Theory,Theory,Theory,Theory,Theory,Theory,Theory]",Bachelor of Business Administration,31010721053,"[1,1,1,1,1,1,1,1,1,1,1,1,1]"
siddhi.sb@somaiya.edu,Siddhi,Santosh,Bhanushali,5,"[Logistics and supply chain management,Entrepreneurship Management and Business Planning,French,German,Finance 4.0,Event management,Marketing 4.0,Retail Management,Sales and Distribution Management,Strategic cost management,Direct Tax,HR Accounting and Audit,Performance Management and Career Planning]","[Theory,Theory,Theory,Theory,Theory,Theory,Theory,Theory,Theory,Theory,Theory,Theory,Theory]",Bachelor of Business Administration,31010722001,"[1,1,1,1,1,1,1,1,1,1,1,1,1]"
namankaur.b@somaiya.edu,Naman,Kaur,Bhatia,5,"[Logistics and supply chain management,Entrepreneurship Management and Business Planning,French,German,Finance 4.0,Event management,Marketing 4.0,Retail Management,Sales and Distribution Management,Strategic cost management,Direct Tax,HR Accounting and Audit,Performance Management and Career Planning]","[Theory,Theory,Theory,Theory,Theory,Theory,Theory,Theory,Theory,Theory,Theory,Theory,Theory]",Bachelor of Business Administration,31010722002,"[1,1,1,1,1,1,1,1,1,1,1,1,1]"
aditya.brijesh@somaiya.edu,Aditya,,Brijesh,5,"[Logistics and supply chain management,Entrepreneurship Management and Business Planning,French,German,Finance 4.0,Event management,Marketing 4.0,Retail Management,Sales and Distribution Management,Strategic cost management,Direct Tax,HR Accounting and Audit,Performance Management and Career Planning]","[Theory,Theory,Theory,Theory,Theory,Theory,Theory,Theory,Theory,Theory,Theory,Theory,Theory]",Bachelor of Business Administration,31010722003,"[1,1,1,1,1,1,1,1,1,1,1,1,1]"
saniya.choudhary@somaiya.edu,Saniya,Nisar,Choudhary,5,"[Logistics and supply chain management,Entrepreneurship Management and Business Planning,French,German,Finance 4.0,Event management,Marketing 4.0,Retail Management,Sales and Distribution Management,Strategic cost management,Direct Tax,HR Accounting and Audit,Performance Management and Career Planning]","[Theory,Theory,Theory,Theory,Theory,Theory,Theory,Theory,Theory,Theory,Theory,Theory,Theory]",Bachelor of Business Administration,31010722005,"[1,1,1,1,1,1,1,1,1,1,1,1,1]"
shrusti.dand@somaiya.edu,Shrusti,Vimal,Dand,5,"[Logistics and supply chain management,Entrepreneurship Management and Business Planning,French,German,Finance 4.0,Event management,Marketing 4.0,Retail Management,Sales and Distribution Management,Strategic cost management,Direct Tax,HR Accounting and Audit,Performance Management and Career Planning]","[Theory,Theory,Theory,Theory,Theory,Theory,Theory,Theory,Theory,Theory,Theory,Theory,Theory]",Bachelor of Business Administration,31010722006,"[1,1,1,1,1,1,1,1,1,1,1,1,1]"
ishika.h@somaiya.edu,Ishika,Parimal,Haldar,5,"[Logistics and supply chain management,Entrepreneurship Management and Business Planning,French,German,Finance 4.0,Event management,Marketing 4.0,Retail Management,Sales and Distribution Management,Strategic cost management,Direct Tax,HR Accounting and Audit,Performance Management and Career Planning]","[Theory,Theory,Theory,Theory,Theory,Theory,Theory,Theory,Theory,Theory,Theory,Theory,Theory]",Bachelor of Business Administration,31010722007,"[1,1,1,1,1,1,1,1,1,1,1,1,1]"
ssj21@somaiya.edu,Sakshi,Sanjay,Jaiswal,5,"[Logistics and supply chain management,Entrepreneurship Management and Business Planning,French,German,Finance 4.0,Event management,Marketing 4.0,Retail Management,Sales and Distribution Management,Strategic cost management,Direct Tax,HR Accounting and Audit,Performance Management and Career Planning]","[Theory,Theory,Theory,Theory,Theory,Theory,Theory,Theory,Theory,Theory,Theory,Theory,Theory]",Bachelor of Business Administration,31010722008,"[1,1,1,1,1,1,1,1,1,1,1,1,1]"
sejal.karmawat@somaiya.edu,Sejal,Prasad,Karmawat,5,"[Logistics and supply chain management,Entrepreneurship Management and Business Planning,French,German,Finance 4.0,Event management,Marketing 4.0,Retail Management,Sales and Distribution Management,Strategic cost management,Direct Tax,HR Accounting and Audit,Performance Management and Career Planning]","[Theory,Theory,Theory,Theory,Theory,Theory,Theory,Theory,Theory,Theory,Theory,Theory,Theory]",Bachelor of Business Administration,31010722009,"[1,1,1,1,1,1,1,1,1,1,1,1,1]"
tanishq.mk@somaiya.edu,Tanishq,Manish,Khandelwal,5,"[Logistics and supply chain management,Entrepreneurship Management and Business Planning,French,German,Finance 4.0,Event management,Marketing 4.0,Retail Management,Sales and Distribution Management,Strategic cost management,Direct Tax,HR Accounting and Audit,Performance Management and Career Planning]","[Theory,Theory,Theory,Theory,Theory,Theory,Theory,Theory,Theory,Theory,Theory,Theory,Theory]",Bachelor of Business Administration,31010722010,"[1,1,1,1,1,1,1,1,1,1,1,1,1]"
supriya.n@somaiya.edu,Supriya,Pritam,Nirban,5,"[Logistics and supply chain management,Entrepreneurship Management and Business Planning,French,German,Finance 4.0,Event management,Marketing 4.0,Retail Management,Sales and Distribution Management,Strategic cost management,Direct Tax,HR Accounting and Audit,Performance Management and Career Planning]","[Theory,Theory,Theory,Theory,Theory,Theory,Theory,Theory,Theory,Theory,Theory,Theory,Theory]",Bachelor of Business Administration,31010722011,"[1,1,1,1,1,1,1,1,1,1,1,1,1]"
a.patankar@somaiya.edu,Abhishek,,Patankar,5,"[Logistics and supply chain management,Entrepreneurship Management and Business Planning,French,German,Finance 4.0,Event management,Marketing 4.0,Retail Management,Sales and Distribution Management,Strategic cost management,Direct Tax,HR Accounting and Audit,Performance Management and Career Planning]","[Theory,Theory,Theory,Theory,Theory,Theory,Theory,Theory,Theory,Theory,Theory,Theory,Theory]",Bachelor of Business Administration,31010722012,"[1,1,1,1,1,1,1,1,1,1,1,1,1]"
samruddhi.pathak@somaiya.edu,Samruddhi,Shrikant,Pathak,5,"[Logistics and supply chain management,Entrepreneurship Management and Business Planning,French,German,Finance 4.0,Event management,Marketing 4.0,Retail Management,Sales and Distribution Management,Strategic cost management,Direct Tax,HR Accounting and Audit,Performance Management and Career Planning]","[Theory,Theory,Theory,Theory,Theory,Theory,Theory,Theory,Theory,Theory,Theory,Theory,Theory]",Bachelor of Business Administration,31010722013,"[1,1,1,1,1,1,1,1,1,1,1,1,1]"
vaidehi.r@somaiya.edu,Vaidehi,Dharmendra,Ratnani,5,"[Logistics and supply chain management,Entrepreneurship Management and Business Planning,French,German,Finance 4.0,Event management,Marketing 4.0,Retail Management,Sales and Distribution Management,Strategic cost management,Direct Tax,HR Accounting and Audit,Performance Management and Career Planning]","[Theory,Theory,Theory,Theory,Theory,Theory,Theory,Theory,Theory,Theory,Theory,Theory,Theory]",Bachelor of Business Administration,31010722014,"[1,1,1,1,1,1,1,1,1,1,1,1,1]"
s.shobhawat@somaiya.edu,Sana,Singh,Shobhawat,5,"[Logistics and supply chain management,Entrepreneurship Management and Business Planning,French,German,Finance 4.0,Event management,Marketing 4.0,Retail Management,Sales and Distribution Management,Strategic cost management,Direct Tax,HR Accounting and Audit,Performance Management and Career Planning]","[Theory,Theory,Theory,Theory,Theory,Theory,Theory,Theory,Theory,Theory,Theory,Theory,Theory]",Bachelor of Business Administration,31010722017,"[1,1,1,1,1,1,1,1,1,1,1,1,1]"
gauri.singh@somaiya.edu,Gauri,,Singh,5,"[Logistics and supply chain management,Entrepreneurship Management and Business Planning,French,German,Finance 4.0,Event management,Marketing 4.0,Retail Management,Sales and Distribution Management,Strategic cost management,Direct Tax,HR Accounting and Audit,Performance Management and Career Planning]","[Theory,Theory,Theory,Theory,Theory,Theory,Theory,Theory,Theory,Theory,Theory,Theory,Theory]",Bachelor of Business Administration,31010722018,"[1,1,1,1,1,1,1,1,1,1,1,1,1]"
nayonika.sur@somaiya.edu,Nayonika,Partha,Sur,5,"[Logistics and supply chain management,Entrepreneurship Management and Business Planning,French,German,Finance 4.0,Event management,Marketing 4.0,Retail Management,Sales and Distribution Management,Strategic cost management,Direct Tax,HR Accounting and Audit,Performance Management and Career Planning]","[Theory,Theory,Theory,Theory,Theory,Theory,Theory,Theory,Theory,Theory,Theory,Theory,Theory]",Bachelor of Business Administration,31010722019,"[1,1,1,1,1,1,1,1,1,1,1,1,1]"
archit.arora@somaiya.edu,Archit,Rakesh,Arora,5,"[Logistics and supply chain management,Entrepreneurship Management and Business Planning,French,German,Finance 4.0,Event management,Marketing 4.0,Retail Management,Sales and Distribution Management,Strategic cost management,Direct Tax,HR Accounting and Audit,Performance Management and Career Planning]","[Theory,Theory,Theory,Theory,Theory,Theory,Theory,Theory,Theory,Theory,Theory,Theory,Theory]",Bachelor of Business Administration,31010722021,"[1,1,1,1,1,1,1,1,1,1,1,1,1]"
hrishita.a@somaiya.edu,Hrishita,Kaushik,Ashar,5,"[Logistics and supply chain management,Entrepreneurship Management and Business Planning,French,German,Finance 4.0,Event management,Marketing 4.0,Retail Management,Sales and Distribution Management,Strategic cost management,Direct Tax,HR Accounting and Audit,Performance Management and Career Planning]","[Theory,Theory,Theory,Theory,Theory,Theory,Theory,Theory,Theory,Theory,Theory,Theory,Theory]",Bachelor of Business Administration,31010722022,"[1,1,1,1,1,1,1,1,1,1,1,1,1]"
yash.banga@somaiya.edu,Yash,Rajiv,Banga,5,"[Logistics and supply chain management,Entrepreneurship Management and Business Planning,French,German,Finance 4.0,Event management,Marketing 4.0,Retail Management,Sales and Distribution Management,Strategic cost management,Direct Tax,HR Accounting and Audit,Performance Management and Career Planning]","[Theory,Theory,Theory,Theory,Theory,Theory,Theory,Theory,Theory,Theory,Theory,Theory,Theory]",Bachelor of Business Administration,31010722023,"[1,1,1,1,1,1,1,1,1,1,1,1,1]"
krish.d@somaiya.edu,Krish,Jaynesh,Dadhaniya,5,"[Logistics and supply chain management,Entrepreneurship Management and Business Planning,French,German,Finance 4.0,Event management,Marketing 4.0,Retail Management,Sales and Distribution Management,Strategic cost management,Direct Tax,HR Accounting and Audit,Performance Management and Career Planning]","[Theory,Theory,Theory,Theory,Theory,Theory,Theory,Theory,Theory,Theory,Theory,Theory,Theory]",Bachelor of Business Administration,31010722027,"[1,1,1,1,1,1,1,1,1,1,1,1,1]"
sahil.d@somaiya.edu,Sahil,Anil,Devkule,5,"[Logistics and supply chain management,Entrepreneurship Management and Business Planning,French,German,Finance 4.0,Event management,Marketing 4.0,Retail Management,Sales and Distribution Management,Strategic cost management,Direct Tax,HR Accounting and Audit,Performance Management and Career Planning]","[Theory,Theory,Theory,Theory,Theory,Theory,Theory,Theory,Theory,Theory,Theory,Theory,Theory]",Bachelor of Business Administration,31010722028,"[1,1,1,1,1,1,1,1,1,1,1,1,1]"
bhumi.doshi@somaiya.edu,Bhumi,Kartik,Doshi,5,"[Logistics and supply chain management,Entrepreneurship Management and Business Planning,French,German,Finance 4.0,Event management,Marketing 4.0,Retail Management,Sales and Distribution Management,Strategic cost management,Direct Tax,HR Accounting and Audit,Performance Management and Career Planning]","[Theory,Theory,Theory,Theory,Theory,Theory,Theory,Theory,Theory,Theory,Theory,Theory,Theory]",Bachelor of Business Administration,31010722029,"[1,1,1,1,1,1,1,1,1,1,1,1,1]"
pankti.nd@somaiya.edu,Pankti,Nitin,Doshi,5,"[Logistics and supply chain management,Entrepreneurship Management and Business Planning,French,German,Finance 4.0,Event management,Marketing 4.0,Retail Management,Sales and Distribution Management,Strategic cost management,Direct Tax,HR Accounting and Audit,Performance Management and Career Planning]","[Theory,Theory,Theory,Theory,Theory,Theory,Theory,Theory,Theory,Theory,Theory,Theory,Theory]",Bachelor of Business Administration,31010722030,"[1,1,1,1,1,1,1,1,1,1,1,1,1]"
shreya.ag@somaiya.edu,Shreya,Ashish,Gala,5,"[Logistics and supply chain management,Entrepreneurship Management and Business Planning,French,German,Finance 4.0,Event management,Marketing 4.0,Retail Management,Sales and Distribution Management,Strategic cost management,Direct Tax,HR Accounting and Audit,Performance Management and Career Planning]","[Theory,Theory,Theory,Theory,Theory,Theory,Theory,Theory,Theory,Theory,Theory,Theory,Theory]",Bachelor of Business Administration,31010722032,"[1,1,1,1,1,1,1,1,1,1,1,1,1]"
arya.gore@somaiya.edu,Arya,Abhijit,Gore,5,"[Logistics and supply chain management,Entrepreneurship Management and Business Planning,French,German,Finance 4.0,Event management,Marketing 4.0,Retail Management,Sales and Distribution Management,Strategic cost management,Direct Tax,HR Accounting and Audit,Performance Management and Career Planning]","[Theory,Theory,Theory,Theory,Theory,Theory,Theory,Theory,Theory,Theory,Theory,Theory,Theory]",Bachelor of Business Administration,31010722034,"[1,1,1,1,1,1,1,1,1,1,1,1,1]"
saanvi.goyal@somaiya.edu,Saanvi,,Goyal,5,"[Logistics and supply chain management,Entrepreneurship Management and Business Planning,French,German,Finance 4.0,Event management,Marketing 4.0,Retail Management,Sales and Distribution Management,Strategic cost management,Direct Tax,HR Accounting and Audit,Performance Management and Career Planning]","[Theory,Theory,Theory,Theory,Theory,Theory,Theory,Theory,Theory,Theory,Theory,Theory,Theory]",Bachelor of Business Administration,31010722035,"[1,1,1,1,1,1,1,1,1,1,1,1,1]"
aksh.jain@somaiya.edu,Aksh,Naresh,Jain,5,"[Logistics and supply chain management,Entrepreneurship Management and Business Planning,French,German,Finance 4.0,Event management,Marketing 4.0,Retail Management,Sales and Distribution Management,Strategic cost management,Direct Tax,HR Accounting and Audit,Performance Management and Career Planning]","[Theory,Theory,Theory,Theory,Theory,Theory,Theory,Theory,Theory,Theory,Theory,Theory,Theory]",Bachelor of Business Administration,31010722036,"[1,1,1,1,1,1,1,1,1,1,1,1,1]"
gaurasi.k@somaiya.edu,Gaurasi,,Kaple,5,"[Logistics and supply chain management,Entrepreneurship Management and Business Planning,French,German,Finance 4.0,Event management,Marketing 4.0,Retail Management,Sales and Distribution Management,Strategic cost management,Direct Tax,HR Accounting and Audit,Performance Management and Career Planning]","[Theory,Theory,Theory,Theory,Theory,Theory,Theory,Theory,Theory,Theory,Theory,Theory,Theory]",Bachelor of Business Administration,31010722039,"[1,1,1,1,1,1,1,1,1,1,1,1,1]"
harsh.khanna@somaiya.edu,Harsh,Rishi,Khanna,5,"[Logistics and supply chain management,Entrepreneurship Management and Business Planning,French,German,Finance 4.0,Event management,Marketing 4.0,Retail Management,Sales and Distribution Management,Strategic cost management,Direct Tax,HR Accounting and Audit,Performance Management and Career Planning]","[Theory,Theory,Theory,Theory,Theory,Theory,Theory,Theory,Theory,Theory,Theory,Theory,Theory]",Bachelor of Business Administration,31010722040,"[1,1,1,1,1,1,1,1,1,1,1,1,1]"
kaustubh.koshe@somaiya.edu,Kaustubh,Kamlesh,Koshe,5,"[Logistics and supply chain management,Entrepreneurship Management and Business Planning,French,German,Finance 4.0,Event management,Marketing 4.0,Retail Management,Sales and Distribution Management,Strategic cost management,Direct Tax,HR Accounting and Audit,Performance Management and Career Planning]","[Theory,Theory,Theory,Theory,Theory,Theory,Theory,Theory,Theory,Theory,Theory,Theory,Theory]",Bachelor of Business Administration,31010722041,"[1,1,1,1,1,1,1,1,1,1,1,1,1]"
naman.sk@somaiya.edu,Naman,Shreepal,Kothari,5,"[Logistics and supply chain management,Entrepreneurship Management and Business Planning,French,German,Finance 4.0,Event management,Marketing 4.0,Retail Management,Sales and Distribution Management,Strategic cost management,Direct Tax,HR Accounting and Audit,Performance Management and Career Planning]","[Theory,Theory,Theory,Theory,Theory,Theory,Theory,Theory,Theory,Theory,Theory,Theory,Theory]",Bachelor of Business Administration,31010722042,"[1,1,1,1,1,1,1,1,1,1,1,1,1]"
diya.l@somaiya.edu,Diya,Ronak,Lakhani,5,"[Logistics and supply chain management,Entrepreneurship Management and Business Planning,French,German,Finance 4.0,Event management,Marketing 4.0,Retail Management,Sales and Distribution Management,Strategic cost management,Direct Tax,HR Accounting and Audit,Performance Management and Career Planning]","[Theory,Theory,Theory,Theory,Theory,Theory,Theory,Theory,Theory,Theory,Theory,Theory,Theory]",Bachelor of Business Administration,31010722043,"[1,1,1,1,1,1,1,1,1,1,1,1,1]"
dhanvirkaur.m@somaiya.edu,Dhanvir,Kaur,Malhotra,5,"[Logistics and supply chain management,Entrepreneurship Management and Business Planning,French,German,Finance 4.0,Event management,Marketing 4.0,Retail Management,Sales and Distribution Management,Strategic cost management,Direct Tax,HR Accounting and Audit,Performance Management and Career Planning]","[Theory,Theory,Theory,Theory,Theory,Theory,Theory,Theory,Theory,Theory,Theory,Theory,Theory]",Bachelor of Business Administration,31010722044,"[1,1,1,1,1,1,1,1,1,1,1,1,1]"
devansh.mehta@somaiya.edu,Devansh,Anand,Mehta,5,"[Logistics and supply chain management,Entrepreneurship Management and Business Planning,French,German,Finance 4.0,Event management,Marketing 4.0,Retail Management,Sales and Distribution Management,Strategic cost management,Direct Tax,HR Accounting and Audit,Performance Management and Career Planning]","[Theory,Theory,Theory,Theory,Theory,Theory,Theory,Theory,Theory,Theory,Theory,Theory,Theory]",Bachelor of Business Administration,31010722045,"[1,1,1,1,1,1,1,1,1,1,1,1,1]"
alihasan.m@somaiya.edu,Ali,Hasan,Merchant,5,"[Logistics and supply chain management,Entrepreneurship Management and Business Planning,French,German,Finance 4.0,Event management,Marketing 4.0,Retail Management,Sales and Distribution Management,Strategic cost management,Direct Tax,HR Accounting and Audit,Performance Management and Career Planning]","[Theory,Theory,Theory,Theory,Theory,Theory,Theory,Theory,Theory,Theory,Theory,Theory,Theory]",Bachelor of Business Administration,31010722046,"[1,1,1,1,1,1,1,1,1,1,1,1,1]"
harsh.mishra@somaiya.edu,Harsh,Pravinkumar,Mishra,5,"[Logistics and supply chain management,Entrepreneurship Management and Business Planning,French,German,Finance 4.0,Event management,Marketing 4.0,Retail Management,Sales and Distribution Management,Strategic cost management,Direct Tax,HR Accounting and Audit,Performance Management and Career Planning]","[Theory,Theory,Theory,Theory,Theory,Theory,Theory,Theory,Theory,Theory,Theory,Theory,Theory]",Bachelor of Business Administration,31010722048,"[1,1,1,1,1,1,1,1,1,1,1,1,1]"
ganga.m@somaiya.edu,Ganga,Hemant,Motwani,5,"[Logistics and supply chain management,Entrepreneurship Management and Business Planning,French,German,Finance 4.0,Event management,Marketing 4.0,Retail Management,Sales and Distribution Management,Strategic cost management,Direct Tax,HR Accounting and Audit,Performance Management and Career Planning]","[Theory,Theory,Theory,Theory,Theory,Theory,Theory,Theory,Theory,Theory,Theory,Theory,Theory]",Bachelor of Business Administration,31010722049,"[1,1,1,1,1,1,1,1,1,1,1,1,1]"
ninad.mudbhatkal@somaiya.edu,Ninad,Avinash,Mudbhatkal,5,"[Logistics and supply chain management,Entrepreneurship Management and Business Planning,French,German,Finance 4.0,Event management,Marketing 4.0,Retail Management,Sales and Distribution Management,Strategic cost management,Direct Tax,HR Accounting and Audit,Performance Management and Career Planning]","[Theory,Theory,Theory,Theory,Theory,Theory,Theory,Theory,Theory,Theory,Theory,Theory,Theory]",Bachelor of Business Administration,31010722050,"[1,1,1,1,1,1,1,1,1,1,1,1,1]"
jhanvi.n@somaiya.edu,Jhanvi,Pankaj,Nagaria,5,"[Logistics and supply chain management,Entrepreneurship Management and Business Planning,French,German,Finance 4.0,Event management,Marketing 4.0,Retail Management,Sales and Distribution Management,Strategic cost management,Direct Tax,HR Accounting and Audit,Performance Management and Career Planning]","[Theory,Theory,Theory,Theory,Theory,Theory,Theory,Theory,Theory,Theory,Theory,Theory,Theory]",Bachelor of Business Administration,31010722051,"[1,1,1,1,1,1,1,1,1,1,1,1,1]"
a.naik@somaiya.edu,Anjali,Bijal,Naik,5,"[Logistics and supply chain management,Entrepreneurship Management and Business Planning,French,German,Finance 4.0,Event management,Marketing 4.0,Retail Management,Sales and Distribution Management,Strategic cost management,Direct Tax,HR Accounting and Audit,Performance Management and Career Planning]","[Theory,Theory,Theory,Theory,Theory,Theory,Theory,Theory,Theory,Theory,Theory,Theory,Theory]",Bachelor of Business Administration,31010722052,"[1,1,1,1,1,1,1,1,1,1,1,1,1]"
vinay.pagariya@somaiya.edu,Vinay,Dilip,Pagariya,5,"[Logistics and supply chain management,Entrepreneurship Management and Business Planning,French,German,Finance 4.0,Event management,Marketing 4.0,Retail Management,Sales and Distribution Management,Strategic cost management,Direct Tax,HR Accounting and Audit,Performance Management and Career Planning]","[Theory,Theory,Theory,Theory,Theory,Theory,Theory,Theory,Theory,Theory,Theory,Theory,Theory]",Bachelor of Business Administration,31010722053,"[1,1,1,1,1,1,1,1,1,1,1,1,1]"
aman.parashar@somaiya.edu,Aman,Sameer,Parashar,5,"[Logistics and supply chain management,Entrepreneurship Management and Business Planning,French,German,Finance 4.0,Event management,Marketing 4.0,Retail Management,Sales and Distribution Management,Strategic cost management,Direct Tax,HR Accounting and Audit,Performance Management and Career Planning]","[Theory,Theory,Theory,Theory,Theory,Theory,Theory,Theory,Theory,Theory,Theory,Theory,Theory]",Bachelor of Business Administration,31010722055,"[1,1,1,1,1,1,1,1,1,1,1,1,1]"
mansi.p@somaiya.edu,Mansi,Pritesh,Parekh,5,"[Logistics and supply chain management,Entrepreneurship Management and Business Planning,French,German,Finance 4.0,Event management,Marketing 4.0,Retail Management,Sales and Distribution Management,Strategic cost management,Direct Tax,HR Accounting and Audit,Performance Management and Career Planning]","[Theory,Theory,Theory,Theory,Theory,Theory,Theory,Theory,Theory,Theory,Theory,Theory,Theory]",Bachelor of Business Administration,31010722056,"[1,1,1,1,1,1,1,1,1,1,1,1,1]"
nayan.dp@somaiya.edu,Nayan,Dilip,Patel,5,"[Logistics and supply chain management,Entrepreneurship Management and Business Planning,French,German,Finance 4.0,Event management,Marketing 4.0,Retail Management,Sales and Distribution Management,Strategic cost management,Direct Tax,HR Accounting and Audit,Performance Management and Career Planning]","[Theory,Theory,Theory,Theory,Theory,Theory,Theory,Theory,Theory,Theory,Theory,Theory,Theory]",Bachelor of Business Administration,31010722058,"[1,1,1,1,1,1,1,1,1,1,1,1,1]"
riya.pathare@somaiya.edu,Riya,Ashutosh,Pathare,5,"[Logistics and supply chain management,Entrepreneurship Management and Business Planning,French,German,Finance 4.0,Event management,Marketing 4.0,Retail Management,Sales and Distribution Management,Strategic cost management,Direct Tax,HR Accounting and Audit,Performance Management and Career Planning]","[Theory,Theory,Theory,Theory,Theory,Theory,Theory,Theory,Theory,Theory,Theory,Theory,Theory]",Bachelor of Business Administration,31010722059,"[1,1,1,1,1,1,1,1,1,1,1,1,1]"
vidnyani.p@somaiya.edu,Vidnyani,Arvind,Pawar,5,"[Logistics and supply chain management,Entrepreneurship Management and Business Planning,French,German,Finance 4.0,Event management,Marketing 4.0,Retail Management,Sales and Distribution Management,Strategic cost management,Direct Tax,HR Accounting and Audit,Performance Management and Career Planning]","[Theory,Theory,Theory,Theory,Theory,Theory,Theory,Theory,Theory,Theory,Theory,Theory,Theory]",Bachelor of Business Administration,31010722060,"[1,1,1,1,1,1,1,1,1,1,1,1,1]"
naman.purohit@somaiya.edu,Naman,,Purohit,5,"[Logistics and supply chain management,Entrepreneurship Management and Business Planning,French,German,Finance 4.0,Event management,Marketing 4.0,Retail Management,Sales and Distribution Management,Strategic cost management,Direct Tax,HR Accounting and Audit,Performance Management and Career Planning]","[Theory,Theory,Theory,Theory,Theory,Theory,Theory,Theory,Theory,Theory,Theory,Theory,Theory]",Bachelor of Business Administration,31010722061,"[1,1,1,1,1,1,1,1,1,1,1,1,1]"
kash.raj@somaiya.edu,Kash,Amit,Raj,5,"[Logistics and supply chain management,Entrepreneurship Management and Business Planning,French,German,Finance 4.0,Event management,Marketing 4.0,Retail Management,Sales and Distribution Management,Strategic cost management,Direct Tax,HR Accounting and Audit,Performance Management and Career Planning]","[Theory,Theory,Theory,Theory,Theory,Theory,Theory,Theory,Theory,Theory,Theory,Theory,Theory]",Bachelor of Business Administration,31010722062,"[1,1,1,1,1,1,1,1,1,1,1,1,1]"
bhagwansingh.r@somaiya.edu,Bhagwan,Singh,Rathore,5,"[Logistics and supply chain management,Entrepreneurship Management and Business Planning,French,German,Finance 4.0,Event management,Marketing 4.0,Retail Management,Sales and Distribution Management,Strategic cost management,Direct Tax,HR Accounting and Audit,Performance Management and Career Planning]","[Theory,Theory,Theory,Theory,Theory,Theory,Theory,Theory,Theory,Theory,Theory,Theory,Theory]",Bachelor of Business Administration,31010722063,"[1,1,1,1,1,1,1,1,1,1,1,1,1]"
s.sakpal@somaiya.edu,Shreya,Sanjay,Sakpal,5,"[Logistics and supply chain management,Entrepreneurship Management and Business Planning,French,German,Finance 4.0,Event management,Marketing 4.0,Retail Management,Sales and Distribution Management,Strategic cost management,Direct Tax,HR Accounting and Audit,Performance Management and Career Planning]","[Theory,Theory,Theory,Theory,Theory,Theory,Theory,Theory,Theory,Theory,Theory,Theory,Theory]",Bachelor of Business Administration,31010722064,"[1,1,1,1,1,1,1,1,1,1,1,1,1]"
shrinjoy.sen@somaiya.edu,Shrinjoy,,Sen,5,"[Logistics and supply chain management,Entrepreneurship Management and Business Planning,French,German,Finance 4.0,Event management,Marketing 4.0,Retail Management,Sales and Distribution Management,Strategic cost management,Direct Tax,HR Accounting and Audit,Performance Management and Career Planning]","[Theory,Theory,Theory,Theory,Theory,Theory,Theory,Theory,Theory,Theory,Theory,Theory,Theory]",Bachelor of Business Administration,31010722065,"[1,1,1,1,1,1,1,1,1,1,1,1,1]"
bhavya.vs@somaiya.edu,Bhavya,Vijay,Shah,5,"[Logistics and supply chain management,Entrepreneurship Management and Business Planning,French,German,Finance 4.0,Event management,Marketing 4.0,Retail Management,Sales and Distribution Management,Strategic cost management,Direct Tax,HR Accounting and Audit,Performance Management and Career Planning]","[Theory,Theory,Theory,Theory,Theory,Theory,Theory,Theory,Theory,Theory,Theory,Theory,Theory]",Bachelor of Business Administration,31010722066,"[1,1,1,1,1,1,1,1,1,1,1,1,1]"
queena.shah@somaiya.edu,Queena,Hiren,Shah,5,"[Logistics and supply chain management,Entrepreneurship Management and Business Planning,French,German,Finance 4.0,Event management,Marketing 4.0,Retail Management,Sales and Distribution Management,Strategic cost management,Direct Tax,HR Accounting and Audit,Performance Management and Career Planning]","[Theory,Theory,Theory,Theory,Theory,Theory,Theory,Theory,Theory,Theory,Theory,Theory,Theory]",Bachelor of Business Administration,31010722069,"[1,1,1,1,1,1,1,1,1,1,1,1,1]"
riddhi.shah@somaiya.edu,Riddhi,Jitesh,Shah,5,"[Logistics and supply chain management,Entrepreneurship Management and Business Planning,French,German,Finance 4.0,Event management,Marketing 4.0,Retail Management,Sales and Distribution Management,Strategic cost management,Direct Tax,HR Accounting and Audit,Performance Management and Career Planning]","[Theory,Theory,Theory,Theory,Theory,Theory,Theory,Theory,Theory,Theory,Theory,Theory,Theory]",Bachelor of Business Administration,31010722070,"[1,1,1,1,1,1,1,1,1,1,1,1,1]"
siddh.shah@somaiya.edu,Siddh,Mayur,Shah,5,"[Logistics and supply chain management,Entrepreneurship Management and Business Planning,French,German,Finance 4.0,Event management,Marketing 4.0,Retail Management,Sales and Distribution Management,Strategic cost management,Direct Tax,HR Accounting and Audit,Performance Management and Career Planning]","[Theory,Theory,Theory,Theory,Theory,Theory,Theory,Theory,Theory,Theory,Theory,Theory,Theory]",Bachelor of Business Administration,31010722071,"[1,1,1,1,1,1,1,1,1,1,1,1,1]"
abhishek19@somaiya.edu,Abhishek,Vinod,Sharma,5,"[Logistics and supply chain management,Entrepreneurship Management and Business Planning,French,German,Finance 4.0,Event management,Marketing 4.0,Retail Management,Sales and Distribution Management,Strategic cost management,Direct Tax,HR Accounting and Audit,Performance Management and Career Planning]","[Theory,Theory,Theory,Theory,Theory,Theory,Theory,Theory,Theory,Theory,Theory,Theory,Theory]",Bachelor of Business Administration,31010722072,"[1,1,1,1,1,1,1,1,1,1,1,1,1]"
harshit.shejpal@somaiya.edu,Harshit,Nitesh,Shejpal,5,"[Logistics and supply chain management,Entrepreneurship Management and Business Planning,French,German,Finance 4.0,Event management,Marketing 4.0,Retail Management,Sales and Distribution Management,Strategic cost management,Direct Tax,HR Accounting and Audit,Performance Management and Career Planning]","[Theory,Theory,Theory,Theory,Theory,Theory,Theory,Theory,Theory,Theory,Theory,Theory,Theory]",Bachelor of Business Administration,31010722073,"[1,1,1,1,1,1,1,1,1,1,1,1,1]"
aarav.sheth@somaiya.edu,Aarav,Amit,Sheth,5,"[Logistics and supply chain management,Entrepreneurship Management and Business Planning,French,German,Finance 4.0,Event management,Marketing 4.0,Retail Management,Sales and Distribution Management,Strategic cost management,Direct Tax,HR Accounting and Audit,Performance Management and Career Planning]","[Theory,Theory,Theory,Theory,Theory,Theory,Theory,Theory,Theory,Theory,Theory,Theory,Theory]",Bachelor of Business Administration,31010722074,"[1,1,1,1,1,1,1,1,1,1,1,1,1]"
esha.s@somaiya.edu,Esha,Rajesh,Shetty,5,"[Logistics and supply chain management,Entrepreneurship Management and Business Planning,French,German,Finance 4.0,Event management,Marketing 4.0,Retail Management,Sales and Distribution Management,Strategic cost management,Direct Tax,HR Accounting and Audit,Performance Management and Career Planning]","[Theory,Theory,Theory,Theory,Theory,Theory,Theory,Theory,Theory,Theory,Theory,Theory,Theory]",Bachelor of Business Administration,31010722076,"[1,1,1,1,1,1,1,1,1,1,1,1,1]"
rianika.s@somaiya.edu,Rianika,Mohandas,Shetty,5,"[Logistics and supply chain management,Entrepreneurship Management and Business Planning,French,German,Finance 4.0,Event management,Marketing 4.0,Retail Management,Sales and Distribution Management,Strategic cost management,Direct Tax,HR Accounting and Audit,Performance Management and Career Planning]","[Theory,Theory,Theory,Theory,Theory,Theory,Theory,Theory,Theory,Theory,Theory,Theory,Theory]",Bachelor of Business Administration,31010722077,"[1,1,1,1,1,1,1,1,1,1,1,1,1]"
virag.s@somaiya.edu,Virag,Vijaykumar,Shingavi,5,"[Logistics and supply chain management,Entrepreneurship Management and Business Planning,French,German,Finance 4.0,Event management,Marketing 4.0,Retail Management,Sales and Distribution Management,Strategic cost management,Direct Tax,HR Accounting and Audit,Performance Management and Career Planning]","[Theory,Theory,Theory,Theory,Theory,Theory,Theory,Theory,Theory,Theory,Theory,Theory,Theory]",Bachelor of Business Administration,31010722079,"[1,1,1,1,1,1,1,1,1,1,1,1,1]"
tashu.singh@somaiya.edu,Tashu,Arvind,Singh,5,"[Logistics and supply chain management,Entrepreneurship Management and Business Planning,French,German,Finance 4.0,Event management,Marketing 4.0,Retail Management,Sales and Distribution Management,Strategic cost management,Direct Tax,HR Accounting and Audit,Performance Management and Career Planning]","[Theory,Theory,Theory,Theory,Theory,Theory,Theory,Theory,Theory,Theory,Theory,Theory,Theory]",Bachelor of Business Administration,31010722081,"[1,1,1,1,1,1,1,1,1,1,1,1,1]"
param.solanki@somaiya.edu,Param,Yogesh,Solanki,5,"[Logistics and supply chain management,Entrepreneurship Management and Business Planning,French,German,Finance 4.0,Event management,Marketing 4.0,Retail Management,Sales and Distribution Management,Strategic cost management,Direct Tax,HR Accounting and Audit,Performance Management and Career Planning]","[Theory,Theory,Theory,Theory,Theory,Theory,Theory,Theory,Theory,Theory,Theory,Theory,Theory]",Bachelor of Business Administration,31010722082,"[1,1,1,1,1,1,1,1,1,1,1,1,1]"
khwaish.s@somaiya.edu,Khwaish,Rakesh,Somani,5,"[Logistics and supply chain management,Entrepreneurship Management and Business Planning,French,German,Finance 4.0,Event management,Marketing 4.0,Retail Management,Sales and Distribution Management,Strategic cost management,Direct Tax,HR Accounting and Audit,Performance Management and Career Planning]","[Theory,Theory,Theory,Theory,Theory,Theory,Theory,Theory,Theory,Theory,Theory,Theory,Theory]",Bachelor of Business Administration,31010722083,"[1,1,1,1,1,1,1,1,1,1,1,1,1]"
rishi.sonawane@somaiya.edu,Rishi,Sudhir,Sonawane,5,"[Logistics and supply chain management,Entrepreneurship Management and Business Planning,French,German,Finance 4.0,Event management,Marketing 4.0,Retail Management,Sales and Distribution Management,Strategic cost management,Direct Tax,HR Accounting and Audit,Performance Management and Career Planning]","[Theory,Theory,Theory,Theory,Theory,Theory,Theory,Theory,Theory,Theory,Theory,Theory,Theory]",Bachelor of Business Administration,31010722084,"[1,1,1,1,1,1,1,1,1,1,1,1,1]"
shankareshwari.s@somaiya.edu,Shankareshwari,,Sriraman,5,"[Logistics and supply chain management,Entrepreneurship Management and Business Planning,French,German,Finance 4.0,Event management,Marketing 4.0,Retail Management,Sales and Distribution Management,Strategic cost management,Direct Tax,HR Accounting and Audit,Performance Management and Career Planning]","[Theory,Theory,Theory,Theory,Theory,Theory,Theory,Theory,Theory,Theory,Theory,Theory,Theory]",Bachelor of Business Administration,31010722085,"[1,1,1,1,1,1,1,1,1,1,1,1,1]"
khushal.s@somaiya.edu,Khushal,Dineshkumar,Suthar,5,"[Logistics and supply chain management,Entrepreneurship Management and Business Planning,French,German,Finance 4.0,Event management,Marketing 4.0,Retail Management,Sales and Distribution Management,Strategic cost management,Direct Tax,HR Accounting and Audit,Performance Management and Career Planning]","[Theory,Theory,Theory,Theory,Theory,Theory,Theory,Theory,Theory,Theory,Theory,Theory,Theory]",Bachelor of Business Administration,31010722086,"[1,1,1,1,1,1,1,1,1,1,1,1,1]"
bhumika.yadav@somaiya.edu,Bhumika,Rajesh,Yadav,5,"[Logistics and supply chain management,Entrepreneurship Management and Business Planning,French,German,Finance 4.0,Event management,Marketing 4.0,Retail Management,Sales and Distribution Management,Strategic cost management,Direct Tax,HR Accounting and Audit,Performance Management and Career Planning]","[Theory,Theory,Theory,Theory,Theory,Theory,Theory,Theory,Theory,Theory,Theory,Theory,Theory]",Bachelor of Business Administration,31010722090,"[1,1,1,1,1,1,1,1,1,1,1,1,1]"
himanshu.baid@somaiya.edu,Himanshu,Suresh,Baid,5,"[Logistics and supply chain management,Entrepreneurship Management and Business Planning,French,German,Finance 4.0,Event management,Marketing 4.0,Retail Management,Sales and Distribution Management,Strategic cost management,Direct Tax,HR Accounting and Audit,Performance Management and Career Planning]","[Theory,Theory,Theory,Theory,Theory,Theory,Theory,Theory,Theory,Theory,Theory,Theory,Theory]",Bachelor of Business Administration,31010722092,"[1,1,1,1,1,1,1,1,1,1,1,1,1]"
kaushal.baid@somaiya.edu,Kaushal,Surendra,Baid,5,"[Logistics and supply chain management,Entrepreneurship Management and Business Planning,French,German,Finance 4.0,Event management,Marketing 4.0,Retail Management,Sales and Distribution Management,Strategic cost management,Direct Tax,HR Accounting and Audit,Performance Management and Career Planning]","[Theory,Theory,Theory,Theory,Theory,Theory,Theory,Theory,Theory,Theory,Theory,Theory,Theory]",Bachelor of Business Administration,31010722093,"[1,1,1,1,1,1,1,1,1,1,1,1,1]"
a.bandelkar@somaiya.edu,Aarushi,Santosh,Bandelkar,5,"[Logistics and supply chain management,Entrepreneurship Management and Business Planning,French,German,Finance 4.0,Event management,Marketing 4.0,Retail Management,Sales and Distribution Management,Strategic cost management,Direct Tax,HR Accounting and Audit,Performance Management and Career Planning]","[Theory,Theory,Theory,Theory,Theory,Theory,Theory,Theory,Theory,Theory,Theory,Theory,Theory]",Bachelor of Business Administration,31010722094,"[1,1,1,1,1,1,1,1,1,1,1,1,1]"
heet.bhanushali@somaiya.edu,Heet,Mahesh,Bhanushali,5,"[Logistics and supply chain management,Entrepreneurship Management and Business Planning,French,German,Finance 4.0,Event management,Marketing 4.0,Retail Management,Sales and Distribution Management,Strategic cost management,Direct Tax,HR Accounting and Audit,Performance Management and Career Planning]","[Theory,Theory,Theory,Theory,Theory,Theory,Theory,Theory,Theory,Theory,Theory,Theory,Theory]",Bachelor of Business Administration,31010722095,"[1,1,1,1,1,1,1,1,1,1,1,1,1]"
l.chaudhari@somaiya.edu,Lavanya,Sanjay,Chaudhari,5,"[Logistics and supply chain management,Entrepreneurship Management and Business Planning,French,German,Finance 4.0,Event management,Marketing 4.0,Retail Management,Sales and Distribution Management,Strategic cost management,Direct Tax,HR Accounting and Audit,Performance Management and Career Planning]","[Theory,Theory,Theory,Theory,Theory,Theory,Theory,Theory,Theory,Theory,Theory,Theory,Theory]",Bachelor of Business Administration,31010722097,"[1,1,1,1,1,1,1,1,1,1,1,1,1]"
arpita.hc@somaiya.edu,Arpita,Hitendra,Chauhan,5,"[Logistics and supply chain management,Entrepreneurship Management and Business Planning,French,German,Finance 4.0,Event management,Marketing 4.0,Retail Management,Sales and Distribution Management,Strategic cost management,Direct Tax,HR Accounting and Audit,Performance Management and Career Planning]","[Theory,Theory,Theory,Theory,Theory,Theory,Theory,Theory,Theory,Theory,Theory,Theory,Theory]",Bachelor of Business Administration,31010722098,"[1,1,1,1,1,1,1,1,1,1,1,1,1]"
aarya.d@somaiya.edu,Aarya,Chintan,Dattani,5,"[Logistics and supply chain management,Entrepreneurship Management and Business Planning,French,German,Finance 4.0,Event management,Marketing 4.0,Retail Management,Sales and Distribution Management,Strategic cost management,Direct Tax,HR Accounting and Audit,Performance Management and Career Planning]","[Theory,Theory,Theory,Theory,Theory,Theory,Theory,Theory,Theory,Theory,Theory,Theory,Theory]",Bachelor of Business Administration,31010722100,"[1,1,1,1,1,1,1,1,1,1,1,1,1]"
tisha.desai@somaiya.edu,Tisha,Bharatkumar,Desai,5,"[Logistics and supply chain management,Entrepreneurship Management and Business Planning,French,German,Finance 4.0,Event management,Marketing 4.0,Retail Management,Sales and Distribution Management,Strategic cost management,Direct Tax,HR Accounting and Audit,Performance Management and Career Planning]","[Theory,Theory,Theory,Theory,Theory,Theory,Theory,Theory,Theory,Theory,Theory,Theory,Theory]",Bachelor of Business Administration,31010722101,"[1,1,1,1,1,1,1,1,1,1,1,1,1]"
dd@somaiya.edu,Dhruv,,Doshi,5,"[Logistics and supply chain management,Entrepreneurship Management and Business Planning,French,German,Finance 4.0,Event management,Marketing 4.0,Retail Management,Sales and Distribution Management,Strategic cost management,Direct Tax,HR Accounting and Audit,Performance Management and Career Planning]","[Theory,Theory,Theory,Theory,Theory,Theory,Theory,Theory,Theory,Theory,Theory,Theory,Theory]",Bachelor of Business Administration,31010722102,"[1,1,1,1,1,1,1,1,1,1,1,1,1]"
veer.doshi@somaiya.edu,Veer,Ketan,Doshi,5,"[Logistics and supply chain management,Entrepreneurship Management and Business Planning,French,German,Finance 4.0,Event management,Marketing 4.0,Retail Management,Sales and Distribution Management,Strategic cost management,Direct Tax,HR Accounting and Audit,Performance Management and Career Planning]","[Theory,Theory,Theory,Theory,Theory,Theory,Theory,Theory,Theory,Theory,Theory,Theory,Theory]",Bachelor of Business Administration,31010722103,"[1,1,1,1,1,1,1,1,1,1,1,1,1]"
sharmila.d@somaiya.edu,Sharmila,Santosh,Dubey,5,"[Logistics and supply chain management,Entrepreneurship Management and Business Planning,French,German,Finance 4.0,Event management,Marketing 4.0,Retail Management,Sales and Distribution Management,Strategic cost management,Direct Tax,HR Accounting and Audit,Performance Management and Career Planning]","[Theory,Theory,Theory,Theory,Theory,Theory,Theory,Theory,Theory,Theory,Theory,Theory,Theory]",Bachelor of Business Administration,31010722104,"[1,1,1,1,1,1,1,1,1,1,1,1,1]"
jui.ghate@somaiya.edu,Jui,Mahendra,Ghate,5,"[Logistics and supply chain management,Entrepreneurship Management and Business Planning,French,German,Finance 4.0,Event management,Marketing 4.0,Retail Management,Sales and Distribution Management,Strategic cost management,Direct Tax,HR Accounting and Audit,Performance Management and Career Planning]","[Theory,Theory,Theory,Theory,Theory,Theory,Theory,Theory,Theory,Theory,Theory,Theory,Theory]",Bachelor of Business Administration,31010722106,"[1,1,1,1,1,1,1,1,1,1,1,1,1]"
sidharth.gogri@somaiya.edu,Sidharth,,Gogri,5,"[Logistics and supply chain management,Entrepreneurship Management and Business Planning,French,German,Finance 4.0,Event management,Marketing 4.0,Retail Management,Sales and Distribution Management,Strategic cost management,Direct Tax,HR Accounting and Audit,Performance Management and Career Planning]","[Theory,Theory,Theory,Theory,Theory,Theory,Theory,Theory,Theory,Theory,Theory,Theory,Theory]",Bachelor of Business Administration,31010722107,"[1,1,1,1,1,1,1,1,1,1,1,1,1]"
akshay.j@somaiya.edu,Akshay,Bhavesh,Jain,5,"[Logistics and supply chain management,Entrepreneurship Management and Business Planning,French,German,Finance 4.0,Event management,Marketing 4.0,Retail Management,Sales and Distribution Management,Strategic cost management,Direct Tax,HR Accounting and Audit,Performance Management and Career Planning]","[Theory,Theory,Theory,Theory,Theory,Theory,Theory,Theory,Theory,Theory,Theory,Theory,Theory]",Bachelor of Business Administration,31010722109,"[1,1,1,1,1,1,1,1,1,1,1,1,1]"
aryan.j@somaiya.edu,Aryan,Pushkar,Jain,5,"[Logistics and supply chain management,Entrepreneurship Management and Business Planning,French,German,Finance 4.0,Event management,Marketing 4.0,Retail Management,Sales and Distribution Management,Strategic cost management,Direct Tax,HR Accounting and Audit,Performance Management and Career Planning]","[Theory,Theory,Theory,Theory,Theory,Theory,Theory,Theory,Theory,Theory,Theory,Theory,Theory]",Bachelor of Business Administration,31010722110,"[1,1,1,1,1,1,1,1,1,1,1,1,1]"
eshika.jj@somaiya.edu,Eshika,Jitendra,Jain,5,"[Logistics and supply chain management,Entrepreneurship Management and Business Planning,French,German,Finance 4.0,Event management,Marketing 4.0,Retail Management,Sales and Distribution Management,Strategic cost management,Direct Tax,HR Accounting and Audit,Performance Management and Career Planning]","[Theory,Theory,Theory,Theory,Theory,Theory,Theory,Theory,Theory,Theory,Theory,Theory,Theory]",Bachelor of Business Administration,31010722111,"[1,1,1,1,1,1,1,1,1,1,1,1,1]"
mann.j@somaiya.edu,Mann,Roshan,Jain,5,"[Logistics and supply chain management,Entrepreneurship Management and Business Planning,French,German,Finance 4.0,Event management,Marketing 4.0,Retail Management,Sales and Distribution Management,Strategic cost management,Direct Tax,HR Accounting and Audit,Performance Management and Career Planning]","[Theory,Theory,Theory,Theory,Theory,Theory,Theory,Theory,Theory,Theory,Theory,Theory,Theory]",Bachelor of Business Administration,31010722112,"[1,1,1,1,1,1,1,1,1,1,1,1,1]"
soumya.j@somaiya.edu,Soumya,Bharat,Jain,5,"[Logistics and supply chain management,Entrepreneurship Management and Business Planning,French,German,Finance 4.0,Event management,Marketing 4.0,Retail Management,Sales and Distribution Management,Strategic cost management,Direct Tax,HR Accounting and Audit,Performance Management and Career Planning]","[Theory,Theory,Theory,Theory,Theory,Theory,Theory,Theory,Theory,Theory,Theory,Theory,Theory]",Bachelor of Business Administration,31010722113,"[1,1,1,1,1,1,1,1,1,1,1,1,1]"
rhea.jeffrey@somaiya.edu,Rhea,,Jeffrey,5,"[Logistics and supply chain management,Entrepreneurship Management and Business Planning,French,German,Finance 4.0,Event management,Marketing 4.0,Retail Management,Sales and Distribution Management,Strategic cost management,Direct Tax,HR Accounting and Audit,Performance Management and Career Planning]","[Theory,Theory,Theory,Theory,Theory,Theory,Theory,Theory,Theory,Theory,Theory,Theory,Theory]",Bachelor of Business Administration,31010722114,"[1,1,1,1,1,1,1,1,1,1,1,1,1]"
shrey.jogani@somaiya.edu,Shrey,Chirag,Jogani,5,"[Logistics and supply chain management,Entrepreneurship Management and Business Planning,French,German,Finance 4.0,Event management,Marketing 4.0,Retail Management,Sales and Distribution Management,Strategic cost management,Direct Tax,HR Accounting and Audit,Performance Management and Career Planning]","[Theory,Theory,Theory,Theory,Theory,Theory,Theory,Theory,Theory,Theory,Theory,Theory,Theory]",Bachelor of Business Administration,31010722115,"[1,1,1,1,1,1,1,1,1,1,1,1,1]"
drashya.j@somaiya.edu,Drashya,Tarun,Joshi,5,"[Logistics and supply chain management,Entrepreneurship Management and Business Planning,French,German,Finance 4.0,Event management,Marketing 4.0,Retail Management,Sales and Distribution Management,Strategic cost management,Direct Tax,HR Accounting and Audit,Performance Management and Career Planning]","[Theory,Theory,Theory,Theory,Theory,Theory,Theory,Theory,Theory,Theory,Theory,Theory,Theory]",Bachelor of Business Administration,31010722116,"[1,1,1,1,1,1,1,1,1,1,1,1,1]"
k.joshi@somaiya.edu,Khushi,Bharat,Joshi,5,"[Logistics and supply chain management,Entrepreneurship Management and Business Planning,French,German,Finance 4.0,Event management,Marketing 4.0,Retail Management,Sales and Distribution Management,Strategic cost management,Direct Tax,HR Accounting and Audit,Performance Management and Career Planning]","[Theory,Theory,Theory,Theory,Theory,Theory,Theory,Theory,Theory,Theory,Theory,Theory,Theory]",Bachelor of Business Administration,31010722117,"[1,1,1,1,1,1,1,1,1,1,1,1,1]"
anand.krishnanv@somaiya.edu,V,Anand,Krishnan,5,"[Logistics and supply chain management,Entrepreneurship Management and Business Planning,French,German,Finance 4.0,Event management,Marketing 4.0,Retail Management,Sales and Distribution Management,Strategic cost management,Direct Tax,HR Accounting and Audit,Performance Management and Career Planning]","[Theory,Theory,Theory,Theory,Theory,Theory,Theory,Theory,Theory,Theory,Theory,Theory,Theory]",Bachelor of Business Administration,31010722118,"[1,1,1,1,1,1,1,1,1,1,1,1,1]"
riya.k@somaiya.edu,Riya,,Kushwaha,5,"[Logistics and supply chain management,Entrepreneurship Management and Business Planning,French,German,Finance 4.0,Event management,Marketing 4.0,Retail Management,Sales and Distribution Management,Strategic cost management,Direct Tax,HR Accounting and Audit,Performance Management and Career Planning]","[Theory,Theory,Theory,Theory,Theory,Theory,Theory,Theory,Theory,Theory,Theory,Theory,Theory]",Bachelor of Business Administration,31010722120,"[1,1,1,1,1,1,1,1,1,1,1,1,1]"
kenil.mehta@somaiya.edu,Kenil,Vimal,Mehta,5,"[Logistics and supply chain management,Entrepreneurship Management and Business Planning,French,German,Finance 4.0,Event management,Marketing 4.0,Retail Management,Sales and Distribution Management,Strategic cost management,Direct Tax,HR Accounting and Audit,Performance Management and Career Planning]","[Theory,Theory,Theory,Theory,Theory,Theory,Theory,Theory,Theory,Theory,Theory,Theory,Theory]",Bachelor of Business Administration,31010722121,"[1,1,1,1,1,1,1,1,1,1,1,1,1]"
h.meisheri@somaiya.edu,Heer,Pomesh,Meisheri,5,"[Logistics and supply chain management,Entrepreneurship Management and Business Planning,French,German,Finance 4.0,Event management,Marketing 4.0,Retail Management,Sales and Distribution Management,Strategic cost management,Direct Tax,HR Accounting and Audit,Performance Management and Career Planning]","[Theory,Theory,Theory,Theory,Theory,Theory,Theory,Theory,Theory,Theory,Theory,Theory,Theory]",Bachelor of Business Administration,31010722122,"[1,1,1,1,1,1,1,1,1,1,1,1,1]"
urvisha.m@somaiya.edu,Urvisha,Pravin,Misra,5,"[Logistics and supply chain management,Entrepreneurship Management and Business Planning,French,German,Finance 4.0,Event management,Marketing 4.0,Retail Management,Sales and Distribution Management,Strategic cost management,Direct Tax,HR Accounting and Audit,Performance Management and Career Planning]","[Theory,Theory,Theory,Theory,Theory,Theory,Theory,Theory,Theory,Theory,Theory,Theory,Theory]",Bachelor of Business Administration,31010722123,"[1,1,1,1,1,1,1,1,1,1,1,1,1]"
heeta.p@somaiya.edu,Heeta,Rajesh,Panchal,5,"[Logistics and supply chain management,Entrepreneurship Management and Business Planning,French,German,Finance 4.0,Event management,Marketing 4.0,Retail Management,Sales and Distribution Management,Strategic cost management,Direct Tax,HR Accounting and Audit,Performance Management and Career Planning]","[Theory,Theory,Theory,Theory,Theory,Theory,Theory,Theory,Theory,Theory,Theory,Theory,Theory]",Bachelor of Business Administration,31010722125,"[1,1,1,1,1,1,1,1,1,1,1,1,1]"
anokhi22@somaiya.edu,Anokhi,,Patel,5,"[Logistics and supply chain management,Entrepreneurship Management and Business Planning,French,German,Finance 4.0,Event management,Marketing 4.0,Retail Management,Sales and Distribution Management,Strategic cost management,Direct Tax,HR Accounting and Audit,Performance Management and Career Planning]","[Theory,Theory,Theory,Theory,Theory,Theory,Theory,Theory,Theory,Theory,Theory,Theory,Theory]",Bachelor of Business Administration,31010722127,"[1,1,1,1,1,1,1,1,1,1,1,1,1]"
aum.patel@somaiya.edu,Aum,Kamlesh,Patel,5,"[Logistics and supply chain management,Entrepreneurship Management and Business Planning,French,German,Finance 4.0,Event management,Marketing 4.0,Retail Management,Sales and Distribution Management,Strategic cost management,Direct Tax,HR Accounting and Audit,Performance Management and Career Planning]","[Theory,Theory,Theory,Theory,Theory,Theory,Theory,Theory,Theory,Theory,Theory,Theory,Theory]",Bachelor of Business Administration,31010722128,"[1,1,1,1,1,1,1,1,1,1,1,1,1]"
patel.bs@somaiya.edu,Bhavya,Satish,Patel,5,"[Logistics and supply chain management,Entrepreneurship Management and Business Planning,French,German,Finance 4.0,Event management,Marketing 4.0,Retail Management,Sales and Distribution Management,Strategic cost management,Direct Tax,HR Accounting and Audit,Performance Management and Career Planning]","[Theory,Theory,Theory,Theory,Theory,Theory,Theory,Theory,Theory,Theory,Theory,Theory,Theory]",Bachelor of Business Administration,31010722129,"[1,1,1,1,1,1,1,1,1,1,1,1,1]"
shivam.rajmane@somaiya.edu,Shivam,Sunil,Rajmane,5,"[Logistics and supply chain management,Entrepreneurship Management and Business Planning,French,German,Finance 4.0,Event management,Marketing 4.0,Retail Management,Sales and Distribution Management,Strategic cost management,Direct Tax,HR Accounting and Audit,Performance Management and Career Planning]","[Theory,Theory,Theory,Theory,Theory,Theory,Theory,Theory,Theory,Theory,Theory,Theory,Theory]",Bachelor of Business Administration,31010722131,"[1,1,1,1,1,1,1,1,1,1,1,1,1]"
mukund.r@somaiya.edu,Mukund,Mavji,Ravariya,5,"[Logistics and supply chain management,Entrepreneurship Management and Business Planning,French,German,Finance 4.0,Event management,Marketing 4.0,Retail Management,Sales and Distribution Management,Strategic cost management,Direct Tax,HR Accounting and Audit,Performance Management and Career Planning]","[Theory,Theory,Theory,Theory,Theory,Theory,Theory,Theory,Theory,Theory,Theory,Theory,Theory]",Bachelor of Business Administration,31010722132,"[1,1,1,1,1,1,1,1,1,1,1,1,1]"
sanghavi.h@somaiya.edu,Harsh,Rahul,Sanghavi,5,"[Logistics and supply chain management,Entrepreneurship Management and Business Planning,French,German,Finance 4.0,Event management,Marketing 4.0,Retail Management,Sales and Distribution Management,Strategic cost management,Direct Tax,HR Accounting and Audit,Performance Management and Career Planning]","[Theory,Theory,Theory,Theory,Theory,Theory,Theory,Theory,Theory,Theory,Theory,Theory,Theory]",Bachelor of Business Administration,31010722135,"[1,1,1,1,1,1,1,1,1,1,1,1,1]"
sujal.savla@somaiya.edu,Sujal,,Savla,5,"[Logistics and supply chain management,Entrepreneurship Management and Business Planning,French,German,Finance 4.0,Event management,Marketing 4.0,Retail Management,Sales and Distribution Management,Strategic cost management,Direct Tax,HR Accounting and Audit,Performance Management and Career Planning]","[Theory,Theory,Theory,Theory,Theory,Theory,Theory,Theory,Theory,Theory,Theory,Theory,Theory]",Bachelor of Business Administration,31010722136,"[1,1,1,1,1,1,1,1,1,1,1,1,1]"
soham21@somaiya.edu,Soham,Santosh,Sawant,5,"[Logistics and supply chain management,Entrepreneurship Management and Business Planning,French,German,Finance 4.0,Event management,Marketing 4.0,Retail Management,Sales and Distribution Management,Strategic cost management,Direct Tax,HR Accounting and Audit,Performance Management and Career Planning]","[Theory,Theory,Theory,Theory,Theory,Theory,Theory,Theory,Theory,Theory,Theory,Theory,Theory]",Bachelor of Business Administration,31010722137,"[1,1,1,1,1,1,1,1,1,1,1,1,1]"
krisha.sawla@somaiya.edu,Krisha,Hitesh,Sawla,5,"[Logistics and supply chain management,Entrepreneurship Management and Business Planning,French,German,Finance 4.0,Event management,Marketing 4.0,Retail Management,Sales and Distribution Management,Strategic cost management,Direct Tax,HR Accounting and Audit,Performance Management and Career Planning]","[Theory,Theory,Theory,Theory,Theory,Theory,Theory,Theory,Theory,Theory,Theory,Theory,Theory]",Bachelor of Business Administration,31010722138,"[1,1,1,1,1,1,1,1,1,1,1,1,1]"
dhairya.shah@somaiya.edu,Dhairya,Kartik,Shah,5,"[Logistics and supply chain management,Entrepreneurship Management and Business Planning,French,German,Finance 4.0,Event management,Marketing 4.0,Retail Management,Sales and Distribution Management,Strategic cost management,Direct Tax,HR Accounting and Audit,Performance Management and Career Planning]","[Theory,Theory,Theory,Theory,Theory,Theory,Theory,Theory,Theory,Theory,Theory,Theory,Theory]",Bachelor of Business Administration,31010722139,"[1,1,1,1,1,1,1,1,1,1,1,1,1]"
heer.ms@somaiya.edu,Heer,Mayankkumar,Shah,5,"[Logistics and supply chain management,Entrepreneurship Management and Business Planning,French,German,Finance 4.0,Event management,Marketing 4.0,Retail Management,Sales and Distribution Management,Strategic cost management,Direct Tax,HR Accounting and Audit,Performance Management and Career Planning]","[Theory,Theory,Theory,Theory,Theory,Theory,Theory,Theory,Theory,Theory,Theory,Theory,Theory]",Bachelor of Business Administration,31010722140,"[1,1,1,1,1,1,1,1,1,1,1,1,1]"
meet.hs@somaiya.edu,Meet,Hemal,Shah,5,"[Logistics and supply chain management,Entrepreneurship Management and Business Planning,French,German,Finance 4.0,Event management,Marketing 4.0,Retail Management,Sales and Distribution Management,Strategic cost management,Direct Tax,HR Accounting and Audit,Performance Management and Career Planning]","[Theory,Theory,Theory,Theory,Theory,Theory,Theory,Theory,Theory,Theory,Theory,Theory,Theory]",Bachelor of Business Administration,31010722141,"[1,1,1,1,1,1,1,1,1,1,1,1,1]"
rs6@somaiya.edu,Riya,Umesh,Shah,5,"[Logistics and supply chain management,Entrepreneurship Management and Business Planning,French,German,Finance 4.0,Event management,Marketing 4.0,Retail Management,Sales and Distribution Management,Strategic cost management,Direct Tax,HR Accounting and Audit,Performance Management and Career Planning]","[Theory,Theory,Theory,Theory,Theory,Theory,Theory,Theory,Theory,Theory,Theory,Theory,Theory]",Bachelor of Business Administration,31010722142,"[1,1,1,1,1,1,1,1,1,1,1,1,1]"
vatsal10@somaiya.edu,Vatsal,Alpesh,Shah,5,"[Logistics and supply chain management,Entrepreneurship Management and Business Planning,French,German,Finance 4.0,Event management,Marketing 4.0,Retail Management,Sales and Distribution Management,Strategic cost management,Direct Tax,HR Accounting and Audit,Performance Management and Career Planning]","[Theory,Theory,Theory,Theory,Theory,Theory,Theory,Theory,Theory,Theory,Theory,Theory,Theory]",Bachelor of Business Administration,31010722143,"[1,1,1,1,1,1,1,1,1,1,1,1,1]"
aditi.sharma2@somaiya.edu,Aditi,,Sharma,5,"[Logistics and supply chain management,Entrepreneurship Management and Business Planning,French,German,Finance 4.0,Event management,Marketing 4.0,Retail Management,Sales and Distribution Management,Strategic cost management,Direct Tax,HR Accounting and Audit,Performance Management and Career Planning]","[Theory,Theory,Theory,Theory,Theory,Theory,Theory,Theory,Theory,Theory,Theory,Theory,Theory]",Bachelor of Business Administration,31010722144,"[1,1,1,1,1,1,1,1,1,1,1,1,1]"
esha.shete@somaiya.edu,Esha,Samir,Shete,5,"[Logistics and supply chain management,Entrepreneurship Management and Business Planning,French,German,Finance 4.0,Event management,Marketing 4.0,Retail Management,Sales and Distribution Management,Strategic cost management,Direct Tax,HR Accounting and Audit,Performance Management and Career Planning]","[Theory,Theory,Theory,Theory,Theory,Theory,Theory,Theory,Theory,Theory,Theory,Theory,Theory]",Bachelor of Business Administration,31010722145,"[1,1,1,1,1,1,1,1,1,1,1,1,1]"
harsh.sheth@somaiya.edu,Harsh,Vipul,Sheth,5,"[Logistics and supply chain management,Entrepreneurship Management and Business Planning,French,German,Finance 4.0,Event management,Marketing 4.0,Retail Management,Sales and Distribution Management,Strategic cost management,Direct Tax,HR Accounting and Audit,Performance Management and Career Planning]","[Theory,Theory,Theory,Theory,Theory,Theory,Theory,Theory,Theory,Theory,Theory,Theory,Theory]",Bachelor of Business Administration,31010722146,"[1,1,1,1,1,1,1,1,1,1,1,1,1]"
khushi.shinde@somaiya.edu,Khushi,Jayakar,Shinde,5,"[Logistics and supply chain management,Entrepreneurship Management and Business Planning,French,German,Finance 4.0,Event management,Marketing 4.0,Retail Management,Sales and Distribution Management,Strategic cost management,Direct Tax,HR Accounting and Audit,Performance Management and Career Planning]","[Theory,Theory,Theory,Theory,Theory,Theory,Theory,Theory,Theory,Theory,Theory,Theory,Theory]",Bachelor of Business Administration,31010722147,"[1,1,1,1,1,1,1,1,1,1,1,1,1]"
ansh.shroti@somaiya.edu,Ansh,Nandkishor,Shroti,5,"[Logistics and supply chain management,Entrepreneurship Management and Business Planning,French,German,Finance 4.0,Event management,Marketing 4.0,Retail Management,Sales and Distribution Management,Strategic cost management,Direct Tax,HR Accounting and Audit,Performance Management and Career Planning]","[Theory,Theory,Theory,Theory,Theory,Theory,Theory,Theory,Theory,Theory,Theory,Theory,Theory]",Bachelor of Business Administration,31010722148,"[1,1,1,1,1,1,1,1,1,1,1,1,1]"
sridula.s@somaiya.edu,Sridula,Diwakar,Singh,5,"[Logistics and supply chain management,Entrepreneurship Management and Business Planning,French,German,Finance 4.0,Event management,Marketing 4.0,Retail Management,Sales and Distribution Management,Strategic cost management,Direct Tax,HR Accounting and Audit,Performance Management and Career Planning]","[Theory,Theory,Theory,Theory,Theory,Theory,Theory,Theory,Theory,Theory,Theory,Theory,Theory]",Bachelor of Business Administration,31010722150,"[1,1,1,1,1,1,1,1,1,1,1,1,1]"
tejal.singh@somaiya.edu,Tejal,Mahendra,Singh,5,"[Logistics and supply chain management,Entrepreneurship Management and Business Planning,French,German,Finance 4.0,Event management,Marketing 4.0,Retail Management,Sales and Distribution Management,Strategic cost management,Direct Tax,HR Accounting and Audit,Performance Management and Career Planning]","[Theory,Theory,Theory,Theory,Theory,Theory,Theory,Theory,Theory,Theory,Theory,Theory,Theory]",Bachelor of Business Administration,31010722151,"[1,1,1,1,1,1,1,1,1,1,1,1,1]"
nihar.singhania@somaiya.edu,Nihar,Pankaj,Singhania,5,"[Logistics and supply chain management,Entrepreneurship Management and Business Planning,French,German,Finance 4.0,Event management,Marketing 4.0,Retail Management,Sales and Distribution Management,Strategic cost management,Direct Tax,HR Accounting and Audit,Performance Management and Career Planning]","[Theory,Theory,Theory,Theory,Theory,Theory,Theory,Theory,Theory,Theory,Theory,Theory,Theory]",Bachelor of Business Administration,31010722152,"[1,1,1,1,1,1,1,1,1,1,1,1,1]"
suyash.t@somaiya.edu,Suyash,Jaydas,Tawhare,5,"[Logistics and supply chain management,Entrepreneurship Management and Business Planning,French,German,Finance 4.0,Event management,Marketing 4.0,Retail Management,Sales and Distribution Management,Strategic cost management,Direct Tax,HR Accounting and Audit,Performance Management and Career Planning]","[Theory,Theory,Theory,Theory,Theory,Theory,Theory,Theory,Theory,Theory,Theory,Theory,Theory]",Bachelor of Business Administration,31010722153,"[1,1,1,1,1,1,1,1,1,1,1,1,1]"
milind.thakkar@somaiya.edu,Milind,Kirit,Thakkar,5,"[Logistics and supply chain management,Entrepreneurship Management and Business Planning,French,German,Finance 4.0,Event management,Marketing 4.0,Retail Management,Sales and Distribution Management,Strategic cost management,Direct Tax,HR Accounting and Audit,Performance Management and Career Planning]","[Theory,Theory,Theory,Theory,Theory,Theory,Theory,Theory,Theory,Theory,Theory,Theory,Theory]",Bachelor of Business Administration,31010722154,"[1,1,1,1,1,1,1,1,1,1,1,1,1]"
s.thakkar@somaiya.edu,Sakshi,Kaushik,Thakkar,5,"[Logistics and supply chain management,Entrepreneurship Management and Business Planning,French,German,Finance 4.0,Event management,Marketing 4.0,Retail Management,Sales and Distribution Management,Strategic cost management,Direct Tax,HR Accounting and Audit,Performance Management and Career Planning]","[Theory,Theory,Theory,Theory,Theory,Theory,Theory,Theory,Theory,Theory,Theory,Theory,Theory]",Bachelor of Business Administration,31010722155,"[1,1,1,1,1,1,1,1,1,1,1,1,1]"
aditi.thamke@somaiya.edu,Aditi,Santosh,Thamke,5,"[Logistics and supply chain management,Entrepreneurship Management and Business Planning,French,German,Finance 4.0,Event management,Marketing 4.0,Retail Management,Sales and Distribution Management,Strategic cost management,Direct Tax,HR Accounting and Audit,Performance Management and Career Planning]","[Theory,Theory,Theory,Theory,Theory,Theory,Theory,Theory,Theory,Theory,Theory,Theory,Theory]",Bachelor of Business Administration,31010722156,"[1,1,1,1,1,1,1,1,1,1,1,1,1]"
rimsha.t@somaiya.edu,Rimsha,Mantu,Tibrewala,5,"[Logistics and supply chain management,Entrepreneurship Management and Business Planning,French,German,Finance 4.0,Event management,Marketing 4.0,Retail Management,Sales and Distribution Management,Strategic cost management,Direct Tax,HR Accounting and Audit,Performance Management and Career Planning]","[Theory,Theory,Theory,Theory,Theory,Theory,Theory,Theory,Theory,Theory,Theory,Theory,Theory]",Bachelor of Business Administration,31010722157,"[1,1,1,1,1,1,1,1,1,1,1,1,1]"
vinayak.trivedi@somaiya.edu,Vinayak,Ramkishor,Trivedi,5,"[Logistics and supply chain management,Entrepreneurship Management and Business Planning,French,German,Finance 4.0,Event management,Marketing 4.0,Retail Management,Sales and Distribution Management,Strategic cost management,Direct Tax,HR Accounting and Audit,Performance Management and Career Planning]","[Theory,Theory,Theory,Theory,Theory,Theory,Theory,Theory,Theory,Theory,Theory,Theory,Theory]",Bachelor of Business Administration,31010722158,"[1,1,1,1,1,1,1,1,1,1,1,1,1]"
monil.u@somaiya.edu,Monil,Tushar,Umrania,5,"[Logistics and supply chain management,Entrepreneurship Management and Business Planning,French,German,Finance 4.0,Event management,Marketing 4.0,Retail Management,Sales and Distribution Management,Strategic cost management,Direct Tax,HR Accounting and Audit,Performance Management and Career Planning]","[Theory,Theory,Theory,Theory,Theory,Theory,Theory,Theory,Theory,Theory,Theory,Theory,Theory]",Bachelor of Business Administration,31010722159,"[1,1,1,1,1,1,1,1,1,1,1,1,1]"
hitendra.u@somaiya.edu,Hitendra,Ramakant,Uniyal,5,"[Logistics and supply chain management,Entrepreneurship Management and Business Planning,French,German,Finance 4.0,Event management,Marketing 4.0,Retail Management,Sales and Distribution Management,Strategic cost management,Direct Tax,HR Accounting and Audit,Performance Management and Career Planning]","[Theory,Theory,Theory,Theory,Theory,Theory,Theory,Theory,Theory,Theory,Theory,Theory,Theory]",Bachelor of Business Administration,31010722160,"[1,1,1,1,1,1,1,1,1,1,1,1,1]"
soumya.vaishnav@somaiya.edu,Soumya,Deepak,Vaishnav,5,"[Logistics and supply chain management,Entrepreneurship Management and Business Planning,French,German,Finance 4.0,Event management,Marketing 4.0,Retail Management,Sales and Distribution Management,Strategic cost management,Direct Tax,HR Accounting and Audit,Performance Management and Career Planning]","[Theory,Theory,Theory,Theory,Theory,Theory,Theory,Theory,Theory,Theory,Theory,Theory,Theory]",Bachelor of Business Administration,31010722162,"[1,1,1,1,1,1,1,1,1,1,1,1,1]"
yash.sv@somaiya.edu,Yash,Samir,Vora,5,"[Logistics and supply chain management,Entrepreneurship Management and Business Planning,French,German,Finance 4.0,Event management,Marketing 4.0,Retail Management,Sales and Distribution Management,Strategic cost management,Direct Tax,HR Accounting and Audit,Performance Management and Career Planning]","[Theory,Theory,Theory,Theory,Theory,Theory,Theory,Theory,Theory,Theory,Theory,Theory,Theory]",Bachelor of Business Administration,31010722164,"[1,1,1,1,1,1,1,1,1,1,1,1,1]"
grisha.gandhi@somaiya.edu,Grisha,Bhavesh,Gandhi,5,"[Direct Tax,Strategic Financial Management,Risk Management,Portfolio Management,Service Marketing,Media Planning and Management,Tourism Marketing,Customer Relationship Management,Logistics and supply chain management]","[Theory,Theory,Theory,Theory,Theory,Theory,Theory,Theory,Theory]",Bachelor of Business Management,31010621025,"[1,1,1,1,1,1,1,1,1]"
pratapsingh.r@somaiya.edu,Pratapsingh,Ravindrasingh,Rathod,5,"[Direct Tax,Strategic Financial Management,Risk Management,Portfolio Management,Service Marketing,Media Planning and Management,Tourism Marketing,Customer Relationship Management,Logistics and supply chain management]","[Theory,Theory,Theory,Theory,Theory,Theory,Theory,Theory,Theory]",Bachelor of Business Management,31010621085,"[1,1,1,1,1,1,1,1,1]"
mark.v@somaiya.edu,Mark,Sam,Varghese,5,"[Direct Tax,Strategic Financial Management,Risk Management,Portfolio Management,Service Marketing,Media Planning and Management,Tourism Marketing,Customer Relationship Management,Logistics and supply chain management]","[Theory,Theory,Theory,Theory,Theory,Theory,Theory,Theory,Theory]",Bachelor of Business Management,31010621115,"[1,1,1,1,1,1,1,1,1]"
yash.bhagat@somaiya.edu,Yash,Ganesh,Bhagat,5,"[Direct Tax,Strategic Financial Management,Risk Management,Portfolio Management,Service Marketing,Media Planning and Management,Tourism Marketing,Customer Relationship Management,Logistics and supply chain management]","[Theory,Theory,Theory,Theory,Theory,Theory,Theory,Theory,Theory]",Bachelor of Business Management,31010621159,"[1,1,1,1,1,1,1,1,1]"
purva.jp@somaiya.edu,Purva,Jaywant,Patil,5,"[Direct Tax,Strategic Financial Management,Risk Management,Portfolio Management,Service Marketing,Media Planning and Management,Tourism Marketing,Customer Relationship Management,Logistics and supply chain management]","[Theory,Theory,Theory,Theory,Theory,Theory,Theory,Theory,Theory]",Bachelor of Business Management,31010621174,"[1,1,1,1,1,1,1,1,1]"
sidhaant.rao@somaiya.edu,Sidhaant,Srinivasan,Rao,5,"[Direct Tax,Strategic Financial Management,Risk Management,Portfolio Management,Service Marketing,Media Planning and Management,Tourism Marketing,Customer Relationship Management,Logistics and supply chain management]","[Theory,Theory,Theory,Theory,Theory,Theory,Theory,Theory,Theory]",Bachelor of Business Management,31010621205,"[1,1,1,1,1,1,1,1,1]"
vanshikha.a@somaiya.edu,Vanshikha,,Agarwal,5,"[Direct Tax,Strategic Financial Management,Risk Management,Portfolio Management,Service Marketing,Media Planning and Management,Tourism Marketing,Customer Relationship Management,Logistics and supply chain management]","[Theory,Theory,Theory,Theory,Theory,Theory,Theory,Theory,Theory]",Bachelor of Business Management,31010622001,"[1,1,1,1,1,1,1,1,1]"
nihar.a@somaiya.edu,Nihar,Ajay,Agrawal,5,"[Direct Tax,Strategic Financial Management,Risk Management,Portfolio Management,Service Marketing,Media Planning and Management,Tourism Marketing,Customer Relationship Management,Logistics and supply chain management]","[Theory,Theory,Theory,Theory,Theory,Theory,Theory,Theory,Theory]",Bachelor of Business Management,31010622002,"[1,1,1,1,1,1,1,1,1]"
r.ahluwalia@somaiya.edu,Rishabh,Vijay,Ahluwalia,5,"[Direct Tax,Strategic Financial Management,Risk Management,Portfolio Management,Service Marketing,Media Planning and Management,Tourism Marketing,Customer Relationship Management,Logistics and supply chain management]","[Theory,Theory,Theory,Theory,Theory,Theory,Theory,Theory,Theory]",Bachelor of Business Management,31010622003,"[1,1,1,1,1,1,1,1,1]"
angadbirsingh.a@somaiya.edu,Angadbir,Singh,Arora,5,"[Direct Tax,Strategic Financial Management,Risk Management,Portfolio Management,Service Marketing,Media Planning and Management,Tourism Marketing,Customer Relationship Management,Logistics and supply chain management]","[Theory,Theory,Theory,Theory,Theory,Theory,Theory,Theory,Theory]",Bachelor of Business Management,31010622004,"[1,1,1,1,1,1,1,1,1]"
chanchal.beria@somaiya.edu,Chanchal,Sandeep,Beria,5,"[Direct Tax,Strategic Financial Management,Risk Management,Portfolio Management,Service Marketing,Media Planning and Management,Tourism Marketing,Customer Relationship Management,Logistics and supply chain management]","[Theory,Theory,Theory,Theory,Theory,Theory,Theory,Theory,Theory]",Bachelor of Business Management,31010622005,"[1,1,1,1,1,1,1,1,1]"
harsh.bhandare@somaiya.edu,Harsh,Gajanan,Bhandare,5,"[Direct Tax,Strategic Financial Management,Risk Management,Portfolio Management,Service Marketing,Media Planning and Management,Tourism Marketing,Customer Relationship Management,Logistics and supply chain management]","[Theory,Theory,Theory,Theory,Theory,Theory,Theory,Theory,Theory]",Bachelor of Business Management,31010622006,"[1,1,1,1,1,1,1,1,1]"
gautam.bhojane@somaiya.edu,Gautam,,Bhojane,5,"[Direct Tax,Strategic Financial Management,Risk Management,Portfolio Management,Service Marketing,Media Planning and Management,Tourism Marketing,Customer Relationship Management,Logistics and supply chain management]","[Theory,Theory,Theory,Theory,Theory,Theory,Theory,Theory,Theory]",Bachelor of Business Management,31010622010,"[1,1,1,1,1,1,1,1,1]"
siddhi.bora@somaiya.edu,Siddhi,Manoj,Bora,5,"[Direct Tax,Strategic Financial Management,Risk Management,Portfolio Management,Service Marketing,Media Planning and Management,Tourism Marketing,Customer Relationship Management,Logistics and supply chain management]","[Theory,Theory,Theory,Theory,Theory,Theory,Theory,Theory,Theory]",Bachelor of Business Management,31010622011,"[1,1,1,1,1,1,1,1,1]"
prem.c@somaiya.edu,Prem,A,Chaggani,5,"[Direct Tax,Strategic Financial Management,Risk Management,Portfolio Management,Service Marketing,Media Planning and Management,Tourism Marketing,Customer Relationship Management,Logistics and supply chain management]","[Theory,Theory,Theory,Theory,Theory,Theory,Theory,Theory,Theory]",Bachelor of Business Management,31010622012,"[1,1,1,1,1,1,1,1,1]"
jas.chandan@somaiya.edu,Jas,Nirav,Chandan,5,"[Direct Tax,Strategic Financial Management,Risk Management,Portfolio Management,Service Marketing,Media Planning and Management,Tourism Marketing,Customer Relationship Management,Logistics and supply chain management]","[Theory,Theory,Theory,Theory,Theory,Theory,Theory,Theory,Theory]",Bachelor of Business Management,31010622013,"[1,1,1,1,1,1,1,1,1]"
chaubey.s@somaiya.edu,Sameeksha,,Chaubey,5,"[Direct Tax,Strategic Financial Management,Risk Management,Portfolio Management,Service Marketing,Media Planning and Management,Tourism Marketing,Customer Relationship Management,Logistics and supply chain management]","[Theory,Theory,Theory,Theory,Theory,Theory,Theory,Theory,Theory]",Bachelor of Business Management,31010622015,"[1,1,1,1,1,1,1,1,1]"
tanish.chipper@somaiya.edu,Tanish,,Chipper,5,"[Direct Tax,Strategic Financial Management,Risk Management,Portfolio Management,Service Marketing,Media Planning and Management,Tourism Marketing,Customer Relationship Management,Logistics and supply chain management]","[Theory,Theory,Theory,Theory,Theory,Theory,Theory,Theory,Theory]",Bachelor of Business Management,31010622018,"[1,1,1,1,1,1,1,1,1]"
rishab.chopra@somaiya.edu,Rishab,Sunil,Chopra,5,"[Direct Tax,Strategic Financial Management,Risk Management,Portfolio Management,Service Marketing,Media Planning and Management,Tourism Marketing,Customer Relationship Management,Logistics and supply chain management]","[Theory,Theory,Theory,Theory,Theory,Theory,Theory,Theory,Theory]",Bachelor of Business Management,31010622019,"[1,1,1,1,1,1,1,1,1]"
vidhi.chotaliya@somaiya.edu,Vidhi,Sachin,Chotaliya,5,"[Direct Tax,Strategic Financial Management,Risk Management,Portfolio Management,Service Marketing,Media Planning and Management,Tourism Marketing,Customer Relationship Management,Logistics and supply chain management]","[Theory,Theory,Theory,Theory,Theory,Theory,Theory,Theory,Theory]",Bachelor of Business Management,31010622020,"[1,1,1,1,1,1,1,1,1]"
chanpreetkaur.c@somaiya.edu,Chanpreet,Kaur,Chouhan,5,"[Direct Tax,Strategic Financial Management,Risk Management,Portfolio Management,Service Marketing,Media Planning and Management,Tourism Marketing,Customer Relationship Management,Logistics and supply chain management]","[Theory,Theory,Theory,Theory,Theory,Theory,Theory,Theory,Theory]",Bachelor of Business Management,31010622021,"[1,1,1,1,1,1,1,1,1]"
vikram.dangi@somaiya.edu,Vikram,Padam,Dangi,5,"[Direct Tax,Strategic Financial Management,Risk Management,Portfolio Management,Service Marketing,Media Planning and Management,Tourism Marketing,Customer Relationship Management,Logistics and supply chain management]","[Theory,Theory,Theory,Theory,Theory,Theory,Theory,Theory,Theory]",Bachelor of Business Management,31010622023,"[1,1,1,1,1,1,1,1,1]"
shreenivas.d@somaiya.edu,Shreenivas,Sandeep,Dani,5,"[Direct Tax,Strategic Financial Management,Risk Management,Portfolio Management,Service Marketing,Media Planning and Management,Tourism Marketing,Customer Relationship Management,Logistics and supply chain management]","[Theory,Theory,Theory,Theory,Theory,Theory,Theory,Theory,Theory]",Bachelor of Business Management,31010622024,"[1,1,1,1,1,1,1,1,1]"
darshil.dedhia@somaiya.edu,Darshil,Haresh,Dedhia,5,"[Direct Tax,Strategic Financial Management,Risk Management,Portfolio Management,Service Marketing,Media Planning and Management,Tourism Marketing,Customer Relationship Management,Logistics and supply chain management]","[Theory,Theory,Theory,Theory,Theory,Theory,Theory,Theory,Theory]",Bachelor of Business Management,31010622025,"[1,1,1,1,1,1,1,1,1]"
urmi.md@somaiya.edu,Urmi,Manish,Doshi,5,"[Direct Tax,Strategic Financial Management,Risk Management,Portfolio Management,Service Marketing,Media Planning and Management,Tourism Marketing,Customer Relationship Management,Logistics and supply chain management]","[Theory,Theory,Theory,Theory,Theory,Theory,Theory,Theory,Theory]",Bachelor of Business Management,31010622026,"[1,1,1,1,1,1,1,1,1]"
anwesha.d@somaiya.edu,Anwesha,,Dubey,5,"[Direct Tax,Strategic Financial Management,Risk Management,Portfolio Management,Service Marketing,Media Planning and Management,Tourism Marketing,Customer Relationship Management,Logistics and supply chain management]","[Theory,Theory,Theory,Theory,Theory,Theory,Theory,Theory,Theory]",Bachelor of Business Management,31010622027,"[1,1,1,1,1,1,1,1,1]"
nirag.g@somaiya.edu,Nirag,Vipul,Gandhi,5,"[Direct Tax,Strategic Financial Management,Risk Management,Portfolio Management,Service Marketing,Media Planning and Management,Tourism Marketing,Customer Relationship Management,Logistics and supply chain management]","[Theory,Theory,Theory,Theory,Theory,Theory,Theory,Theory,Theory]",Bachelor of Business Management,31010622029,"[1,1,1,1,1,1,1,1,1]"
siya.dg@somaiya.edu,Siya,Deven,Gandhi,5,"[Direct Tax,Strategic Financial Management,Risk Management,Portfolio Management,Service Marketing,Media Planning and Management,Tourism Marketing,Customer Relationship Management,Logistics and supply chain management]","[Theory,Theory,Theory,Theory,Theory,Theory,Theory,Theory,Theory]",Bachelor of Business Management,31010622030,"[1,1,1,1,1,1,1,1,1]"
s.gattani@somaiya.edu,Sudhanshu,Pankaj,Gattani,5,"[Direct Tax,Strategic Financial Management,Risk Management,Portfolio Management,Service Marketing,Media Planning and Management,Tourism Marketing,Customer Relationship Management,Logistics and supply chain management]","[Theory,Theory,Theory,Theory,Theory,Theory,Theory,Theory,Theory]",Bachelor of Business Management,31010622031,"[1,1,1,1,1,1,1,1,1]"
akshat.ghelani@somaiya.edu,Akshat,Nikhil,Ghelani,5,"[Direct Tax,Strategic Financial Management,Risk Management,Portfolio Management,Service Marketing,Media Planning and Management,Tourism Marketing,Customer Relationship Management,Logistics and supply chain management]","[Theory,Theory,Theory,Theory,Theory,Theory,Theory,Theory,Theory]",Bachelor of Business Management,31010622032,"[1,1,1,1,1,1,1,1,1]"
rayyan.g@somaiya.edu,Rayyan,Afzal,Golandaz,5,"[Direct Tax,Strategic Financial Management,Risk Management,Portfolio Management,Service Marketing,Media Planning and Management,Tourism Marketing,Customer Relationship Management,Logistics and supply chain management]","[Theory,Theory,Theory,Theory,Theory,Theory,Theory,Theory,Theory]",Bachelor of Business Management,31010622034,"[1,1,1,1,1,1,1,1,1]"
khushi.tg@somaiya.edu,Khushi,Tejas,Gosar,5,"[Direct Tax,Strategic Financial Management,Risk Management,Portfolio Management,Service Marketing,Media Planning and Management,Tourism Marketing,Customer Relationship Management,Logistics and supply chain management]","[Theory,Theory,Theory,Theory,Theory,Theory,Theory,Theory,Theory]",Bachelor of Business Management,31010622035,"[1,1,1,1,1,1,1,1,1]"
tirth.gudhka@somaiya.edu,Tirth,Anish,Gudhka,5,"[Direct Tax,Strategic Financial Management,Risk Management,Portfolio Management,Service Marketing,Media Planning and Management,Tourism Marketing,Customer Relationship Management,Logistics and supply chain management]","[Theory,Theory,Theory,Theory,Theory,Theory,Theory,Theory,Theory]",Bachelor of Business Management,31010622036,"[1,1,1,1,1,1,1,1,1]"
chirag.gundecha@somaiya.edu,Chirag,Vaibhav,Gundecha,5,"[Direct Tax,Strategic Financial Management,Risk Management,Portfolio Management,Service Marketing,Media Planning and Management,Tourism Marketing,Customer Relationship Management,Logistics and supply chain management]","[Theory,Theory,Theory,Theory,Theory,Theory,Theory,Theory,Theory]",Bachelor of Business Management,31010622037,"[1,1,1,1,1,1,1,1,1]"
akshat.jain1@somaiya.edu,Akshat,Shailesh,Jain,5,"[Direct Tax,Strategic Financial Management,Risk Management,Portfolio Management,Service Marketing,Media Planning and Management,Tourism Marketing,Customer Relationship Management,Logistics and supply chain management]","[Theory,Theory,Theory,Theory,Theory,Theory,Theory,Theory,Theory]",Bachelor of Business Management,31010622045,"[1,1,1,1,1,1,1,1,1]"
aryan.rj@somaiya.edu,Aryan,Rajesh,Jain,5,"[Direct Tax,Strategic Financial Management,Risk Management,Portfolio Management,Service Marketing,Media Planning and Management,Tourism Marketing,Customer Relationship Management,Logistics and supply chain management]","[Theory,Theory,Theory,Theory,Theory,Theory,Theory,Theory,Theory]",Bachelor of Business Management,31010622046,"[1,1,1,1,1,1,1,1,1]"
kushal.j@somaiya.edu,Kushal,Sanjay,Jain,5,"[Direct Tax,Strategic Financial Management,Risk Management,Portfolio Management,Service Marketing,Media Planning and Management,Tourism Marketing,Customer Relationship Management,Logistics and supply chain management]","[Theory,Theory,Theory,Theory,Theory,Theory,Theory,Theory,Theory]",Bachelor of Business Management,31010622050,"[1,1,1,1,1,1,1,1,1]"
lavish.jain@somaiya.edu,Lavish,Sudhir,Jain,5,"[Direct Tax,Strategic Financial Management,Risk Management,Portfolio Management,Service Marketing,Media Planning and Management,Tourism Marketing,Customer Relationship Management,Logistics and supply chain management]","[Theory,Theory,Theory,Theory,Theory,Theory,Theory,Theory,Theory]",Bachelor of Business Management,31010622051,"[1,1,1,1,1,1,1,1,1]"
a.jaiswal@somaiya.edu,Ansh,Santosh,Jaiswal,5,"[Direct Tax,Strategic Financial Management,Risk Management,Portfolio Management,Service Marketing,Media Planning and Management,Tourism Marketing,Customer Relationship Management,Logistics and supply chain management]","[Theory,Theory,Theory,Theory,Theory,Theory,Theory,Theory,Theory]",Bachelor of Business Management,31010622054,"[1,1,1,1,1,1,1,1,1]"
joshi.r@somaiya.edu,Rishita,,Joshi,5,"[Direct Tax,Strategic Financial Management,Risk Management,Portfolio Management,Service Marketing,Media Planning and Management,Tourism Marketing,Customer Relationship Management,Logistics and supply chain management]","[Theory,Theory,Theory,Theory,Theory,Theory,Theory,Theory,Theory]",Bachelor of Business Management,31010622057,"[1,1,1,1,1,1,1,1,1]"
shreya.j@somaiya.edu,Shreya,,Joshi,5,"[Direct Tax,Strategic Financial Management,Risk Management,Portfolio Management,Service Marketing,Media Planning and Management,Tourism Marketing,Customer Relationship Management,Logistics and supply chain management]","[Theory,Theory,Theory,Theory,Theory,Theory,Theory,Theory,Theory]",Bachelor of Business Management,31010622058,"[1,1,1,1,1,1,1,1,1]"
heet.kalariya@somaiya.edu,Heet,Narendra,Kalariya,5,"[Direct Tax,Strategic Financial Management,Risk Management,Portfolio Management,Service Marketing,Media Planning and Management,Tourism Marketing,Customer Relationship Management,Logistics and supply chain management]","[Theory,Theory,Theory,Theory,Theory,Theory,Theory,Theory,Theory]",Bachelor of Business Management,31010622060,"[1,1,1,1,1,1,1,1,1]"
arya.kamble@somaiya.edu,Arya,Abhimanyu,Kamble,5,"[Direct Tax,Strategic Financial Management,Risk Management,Portfolio Management,Service Marketing,Media Planning and Management,Tourism Marketing,Customer Relationship Management,Logistics and supply chain management]","[Theory,Theory,Theory,Theory,Theory,Theory,Theory,Theory,Theory]",Bachelor of Business Management,31010622062,"[1,1,1,1,1,1,1,1,1]"
dhruvi.kapadia@somaiya.edu,Dhruvi,Jayesh,Kapadia,5,"[Direct Tax,Strategic Financial Management,Risk Management,Portfolio Management,Service Marketing,Media Planning and Management,Tourism Marketing,Customer Relationship Management,Logistics and supply chain management]","[Theory,Theory,Theory,Theory,Theory,Theory,Theory,Theory,Theory]",Bachelor of Business Management,31010622063,"[1,1,1,1,1,1,1,1,1]"
om.katira@somaiya.edu,Om,Jayant,Katira,5,"[Direct Tax,Strategic Financial Management,Risk Management,Portfolio Management,Service Marketing,Media Planning and Management,Tourism Marketing,Customer Relationship Management,Logistics and supply chain management]","[Theory,Theory,Theory,Theory,Theory,Theory,Theory,Theory,Theory]",Bachelor of Business Management,31010622064,"[1,1,1,1,1,1,1,1,1]"
aayan.khan@somaiya.edu,Aayan,,Khan,5,"[Direct Tax,Strategic Financial Management,Risk Management,Portfolio Management,Service Marketing,Media Planning and Management,Tourism Marketing,Customer Relationship Management,Logistics and supply chain management]","[Theory,Theory,Theory,Theory,Theory,Theory,Theory,Theory,Theory]",Bachelor of Business Management,31010622065,"[1,1,1,1,1,1,1,1,1]"
sahil.lk@somaiya.edu,Sahil,Lalitkumar,Kothari,5,"[Direct Tax,Strategic Financial Management,Risk Management,Portfolio Management,Service Marketing,Media Planning and Management,Tourism Marketing,Customer Relationship Management,Logistics and supply chain management]","[Theory,Theory,Theory,Theory,Theory,Theory,Theory,Theory,Theory]",Bachelor of Business Management,31010622071,"[1,1,1,1,1,1,1,1,1]"
hemant.kumbhar@somaiya.edu,Hemant,Bhagwan,Kumbhar,5,"[Direct Tax,Strategic Financial Management,Risk Management,Portfolio Management,Service Marketing,Media Planning and Management,Tourism Marketing,Customer Relationship Management,Logistics and supply chain management]","[Theory,Theory,Theory,Theory,Theory,Theory,Theory,Theory,Theory]",Bachelor of Business Management,31010622072,"[1,1,1,1,1,1,1,1,1]"
harshita.k@somaiya.edu,Harshita,Ramapati,Kushwaha,5,"[Direct Tax,Strategic Financial Management,Risk Management,Portfolio Management,Service Marketing,Media Planning and Management,Tourism Marketing,Customer Relationship Management,Logistics and supply chain management]","[Theory,Theory,Theory,Theory,Theory,Theory,Theory,Theory,Theory]",Bachelor of Business Management,31010622073,"[1,1,1,1,1,1,1,1,1]"
sahil.lakum@somaiya.edu,Sahil,,Lakum,5,"[Direct Tax,Strategic Financial Management,Risk Management,Portfolio Management,Service Marketing,Media Planning and Management,Tourism Marketing,Customer Relationship Management,Logistics and supply chain management]","[Theory,Theory,Theory,Theory,Theory,Theory,Theory,Theory,Theory]",Bachelor of Business Management,31010622074,"[1,1,1,1,1,1,1,1,1]"
ruchie.l@somaiya.edu,Ruchie,Prashant,Lathia,5,"[Direct Tax,Strategic Financial Management,Risk Management,Portfolio Management,Service Marketing,Media Planning and Management,Tourism Marketing,Customer Relationship Management,Logistics and supply chain management]","[Theory,Theory,Theory,Theory,Theory,Theory,Theory,Theory,Theory]",Bachelor of Business Management,31010622075,"[1,1,1,1,1,1,1,1,1]"
ananya.l@somaiya.edu,Ananya,Ashish,Limaye,5,"[Direct Tax,Strategic Financial Management,Risk Management,Portfolio Management,Service Marketing,Media Planning and Management,Tourism Marketing,Customer Relationship Management,Logistics and supply chain management]","[Theory,Theory,Theory,Theory,Theory,Theory,Theory,Theory,Theory]",Bachelor of Business Management,31010622076,"[1,1,1,1,1,1,1,1,1]"
palak.lodha@somaiya.edu,Palak,Mahesh,Lodha,5,"[Direct Tax,Strategic Financial Management,Risk Management,Portfolio Management,Service Marketing,Media Planning and Management,Tourism Marketing,Customer Relationship Management,Logistics and supply chain management]","[Theory,Theory,Theory,Theory,Theory,Theory,Theory,Theory,Theory]",Bachelor of Business Management,31010622077,"[1,1,1,1,1,1,1,1,1]"
shaan.l@somaiya.edu,Shaan,Sameer,Lolayekar,5,"[Direct Tax,Strategic Financial Management,Risk Management,Portfolio Management,Service Marketing,Media Planning and Management,Tourism Marketing,Customer Relationship Management,Logistics and supply chain management]","[Theory,Theory,Theory,Theory,Theory,Theory,Theory,Theory,Theory]",Bachelor of Business Management,31010622078,"[1,1,1,1,1,1,1,1,1]"
abhishek.mahale@somaiya.edu,Abhishek,Pravin,Mahale,5,"[Direct Tax,Strategic Financial Management,Risk Management,Portfolio Management,Service Marketing,Media Planning and Management,Tourism Marketing,Customer Relationship Management,Logistics and supply chain management]","[Theory,Theory,Theory,Theory,Theory,Theory,Theory,Theory,Theory]",Bachelor of Business Management,31010622079,"[1,1,1,1,1,1,1,1,1]"
anshita.m@somaiya.edu,Anshita,Ashok,Maheshwari,5,"[Direct Tax,Strategic Financial Management,Risk Management,Portfolio Management,Service Marketing,Media Planning and Management,Tourism Marketing,Customer Relationship Management,Logistics and supply chain management]","[Theory,Theory,Theory,Theory,Theory,Theory,Theory,Theory,Theory]",Bachelor of Business Management,31010622080,"[1,1,1,1,1,1,1,1,1]"
bhaumik.m@somaiya.edu,Bhaumik,Nayan,Maisheri,5,"[Direct Tax,Strategic Financial Management,Risk Management,Portfolio Management,Service Marketing,Media Planning and Management,Tourism Marketing,Customer Relationship Management,Logistics and supply chain management]","[Theory,Theory,Theory,Theory,Theory,Theory,Theory,Theory,Theory]",Bachelor of Business Management,31010622081,"[1,1,1,1,1,1,1,1,1]"
dhruv.mane@somaiya.edu,Dhruv,Milind,Mane,5,"[Direct Tax,Strategic Financial Management,Risk Management,Portfolio Management,Service Marketing,Media Planning and Management,Tourism Marketing,Customer Relationship Management,Logistics and supply chain management]","[Theory,Theory,Theory,Theory,Theory,Theory,Theory,Theory,Theory]",Bachelor of Business Management,31010622082,"[1,1,1,1,1,1,1,1,1]"
anisha.marathe@somaiya.edu,Anisha,Anand,Marathe,5,"[Direct Tax,Strategic Financial Management,Risk Management,Portfolio Management,Service Marketing,Media Planning and Management,Tourism Marketing,Customer Relationship Management,Logistics and supply chain management]","[Theory,Theory,Theory,Theory,Theory,Theory,Theory,Theory,Theory]",Bachelor of Business Management,31010622083,"[1,1,1,1,1,1,1,1,1]"
pratham.maru@somaiya.edu,Pratham,Mahesh,Maru,5,"[Direct Tax,Strategic Financial Management,Risk Management,Portfolio Management,Service Marketing,Media Planning and Management,Tourism Marketing,Customer Relationship Management,Logistics and supply chain management]","[Theory,Theory,Theory,Theory,Theory,Theory,Theory,Theory,Theory]",Bachelor of Business Management,31010622084,"[1,1,1,1,1,1,1,1,1]"
dhvani17@somaiya.edu,Dhvani,Mehul,Mehta,5,"[Direct Tax,Strategic Financial Management,Risk Management,Portfolio Management,Service Marketing,Media Planning and Management,Tourism Marketing,Customer Relationship Management,Logistics and supply chain management]","[Theory,Theory,Theory,Theory,Theory,Theory,Theory,Theory,Theory]",Bachelor of Business Management,31010622087,"[1,1,1,1,1,1,1,1,1]"
kriti.mehta@somaiya.edu,Kriti,Pranlal,Mehta,5,"[Direct Tax,Strategic Financial Management,Risk Management,Portfolio Management,Service Marketing,Media Planning and Management,Tourism Marketing,Customer Relationship Management,Logistics and supply chain management]","[Theory,Theory,Theory,Theory,Theory,Theory,Theory,Theory,Theory]",Bachelor of Business Management,31010622088,"[1,1,1,1,1,1,1,1,1]"
d.mishra@somaiya.edu,Dhruv,,Mishra,5,"[Direct Tax,Strategic Financial Management,Risk Management,Portfolio Management,Service Marketing,Media Planning and Management,Tourism Marketing,Customer Relationship Management,Logistics and supply chain management]","[Theory,Theory,Theory,Theory,Theory,Theory,Theory,Theory,Theory]",Bachelor of Business Management,31010622091,"[1,1,1,1,1,1,1,1,1]"
vaasu.mittal@somaiya.edu,Vaasu,Deven,Mittal,5,"[Direct Tax,Strategic Financial Management,Risk Management,Portfolio Management,Service Marketing,Media Planning and Management,Tourism Marketing,Customer Relationship Management,Logistics and supply chain management]","[Theory,Theory,Theory,Theory,Theory,Theory,Theory,Theory,Theory]",Bachelor of Business Management,31010622092,"[1,1,1,1,1,1,1,1,1]"
manish.maurya@somaiya.edu,Manish,Bharat,Mourya,5,"[Direct Tax,Strategic Financial Management,Risk Management,Portfolio Management,Service Marketing,Media Planning and Management,Tourism Marketing,Customer Relationship Management,Logistics and supply chain management]","[Theory,Theory,Theory,Theory,Theory,Theory,Theory,Theory,Theory]",Bachelor of Business Management,31010622093,"[1,1,1,1,1,1,1,1,1]"
ami.nagda@somaiya.edu,Ami,Divyesh,Nagda,5,"[Direct Tax,Strategic Financial Management,Risk Management,Portfolio Management,Service Marketing,Media Planning and Management,Tourism Marketing,Customer Relationship Management,Logistics and supply chain management]","[Theory,Theory,Theory,Theory,Theory,Theory,Theory,Theory,Theory]",Bachelor of Business Management,31010622094,"[1,1,1,1,1,1,1,1,1]"
simin.naik@somaiya.edu,Simin,Iftekhar,Naik,5,"[Direct Tax,Strategic Financial Management,Risk Management,Portfolio Management,Service Marketing,Media Planning and Management,Tourism Marketing,Customer Relationship Management,Logistics and supply chain management]","[Theory,Theory,Theory,Theory,Theory,Theory,Theory,Theory,Theory]",Bachelor of Business Management,31010622095,"[1,1,1,1,1,1,1,1,1]"
devesh.n@somaiya.edu,Devesh,Naresh,Nandanwar,5,"[Direct Tax,Strategic Financial Management,Risk Management,Portfolio Management,Service Marketing,Media Planning and Management,Tourism Marketing,Customer Relationship Management,Logistics and supply chain management]","[Theory,Theory,Theory,Theory,Theory,Theory,Theory,Theory,Theory]",Bachelor of Business Management,31010622096,"[1,1,1,1,1,1,1,1,1]"
harsh.pp@somaiya.edu,Harsh,Parmatmaram,Pal,5,"[Direct Tax,Strategic Financial Management,Risk Management,Portfolio Management,Service Marketing,Media Planning and Management,Tourism Marketing,Customer Relationship Management,Logistics and supply chain management]","[Theory,Theory,Theory,Theory,Theory,Theory,Theory,Theory,Theory]",Bachelor of Business Management,31010622097,"[1,1,1,1,1,1,1,1,1]"
harsh.patel@somaiya.edu,Harsh,Nilesh,Patel,5,"[Direct Tax,Strategic Financial Management,Risk Management,Portfolio Management,Service Marketing,Media Planning and Management,Tourism Marketing,Customer Relationship Management,Logistics and supply chain management]","[Theory,Theory,Theory,Theory,Theory,Theory,Theory,Theory,Theory]",Bachelor of Business Management,31010622099,"[1,1,1,1,1,1,1,1,1]"
jai.pp@somaiya.edu,Jai,Piyush,Patel,5,"[Direct Tax,Strategic Financial Management,Risk Management,Portfolio Management,Service Marketing,Media Planning and Management,Tourism Marketing,Customer Relationship Management,Logistics and supply chain management]","[Theory,Theory,Theory,Theory,Theory,Theory,Theory,Theory,Theory]",Bachelor of Business Management,31010622101,"[1,1,1,1,1,1,1,1,1]"
kush.p@somaiya.edu,Kush,Damodar,Patel,5,"[Direct Tax,Strategic Financial Management,Risk Management,Portfolio Management,Service Marketing,Media Planning and Management,Tourism Marketing,Customer Relationship Management,Logistics and supply chain management]","[Theory,Theory,Theory,Theory,Theory,Theory,Theory,Theory,Theory]",Bachelor of Business Management,31010622102,"[1,1,1,1,1,1,1,1,1]"
soham.mp@somaiya.edu,Soham,Madhukar,Patil,5,"[Direct Tax,Strategic Financial Management,Risk Management,Portfolio Management,Service Marketing,Media Planning and Management,Tourism Marketing,Customer Relationship Management,Logistics and supply chain management]","[Theory,Theory,Theory,Theory,Theory,Theory,Theory,Theory,Theory]",Bachelor of Business Management,31010622105,"[1,1,1,1,1,1,1,1,1]"
jhalak.p@somaiya.edu,Jhalak,Kirti,Pavani,5,"[Direct Tax,Strategic Financial Management,Risk Management,Portfolio Management,Service Marketing,Media Planning and Management,Tourism Marketing,Customer Relationship Management,Logistics and supply chain management]","[Theory,Theory,Theory,Theory,Theory,Theory,Theory,Theory,Theory]",Bachelor of Business Management,31010622106,"[1,1,1,1,1,1,1,1,1]"
nirzari.pawar@somaiya.edu,Nirzari,Vijay,Pawar,5,"[Direct Tax,Strategic Financial Management,Risk Management,Portfolio Management,Service Marketing,Media Planning and Management,Tourism Marketing,Customer Relationship Management,Logistics and supply chain management]","[Theory,Theory,Theory,Theory,Theory,Theory,Theory,Theory,Theory]",Bachelor of Business Management,31010622107,"[1,1,1,1,1,1,1,1,1]"
rudra.p@somaiya.edu,Rudra,,Pillai,5,"[Direct Tax,Strategic Financial Management,Risk Management,Portfolio Management,Service Marketing,Media Planning and Management,Tourism Marketing,Customer Relationship Management,Logistics and supply chain management]","[Theory,Theory,Theory,Theory,Theory,Theory,Theory,Theory,Theory]",Bachelor of Business Management,31010622108,"[1,1,1,1,1,1,1,1,1]"
somil.popat@somaiya.edu,Somil,Yogesh,Popat,5,"[Direct Tax,Strategic Financial Management,Risk Management,Portfolio Management,Service Marketing,Media Planning and Management,Tourism Marketing,Customer Relationship Management,Logistics and supply chain management]","[Theory,Theory,Theory,Theory,Theory,Theory,Theory,Theory,Theory]",Bachelor of Business Management,31010622109,"[1,1,1,1,1,1,1,1,1]"
dev.pujara@somaiya.edu,Dev,Haresh,Pujara,5,"[Direct Tax,Strategic Financial Management,Risk Management,Portfolio Management,Service Marketing,Media Planning and Management,Tourism Marketing,Customer Relationship Management,Logistics and supply chain management]","[Theory,Theory,Theory,Theory,Theory,Theory,Theory,Theory,Theory]",Bachelor of Business Management,31010622111,"[1,1,1,1,1,1,1,1,1]"
prachi.rai@somaiya.edu,Prachi,,Rai,5,"[Direct Tax,Strategic Financial Management,Risk Management,Portfolio Management,Service Marketing,Media Planning and Management,Tourism Marketing,Customer Relationship Management,Logistics and supply chain management]","[Theory,Theory,Theory,Theory,Theory,Theory,Theory,Theory,Theory]",Bachelor of Business Management,31010622112,"[1,1,1,1,1,1,1,1,1]"
darshan.rajawat@somaiya.edu,Darshan,Hemant,Rajawat,5,"[Direct Tax,Strategic Financial Management,Risk Management,Portfolio Management,Service Marketing,Media Planning and Management,Tourism Marketing,Customer Relationship Management,Logistics and supply chain management]","[Theory,Theory,Theory,Theory,Theory,Theory,Theory,Theory,Theory]",Bachelor of Business Management,31010622113,"[1,1,1,1,1,1,1,1,1]"
rakshada.r@somaiya.edu,Rakshada,Ulhas,Rane,5,"[Direct Tax,Strategic Financial Management,Risk Management,Portfolio Management,Service Marketing,Media Planning and Management,Tourism Marketing,Customer Relationship Management,Logistics and supply chain management]","[Theory,Theory,Theory,Theory,Theory,Theory,Theory,Theory,Theory]",Bachelor of Business Management,31010622115,"[1,1,1,1,1,1,1,1,1]"
sahil.dr@somaiya.edu,Sahil,Deviprasad,Rao,5,"[Direct Tax,Strategic Financial Management,Risk Management,Portfolio Management,Service Marketing,Media Planning and Management,Tourism Marketing,Customer Relationship Management,Logistics and supply chain management]","[Theory,Theory,Theory,Theory,Theory,Theory,Theory,Theory,Theory]",Bachelor of Business Management,31010622116,"[1,1,1,1,1,1,1,1,1]"
jhanvi.r@somaiya.edu,Jhanvi,Vinod,Rathod,5,"[Direct Tax,Strategic Financial Management,Risk Management,Portfolio Management,Service Marketing,Media Planning and Management,Tourism Marketing,Customer Relationship Management,Logistics and supply chain management]","[Theory,Theory,Theory,Theory,Theory,Theory,Theory,Theory,Theory]",Bachelor of Business Management,31010622117,"[1,1,1,1,1,1,1,1,1]"
n.salecha@somaiya.edu,Neeraj,Kumar,Salecha,5,"[Direct Tax,Strategic Financial Management,Risk Management,Portfolio Management,Service Marketing,Media Planning and Management,Tourism Marketing,Customer Relationship Management,Logistics and supply chain management]","[Theory,Theory,Theory,Theory,Theory,Theory,Theory,Theory,Theory]",Bachelor of Business Management,31010622118,"[1,1,1,1,1,1,1,1,1]"
nigam.s@somaiya.edu,Nigam,Paresh,Sanghavi,5,"[Direct Tax,Strategic Financial Management,Risk Management,Portfolio Management,Service Marketing,Media Planning and Management,Tourism Marketing,Customer Relationship Management,Logistics and supply chain management]","[Theory,Theory,Theory,Theory,Theory,Theory,Theory,Theory,Theory]",Bachelor of Business Management,31010622119,"[1,1,1,1,1,1,1,1,1]"
anishi.shah@somaiya.edu,Anishi,Dipesh,Shah,5,"[Direct Tax,Strategic Financial Management,Risk Management,Portfolio Management,Service Marketing,Media Planning and Management,Tourism Marketing,Customer Relationship Management,Logistics and supply chain management]","[Theory,Theory,Theory,Theory,Theory,Theory,Theory,Theory,Theory]",Bachelor of Business Management,31010622122,"[1,1,1,1,1,1,1,1,1]"
avi.s@somaiya.edu,Avi,Nilesh,Shah,5,"[Direct Tax,Strategic Financial Management,Risk Management,Portfolio Management,Service Marketing,Media Planning and Management,Tourism Marketing,Customer Relationship Management,Logistics and supply chain management]","[Theory,Theory,Theory,Theory,Theory,Theory,Theory,Theory,Theory]",Bachelor of Business Management,31010622123,"[1,1,1,1,1,1,1,1,1]"
heet.shah4@somaiya.edu,Heet,Deepak,Shah,5,"[Direct Tax,Strategic Financial Management,Risk Management,Portfolio Management,Service Marketing,Media Planning and Management,Tourism Marketing,Customer Relationship Management,Logistics and supply chain management]","[Theory,Theory,Theory,Theory,Theory,Theory,Theory,Theory,Theory]",Bachelor of Business Management,31010622125,"[1,1,1,1,1,1,1,1,1]"
nidhi.shah7@somaiya.edu,Nidhi,Ajay,Shah,5,"[Direct Tax,Strategic Financial Management,Risk Management,Portfolio Management,Service Marketing,Media Planning and Management,Tourism Marketing,Customer Relationship Management,Logistics and supply chain management]","[Theory,Theory,Theory,Theory,Theory,Theory,Theory,Theory,Theory]",Bachelor of Business Management,31010622127,"[1,1,1,1,1,1,1,1,1]"
rvs2@somaiya.edu,Ronak,Vijay,Shah,5,"[Direct Tax,Strategic Financial Management,Risk Management,Portfolio Management,Service Marketing,Media Planning and Management,Tourism Marketing,Customer Relationship Management,Logistics and supply chain management]","[Theory,Theory,Theory,Theory,Theory,Theory,Theory,Theory,Theory]",Bachelor of Business Management,31010622128,"[1,1,1,1,1,1,1,1,1]"
shubh.ns@somaiya.edu,Shubh,Nayan,Shah,5,"[Direct Tax,Strategic Financial Management,Risk Management,Portfolio Management,Service Marketing,Media Planning and Management,Tourism Marketing,Customer Relationship Management,Logistics and supply chain management]","[Theory,Theory,Theory,Theory,Theory,Theory,Theory,Theory,Theory]",Bachelor of Business Management,31010622130,"[1,1,1,1,1,1,1,1,1]"
samina.s@somaiya.edu,Samina,Salim,Shaikh,5,"[Direct Tax,Strategic Financial Management,Risk Management,Portfolio Management,Service Marketing,Media Planning and Management,Tourism Marketing,Customer Relationship Management,Logistics and supply chain management]","[Theory,Theory,Theory,Theory,Theory,Theory,Theory,Theory,Theory]",Bachelor of Business Management,31010622132,"[1,1,1,1,1,1,1,1,1]"
shereen.s@somaiya.edu,Shereen,Hafizullah,Shaikh,5,"[Direct Tax,Strategic Financial Management,Risk Management,Portfolio Management,Service Marketing,Media Planning and Management,Tourism Marketing,Customer Relationship Management,Logistics and supply chain management]","[Theory,Theory,Theory,Theory,Theory,Theory,Theory,Theory,Theory]",Bachelor of Business Management,31010622133,"[1,1,1,1,1,1,1,1,1]"
trisha22@somaiya.edu,Trisha,Vivek,Sharma,5,"[Direct Tax,Strategic Financial Management,Risk Management,Portfolio Management,Service Marketing,Media Planning and Management,Tourism Marketing,Customer Relationship Management,Logistics and supply chain management]","[Theory,Theory,Theory,Theory,Theory,Theory,Theory,Theory,Theory]",Bachelor of Business Management,31010622135,"[1,1,1,1,1,1,1,1,1]"
ruchira.shedge@somaiya.edu,Ruchira,Shashikant,Shedge,5,"[Direct Tax,Strategic Financial Management,Risk Management,Portfolio Management,Service Marketing,Media Planning and Management,Tourism Marketing,Customer Relationship Management,Logistics and supply chain management]","[Theory,Theory,Theory,Theory,Theory,Theory,Theory,Theory,Theory]",Bachelor of Business Management,31010622136,"[1,1,1,1,1,1,1,1,1]"
rushil.shimpi@somaiya.edu,Rushil,Pravin,Shimpi,5,"[Direct Tax,Strategic Financial Management,Risk Management,Portfolio Management,Service Marketing,Media Planning and Management,Tourism Marketing,Customer Relationship Management,Logistics and supply chain management]","[Theory,Theory,Theory,Theory,Theory,Theory,Theory,Theory,Theory]",Bachelor of Business Management,31010622138,"[1,1,1,1,1,1,1,1,1]"
mohammad.s@somaiya.edu,Mohammad,Safwan,Siddiqui,5,"[Direct Tax,Strategic Financial Management,Risk Management,Portfolio Management,Service Marketing,Media Planning and Management,Tourism Marketing,Customer Relationship Management,Logistics and supply chain management]","[Theory,Theory,Theory,Theory,Theory,Theory,Theory,Theory,Theory]",Bachelor of Business Management,31010622140,"[1,1,1,1,1,1,1,1,1]"
kirti.singh@somaiya.edu,Kirti,Santosh,Singh,5,"[Direct Tax,Strategic Financial Management,Risk Management,Portfolio Management,Service Marketing,Media Planning and Management,Tourism Marketing,Customer Relationship Management,Logistics and supply chain management]","[Theory,Theory,Theory,Theory,Theory,Theory,Theory,Theory,Theory]",Bachelor of Business Management,31010622141,"[1,1,1,1,1,1,1,1,1]"
pooja.ms@somaiya.edu,Pooja,Mangal,Singh,5,"[Direct Tax,Strategic Financial Management,Risk Management,Portfolio Management,Service Marketing,Media Planning and Management,Tourism Marketing,Customer Relationship Management,Logistics and supply chain management]","[Theory,Theory,Theory,Theory,Theory,Theory,Theory,Theory,Theory]",Bachelor of Business Management,31010622142,"[1,1,1,1,1,1,1,1,1]"
kapil.sisodia@somaiya.edu,Kapil,Chetan,Sisodia,5,"[Direct Tax,Strategic Financial Management,Risk Management,Portfolio Management,Service Marketing,Media Planning and Management,Tourism Marketing,Customer Relationship Management,Logistics and supply chain management]","[Theory,Theory,Theory,Theory,Theory,Theory,Theory,Theory,Theory]",Bachelor of Business Management,31010622143,"[1,1,1,1,1,1,1,1,1]"
aishani.sitani@somaiya.edu,Aishani,,Sitani,5,"[Direct Tax,Strategic Financial Management,Risk Management,Portfolio Management,Service Marketing,Media Planning and Management,Tourism Marketing,Customer Relationship Management,Logistics and supply chain management]","[Theory,Theory,Theory,Theory,Theory,Theory,Theory,Theory,Theory]",Bachelor of Business Management,31010622144,"[1,1,1,1,1,1,1,1,1]"
ayushi.sonar@somaiya.edu,Ayushi,Sunil,Sonar,5,"[Direct Tax,Strategic Financial Management,Risk Management,Portfolio Management,Service Marketing,Media Planning and Management,Tourism Marketing,Customer Relationship Management,Logistics and supply chain management]","[Theory,Theory,Theory,Theory,Theory,Theory,Theory,Theory,Theory]",Bachelor of Business Management,31010622145,"[1,1,1,1,1,1,1,1,1]"
sahil.gs@somaiya.edu,Sahil,Gulab,Soni,5,"[Direct Tax,Strategic Financial Management,Risk Management,Portfolio Management,Service Marketing,Media Planning and Management,Tourism Marketing,Customer Relationship Management,Logistics and supply chain management]","[Theory,Theory,Theory,Theory,Theory,Theory,Theory,Theory,Theory]",Bachelor of Business Management,31010622146,"[1,1,1,1,1,1,1,1,1]"
pracheta.s@somaiya.edu,Pracheta,Jaidev,Supal,5,"[Direct Tax,Strategic Financial Management,Risk Management,Portfolio Management,Service Marketing,Media Planning and Management,Tourism Marketing,Customer Relationship Management,Logistics and supply chain management]","[Theory,Theory,Theory,Theory,Theory,Theory,Theory,Theory,Theory]",Bachelor of Business Management,31010622147,"[1,1,1,1,1,1,1,1,1]"
rishabh.sureka@somaiya.edu,Rishabh,Amit,Sureka,5,"[Direct Tax,Strategic Financial Management,Risk Management,Portfolio Management,Service Marketing,Media Planning and Management,Tourism Marketing,Customer Relationship Management,Logistics and supply chain management]","[Theory,Theory,Theory,Theory,Theory,Theory,Theory,Theory,Theory]",Bachelor of Business Management,31010622149,"[1,1,1,1,1,1,1,1,1]"
sahil.suthar@somaiya.edu,Sahil,Suresh,Suthar,5,"[Direct Tax,Strategic Financial Management,Risk Management,Portfolio Management,Service Marketing,Media Planning and Management,Tourism Marketing,Customer Relationship Management,Logistics and supply chain management]","[Theory,Theory,Theory,Theory,Theory,Theory,Theory,Theory,Theory]",Bachelor of Business Management,31010622150,"[1,1,1,1,1,1,1,1,1]"
riya.tanna@somaiya.edu,Riya,Bindesh,Tanna,5,"[Direct Tax,Strategic Financial Management,Risk Management,Portfolio Management,Service Marketing,Media Planning and Management,Tourism Marketing,Customer Relationship Management,Logistics and supply chain management]","[Theory,Theory,Theory,Theory,Theory,Theory,Theory,Theory,Theory]",Bachelor of Business Management,31010622151,"[1,1,1,1,1,1,1,1,1]"
kashish.jt@somaiya.edu,Kashish,Jatin,Thakkar,5,"[Direct Tax,Strategic Financial Management,Risk Management,Portfolio Management,Service Marketing,Media Planning and Management,Tourism Marketing,Customer Relationship Management,Logistics and supply chain management]","[Theory,Theory,Theory,Theory,Theory,Theory,Theory,Theory,Theory]",Bachelor of Business Management,31010622152,"[1,1,1,1,1,1,1,1,1]"
r.thakkar@somaiya.edu,Rahul,Mukesh,Thakkar,5,"[Direct Tax,Strategic Financial Management,Risk Management,Portfolio Management,Service Marketing,Media Planning and Management,Tourism Marketing,Customer Relationship Management,Logistics and supply chain management]","[Theory,Theory,Theory,Theory,Theory,Theory,Theory,Theory,Theory]",Bachelor of Business Management,31010622153,"[1,1,1,1,1,1,1,1,1]"
disha.trivedi@somaiya.edu,Disha,Rajesh,Trivedi,5,"[Direct Tax,Strategic Financial Management,Risk Management,Portfolio Management,Service Marketing,Media Planning and Management,Tourism Marketing,Customer Relationship Management,Logistics and supply chain management]","[Theory,Theory,Theory,Theory,Theory,Theory,Theory,Theory,Theory]",Bachelor of Business Management,31010622154,"[1,1,1,1,1,1,1,1,1]"
shreya.udeshi@somaiya.edu,Shreya,Rashmin,Udeshi,5,"[Direct Tax,Strategic Financial Management,Risk Management,Portfolio Management,Service Marketing,Media Planning and Management,Tourism Marketing,Customer Relationship Management,Logistics and supply chain management]","[Theory,Theory,Theory,Theory,Theory,Theory,Theory,Theory,Theory]",Bachelor of Business Management,31010622156,"[1,1,1,1,1,1,1,1,1]"
aditi.umasare@somaiya.edu,Aditi,Lavu,Umasare,5,"[Direct Tax,Strategic Financial Management,Risk Management,Portfolio Management,Service Marketing,Media Planning and Management,Tourism Marketing,Customer Relationship Management,Logistics and supply chain management]","[Theory,Theory,Theory,Theory,Theory,Theory,Theory,Theory,Theory]",Bachelor of Business Management,31010622157,"[1,1,1,1,1,1,1,1,1]"
h.veera@somaiya.edu,Harsh,,Veera,5,"[Direct Tax,Strategic Financial Management,Risk Management,Portfolio Management,Service Marketing,Media Planning and Management,Tourism Marketing,Customer Relationship Management,Logistics and supply chain management]","[Theory,Theory,Theory,Theory,Theory,Theory,Theory,Theory,Theory]",Bachelor of Business Management,31010622159,"[1,1,1,1,1,1,1,1,1]"
haresh.verat@somaiya.edu,Haresh,Ramesh,Verat,5,"[Direct Tax,Strategic Financial Management,Risk Management,Portfolio Management,Service Marketing,Media Planning and Management,Tourism Marketing,Customer Relationship Management,Logistics and supply chain management]","[Theory,Theory,Theory,Theory,Theory,Theory,Theory,Theory,Theory]",Bachelor of Business Management,31010622160,"[1,1,1,1,1,1,1,1,1]"
pratik.w@somaiya.edu,Pratik,Rajan,Warang,5,"[Direct Tax,Strategic Financial Management,Risk Management,Portfolio Management,Service Marketing,Media Planning and Management,Tourism Marketing,Customer Relationship Management,Logistics and supply chain management]","[Theory,Theory,Theory,Theory,Theory,Theory,Theory,Theory,Theory]",Bachelor of Business Management,31010622161,"[1,1,1,1,1,1,1,1,1]"
aditya.waykar@somaiya.edu,Aditya,Rajendra,Waykar,5,"[Direct Tax,Strategic Financial Management,Risk Management,Portfolio Management,Service Marketing,Media Planning and Management,Tourism Marketing,Customer Relationship Management,Logistics and supply chain management]","[Theory,Theory,Theory,Theory,Theory,Theory,Theory,Theory,Theory]",Bachelor of Business Management,31010622162,"[1,1,1,1,1,1,1,1,1]"
riya.yadav@somaiya.edu,Riya,Gopi,Yadav,5,"[Direct Tax,Strategic Financial Management,Risk Management,Portfolio Management,Service Marketing,Media Planning and Management,Tourism Marketing,Customer Relationship Management,Logistics and supply chain management]","[Theory,Theory,Theory,Theory,Theory,Theory,Theory,Theory,Theory]",Bachelor of Business Management,31010622163,"[1,1,1,1,1,1,1,1,1]"
jessintha@somaiya.edu,Justin,,Jessintha,5,"[Direct Tax,Strategic Financial Management,Risk Management,Portfolio Management,Service Marketing,Media Planning and Management,Tourism Marketing,Customer Relationship Management,Logistics and supply chain management]","[Theory,Theory,Theory,Theory,Theory,Theory,Theory,Theory,Theory]",Bachelor of Business Management,31010622164,"[1,1,1,1,1,1,1,1,1]"
aishwarya.ag@somaiya.edu,Aishwarya,Anand,Ghorpade,5,"[Direct Tax,Strategic Financial Management,Risk Management,Portfolio Management,Service Marketing,Media Planning and Management,Tourism Marketing,Customer Relationship Management,Logistics and supply chain management]","[Theory,Theory,Theory,Theory,Theory,Theory,Theory,Theory,Theory]",Bachelor of Business Management,31010622165,"[1,1,1,1,1,1,1,1,1]"
as29@somaiya.edu,Ayushi,,Sharma,5,"[Direct Tax,Strategic Financial Management,Risk Management,Portfolio Management,Service Marketing,Media Planning and Management,Tourism Marketing,Customer Relationship Management,Logistics and supply chain management]","[Theory,Theory,Theory,Theory,Theory,Theory,Theory,Theory,Theory]",Bachelor of Business Management,31010622168,"[1,1,1,1,1,1,1,1,1]"
immanuel.t@somaiya.edu,Immanuel,,Thoppeas,5,"[Direct Tax,Strategic Financial Management,Risk Management,Portfolio Management,Service Marketing,Media Planning and Management,Tourism Marketing,Customer Relationship Management,Logistics and supply chain management]","[Theory,Theory,Theory,Theory,Theory,Theory,Theory,Theory,Theory]",Bachelor of Business Management,31010622170,"[1,1,1,1,1,1,1,1,1]"
mukul.bajaj@somaiya.edu,Mukul,Jitendra,Bajaj,5,"[Direct Tax,Strategic Financial Management,Risk Management,Portfolio Management,Service Marketing,Media Planning and Management,Tourism Marketing,Customer Relationship Management,Logistics and supply chain management]","[Theory,Theory,Theory,Theory,Theory,Theory,Theory,Theory,Theory]",Bachelor of Business Management,31010622801,"[1,1,1,1,1,1,1,1,1]"
jaineel.patel@somaiya.edu,Jaineel,Ramesh,Patel,5,"[Direct Tax,Strategic Financial Management,Risk Management,Portfolio Management,Service Marketing,Media Planning and Management,Tourism Marketing,Customer Relationship Management,Logistics and supply chain management]","[Theory,Theory,Theory,Theory,Theory,Theory,Theory,Theory,Theory]",Bachelor of Business Management,31010622803,"[1,1,1,1,1,1,1,1,1]"
shetty.kp@somaiya.edu,Krish,Pradeep,Shetty,5,"[Direct Tax,Strategic Financial Management,Risk Management,Portfolio Management,Service Marketing,Media Planning and Management,Tourism Marketing,Customer Relationship Management,Logistics and supply chain management]","[Theory,Theory,Theory,Theory,Theory,Theory,Theory,Theory,Theory]",Bachelor of Business Management,31010622804,"[1,1,1,1,1,1,1,1,1]"
manav.chheda@somaiya.edu,Manav,Ritesh,Chheda,5,"[Corporate Accounting III,Cost and Management Accounting III,International Taxation,Direct Tax II,Research Methodology,Strategic Management]","[Theory,Theory,Theory,Theory,Theory,Theory]",Bachelor of Commerce (Accounting & Finance) Honour,31010322002,"[1,1,1,1,1,1]"
aditi.dalvi@somaiya.edu,Aditi,,Dalvi,5,"[Corporate Accounting III,Cost and Management Accounting III,International Taxation,Direct Tax II,Research Methodology,Strategic Management]","[Theory,Theory,Theory,Theory,Theory,Theory]",Bachelor of Commerce (Accounting & Finance) Honour,31010322003,"[1,1,1,1,1,1]"
nandini.garg@somaiya.edu,Nandini,Nitin,Garg,5,"[Corporate Accounting III,Cost and Management Accounting III,International Taxation,Direct Tax II,Research Methodology,Strategic Management]","[Theory,Theory,Theory,Theory,Theory,Theory]",Bachelor of Commerce (Accounting & Finance) Honour,31010322004,"[1,1,1,1,1,1]"
rohan.jadhav@somaiya.edu,Rohan,Sunil,Jadhav,5,"[Corporate Accounting III,Cost and Management Accounting III,International Taxation,Direct Tax II,Research Methodology,Strategic Management]","[Theory,Theory,Theory,Theory,Theory,Theory]",Bachelor of Commerce (Accounting & Finance) Honour,31010322006,"[1,1,1,1,1,1]"
leyan.kotian@somaiya.edu,Leyan,Rajesh,Kotian,5,"[Corporate Accounting III,Cost and Management Accounting III,International Taxation,Direct Tax II,Research Methodology,Strategic Management]","[Theory,Theory,Theory,Theory,Theory,Theory]",Bachelor of Commerce (Accounting & Finance) Honour,31010322008,"[1,1,1,1,1,1]"
prachi.lodha@somaiya.edu,Prachi,Sanjay,Lodha,5,"[Corporate Accounting III,Cost and Management Accounting III,International Taxation,Direct Tax II,Research Methodology,Strategic Management]","[Theory,Theory,Theory,Theory,Theory,Theory]",Bachelor of Commerce (Accounting & Finance) Honour,31010322010,"[1,1,1,1,1,1]"
mehek.m@somaiya.edu,Mehek,Bhavesh,Meghani,5,"[Corporate Accounting III,Cost and Management Accounting III,International Taxation,Direct Tax II,Research Methodology,Strategic Management]","[Theory,Theory,Theory,Theory,Theory,Theory]",Bachelor of Commerce (Accounting & Finance) Honour,31010322011,"[1,1,1,1,1,1]"
aaditi.more@somaiya.edu,Aaditi,Suresh,More,5,"[Corporate Accounting III,Cost and Management Accounting III,International Taxation,Direct Tax II,Research Methodology,Strategic Management]","[Theory,Theory,Theory,Theory,Theory,Theory]",Bachelor of Commerce (Accounting & Finance) Honour,31010322012,"[1,1,1,1,1,1]"
a.nair@somaiya.edu,Aditya,Sudhir,Nair,5,"[Corporate Accounting III,Cost and Management Accounting III,International Taxation,Direct Tax II,Research Methodology,Strategic Management]","[Theory,Theory,Theory,Theory,Theory,Theory]",Bachelor of Commerce (Accounting & Finance) Honour,31010322014,"[1,1,1,1,1,1]"
eashan.p@somaiya.edu,Eashan,Yogesh,Pagnis,5,"[Corporate Accounting III,Cost and Management Accounting III,International Taxation,Direct Tax II,Research Methodology,Strategic Management]","[Theory,Theory,Theory,Theory,Theory,Theory]",Bachelor of Commerce (Accounting & Finance) Honour,31010322015,"[1,1,1,1,1,1]"
maitree.p@somaiya.edu,Maitree,Atul,Parekh,5,"[Corporate Accounting III,Cost and Management Accounting III,International Taxation,Direct Tax II,Research Methodology,Strategic Management]","[Theory,Theory,Theory,Theory,Theory,Theory]",Bachelor of Commerce (Accounting & Finance) Honour,31010322016,"[1,1,1,1,1,1]"
pratham.hp@somaiya.edu,Pratham,Hemant,Parekh,5,"[Corporate Accounting III,Cost and Management Accounting III,International Taxation,Direct Tax II,Research Methodology,Strategic Management]","[Theory,Theory,Theory,Theory,Theory,Theory]",Bachelor of Commerce (Accounting & Finance) Honour,31010322017,"[1,1,1,1,1,1]"
saakshi.s@somaiya.edu,Saakshi,Dinesh,Shetye,5,"[Corporate Accounting III,Cost and Management Accounting III,International Taxation,Direct Tax II,Research Methodology,Strategic Management]","[Theory,Theory,Theory,Theory,Theory,Theory]",Bachelor of Commerce (Accounting & Finance) Honour,31010322024,"[1,1,1,1,1,1]"
khushi.shikne@somaiya.edu,Khushi,Ramesh,Shikne,5,"[Corporate Accounting III,Cost and Management Accounting III,International Taxation,Direct Tax II,Research Methodology,Strategic Management]","[Theory,Theory,Theory,Theory,Theory,Theory]",Bachelor of Commerce (Accounting & Finance) Honour,31010322025,"[1,1,1,1,1,1]"
anushka09@somaiya.edu,Anushka,,Shrivastava,5,"[Corporate Accounting III,Cost and Management Accounting III,International Taxation,Direct Tax II,Research Methodology,Strategic Management]","[Theory,Theory,Theory,Theory,Theory,Theory]",Bachelor of Commerce (Accounting & Finance) Honour,31010322026,"[1,1,1,1,1,1]"
ayush12@somaiya.edu,Ayush,Rajesh,Singh,5,"[Corporate Accounting III,Cost and Management Accounting III,International Taxation,Direct Tax II,Research Methodology,Strategic Management]","[Theory,Theory,Theory,Theory,Theory,Theory]",Bachelor of Commerce (Accounting & Finance) Honour,31010322027,"[1,1,1,1,1,1]"
at2@somaiya.edu,Aditya,Subhash,Tiwari,5,"[Corporate Accounting III,Cost and Management Accounting III,International Taxation,Direct Tax II,Research Methodology,Strategic Management]","[Theory,Theory,Theory,Theory,Theory,Theory]",Bachelor of Commerce (Accounting & Finance) Honour,31010322028,"[1,1,1,1,1,1]"
bhargav.t@somaiya.edu,Bhargav,Bhavesh,Trivedi,5,"[Corporate Accounting III,Cost and Management Accounting III,International Taxation,Direct Tax II,Research Methodology,Strategic Management]","[Theory,Theory,Theory,Theory,Theory,Theory]",Bachelor of Commerce (Accounting & Finance) Honour,31010322029,"[1,1,1,1,1,1]"
dhairya.visaria@somaiya.edu,Dhairya,Dipesh,Visaria,5,"[Corporate Accounting III,Cost and Management Accounting III,International Taxation,Direct Tax II,Research Methodology,Strategic Management]","[Theory,Theory,Theory,Theory,Theory,Theory]",Bachelor of Commerce (Accounting & Finance) Honour,31010322030,"[1,1,1,1,1,1]"
prisha.sanghavi@somaiya.edu,Prisha,,Sanghavi,5,"[Corporate Accounting III,Cost and Management Accounting III,International Taxation,Direct Tax II,Research Methodology,Strategic Management]","[Theory,Theory,Theory,Theory,Theory,Theory]",Bachelor of Commerce (Accounting & Finance) Honour,31010322031,"[1,1,1,1,1,1]"
anshu.netani@somaiya.edu,Anshu,Rakeshkumar,Netani,5,"[Corporate Accounting III,Cost and Management Accounting III,International Taxation,Direct Tax II,Research Methodology,Strategic Management]","[Theory,Theory,Theory,Theory,Theory,Theory]",Bachelor of Commerce (Accounting & Finance) Honour,31010322035,"[1,1,1,1,1,1]"
aryan.bakre@somaiya.edu,Aryan,Sachin,Bakre,5,"[Corporate Accounting III,Cost and Management Accounting III,International Taxation,Direct Tax II,Research Methodology,Strategic Management]","[Theory,Theory,Theory,Theory,Theory,Theory]",Bachelor of Commerce (Accounting & Finance) Honour,31010322037,"[1,1,1,1,1,1]"
tisha.kj@somaiya.edu,Tisha,Kumar,Jain,5,"[Corporate Accounting III,Cost and Management Accounting III,International Taxation,Direct Tax II,Research Methodology,Strategic Management]","[Theory,Theory,Theory,Theory,Theory,Theory]",Bachelor of Commerce (Accounting & Finance) Honour,31010322038,"[1,1,1,1,1,1]"
anshu.a@somaiya.edu,Anshu,Anand,Adhikari,1,"[Corporate Accounting I,Constitution and Public policy,Fundamentals of Economics,Statistics - I,Introduction to finacial market,Professional communication skills]","[Theory,Theory,Theory,Theory,Theory,Theory]",Bachelor of Commerce (Financial Markets),31010424001,"[1,1,1,1,1,1]"
kanakshree.b@somaiya.edu,Kanak,Shree,Bapna,1,"[Corporate Accounting I,Constitution and Public policy,Fundamentals of Economics,Statistics - I,Introduction to finacial market,Professional communication skills]","[Theory,Theory,Theory,Theory,Theory,Theory]",Bachelor of Commerce (Financial Markets),31010424002,"[1,1,1,1,1,1]"
hansini.b@somaiya.edu,Hansini,Sadanand,Bhalekar,1,"[Corporate Accounting I,Constitution and Public policy,Fundamentals of Economics,Statistics - I,Introduction to finacial market,Professional communication skills]","[Theory,Theory,Theory,Theory,Theory,Theory]",Bachelor of Commerce (Financial Markets),31010424003,"[1,1,1,1,1,1]"
vanshika.mb@somaiya.edu,Vanshika,Mahesh,Bhanushali,1,"[Corporate Accounting I,Constitution and Public policy,Fundamentals of Economics,Statistics - I,Introduction to finacial market,Professional communication skills]","[Theory,Theory,Theory,Theory,Theory,Theory]",Bachelor of Commerce (Financial Markets),31010424004,"[1,1,1,1,1,1]"
riya.bhinde@somaiya.edu,Riya,Dhaval,Bhinde,1,"[Corporate Accounting I,Constitution and Public policy,Fundamentals of Economics,Statistics - I,Introduction to finacial market,Professional communication skills]","[Theory,Theory,Theory,Theory,Theory,Theory]",Bachelor of Commerce (Financial Markets),31010424005,"[1,1,1,1,1,1]"
vishwavardhan.b@somaiya.edu,Vishwavardhan,Shivraj,Bhosale,1,"[Corporate Accounting I,Constitution and Public policy,Fundamentals of Economics,Statistics - I,Introduction to finacial market,Professional communication skills]","[Theory,Theory,Theory,Theory,Theory,Theory]",Bachelor of Commerce (Financial Markets),31010424006,"[1,1,1,1,1,1]"
sarvesh.bhowmick@somaiya.edu,Sarvesh,Subir,Bhowmick,1,"[Corporate Accounting I,Constitution and Public policy,Fundamentals of Economics,Statistics - I,Introduction to finacial market,Professional communication skills]","[Theory,Theory,Theory,Theory,Theory,Theory]",Bachelor of Commerce (Financial Markets),31010424007,"[1,1,1,1,1,1]"
shrey.chordia@somaiya.edu,Shrey,Sunil,Chordia,1,"[Corporate Accounting I,Constitution and Public policy,Fundamentals of Economics,Statistics - I,Introduction to finacial market,Professional communication skills]","[Theory,Theory,Theory,Theory,Theory,Theory]",Bachelor of Commerce (Financial Markets),31010424009,"[1,1,1,1,1,1]"
anisha.das@somaiya.edu,Anisha,Anup,Das,1,"[Corporate Accounting I,Constitution and Public policy,Fundamentals of Economics,Statistics - I,Introduction to finacial market,Professional communication skills]","[Theory,Theory,Theory,Theory,Theory,Theory]",Bachelor of Commerce (Financial Markets),31010424010,"[1,1,1,1,1,1]"
ruhan.dedhia@somaiya.edu,Ruhan,Jignesh,Dedhia,1,"[Corporate Accounting I,Constitution and Public policy,Fundamentals of Economics,Statistics - I,Introduction to finacial market,Professional communication skills]","[Theory,Theory,Theory,Theory,Theory,Theory]",Bachelor of Commerce (Financial Markets),31010424011,"[1,1,1,1,1,1]"
vivan.d@somaiya.edu,Vivan,Dinesh,Dhirwani,1,"[Corporate Accounting I,Constitution and Public policy,Fundamentals of Economics,Statistics - I,Introduction to finacial market,Professional communication skills]","[Theory,Theory,Theory,Theory,Theory,Theory]",Bachelor of Commerce (Financial Markets),31010424012,"[1,1,1,1,1,1]"
dhruvi.md@somaiya.edu,Dhruvi,Mehul,Doshi,1,"[Corporate Accounting I,Constitution and Public policy,Fundamentals of Economics,Statistics - I,Introduction to finacial market,Professional communication skills]","[Theory,Theory,Theory,Theory,Theory,Theory]",Bachelor of Commerce (Financial Markets),31010424013,"[1,1,1,1,1,1]"
kahaan.doshi@somaiya.edu,Kahaan,Ashish,Doshi,1,"[Corporate Accounting I,Constitution and Public policy,Fundamentals of Economics,Statistics - I,Introduction to finacial market,Professional communication skills]","[Theory,Theory,Theory,Theory,Theory,Theory]",Bachelor of Commerce (Financial Markets),31010424014,"[1,1,1,1,1,1]"
mahi.doshi@somaiya.edu,Mahi,Jaydeep,Doshi,1,"[Corporate Accounting I,Constitution and Public policy,Fundamentals of Economics,Statistics - I,Introduction to finacial market,Professional communication skills]","[Theory,Theory,Theory,Theory,Theory,Theory]",Bachelor of Commerce (Financial Markets),31010424015,"[1,1,1,1,1,1]"
dhruti.dubariya@somaiya.edu,Dhruti,,Dubariya,1,"[Corporate Accounting I,Constitution and Public policy,Fundamentals of Economics,Statistics - I,Introduction to finacial market,Professional communication skills]","[Theory,Theory,Theory,Theory,Theory,Theory]",Bachelor of Commerce (Financial Markets),31010424016,"[1,1,1,1,1,1]"
yashi.dubey@somaiya.edu,Yashi,Suresh,Dubey,1,"[Corporate Accounting I,Constitution and Public policy,Fundamentals of Economics,Statistics - I,Introduction to finacial market,Professional communication skills]","[Theory,Theory,Theory,Theory,Theory,Theory]",Bachelor of Commerce (Financial Markets),31010424017,"[1,1,1,1,1,1]"
charvi.gada@somaiya.edu,Charvi,Ritesh,Gada,1,"[Corporate Accounting I,Constitution and Public policy,Fundamentals of Economics,Statistics - I,Introduction to finacial market,Professional communication skills]","[Theory,Theory,Theory,Theory,Theory,Theory]",Bachelor of Commerce (Financial Markets),31010424018,"[1,1,1,1,1,1]"
minali.gala@somaiya.edu,Minali,Kalpesh,Gala,1,"[Corporate Accounting I,Constitution and Public policy,Fundamentals of Economics,Statistics - I,Introduction to finacial market,Professional communication skills]","[Theory,Theory,Theory,Theory,Theory,Theory]",Bachelor of Commerce (Financial Markets),31010424021,"[1,1,1,1,1,1]"
kreeshna.g@somaiya.edu,Kreeshna,Abhay,Gokani,1,"[Corporate Accounting I,Constitution and Public policy,Fundamentals of Economics,Statistics - I,Introduction to finacial market,Professional communication skills]","[Theory,Theory,Theory,Theory,Theory,Theory]",Bachelor of Commerce (Financial Markets),31010424022,"[1,1,1,1,1,1]"
yug.goyal@somaiya.edu,Yug,,Goyal,1,"[Corporate Accounting I,Constitution and Public policy,Fundamentals of Economics,Statistics - I,Introduction to finacial market,Professional communication skills]","[Theory,Theory,Theory,Theory,Theory,Theory]",Bachelor of Commerce (Financial Markets),31010424023,"[1,1,1,1,1,1]"
ashutosh.gg@somaiya.edu,Ashutosh,Ganpat,Gupta,1,"[Corporate Accounting I,Constitution and Public policy,Fundamentals of Economics,Statistics - I,Introduction to finacial market,Professional communication skills]","[Theory,Theory,Theory,Theory,Theory,Theory]",Bachelor of Commerce (Financial Markets),31010424024,"[1,1,1,1,1,1]"
dheer.hingad@somaiya.edu,Dheer,,Hingad,1,"[Corporate Accounting I,Constitution and Public policy,Fundamentals of Economics,Statistics - I,Introduction to finacial market,Professional communication skills]","[Theory,Theory,Theory,Theory,Theory,Theory]",Bachelor of Commerce (Financial Markets),31010424025,"[1,1,1,1,1,1]"
kinjal.jain5@somaiya.edu,Kinjal,,Jain,1,"[Corporate Accounting I,Constitution and Public policy,Fundamentals of Economics,Statistics - I,Introduction to finacial market,Professional communication skills]","[Theory,Theory,Theory,Theory,Theory,Theory]",Bachelor of Commerce (Financial Markets),31010424026,"[1,1,1,1,1,1]"
krrish.j@somaiya.edu,Krrish,Devendra,Jain,1,"[Corporate Accounting I,Constitution and Public policy,Fundamentals of Economics,Statistics - I,Introduction to finacial market,Professional communication skills]","[Theory,Theory,Theory,Theory,Theory,Theory]",Bachelor of Commerce (Financial Markets),31010424027,"[1,1,1,1,1,1]"
jain.nk@somaiya.edu,Naman,Kamlesh,Jain,1,"[Corporate Accounting I,Constitution and Public policy,Fundamentals of Economics,Statistics - I,Introduction to finacial market,Professional communication skills]","[Theory,Theory,Theory,Theory,Theory,Theory]",Bachelor of Commerce (Financial Markets),31010424028,"[1,1,1,1,1,1]"
nayna.jain@somaiya.edu,Nayna,Rajendra,Jain,1,"[Corporate Accounting I,Constitution and Public policy,Fundamentals of Economics,Statistics - I,Introduction to finacial market,Professional communication skills]","[Theory,Theory,Theory,Theory,Theory,Theory]",Bachelor of Commerce (Financial Markets),31010424029,"[1,1,1,1,1,1]"
pushkar.j@somaiya.edu,Pushkar,,Jain,1,"[Corporate Accounting I,Constitution and Public policy,Fundamentals of Economics,Statistics - I,Introduction to finacial market,Professional communication skills]","[Theory,Theory,Theory,Theory,Theory,Theory]",Bachelor of Commerce (Financial Markets),31010424030,"[1,1,1,1,1,1]"
tanish.pj@somaiya.edu,Tanish,Pravin,Jain,1,"[Corporate Accounting I,Constitution and Public policy,Fundamentals of Economics,Statistics - I,Introduction to finacial market,Professional communication skills]","[Theory,Theory,Theory,Theory,Theory,Theory]",Bachelor of Commerce (Financial Markets),31010424031,"[1,1,1,1,1,1]"
tejas.jambagi@somaiya.edu,Tejas,Shreedhar,Jambagi,1,"[Corporate Accounting I,Constitution and Public policy,Fundamentals of Economics,Statistics - I,Introduction to finacial market,Professional communication skills]","[Theory,Theory,Theory,Theory,Theory,Theory]",Bachelor of Commerce (Financial Markets),31010424032,"[1,1,1,1,1,1]"
shubham.joshi@somaiya.edu,Shubham,,Joshi,1,"[Corporate Accounting I,Constitution and Public policy,Fundamentals of Economics,Statistics - I,Introduction to finacial market,Professional communication skills]","[Theory,Theory,Theory,Theory,Theory,Theory]",Bachelor of Commerce (Financial Markets),31010424034,"[1,1,1,1,1,1]"
s.kabra@somaiya.edu,Samarth,Shashikant,Kabra,1,"[Corporate Accounting I,Constitution and Public policy,Fundamentals of Economics,Statistics - I,Introduction to finacial market,Professional communication skills]","[Theory,Theory,Theory,Theory,Theory,Theory]",Bachelor of Commerce (Financial Markets),31010424035,"[1,1,1,1,1,1]"
g.kadam@somaiya.edu,Gargi,Shailesh,Kadam,1,"[Corporate Accounting I,Constitution and Public policy,Fundamentals of Economics,Statistics - I,Introduction to finacial market,Professional communication skills]","[Theory,Theory,Theory,Theory,Theory,Theory]",Bachelor of Commerce (Financial Markets),31010424036,"[1,1,1,1,1,1]"
m.koregaonkar@somaiya.edu,Madhavi,Vijay,Koregaonkar,1,"[Corporate Accounting I,Constitution and Public policy,Fundamentals of Economics,Statistics - I,Introduction to finacial market,Professional communication skills]","[Theory,Theory,Theory,Theory,Theory,Theory]",Bachelor of Commerce (Financial Markets),31010424037,"[1,1,1,1,1,1]"
keisha.luke@somaiya.edu,Keisha,Chryselle,Luke,1,"[Corporate Accounting I,Constitution and Public policy,Fundamentals of Economics,Statistics - I,Introduction to finacial market,Professional communication skills]","[Theory,Theory,Theory,Theory,Theory,Theory]",Bachelor of Commerce (Financial Markets),31010424038,"[1,1,1,1,1,1]"
mate.a@somaiya.edu,Atharva,Vaibhav,Mate,1,"[Corporate Accounting I,Constitution and Public policy,Fundamentals of Economics,Statistics - I,Introduction to finacial market,Professional communication skills]","[Theory,Theory,Theory,Theory,Theory,Theory]",Bachelor of Commerce (Financial Markets),31010424039,"[1,1,1,1,1,1]"
jash.mehta@somaiya.edu,Jash,Bhaven,Mehta,1,"[Corporate Accounting I,Constitution and Public policy,Fundamentals of Economics,Statistics - I,Introduction to finacial market,Professional communication skills]","[Theory,Theory,Theory,Theory,Theory,Theory]",Bachelor of Commerce (Financial Markets),31010424040,"[1,1,1,1,1,1]"
poojan.mehta@somaiya.edu,Poojan,Hitesh,Mehta,1,"[Corporate Accounting I,Constitution and Public policy,Fundamentals of Economics,Statistics - I,Introduction to finacial market,Professional communication skills]","[Theory,Theory,Theory,Theory,Theory,Theory]",Bachelor of Commerce (Financial Markets),31010424041,"[1,1,1,1,1,1]"
zahara.m@somaiya.edu,Zahara,Nuruddin,Mithani,1,"[Corporate Accounting I,Constitution and Public policy,Fundamentals of Economics,Statistics - I,Introduction to finacial market,Professional communication skills]","[Theory,Theory,Theory,Theory,Theory,Theory]",Bachelor of Commerce (Financial Markets),31010424042,"[1,1,1,1,1,1]"
meet.munjat@somaiya.edu,Meet,Anil,Munjat,1,"[Corporate Accounting I,Constitution and Public policy,Fundamentals of Economics,Statistics - I,Introduction to finacial market,Professional communication skills]","[Theory,Theory,Theory,Theory,Theory,Theory]",Bachelor of Commerce (Financial Markets),31010424043,"[1,1,1,1,1,1]"
reet.nahar@somaiya.edu,Reet,Nitin,Nahar,1,"[Corporate Accounting I,Constitution and Public policy,Fundamentals of Economics,Statistics - I,Introduction to finacial market,Professional communication skills]","[Theory,Theory,Theory,Theory,Theory,Theory]",Bachelor of Commerce (Financial Markets),31010424044,"[1,1,1,1,1,1]"
shreya.nambiar@somaiya.edu,Shreya,Babu,Nambiar,1,"[Corporate Accounting I,Constitution and Public policy,Fundamentals of Economics,Statistics - I,Introduction to finacial market,Professional communication skills]","[Theory,Theory,Theory,Theory,Theory,Theory]",Bachelor of Commerce (Financial Markets),31010424045,"[1,1,1,1,1,1]"
nivya.nayak@somaiya.edu,Nivya,Narsimha,Nayak,1,"[Corporate Accounting I,Constitution and Public policy,Fundamentals of Economics,Statistics - I,Introduction to finacial market,Professional communication skills]","[Theory,Theory,Theory,Theory,Theory,Theory]",Bachelor of Commerce (Financial Markets),31010424046,"[1,1,1,1,1,1]"
prit.p@somaiya.edu,Prit,Vijay,Pagariya,1,"[Corporate Accounting I,Constitution and Public policy,Fundamentals of Economics,Statistics - I,Introduction to finacial market,Professional communication skills]","[Theory,Theory,Theory,Theory,Theory,Theory]",Bachelor of Commerce (Financial Markets),31010424047,"[1,1,1,1,1,1]"
pranav.pp@somaiya.edu,Pranav,Prakash,Pai,1,"[Corporate Accounting I,Constitution and Public policy,Fundamentals of Economics,Statistics - I,Introduction to finacial market,Professional communication skills]","[Theory,Theory,Theory,Theory,Theory,Theory]",Bachelor of Commerce (Financial Markets),31010424048,"[1,1,1,1,1,1]"
sahil.palan@somaiya.edu,Sahil,Kalpesh,Palan,1,"[Corporate Accounting I,Constitution and Public policy,Fundamentals of Economics,Statistics - I,Introduction to finacial market,Professional communication skills]","[Theory,Theory,Theory,Theory,Theory,Theory]",Bachelor of Commerce (Financial Markets),31010424049,"[1,1,1,1,1,1]"
vansheel.p@somaiya.edu,Vansheel,Jatin,Parekh,1,"[Corporate Accounting I,Constitution and Public policy,Fundamentals of Economics,Statistics - I,Introduction to finacial market,Professional communication skills]","[Theory,Theory,Theory,Theory,Theory,Theory]",Bachelor of Commerce (Financial Markets),31010424050,"[1,1,1,1,1,1]"
jay.patel8@somaiya.edu,Jay,Rajesh,Patel,1,"[Corporate Accounting I,Constitution and Public policy,Fundamentals of Economics,Statistics - I,Introduction to finacial market,Professional communication skills]","[Theory,Theory,Theory,Theory,Theory,Theory]",Bachelor of Commerce (Financial Markets),31010424051,"[1,1,1,1,1,1]"
manan.dp@somaiya.edu,Manan,Dinesh,Patel,1,"[Corporate Accounting I,Constitution and Public policy,Fundamentals of Economics,Statistics - I,Introduction to finacial market,Professional communication skills]","[Theory,Theory,Theory,Theory,Theory,Theory]",Bachelor of Commerce (Financial Markets),31010424052,"[1,1,1,1,1,1]"
priyank.ap@somaiya.edu,Priyank,Ashish,Patel,1,"[Corporate Accounting I,Constitution and Public policy,Fundamentals of Economics,Statistics - I,Introduction to finacial market,Professional communication skills]","[Theory,Theory,Theory,Theory,Theory,Theory]",Bachelor of Commerce (Financial Markets),31010424053,"[1,1,1,1,1,1]"
smp3@somaiya.edu,Siddharth,Mehul,Patel,1,"[Corporate Accounting I,Constitution and Public policy,Fundamentals of Economics,Statistics - I,Introduction to finacial market,Professional communication skills]","[Theory,Theory,Theory,Theory,Theory,Theory]",Bachelor of Commerce (Financial Markets),31010424054,"[1,1,1,1,1,1]"
vivaan.patel@somaiya.edu,Vivaan,Vithal,Patel,1,"[Corporate Accounting I,Constitution and Public policy,Fundamentals of Economics,Statistics - I,Introduction to finacial market,Professional communication skills]","[Theory,Theory,Theory,Theory,Theory,Theory]",Bachelor of Commerce (Financial Markets),31010424055,"[1,1,1,1,1,1]"
patil.ja@somaiya.edu,Jignesh,Anil,Patil,1,"[Corporate Accounting I,Constitution and Public policy,Fundamentals of Economics,Statistics - I,Introduction to finacial market,Professional communication skills]","[Theory,Theory,Theory,Theory,Theory,Theory]",Bachelor of Commerce (Financial Markets),31010424056,"[1,1,1,1,1,1]"
dhruvin.pooj@somaiya.edu,Dhruvin,Amit,Pooj,1,"[Corporate Accounting I,Constitution and Public policy,Fundamentals of Economics,Statistics - I,Introduction to finacial market,Professional communication skills]","[Theory,Theory,Theory,Theory,Theory,Theory]",Bachelor of Commerce (Financial Markets),31010424057,"[1,1,1,1,1,1]"
shreya.prasad@somaiya.edu,Shreya,Harikishore,Prasad,1,"[Corporate Accounting I,Constitution and Public policy,Fundamentals of Economics,Statistics - I,Introduction to finacial market,Professional communication skills]","[Theory,Theory,Theory,Theory,Theory,Theory]",Bachelor of Commerce (Financial Markets),31010424058,"[1,1,1,1,1,1]"
manasi.purbiya@somaiya.edu,Manasi,Shyam,Purbiya,1,"[Corporate Accounting I,Constitution and Public policy,Fundamentals of Economics,Statistics - I,Introduction to finacial market,Professional communication skills]","[Theory,Theory,Theory,Theory,Theory,Theory]",Bachelor of Commerce (Financial Markets),31010424059,"[1,1,1,1,1,1]"
samanyu.r@somaiya.edu,Samanyu,,Raina,1,"[Corporate Accounting I,Constitution and Public policy,Fundamentals of Economics,Statistics - I,Introduction to finacial market,Professional communication skills]","[Theory,Theory,Theory,Theory,Theory,Theory]",Bachelor of Commerce (Financial Markets),31010424060,"[1,1,1,1,1,1]"
r.rambhia@somaiya.edu,Ronak,Sunil,Rambhia,1,"[Corporate Accounting I,Constitution and Public policy,Fundamentals of Economics,Statistics - I,Introduction to finacial market,Professional communication skills]","[Theory,Theory,Theory,Theory,Theory,Theory]",Bachelor of Commerce (Financial Markets),31010424061,"[1,1,1,1,1,1]"
nikita.rathod@somaiya.edu,Nikita,Jalamsingh,Rathod,1,"[Corporate Accounting I,Constitution and Public policy,Fundamentals of Economics,Statistics - I,Introduction to finacial market,Professional communication skills]","[Theory,Theory,Theory,Theory,Theory,Theory]",Bachelor of Commerce (Financial Markets),31010424062,"[1,1,1,1,1,1]"
tirth.raul@somaiya.edu,Tirth,Prashant,Raul,1,"[Corporate Accounting I,Constitution and Public policy,Fundamentals of Economics,Statistics - I,Introduction to finacial market,Professional communication skills]","[Theory,Theory,Theory,Theory,Theory,Theory]",Bachelor of Commerce (Financial Markets),31010424063,"[1,1,1,1,1,1]"
nitya.sanghavi@somaiya.edu,Nitya,Jagat,Sanghavi,1,"[Corporate Accounting I,Constitution and Public policy,Fundamentals of Economics,Statistics - I,Introduction to finacial market,Professional communication skills]","[Theory,Theory,Theory,Theory,Theory,Theory]",Bachelor of Commerce (Financial Markets),31010424064,"[1,1,1,1,1,1]"
pravar.s@somaiya.edu,Pravar,Hitesh,Sanghavi,1,"[Corporate Accounting I,Constitution and Public policy,Fundamentals of Economics,Statistics - I,Introduction to finacial market,Professional communication skills]","[Theory,Theory,Theory,Theory,Theory,Theory]",Bachelor of Commerce (Financial Markets),31010424065,"[1,1,1,1,1,1]"
veer.saraf@somaiya.edu,Veer,Sandeep,Saraf,1,"[Corporate Accounting I,Constitution and Public policy,Fundamentals of Economics,Statistics - I,Introduction to finacial market,Professional communication skills]","[Theory,Theory,Theory,Theory,Theory,Theory]",Bachelor of Commerce (Financial Markets),31010424066,"[1,1,1,1,1,1]"
khushi.savla@somaiya.edu,Khushi,Nimesh,Savla,1,"[Corporate Accounting I,Constitution and Public policy,Fundamentals of Economics,Statistics - I,Introduction to finacial market,Professional communication skills]","[Theory,Theory,Theory,Theory,Theory,Theory]",Bachelor of Commerce (Financial Markets),31010424067,"[1,1,1,1,1,1]"
hirak.sawant@somaiya.edu,Hirak,Manohar,Sawant,1,"[Corporate Accounting I,Constitution and Public policy,Fundamentals of Economics,Statistics - I,Introduction to finacial market,Professional communication skills]","[Theory,Theory,Theory,Theory,Theory,Theory]",Bachelor of Commerce (Financial Markets),31010424068,"[1,1,1,1,1,1]"
r.sawant@somaiya.edu,Rahul,Dinesh,Sawant,1,"[Corporate Accounting I,Constitution and Public policy,Fundamentals of Economics,Statistics - I,Introduction to finacial market,Professional communication skills]","[Theory,Theory,Theory,Theory,Theory,Theory]",Bachelor of Commerce (Financial Markets),31010424069,"[1,1,1,1,1,1]"
dhrushil.s@somaiya.edu,Dhrushil,Shilpesh,Shah,1,"[Corporate Accounting I,Constitution and Public policy,Fundamentals of Economics,Statistics - I,Introduction to finacial market,Professional communication skills]","[Theory,Theory,Theory,Theory,Theory,Theory]",Bachelor of Commerce (Financial Markets),31010424070,"[1,1,1,1,1,1]"
esha.hs@somaiya.edu,Esha,Hiten,Shah,1,"[Corporate Accounting I,Constitution and Public policy,Fundamentals of Economics,Statistics - I,Introduction to finacial market,Professional communication skills]","[Theory,Theory,Theory,Theory,Theory,Theory]",Bachelor of Commerce (Financial Markets),31010424071,"[1,1,1,1,1,1]"
khushi.shah@somaiya.edu,Khushi,Sharad,Shah,1,"[Corporate Accounting I,Constitution and Public policy,Fundamentals of Economics,Statistics - I,Introduction to finacial market,Professional communication skills]","[Theory,Theory,Theory,Theory,Theory,Theory]",Bachelor of Commerce (Financial Markets),31010424072,"[1,1,1,1,1,1]"
krishiv.shah@somaiya.edu,Krishiv,Mitesh,Shah,1,"[Corporate Accounting I,Constitution and Public policy,Fundamentals of Economics,Statistics - I,Introduction to finacial market,Professional communication skills]","[Theory,Theory,Theory,Theory,Theory,Theory]",Bachelor of Commerce (Financial Markets),31010424073,"[1,1,1,1,1,1]"
krishna.hs@somaiya.edu,Krishna,Hitesh,Shah,1,"[Corporate Accounting I,Constitution and Public policy,Fundamentals of Economics,Statistics - I,Introduction to finacial market,Professional communication skills]","[Theory,Theory,Theory,Theory,Theory,Theory]",Bachelor of Commerce (Financial Markets),31010424074,"[1,1,1,1,1,1]"
parth02@somaiya.edu,Parth,Malay,Shah,1,"[Corporate Accounting I,Constitution and Public policy,Fundamentals of Economics,Statistics - I,Introduction to finacial market,Professional communication skills]","[Theory,Theory,Theory,Theory,Theory,Theory]",Bachelor of Commerce (Financial Markets),31010424075,"[1,1,1,1,1,1]"
pratham.bs@somaiya.edu,Pratham,Bhavik,Shah,1,"[Corporate Accounting I,Constitution and Public policy,Fundamentals of Economics,Statistics - I,Introduction to finacial market,Professional communication skills]","[Theory,Theory,Theory,Theory,Theory,Theory]",Bachelor of Commerce (Financial Markets),31010424076,"[1,1,1,1,1,1]"
saumya.js@somaiya.edu,Saumya,Jitesh,Shah,1,"[Corporate Accounting I,Constitution and Public policy,Fundamentals of Economics,Statistics - I,Introduction to finacial market,Professional communication skills]","[Theory,Theory,Theory,Theory,Theory,Theory]",Bachelor of Commerce (Financial Markets),31010424077,"[1,1,1,1,1,1]"
shs@somaiya.edu,Shloka,Hiren,Shah,1,"[Corporate Accounting I,Constitution and Public policy,Fundamentals of Economics,Statistics - I,Introduction to finacial market,Professional communication skills]","[Theory,Theory,Theory,Theory,Theory,Theory]",Bachelor of Commerce (Financial Markets),31010424078,"[1,1,1,1,1,1]"
krushna.sheth@somaiya.edu,Krushna,Parag,Sheth,1,"[Corporate Accounting I,Constitution and Public policy,Fundamentals of Economics,Statistics - I,Introduction to finacial market,Professional communication skills]","[Theory,Theory,Theory,Theory,Theory,Theory]",Bachelor of Commerce (Financial Markets),31010424079,"[1,1,1,1,1,1]"
aaditya.shetty@somaiya.edu,Aaditya,Sukumar,Shetty,1,"[Corporate Accounting I,Constitution and Public policy,Fundamentals of Economics,Statistics - I,Introduction to finacial market,Professional communication skills]","[Theory,Theory,Theory,Theory,Theory,Theory]",Bachelor of Commerce (Financial Markets),31010424080,"[1,1,1,1,1,1]"
janhavi.vs@somaiya.edu,Janhavi,Vijayendra,Shinde,1,"[Corporate Accounting I,Constitution and Public policy,Fundamentals of Economics,Statistics - I,Introduction to finacial market,Professional communication skills]","[Theory,Theory,Theory,Theory,Theory,Theory]",Bachelor of Commerce (Financial Markets),31010424081,"[1,1,1,1,1,1]"
m.shukl@somaiya.edu,Moksha,Vipul,Shukl,1,"[Corporate Accounting I,Constitution and Public policy,Fundamentals of Economics,Statistics - I,Introduction to finacial market,Professional communication skills]","[Theory,Theory,Theory,Theory,Theory,Theory]",Bachelor of Commerce (Financial Markets),31010424082,"[1,1,1,1,1,1]"
singh.mp@somaiya.edu,Mahi,Pradeep,Singh,1,"[Corporate Accounting I,Constitution and Public policy,Fundamentals of Economics,Statistics - I,Introduction to finacial market,Professional communication skills]","[Theory,Theory,Theory,Theory,Theory,Theory]",Bachelor of Commerce (Financial Markets),31010424083,"[1,1,1,1,1,1]"
jiya.sumaria@somaiya.edu,Jiya,Mehul,Sumaria,1,"[Corporate Accounting I,Constitution and Public policy,Fundamentals of Economics,Statistics - I,Introduction to finacial market,Professional communication skills]","[Theory,Theory,Theory,Theory,Theory,Theory]",Bachelor of Commerce (Financial Markets),31010424084,"[1,1,1,1,1,1]"
y.thakkar@somaiya.edu,Yaksh,Anand,Thakkar,1,"[Corporate Accounting I,Constitution and Public policy,Fundamentals of Economics,Statistics - I,Introduction to finacial market,Professional communication skills]","[Theory,Theory,Theory,Theory,Theory,Theory]",Bachelor of Commerce (Financial Markets),31010424085,"[1,1,1,1,1,1]"
satvick.t@somaiya.edu,Satvick,,Tiwari,1,"[Corporate Accounting I,Constitution and Public policy,Fundamentals of Economics,Statistics - I,Introduction to finacial market,Professional communication skills]","[Theory,Theory,Theory,Theory,Theory,Theory]",Bachelor of Commerce (Financial Markets),31010424086,"[1,1,1,1,1,1]"
shubham.at@somaiya.edu,Shubham,Ajay,Tiwari,1,"[Corporate Accounting I,Constitution and Public policy,Fundamentals of Economics,Statistics - I,Introduction to finacial market,Professional communication skills]","[Theory,Theory,Theory,Theory,Theory,Theory]",Bachelor of Commerce (Financial Markets),31010424087,"[1,1,1,1,1,1]"
rahil.gandhi@somaiya.edu,Rahil,Hemant,Gandhi,1,"[Corporate Accounting I,Constitution and Public policy,Fundamentals of Economics,Statistics - I,Introduction to finacial market,Professional communication skills]","[Theory,Theory,Theory,Theory,Theory,Theory]",Bachelor of Commerce (Financial Markets),31010424089,"[1,1,1,1,1,1]"
aditi.khandkar@somaiya.edu,Aditi,Nitin,Khandkar,1,"[Corporate Accounting I,Constitution and Public policy,Fundamentals of Economics,Statistics - I,Introduction to finacial market,Professional communication skills]","[Theory,Theory,Theory,Theory,Theory,Theory]",Bachelor of Commerce (Financial Markets),31010424090,"[1,1,1,1,1,1]"
mn@somaiya.edu,Meenakshi,,Nair,1,"[Corporate Accounting I,Constitution and Public policy,Fundamentals of Economics,Statistics - I,Introduction to finacial market,Professional communication skills]","[Theory,Theory,Theory,Theory,Theory,Theory]",Bachelor of Commerce (Financial Markets),31010424091,"[1,1,1,1,1,1]"
n.rajpurohit@somaiya.edu,Nilesh,Pruthvisingh,Rajpurohit,1,"[Corporate Accounting I,Constitution and Public policy,Fundamentals of Economics,Statistics - I,Introduction to finacial market,Professional communication skills]","[Theory,Theory,Theory,Theory,Theory,Theory]",Bachelor of Commerce (Financial Markets),31010424092,"[1,1,1,1,1,1]"
jayur.r@somaiya.edu,Jayur,Narendra,Ravariya,1,"[Corporate Accounting I,Constitution and Public policy,Fundamentals of Economics,Statistics - I,Introduction to finacial market,Professional communication skills]","[Theory,Theory,Theory,Theory,Theory,Theory]",Bachelor of Commerce (Financial Markets),31010424093,"[1,1,1,1,1,1]"
sujal.agre@somaiya.edu,Sujal,Zumbarlal,Agre,1,"[Principles of Algorithms and Programming,Principles of Algorithms and Programming,Digital Computer Fundamentals,Digital Computer Fundamentals,Organizational Behaviour,Discrete Structures,Professional Communication Skills I,Organizational Behaviour,Constitution of India and Public Policy]","[Theory,Practical,Theory,Practical,Practical,Theory,Theory,Theory,Theory]",Bachelor of Computer Applications,31011224001,"[1,1,1,1,1,1,1,1,1]"
noya.ali@somaiya.edu,Noya,,Ali,1,"[Principles of Algorithms and Programming,Principles of Algorithms and Programming,Digital Computer Fundamentals,Digital Computer Fundamentals,Organizational Behaviour,Discrete Structures,Professional Communication Skills I,Organizational Behaviour,Constitution of India and Public Policy]","[Theory,Practical,Theory,Practical,Practical,Theory,Theory,Theory,Theory]",Bachelor of Computer Applications,31011224002,"[1,1,1,1,1,1,1,1,1]"
devika.bhave@somaiya.edu,Devika,Kedar,Bhave,1,"[Principles of Algorithms and Programming,Principles of Algorithms and Programming,Digital Computer Fundamentals,Digital Computer Fundamentals,Organizational Behaviour,Discrete Structures,Professional Communication Skills I,Organizational Behaviour,Constitution of India and Public Policy]","[Theory,Practical,Theory,Practical,Practical,Theory,Theory,Theory,Theory]",Bachelor of Computer Applications,31011224003,"[1,1,1,1,1,1,1,1,1]"
amod.bhosale@somaiya.edu,Amod,Mahesh,Bhosale,1,"[Principles of Algorithms and Programming,Principles of Algorithms and Programming,Digital Computer Fundamentals,Digital Computer Fundamentals,Organizational Behaviour,Discrete Structures,Professional Communication Skills I,Organizational Behaviour,Constitution of India and Public Policy]","[Theory,Practical,Theory,Practical,Practical,Theory,Theory,Theory,Theory]",Bachelor of Computer Applications,31011224004,"[1,1,1,1,1,1,1,1,1]"
manasi.bhutra@somaiya.edu,Manasi,Sharad,Bhutra,1,"[Principles of Algorithms and Programming,Principles of Algorithms and Programming,Digital Computer Fundamentals,Digital Computer Fundamentals,Organizational Behaviour,Discrete Structures,Professional Communication Skills I,Organizational Behaviour,Constitution of India and Public Policy]","[Theory,Practical,Theory,Practical,Practical,Theory,Theory,Theory,Theory]",Bachelor of Computer Applications,31011224005,"[1,1,1,1,1,1,1,1,1]"
sujal.bishnoi@somaiya.edu,Sujal,Savlaram,Bishnoi,1,"[Principles of Algorithms and Programming,Principles of Algorithms and Programming,Digital Computer Fundamentals,Digital Computer Fundamentals,Organizational Behaviour,Discrete Structures,Professional Communication Skills I,Organizational Behaviour,Constitution of India and Public Policy]","[Theory,Practical,Theory,Practical,Practical,Theory,Theory,Theory,Theory]",Bachelor of Computer Applications,31011224006,"[1,1,1,1,1,1,1,1,1]"
vansh.chandan@somaiya.edu,Vansh,Rajesh,Chandan,1,"[Principles of Algorithms and Programming,Principles of Algorithms and Programming,Digital Computer Fundamentals,Digital Computer Fundamentals,Organizational Behaviour,Discrete Structures,Professional Communication Skills I,Organizational Behaviour,Constitution of India and Public Policy]","[Theory,Practical,Theory,Practical,Practical,Theory,Theory,Theory,Theory]",Bachelor of Computer Applications,31011224007,"[1,1,1,1,1,1,1,1,1]"
bhoomi.chavan@somaiya.edu,Bhoomi,Sandeep,Chavan,1,"[Principles of Algorithms and Programming,Principles of Algorithms and Programming,Digital Computer Fundamentals,Digital Computer Fundamentals,Organizational Behaviour,Discrete Structures,Professional Communication Skills I,Organizational Behaviour,Constitution of India and Public Policy]","[Theory,Practical,Theory,Practical,Practical,Theory,Theory,Theory,Theory]",Bachelor of Computer Applications,31011224008,"[1,1,1,1,1,1,1,1,1]"
zeke.colaco@somaiya.edu,Zeke,Andre,Colaco,1,"[Principles of Algorithms and Programming,Principles of Algorithms and Programming,Digital Computer Fundamentals,Digital Computer Fundamentals,Organizational Behaviour,Discrete Structures,Professional Communication Skills I,Organizational Behaviour,Constitution of India and Public Policy]","[Theory,Practical,Theory,Practical,Practical,Theory,Theory,Theory,Theory]",Bachelor of Computer Applications,31011224009,"[1,1,1,1,1,1,1,1,1]"
tresha.c@somaiya.edu,Tresha,Serena,Crocker,1,"[Principles of Algorithms and Programming,Principles of Algorithms and Programming,Digital Computer Fundamentals,Digital Computer Fundamentals,Organizational Behaviour,Discrete Structures,Professional Communication Skills I,Organizational Behaviour,Constitution of India and Public Policy]","[Theory,Practical,Theory,Practical,Practical,Theory,Theory,Theory,Theory]",Bachelor of Computer Applications,31011224010,"[1,1,1,1,1,1,1,1,1]"
aaron.sd@somaiya.edu,Aaron,Showan,Dmello,1,"[Principles of Algorithms and Programming,Principles of Algorithms and Programming,Digital Computer Fundamentals,Digital Computer Fundamentals,Organizational Behaviour,Discrete Structures,Professional Communication Skills I,Organizational Behaviour,Constitution of India and Public Policy]","[Theory,Practical,Theory,Practical,Practical,Theory,Theory,Theory,Theory]",Bachelor of Computer Applications,31011224011,"[1,1,1,1,1,1,1,1,1]"
nishra.doshi@somaiya.edu,Nishra,Mehul,Doshi,1,"[Principles of Algorithms and Programming,Principles of Algorithms and Programming,Digital Computer Fundamentals,Digital Computer Fundamentals,Organizational Behaviour,Discrete Structures,Professional Communication Skills I,Organizational Behaviour,Constitution of India and Public Policy]","[Theory,Practical,Theory,Practical,Practical,Theory,Theory,Theory,Theory]",Bachelor of Computer Applications,31011224012,"[1,1,1,1,1,1,1,1,1]"
khushal.dubey@somaiya.edu,Khushal,Ramchandra,Dubey,1,"[Principles of Algorithms and Programming,Principles of Algorithms and Programming,Digital Computer Fundamentals,Digital Computer Fundamentals,Organizational Behaviour,Discrete Structures,Professional Communication Skills I,Organizational Behaviour,Constitution of India and Public Policy]","[Theory,Practical,Theory,Practical,Practical,Theory,Theory,Theory,Theory]",Bachelor of Computer Applications,31011224013,"[1,1,1,1,1,1,1,1,1]"
dhreev.gala@somaiya.edu,Dhreev,Manoj,Gala,1,"[Principles of Algorithms and Programming,Principles of Algorithms and Programming,Digital Computer Fundamentals,Digital Computer Fundamentals,Organizational Behaviour,Discrete Structures,Professional Communication Skills I,Organizational Behaviour,Constitution of India and Public Policy]","[Theory,Practical,Theory,Practical,Practical,Theory,Theory,Theory,Theory]",Bachelor of Computer Applications,31011224014,"[1,1,1,1,1,1,1,1,1]"
kevin.gandhi@somaiya.edu,Kevin,Ankit,Gandhi,1,"[Principles of Algorithms and Programming,Principles of Algorithms and Programming,Digital Computer Fundamentals,Digital Computer Fundamentals,Organizational Behaviour,Discrete Structures,Professional Communication Skills I,Organizational Behaviour,Constitution of India and Public Policy]","[Theory,Practical,Theory,Practical,Practical,Theory,Theory,Theory,Theory]",Bachelor of Computer Applications,31011224015,"[1,1,1,1,1,1,1,1,1]"
tejas.ghag@somaiya.edu,Tejas,Rajesh,Ghag,1,"[Principles of Algorithms and Programming,Principles of Algorithms and Programming,Digital Computer Fundamentals,Digital Computer Fundamentals,Organizational Behaviour,Discrete Structures,Professional Communication Skills I,Organizational Behaviour,Constitution of India and Public Policy]","[Theory,Practical,Theory,Practical,Practical,Theory,Theory,Theory,Theory]",Bachelor of Computer Applications,31011224016,"[1,1,1,1,1,1,1,1,1]"
allexa.g@somaiya.edu,Allexa,Allan,Gonsalves,1,"[Principles of Algorithms and Programming,Principles of Algorithms and Programming,Digital Computer Fundamentals,Digital Computer Fundamentals,Organizational Behaviour,Discrete Structures,Professional Communication Skills I,Organizational Behaviour,Constitution of India and Public Policy]","[Theory,Practical,Theory,Practical,Practical,Theory,Theory,Theory,Theory]",Bachelor of Computer Applications,31011224017,"[1,1,1,1,1,1,1,1,1]"
gargi.gore@somaiya.edu,Gargi,Gajanan,Gore,1,"[Principles of Algorithms and Programming,Principles of Algorithms and Programming,Digital Computer Fundamentals,Digital Computer Fundamentals,Organizational Behaviour,Discrete Structures,Professional Communication Skills I,Organizational Behaviour,Constitution of India and Public Policy]","[Theory,Practical,Theory,Practical,Practical,Theory,Theory,Theory,Theory]",Bachelor of Computer Applications,31011224018,"[1,1,1,1,1,1,1,1,1]"
saara.g@somaiya.edu,Mohammad,Saara,Gouse,1,"[Principles of Algorithms and Programming,Principles of Algorithms and Programming,Digital Computer Fundamentals,Digital Computer Fundamentals,Organizational Behaviour,Discrete Structures,Professional Communication Skills I,Organizational Behaviour,Constitution of India and Public Policy]","[Theory,Practical,Theory,Practical,Practical,Theory,Theory,Theory,Theory]",Bachelor of Computer Applications,31011224019,"[1,1,1,1,1,1,1,1,1]"
riddhi.gujaran@somaiya.edu,Riddhi,Veerendra,Gujaran,1,"[Principles of Algorithms and Programming,Principles of Algorithms and Programming,Digital Computer Fundamentals,Digital Computer Fundamentals,Organizational Behaviour,Discrete Structures,Professional Communication Skills I,Organizational Behaviour,Constitution of India and Public Policy]","[Theory,Practical,Theory,Practical,Practical,Theory,Theory,Theory,Theory]",Bachelor of Computer Applications,31011224020,"[1,1,1,1,1,1,1,1,1]"
dhananjay.gupta@somaiya.edu,Dhananjay,Suryakant,Gupta,1,"[Principles of Algorithms and Programming,Principles of Algorithms and Programming,Digital Computer Fundamentals,Digital Computer Fundamentals,Organizational Behaviour,Discrete Structures,Professional Communication Skills I,Organizational Behaviour,Constitution of India and Public Policy]","[Theory,Practical,Theory,Practical,Practical,Theory,Theory,Theory,Theory]",Bachelor of Computer Applications,31011224021,"[1,1,1,1,1,1,1,1,1]"
gautam.dg@somaiya.edu,Gautam,Dinesh,Gupta,1,"[Principles of Algorithms and Programming,Principles of Algorithms and Programming,Digital Computer Fundamentals,Digital Computer Fundamentals,Organizational Behaviour,Discrete Structures,Professional Communication Skills I,Organizational Behaviour,Constitution of India and Public Policy]","[Theory,Practical,Theory,Practical,Practical,Theory,Theory,Theory,Theory]",Bachelor of Computer Applications,31011224022,"[1,1,1,1,1,1,1,1,1]"
prem06@somaiya.edu,Prem,Sanjay,Gupta,1,"[Principles of Algorithms and Programming,Principles of Algorithms and Programming,Digital Computer Fundamentals,Digital Computer Fundamentals,Organizational Behaviour,Discrete Structures,Professional Communication Skills I,Organizational Behaviour,Constitution of India and Public Policy]","[Theory,Practical,Theory,Practical,Practical,Theory,Theory,Theory,Theory]",Bachelor of Computer Applications,31011224023,"[1,1,1,1,1,1,1,1,1]"
shrikant.i@somaiya.edu,Shrikant,Prashant,Ingle,1,"[Principles of Algorithms and Programming,Principles of Algorithms and Programming,Digital Computer Fundamentals,Digital Computer Fundamentals,Organizational Behaviour,Discrete Structures,Professional Communication Skills I,Organizational Behaviour,Constitution of India and Public Policy]","[Theory,Practical,Theory,Practical,Practical,Theory,Theory,Theory,Theory]",Bachelor of Computer Applications,31011224024,"[1,1,1,1,1,1,1,1,1]"
gunjan.i@somaiya.edu,Gunjan,Pankaj,Israni,1,"[Principles of Algorithms and Programming,Principles of Algorithms and Programming,Digital Computer Fundamentals,Digital Computer Fundamentals,Organizational Behaviour,Discrete Structures,Professional Communication Skills I,Organizational Behaviour,Constitution of India and Public Policy]","[Theory,Practical,Theory,Practical,Practical,Theory,Theory,Theory,Theory]",Bachelor of Computer Applications,31011224025,"[1,1,1,1,1,1,1,1,1]"
navya.iyer@somaiya.edu,Navya,Hariharan,Iyer,1,"[Principles of Algorithms and Programming,Principles of Algorithms and Programming,Digital Computer Fundamentals,Digital Computer Fundamentals,Organizational Behaviour,Discrete Structures,Professional Communication Skills I,Organizational Behaviour,Constitution of India and Public Policy]","[Theory,Practical,Theory,Practical,Practical,Theory,Theory,Theory,Theory]",Bachelor of Computer Applications,31011224026,"[1,1,1,1,1,1,1,1,1]"
akshay.nj@somaiya.edu,Akshay,Nitin,Jadhav,1,"[Principles of Algorithms and Programming,Principles of Algorithms and Programming,Digital Computer Fundamentals,Digital Computer Fundamentals,Organizational Behaviour,Discrete Structures,Professional Communication Skills I,Organizational Behaviour,Constitution of India and Public Policy]","[Theory,Practical,Theory,Practical,Practical,Theory,Theory,Theory,Theory]",Bachelor of Computer Applications,31011224027,"[1,1,1,1,1,1,1,1,1]"
kirti.j@somaiya.edu,Kirti,Subhash,Jadhav,1,"[Principles of Algorithms and Programming,Principles of Algorithms and Programming,Digital Computer Fundamentals,Digital Computer Fundamentals,Organizational Behaviour,Discrete Structures,Professional Communication Skills I,Organizational Behaviour,Constitution of India and Public Policy]","[Theory,Practical,Theory,Practical,Practical,Theory,Theory,Theory,Theory]",Bachelor of Computer Applications,31011224028,"[1,1,1,1,1,1,1,1,1]"
vidhi.jadhav@somaiya.edu,Vidhi,Dilip,Jadhav,1,"[Principles of Algorithms and Programming,Principles of Algorithms and Programming,Digital Computer Fundamentals,Digital Computer Fundamentals,Organizational Behaviour,Discrete Structures,Professional Communication Skills I,Organizational Behaviour,Constitution of India and Public Policy]","[Theory,Practical,Theory,Practical,Practical,Theory,Theory,Theory,Theory]",Bachelor of Computer Applications,31011224029,"[1,1,1,1,1,1,1,1,1]"
ishan.vj@somaiya.edu,Ishan,Vinod,Jain,1,"[Principles of Algorithms and Programming,Principles of Algorithms and Programming,Digital Computer Fundamentals,Digital Computer Fundamentals,Organizational Behaviour,Discrete Structures,Professional Communication Skills I,Organizational Behaviour,Constitution of India and Public Policy]","[Theory,Practical,Theory,Practical,Practical,Theory,Theory,Theory,Theory]",Bachelor of Computer Applications,31011224030,"[1,1,1,1,1,1,1,1,1]"
ishika.dj@somaiya.edu,Ishika,Deepak,Jain,1,"[Principles of Algorithms and Programming,Principles of Algorithms and Programming,Digital Computer Fundamentals,Digital Computer Fundamentals,Organizational Behaviour,Discrete Structures,Professional Communication Skills I,Organizational Behaviour,Constitution of India and Public Policy]","[Theory,Practical,Theory,Practical,Practical,Theory,Theory,Theory,Theory]",Bachelor of Computer Applications,31011224031,"[1,1,1,1,1,1,1,1,1]"
navya.jose@somaiya.edu,Navya,,Jose,1,"[Principles of Algorithms and Programming,Principles of Algorithms and Programming,Digital Computer Fundamentals,Digital Computer Fundamentals,Organizational Behaviour,Discrete Structures,Professional Communication Skills I,Organizational Behaviour,Constitution of India and Public Policy]","[Theory,Practical,Theory,Practical,Practical,Theory,Theory,Theory,Theory]",Bachelor of Computer Applications,31011224032,"[1,1,1,1,1,1,1,1,1]"
aarya15@somaiya.edu,Aarya,Sambhaji,Kadam,1,"[Principles of Algorithms and Programming,Principles of Algorithms and Programming,Digital Computer Fundamentals,Digital Computer Fundamentals,Organizational Behaviour,Discrete Structures,Professional Communication Skills I,Organizational Behaviour,Constitution of India and Public Policy]","[Theory,Practical,Theory,Practical,Practical,Theory,Theory,Theory,Theory]",Bachelor of Computer Applications,31011224033,"[1,1,1,1,1,1,1,1,1]"
chandrahas.k@somaiya.edu,Chandrahas,Jagan,Karabuja,1,"[Principles of Algorithms and Programming,Principles of Algorithms and Programming,Digital Computer Fundamentals,Digital Computer Fundamentals,Organizational Behaviour,Discrete Structures,Professional Communication Skills I,Organizational Behaviour,Constitution of India and Public Policy]","[Theory,Practical,Theory,Practical,Practical,Theory,Theory,Theory,Theory]",Bachelor of Computer Applications,31011224034,"[1,1,1,1,1,1,1,1,1]"
neel.kasar@somaiya.edu,Neel,Uttam,Kasar,1,"[Principles of Algorithms and Programming,Principles of Algorithms and Programming,Digital Computer Fundamentals,Digital Computer Fundamentals,Organizational Behaviour,Discrete Structures,Professional Communication Skills I,Organizational Behaviour,Constitution of India and Public Policy]","[Theory,Practical,Theory,Practical,Practical,Theory,Theory,Theory,Theory]",Bachelor of Computer Applications,31011224035,"[1,1,1,1,1,1,1,1,1]"
siddhi.k@somaiya.edu,Siddhi,Pradeep,Kasurde,1,"[Principles of Algorithms and Programming,Principles of Algorithms and Programming,Digital Computer Fundamentals,Digital Computer Fundamentals,Organizational Behaviour,Discrete Structures,Professional Communication Skills I,Organizational Behaviour,Constitution of India and Public Policy]","[Theory,Practical,Theory,Practical,Practical,Theory,Theory,Theory,Theory]",Bachelor of Computer Applications,31011224036,"[1,1,1,1,1,1,1,1,1]"
sahnawaz.k@somaiya.edu,Sahnawaz,Azim,Khan,1,"[Principles of Algorithms and Programming,Principles of Algorithms and Programming,Digital Computer Fundamentals,Digital Computer Fundamentals,Organizational Behaviour,Discrete Structures,Professional Communication Skills I,Organizational Behaviour,Constitution of India and Public Policy]","[Theory,Practical,Theory,Practical,Practical,Theory,Theory,Theory,Theory]",Bachelor of Computer Applications,31011224037,"[1,1,1,1,1,1,1,1,1]"
parth.khetia@somaiya.edu,Parth,Pankaj,Khetia,1,"[Principles of Algorithms and Programming,Principles of Algorithms and Programming,Digital Computer Fundamentals,Digital Computer Fundamentals,Organizational Behaviour,Discrete Structures,Professional Communication Skills I,Organizational Behaviour,Constitution of India and Public Policy]","[Theory,Practical,Theory,Practical,Practical,Theory,Theory,Theory,Theory]",Bachelor of Computer Applications,31011224038,"[1,1,1,1,1,1,1,1,1]"
murali.k@somaiya.edu,M,Murali,Krishna,1,"[Principles of Algorithms and Programming,Principles of Algorithms and Programming,Digital Computer Fundamentals,Digital Computer Fundamentals,Organizational Behaviour,Discrete Structures,Professional Communication Skills I,Organizational Behaviour,Constitution of India and Public Policy]","[Theory,Practical,Theory,Practical,Practical,Theory,Theory,Theory,Theory]",Bachelor of Computer Applications,31011224039,"[1,1,1,1,1,1,1,1,1]"
sai.malusare@somaiya.edu,Sai,Sandeep,Malusare,1,"[Principles of Algorithms and Programming,Principles of Algorithms and Programming,Digital Computer Fundamentals,Digital Computer Fundamentals,Organizational Behaviour,Discrete Structures,Professional Communication Skills I,Organizational Behaviour,Constitution of India and Public Policy]","[Theory,Practical,Theory,Practical,Practical,Theory,Theory,Theory,Theory]",Bachelor of Computer Applications,31011224040,"[1,2,1,2,2,1,1,1,1]"
elizabeth.mehta@somaiya.edu,Elizabeth,Shailesh,Mehta,1,"[Principles of Algorithms and Programming,Principles of Algorithms and Programming,Digital Computer Fundamentals,Digital Computer Fundamentals,Organizational Behaviour,Discrete Structures,Professional Communication Skills I,Organizational Behaviour,Constitution of India and Public Policy]","[Theory,Practical,Theory,Practical,Practical,Theory,Theory,Theory,Theory]",Bachelor of Computer Applications,31011224041,"[1,2,1,2,2,1,1,1,1]"
diksha.more@somaiya.edu,Diksha,Dilip,More,1,"[Principles of Algorithms and Programming,Principles of Algorithms and Programming,Digital Computer Fundamentals,Digital Computer Fundamentals,Organizational Behaviour,Discrete Structures,Professional Communication Skills I,Organizational Behaviour,Constitution of India and Public Policy]","[Theory,Practical,Theory,Practical,Practical,Theory,Theory,Theory,Theory]",Bachelor of Computer Applications,31011224042,"[1,2,1,2,2,1,1,1,1]"
kaushal.m@somaiya.edu,Kaushal,Satish,Mundada,1,"[Principles of Algorithms and Programming,Principles of Algorithms and Programming,Digital Computer Fundamentals,Digital Computer Fundamentals,Organizational Behaviour,Discrete Structures,Professional Communication Skills I,Organizational Behaviour,Constitution of India and Public Policy]","[Theory,Practical,Theory,Practical,Practical,Theory,Theory,Theory,Theory]",Bachelor of Computer Applications,31011224043,"[1,2,1,2,2,1,1,1,1]"
muskan.nagpal@somaiya.edu,Muskan,Amar,Nagpal,1,"[Principles of Algorithms and Programming,Principles of Algorithms and Programming,Digital Computer Fundamentals,Digital Computer Fundamentals,Organizational Behaviour,Discrete Structures,Professional Communication Skills I,Organizational Behaviour,Constitution of India and Public Policy]","[Theory,Practical,Theory,Practical,Practical,Theory,Theory,Theory,Theory]",Bachelor of Computer Applications,31011224044,"[1,2,1,2,2,1,1,1,1]"
krish.pancholi@somaiya.edu,Krish,,Pancholi,1,"[Principles of Algorithms and Programming,Principles of Algorithms and Programming,Digital Computer Fundamentals,Digital Computer Fundamentals,Organizational Behaviour,Discrete Structures,Professional Communication Skills I,Organizational Behaviour,Constitution of India and Public Policy]","[Theory,Practical,Theory,Practical,Practical,Theory,Theory,Theory,Theory]",Bachelor of Computer Applications,31011224045,"[1,2,1,2,2,1,1,1,1]"
mahi.pandya@somaiya.edu,Mahi,Tejas,Pandya,1,"[Principles of Algorithms and Programming,Principles of Algorithms and Programming,Digital Computer Fundamentals,Digital Computer Fundamentals,Organizational Behaviour,Discrete Structures,Professional Communication Skills I,Organizational Behaviour,Constitution of India and Public Policy]","[Theory,Practical,Theory,Practical,Practical,Theory,Theory,Theory,Theory]",Bachelor of Computer Applications,31011224046,"[1,2,1,2,2,1,1,1,1]"
v.parmanand@somaiya.edu,Vaishali,Sachin,Parmanand,1,"[Principles of Algorithms and Programming,Principles of Algorithms and Programming,Digital Computer Fundamentals,Digital Computer Fundamentals,Organizational Behaviour,Discrete Structures,Professional Communication Skills I,Organizational Behaviour,Constitution of India and Public Policy]","[Theory,Practical,Theory,Practical,Practical,Theory,Theory,Theory,Theory]",Bachelor of Computer Applications,31011224047,"[1,2,1,2,2,1,1,1,1]"
dharmik.ap@somaiya.edu,Dharmik,Atulbhai,Parmar,1,"[Principles of Algorithms and Programming,Principles of Algorithms and Programming,Digital Computer Fundamentals,Digital Computer Fundamentals,Organizational Behaviour,Discrete Structures,Professional Communication Skills I,Organizational Behaviour,Constitution of India and Public Policy]","[Theory,Practical,Theory,Practical,Practical,Theory,Theory,Theory,Theory]",Bachelor of Computer Applications,31011224048,"[1,2,1,2,2,1,1,1,1]"
isha.patankar@somaiya.edu,Isha,Sachin,Patankar,1,"[Principles of Algorithms and Programming,Principles of Algorithms and Programming,Digital Computer Fundamentals,Digital Computer Fundamentals,Organizational Behaviour,Discrete Structures,Professional Communication Skills I,Organizational Behaviour,Constitution of India and Public Policy]","[Theory,Practical,Theory,Practical,Practical,Theory,Theory,Theory,Theory]",Bachelor of Computer Applications,31011224049,"[1,2,1,2,2,1,1,1,1]"
rugved.puranik@somaiya.edu,Rugved,Uday,Puranik,1,"[Principles of Algorithms and Programming,Principles of Algorithms and Programming,Digital Computer Fundamentals,Digital Computer Fundamentals,Organizational Behaviour,Discrete Structures,Professional Communication Skills I,Organizational Behaviour,Constitution of India and Public Policy]","[Theory,Practical,Theory,Practical,Practical,Theory,Theory,Theory,Theory]",Bachelor of Computer Applications,31011224050,"[1,2,1,2,2,1,1,1,1]"
aavez.q@somaiya.edu,Aavez,Nasir,Qureshi,1,"[Principles of Algorithms and Programming,Principles of Algorithms and Programming,Digital Computer Fundamentals,Digital Computer Fundamentals,Organizational Behaviour,Discrete Structures,Professional Communication Skills I,Organizational Behaviour,Constitution of India and Public Policy]","[Theory,Practical,Theory,Practical,Practical,Theory,Theory,Theory,Theory]",Bachelor of Computer Applications,31011224051,"[1,2,1,2,2,1,1,1,1]"
dhwani.r@somaiya.edu,Dhwani,Jitendra,Rajpurohit,1,"[Principles of Algorithms and Programming,Principles of Algorithms and Programming,Digital Computer Fundamentals,Digital Computer Fundamentals,Organizational Behaviour,Discrete Structures,Professional Communication Skills I,Organizational Behaviour,Constitution of India and Public Policy]","[Theory,Practical,Theory,Practical,Practical,Theory,Theory,Theory,Theory]",Bachelor of Computer Applications,31011224052,"[1,2,1,2,2,1,1,1,1]"
shravani.ranpise@somaiya.edu,Shravani,Ganesh,Ranpise,1,"[Principles of Algorithms and Programming,Principles of Algorithms and Programming,Digital Computer Fundamentals,Digital Computer Fundamentals,Organizational Behaviour,Discrete Structures,Professional Communication Skills I,Organizational Behaviour,Constitution of India and Public Policy]","[Theory,Practical,Theory,Practical,Practical,Theory,Theory,Theory,Theory]",Bachelor of Computer Applications,31011224053,"[1,2,1,2,2,1,1,1,1]"
ayushka.rao@somaiya.edu,Ayushka,,Rao,1,"[Principles of Algorithms and Programming,Principles of Algorithms and Programming,Digital Computer Fundamentals,Digital Computer Fundamentals,Organizational Behaviour,Discrete Structures,Professional Communication Skills I,Organizational Behaviour,Constitution of India and Public Policy]","[Theory,Practical,Theory,Practical,Practical,Theory,Theory,Theory,Theory]",Bachelor of Computer Applications,31011224054,"[1,2,1,2,2,1,1,1,1]"
neel.santhumayor@somaiya.edu,Neel,,Santhumayor,1,"[Principles of Algorithms and Programming,Principles of Algorithms and Programming,Digital Computer Fundamentals,Digital Computer Fundamentals,Organizational Behaviour,Discrete Structures,Professional Communication Skills I,Organizational Behaviour,Constitution of India and Public Policy]","[Theory,Practical,Theory,Practical,Practical,Theory,Theory,Theory,Theory]",Bachelor of Computer Applications,31011224055,"[1,2,1,2,2,1,1,1,1]"
ds@somaiya.edu,Diti,,Shah,1,"[Principles of Algorithms and Programming,Principles of Algorithms and Programming,Digital Computer Fundamentals,Digital Computer Fundamentals,Organizational Behaviour,Discrete Structures,Professional Communication Skills I,Organizational Behaviour,Constitution of India and Public Policy]","[Theory,Practical,Theory,Practical,Practical,Theory,Theory,Theory,Theory]",Bachelor of Computer Applications,31011224056,"[1,2,1,2,2,1,1,1,1]"
ahad.shaikh@somaiya.edu,Ahad,Fazlurrahman,Shaikh,1,"[Principles of Algorithms and Programming,Principles of Algorithms and Programming,Digital Computer Fundamentals,Digital Computer Fundamentals,Organizational Behaviour,Discrete Structures,Professional Communication Skills I,Organizational Behaviour,Constitution of India and Public Policy]","[Theory,Practical,Theory,Practical,Practical,Theory,Theory,Theory,Theory]",Bachelor of Computer Applications,31011224057,"[1,2,1,2,2,1,1,1,1]"
daniya.s@somaiya.edu,Daniya,Irfan,Shaikh,1,"[Principles of Algorithms and Programming,Principles of Algorithms and Programming,Digital Computer Fundamentals,Digital Computer Fundamentals,Organizational Behaviour,Discrete Structures,Professional Communication Skills I,Organizational Behaviour,Constitution of India and Public Policy]","[Theory,Practical,Theory,Practical,Practical,Theory,Theory,Theory,Theory]",Bachelor of Computer Applications,31011224058,"[1,2,1,2,2,1,1,1,1]"
amartya.s@somaiya.edu,Amartya,Sanjay,Shetty,1,"[Principles of Algorithms and Programming,Principles of Algorithms and Programming,Digital Computer Fundamentals,Digital Computer Fundamentals,Organizational Behaviour,Discrete Structures,Professional Communication Skills I,Organizational Behaviour,Constitution of India and Public Policy]","[Theory,Practical,Theory,Practical,Practical,Theory,Theory,Theory,Theory]",Bachelor of Computer Applications,31011224059,"[1,2,1,2,2,1,1,1,1]"
saanvi.shetty@somaiya.edu,Saanvi,Prabhakar,Shetty,1,"[Principles of Algorithms and Programming,Principles of Algorithms and Programming,Digital Computer Fundamentals,Digital Computer Fundamentals,Organizational Behaviour,Discrete Structures,Professional Communication Skills I,Organizational Behaviour,Constitution of India and Public Policy]","[Theory,Practical,Theory,Practical,Practical,Theory,Theory,Theory,Theory]",Bachelor of Computer Applications,31011224060,"[1,2,1,2,2,1,1,1,1]"
krupa.shinde@somaiya.edu,Krupa,Raju,Shinde,1,"[Principles of Algorithms and Programming,Principles of Algorithms and Programming,Digital Computer Fundamentals,Digital Computer Fundamentals,Organizational Behaviour,Discrete Structures,Professional Communication Skills I,Organizational Behaviour,Constitution of India and Public Policy]","[Theory,Practical,Theory,Practical,Practical,Theory,Theory,Theory,Theory]",Bachelor of Computer Applications,31011224061,"[1,2,1,2,2,1,1,1,1]"
manav.shirali@somaiya.edu,Manav,Samir,Shirali,1,"[Principles of Algorithms and Programming,Principles of Algorithms and Programming,Digital Computer Fundamentals,Digital Computer Fundamentals,Organizational Behaviour,Discrete Structures,Professional Communication Skills I,Organizational Behaviour,Constitution of India and Public Policy]","[Theory,Practical,Theory,Practical,Practical,Theory,Theory,Theory,Theory]",Bachelor of Computer Applications,31011224062,"[1,2,1,2,2,1,1,1,1]"
chhavi.singh@somaiya.edu,Chhavi,Swatantra,Singh,1,"[Principles of Algorithms and Programming,Principles of Algorithms and Programming,Digital Computer Fundamentals,Digital Computer Fundamentals,Organizational Behaviour,Discrete Structures,Professional Communication Skills I,Organizational Behaviour,Constitution of India and Public Policy]","[Theory,Practical,Theory,Practical,Practical,Theory,Theory,Theory,Theory]",Bachelor of Computer Applications,31011224063,"[1,2,1,2,2,1,1,1,1]"
gagandeep09@somaiya.edu,Gagandeep,,Singh,1,"[Principles of Algorithms and Programming,Principles of Algorithms and Programming,Digital Computer Fundamentals,Digital Computer Fundamentals,Organizational Behaviour,Discrete Structures,Professional Communication Skills I,Organizational Behaviour,Constitution of India and Public Policy]","[Theory,Practical,Theory,Practical,Practical,Theory,Theory,Theory,Theory]",Bachelor of Computer Applications,31011224064,"[1,2,1,2,2,1,1,1,1]"
rewa.suroth@somaiya.edu,Rewa,Singh,Suroth,1,"[Principles of Algorithms and Programming,Principles of Algorithms and Programming,Digital Computer Fundamentals,Digital Computer Fundamentals,Organizational Behaviour,Discrete Structures,Professional Communication Skills I,Organizational Behaviour,Constitution of India and Public Policy]","[Theory,Practical,Theory,Practical,Practical,Theory,Theory,Theory,Theory]",Bachelor of Computer Applications,31011224065,"[1,2,1,2,2,1,1,1,1]"
jiah.syed@somaiya.edu,Jiah,Javed,Syed,1,"[Principles of Algorithms and Programming,Principles of Algorithms and Programming,Digital Computer Fundamentals,Digital Computer Fundamentals,Organizational Behaviour,Discrete Structures,Professional Communication Skills I,Organizational Behaviour,Constitution of India and Public Policy]","[Theory,Practical,Theory,Practical,Practical,Theory,Theory,Theory,Theory]",Bachelor of Computer Applications,31011224066,"[1,2,1,2,2,1,1,1,1]"
manish.st@somaiya.edu,Manish,Sachin,Thakkar,1,"[Principles of Algorithms and Programming,Principles of Algorithms and Programming,Digital Computer Fundamentals,Digital Computer Fundamentals,Organizational Behaviour,Discrete Structures,Professional Communication Skills I,Organizational Behaviour,Constitution of India and Public Policy]","[Theory,Practical,Theory,Practical,Practical,Theory,Theory,Theory,Theory]",Bachelor of Computer Applications,31011224067,"[1,2,1,2,2,1,1,1,1]"
kkt@somaiya.edu,Khushi,Kishore,Thakur,1,"[Principles of Algorithms and Programming,Principles of Algorithms and Programming,Digital Computer Fundamentals,Digital Computer Fundamentals,Organizational Behaviour,Discrete Structures,Professional Communication Skills I,Organizational Behaviour,Constitution of India and Public Policy]","[Theory,Practical,Theory,Practical,Practical,Theory,Theory,Theory,Theory]",Bachelor of Computer Applications,31011224068,"[1,2,1,2,2,1,1,1,1]"
tejas.tholar@somaiya.edu,Tejas,Mahesh,Tholar,1,"[Principles of Algorithms and Programming,Principles of Algorithms and Programming,Digital Computer Fundamentals,Digital Computer Fundamentals,Organizational Behaviour,Discrete Structures,Professional Communication Skills I,Organizational Behaviour,Constitution of India and Public Policy]","[Theory,Practical,Theory,Practical,Practical,Theory,Theory,Theory,Theory]",Bachelor of Computer Applications,31011224069,"[1,2,1,2,2,1,1,1,1]"
vinit.u@somaiya.edu,Vinit,Rajesh,Uttnoori,1,"[Principles of Algorithms and Programming,Principles of Algorithms and Programming,Digital Computer Fundamentals,Digital Computer Fundamentals,Organizational Behaviour,Discrete Structures,Professional Communication Skills I,Organizational Behaviour,Constitution of India and Public Policy]","[Theory,Practical,Theory,Practical,Practical,Theory,Theory,Theory,Theory]",Bachelor of Computer Applications,31011224070,"[1,2,1,2,2,1,1,1,1]"
insha.v@somaiya.edu,Insha,Barkatali,Vadsariya,1,"[Principles of Algorithms and Programming,Principles of Algorithms and Programming,Digital Computer Fundamentals,Digital Computer Fundamentals,Organizational Behaviour,Discrete Structures,Professional Communication Skills I,Organizational Behaviour,Constitution of India and Public Policy]","[Theory,Practical,Theory,Practical,Practical,Theory,Theory,Theory,Theory]",Bachelor of Computer Applications,31011224071,"[1,2,1,2,2,1,1,1,1]"
dhruva.v@somaiya.edu,Dhruva,Deodatta,Velhankar,1,"[Principles of Algorithms and Programming,Principles of Algorithms and Programming,Digital Computer Fundamentals,Digital Computer Fundamentals,Organizational Behaviour,Discrete Structures,Professional Communication Skills I,Organizational Behaviour,Constitution of India and Public Policy]","[Theory,Practical,Theory,Practical,Practical,Theory,Theory,Theory,Theory]",Bachelor of Computer Applications,31011224072,"[1,2,1,2,2,1,1,1,1]"
a.vengurlekar@somaiya.edu,Aayush,Gopal,Vengurlekar,1,"[Principles of Algorithms and Programming,Principles of Algorithms and Programming,Digital Computer Fundamentals,Digital Computer Fundamentals,Organizational Behaviour,Discrete Structures,Professional Communication Skills I,Organizational Behaviour,Constitution of India and Public Policy]","[Theory,Practical,Theory,Practical,Practical,Theory,Theory,Theory,Theory]",Bachelor of Computer Applications,31011224073,"[1,2,1,2,2,1,1,1,1]"
anshita.sv@somaiya.edu,Anshita,Shailendra,Vishwakarma,1,"[Principles of Algorithms and Programming,Principles of Algorithms and Programming,Digital Computer Fundamentals,Digital Computer Fundamentals,Organizational Behaviour,Discrete Structures,Professional Communication Skills I,Organizational Behaviour,Constitution of India and Public Policy]","[Theory,Practical,Theory,Practical,Practical,Theory,Theory,Theory,Theory]",Bachelor of Computer Applications,31011224074,"[1,2,1,2,2,1,1,1,1]"
afifa.waghu@somaiya.edu,Afifa,Siraj,Waghu,1,"[Principles of Algorithms and Programming,Principles of Algorithms and Programming,Digital Computer Fundamentals,Digital Computer Fundamentals,Organizational Behaviour,Discrete Structures,Professional Communication Skills I,Organizational Behaviour,Constitution of India and Public Policy]","[Theory,Practical,Theory,Practical,Practical,Theory,Theory,Theory,Theory]",Bachelor of Computer Applications,31011224075,"[1,2,1,2,2,1,1,1,1]"
tanay.surve@somaiya.edu,Tanay,Sachin,Surve,1,"[Principles of Algorithms and Programming,Principles of Algorithms and Programming,Digital Computer Fundamentals,Digital Computer Fundamentals,Organizational Behaviour,Discrete Structures,Professional Communication Skills I,Organizational Behaviour,Constitution of India and Public Policy]","[Theory,Practical,Theory,Practical,Practical,Theory,Theory,Theory,Theory]",Bachelor of Computer Applications,31011224076,"[1,2,1,2,2,1,1,1,1]"
parisha.vasa@somaiya.edu,Parisha,Sanjay,Vasa,1,"[Principles of Algorithms and Programming,Principles of Algorithms and Programming,Digital Computer Fundamentals,Digital Computer Fundamentals,Organizational Behaviour,Discrete Structures,Professional Communication Skills I,Organizational Behaviour,Constitution of India and Public Policy]","[Theory,Practical,Theory,Practical,Practical,Theory,Theory,Theory,Theory]",Bachelor of Computer Applications,31011224077,"[1,2,1,2,2,1,1,1,1]"
aarav.barge@somaiya.edu,Aarav,Sanjay,Barge,1,"[Calculus,Calculus,Foundation of Descriptive Statistcis,Foundation of Descriptive Statistics,Professional Skill I,Data Management using Spreadsheet,Data Management using Spreadsheet,Introduction to programming through Python,Introduction to programming through Python,Constitution & Public Policy]","[Theory,Practical,Theory,Practical,Theory,Theory,Practical,Theory,Practical,Theory]",Bachelor of Science (Data Science),31013024001,"[1,1,1,1,1,1,1,1,1,1]"
rahul.barot@somaiya.edu,Rahul,Jayesh,Barot,1,"[Calculus,Calculus,Foundation of Descriptive Statistcis,Foundation of Descriptive Statistics,Professional Skill I,Data Management using Spreadsheet,Data Management using Spreadsheet,Introduction to programming through Python,Introduction to programming through Python,Constitution & Public Policy]","[Theory,Practical,Theory,Practical,Theory,Theory,Practical,Theory,Practical,Theory]",Bachelor of Science (Data Science),31013024002,"[1,1,1,1,1,1,1,1,1,1]"
arjun.chandan@somaiya.edu,Arjun,Rajesh,Chandan,1,"[Calculus,Calculus,Foundation of Descriptive Statistcis,Foundation of Descriptive Statistics,Professional Skill I,Data Management using Spreadsheet,Data Management using Spreadsheet,Introduction to programming through Python,Introduction to programming through Python,Constitution & Public Policy]","[Theory,Practical,Theory,Practical,Theory,Theory,Practical,Theory,Practical,Theory]",Bachelor of Science (Data Science),31013024004,"[1,1,1,1,1,1,1,1,1,1]"
chaitali.chavan@somaiya.edu,Chaitali,Jayant,Chavan,1,"[Calculus,Calculus,Foundation of Descriptive Statistcis,Foundation of Descriptive Statistics,Professional Skill I,Data Management using Spreadsheet,Data Management using Spreadsheet,Introduction to programming through Python,Introduction to programming through Python,Constitution & Public Policy]","[Theory,Practical,Theory,Practical,Theory,Theory,Practical,Theory,Practical,Theory]",Bachelor of Science (Data Science),31013024005,"[1,1,1,1,1,1,1,1,1,1]"
a.chettiparambil@somaiya.edu,Ayush,Vinod,Chettiparambil,1,"[Calculus,Calculus,Foundation of Descriptive Statistcis,Foundation of Descriptive Statistics,Professional Skill I,Data Management using Spreadsheet,Data Management using Spreadsheet,Introduction to programming through Python,Introduction to programming through Python,Constitution & Public Policy]","[Theory,Practical,Theory,Practical,Theory,Theory,Practical,Theory,Practical,Theory]",Bachelor of Science (Data Science),31013024006,"[1,1,1,1,1,1,1,1,1,1]"
adi.dakhway@somaiya.edu,Adi,Amir,Dakhway,1,"[Calculus,Calculus,Foundation of Descriptive Statistcis,Foundation of Descriptive Statistics,Professional Skill I,Data Management using Spreadsheet,Data Management using Spreadsheet,Introduction to programming through Python,Introduction to programming through Python,Constitution & Public Policy]","[Theory,Practical,Theory,Practical,Theory,Theory,Practical,Theory,Practical,Theory]",Bachelor of Science (Data Science),31013024007,"[1,1,1,1,1,1,1,1,1,1]"
atharva.vd@somaiya.edu,Atharva,Vikas,Dalvi,1,"[Calculus,Calculus,Foundation of Descriptive Statistcis,Foundation of Descriptive Statistics,Professional Skill I,Data Management using Spreadsheet,Data Management using Spreadsheet,Introduction to programming through Python,Introduction to programming through Python,Constitution & Public Policy]","[Theory,Practical,Theory,Practical,Theory,Theory,Practical,Theory,Practical,Theory]",Bachelor of Science (Data Science),31013024008,"[1,1,1,1,1,1,1,1,1,1]"
a.gaikwad@somaiya.edu,Abhishek,Rajendra,Gaikwad,1,"[Calculus,Calculus,Foundation of Descriptive Statistcis,Foundation of Descriptive Statistics,Professional Skill I,Data Management using Spreadsheet,Data Management using Spreadsheet,Introduction to programming through Python,Introduction to programming through Python,Constitution & Public Policy]","[Theory,Practical,Theory,Practical,Theory,Theory,Practical,Theory,Practical,Theory]",Bachelor of Science (Data Science),31013024009,"[1,1,1,1,1,1,1,1,1,1]"
shreya.gohil@somaiya.edu,Shreya,Dipesh,Gohil,1,"[Calculus,Calculus,Foundation of Descriptive Statistcis,Foundation of Descriptive Statistics,Professional Skill I,Data Management using Spreadsheet,Data Management using Spreadsheet,Introduction to programming through Python,Introduction to programming through Python,Constitution & Public Policy]","[Theory,Practical,Theory,Practical,Theory,Theory,Practical,Theory,Practical,Theory]",Bachelor of Science (Data Science),31013024010,"[1,1,1,1,1,1,1,1,1,1]"
d.gowda@somaiya.edu,Dhwani,Dhananjaya,Gowda,1,"[Calculus,Calculus,Foundation of Descriptive Statistcis,Foundation of Descriptive Statistics,Professional Skill I,Data Management using Spreadsheet,Data Management using Spreadsheet,Introduction to programming through Python,Introduction to programming through Python,Constitution & Public Policy]","[Theory,Practical,Theory,Practical,Theory,Theory,Practical,Theory,Practical,Theory]",Bachelor of Science (Data Science),31013024011,"[1,1,1,1,1,1,1,1,1,1]"
aditya.indulkar@somaiya.edu,Aditya,Kiran,Indulkar,1,"[Calculus,Calculus,Foundation of Descriptive Statistcis,Foundation of Descriptive Statistics,Professional Skill I,Data Management using Spreadsheet,Data Management using Spreadsheet,Introduction to programming through Python,Introduction to programming through Python,Constitution & Public Policy]","[Theory,Practical,Theory,Practical,Theory,Theory,Practical,Theory,Practical,Theory]",Bachelor of Science (Data Science),31013024014,"[1,1,1,1,1,1,1,1,1,1]"
saloni10@somaiya.edu,Saloni,,Kadam,1,"[Calculus,Calculus,Foundation of Descriptive Statistcis,Foundation of Descriptive Statistics,Professional Skill I,Data Management using Spreadsheet,Data Management using Spreadsheet,Introduction to programming through Python,Introduction to programming through Python,Constitution & Public Policy]","[Theory,Practical,Theory,Practical,Theory,Theory,Practical,Theory,Practical,Theory]",Bachelor of Science (Data Science),31013024015,"[1,1,1,1,1,1,1,1,1,1]"
aarya.kalbhor@somaiya.edu,Aarya,Prakash,Kalbhor,1,"[Calculus,Calculus,Foundation of Descriptive Statistcis,Foundation of Descriptive Statistics,Professional Skill I,Data Management using Spreadsheet,Data Management using Spreadsheet,Introduction to programming through Python,Introduction to programming through Python,Constitution & Public Policy]","[Theory,Practical,Theory,Practical,Theory,Theory,Practical,Theory,Practical,Theory]",Bachelor of Science (Data Science),31013024016,"[1,1,1,1,1,1,1,1,1,1]"
ananya.kundetkar@somaiya.edu,Ananya,Nandan,Kundetkar,1,"[Calculus,Calculus,Foundation of Descriptive Statistcis,Foundation of Descriptive Statistics,Professional Skill I,Data Management using Spreadsheet,Data Management using Spreadsheet,Introduction to programming through Python,Introduction to programming through Python,Constitution & Public Policy]","[Theory,Practical,Theory,Practical,Theory,Theory,Practical,Theory,Practical,Theory]",Bachelor of Science (Data Science),31013024017,"[1,1,1,1,1,1,1,1,1,1]"
shubham.maharana@somaiya.edu,Shubham,Hrushikesha,Maharana,1,"[Calculus,Calculus,Foundation of Descriptive Statistcis,Foundation of Descriptive Statistics,Professional Skill I,Data Management using Spreadsheet,Data Management using Spreadsheet,Introduction to programming through Python,Introduction to programming through Python,Constitution & Public Policy]","[Theory,Practical,Theory,Practical,Theory,Theory,Practical,Theory,Practical,Theory]",Bachelor of Science (Data Science),31013024018,"[1,1,1,1,1,1,1,1,1,1]"
dhruti.mahida@somaiya.edu,Dhruti,Jignesh,Mahida,1,"[Calculus,Calculus,Foundation of Descriptive Statistcis,Foundation of Descriptive Statistics,Professional Skill I,Data Management using Spreadsheet,Data Management using Spreadsheet,Introduction to programming through Python,Introduction to programming through Python,Constitution & Public Policy]","[Theory,Practical,Theory,Practical,Theory,Theory,Practical,Theory,Practical,Theory]",Bachelor of Science (Data Science),31013024019,"[1,1,1,1,1,1,1,1,1,1]"
chetna.m@somaiya.edu,Chetna,,Malani,1,"[Calculus,Calculus,Foundation of Descriptive Statistcis,Foundation of Descriptive Statistics,Professional Skill I,Data Management using Spreadsheet,Data Management using Spreadsheet,Introduction to programming through Python,Introduction to programming through Python,Constitution & Public Policy]","[Theory,Practical,Theory,Practical,Theory,Theory,Practical,Theory,Practical,Theory]",Bachelor of Science (Data Science),31013024020,"[1,1,1,1,1,1,1,1,1,1]"
nalini.m@somaiya.edu,Nalini,Ramesh,Mishra,1,"[Calculus,Calculus,Foundation of Descriptive Statistcis,Foundation of Descriptive Statistics,Professional Skill I,Data Management using Spreadsheet,Data Management using Spreadsheet,Introduction to programming through Python,Introduction to programming through Python,Constitution & Public Policy]","[Theory,Practical,Theory,Practical,Theory,Theory,Practical,Theory,Practical,Theory]",Bachelor of Science (Data Science),31013024021,"[1,1,1,1,1,1,1,1,1,1]"
shivam.dm@somaiya.edu,Shivam,Dayashankar,Mishra,1,"[Calculus,Calculus,Foundation of Descriptive Statistcis,Foundation of Descriptive Statistics,Professional Skill I,Data Management using Spreadsheet,Data Management using Spreadsheet,Introduction to programming through Python,Introduction to programming through Python,Constitution & Public Policy]","[Theory,Practical,Theory,Practical,Theory,Theory,Practical,Theory,Practical,Theory]",Bachelor of Science (Data Science),31013024022,"[1,1,1,1,1,1,1,1,1,1]"
saniya.p@somaiya.edu,Saniya,Pradeep,Partole,1,"[Calculus,Calculus,Foundation of Descriptive Statistcis,Foundation of Descriptive Statistics,Professional Skill I,Data Management using Spreadsheet,Data Management using Spreadsheet,Introduction to programming through Python,Introduction to programming through Python,Constitution & Public Policy]","[Theory,Practical,Theory,Practical,Theory,Theory,Practical,Theory,Practical,Theory]",Bachelor of Science (Data Science),31013024023,"[1,1,1,1,1,1,1,1,1,1]"
pathak.an@somaiya.edu,Aman,Narendra,Pathak,1,"[Calculus,Calculus,Foundation of Descriptive Statistcis,Foundation of Descriptive Statistics,Professional Skill I,Data Management using Spreadsheet,Data Management using Spreadsheet,Introduction to programming through Python,Introduction to programming through Python,Constitution & Public Policy]","[Theory,Practical,Theory,Practical,Theory,Theory,Practical,Theory,Practical,Theory]",Bachelor of Science (Data Science),31013024024,"[1,1,1,1,1,1,1,1,1,1]"
parth.ap@somaiya.edu,Parth,Atul,Prajapati,1,"[Calculus,Calculus,Foundation of Descriptive Statistcis,Foundation of Descriptive Statistics,Professional Skill I,Data Management using Spreadsheet,Data Management using Spreadsheet,Introduction to programming through Python,Introduction to programming through Python,Constitution & Public Policy]","[Theory,Practical,Theory,Practical,Theory,Theory,Practical,Theory,Practical,Theory]",Bachelor of Science (Data Science),31013024025,"[1,1,1,1,1,1,1,1,1,1]"
jillian.r@somaiya.edu,Jillian,,Rodrigues,1,"[Calculus,Calculus,Foundation of Descriptive Statistcis,Foundation of Descriptive Statistics,Professional Skill I,Data Management using Spreadsheet,Data Management using Spreadsheet,Introduction to programming through Python,Introduction to programming through Python,Constitution & Public Policy]","[Theory,Practical,Theory,Practical,Theory,Theory,Practical,Theory,Practical,Theory]",Bachelor of Science (Data Science),31013024026,"[1,1,1,1,1,1,1,1,1,1]"
kareena.r@somaiya.edu,Kareena,Prakash,Rohra,1,"[Calculus,Calculus,Foundation of Descriptive Statistcis,Foundation of Descriptive Statistics,Professional Skill I,Data Management using Spreadsheet,Data Management using Spreadsheet,Introduction to programming through Python,Introduction to programming through Python,Constitution & Public Policy]","[Theory,Practical,Theory,Practical,Theory,Theory,Practical,Theory,Practical,Theory]",Bachelor of Science (Data Science),31013024027,"[1,1,1,1,1,1,1,1,1,1]"
saniya10@somaiya.edu,Saniya,Shahid,Sayed,1,"[Calculus,Calculus,Foundation of Descriptive Statistcis,Foundation of Descriptive Statistics,Professional Skill I,Data Management using Spreadsheet,Data Management using Spreadsheet,Introduction to programming through Python,Introduction to programming through Python,Constitution & Public Policy]","[Theory,Practical,Theory,Practical,Theory,Theory,Practical,Theory,Practical,Theory]",Bachelor of Science (Data Science),31013024028,"[1,1,1,1,1,1,1,1,1,1]"
zaid.shah1@somaiya.edu,Zaid,,Shah,1,"[Calculus,Calculus,Foundation of Descriptive Statistcis,Foundation of Descriptive Statistics,Professional Skill I,Data Management using Spreadsheet,Data Management using Spreadsheet,Introduction to programming through Python,Introduction to programming through Python,Constitution & Public Policy]","[Theory,Practical,Theory,Practical,Theory,Theory,Practical,Theory,Practical,Theory]",Bachelor of Science (Data Science),31013024029,"[1,1,1,1,1,1,1,1,1,1]"
mohammedrumaan.s@somaiya.edu,Mohammed,Rumaan,Shaikh,1,"[Calculus,Calculus,Foundation of Descriptive Statistcis,Foundation of Descriptive Statistics,Professional Skill I,Data Management using Spreadsheet,Data Management using Spreadsheet,Introduction to programming through Python,Introduction to programming through Python,Constitution & Public Policy]","[Theory,Practical,Theory,Practical,Theory,Theory,Practical,Theory,Practical,Theory]",Bachelor of Science (Data Science),31013024030,"[1,1,1,1,1,1,1,1,1,1]"
pragya.shaw@somaiya.edu,Pragya,,Shaw,1,"[Calculus,Calculus,Foundation of Descriptive Statistcis,Foundation of Descriptive Statistics,Professional Skill I,Data Management using Spreadsheet,Data Management using Spreadsheet,Introduction to programming through Python,Introduction to programming through Python,Constitution & Public Policy]","[Theory,Practical,Theory,Practical,Theory,Theory,Practical,Theory,Practical,Theory]",Bachelor of Science (Data Science),31013024031,"[1,1,1,1,1,1,1,1,1,1]"
kashvi.shukla@somaiya.edu,Kashvi,Kunal,Shukla,1,"[Calculus,Calculus,Foundation of Descriptive Statistcis,Foundation of Descriptive Statistics,Professional Skill I,Data Management using Spreadsheet,Data Management using Spreadsheet,Introduction to programming through Python,Introduction to programming through Python,Constitution & Public Policy]","[Theory,Practical,Theory,Practical,Theory,Theory,Practical,Theory,Practical,Theory]",Bachelor of Science (Data Science),31013024032,"[1,1,1,1,1,1,1,1,1,1]"
varun.rs@somaiya.edu,Varun,Rahul,Singh,1,"[Calculus,Calculus,Foundation of Descriptive Statistcis,Foundation of Descriptive Statistics,Professional Skill I,Data Management using Spreadsheet,Data Management using Spreadsheet,Introduction to programming through Python,Introduction to programming through Python,Constitution & Public Policy]","[Theory,Practical,Theory,Practical,Theory,Theory,Practical,Theory,Practical,Theory]",Bachelor of Science (Data Science),31013024033,"[1,1,1,1,1,1,1,1,1,1]"
aviraj.sirohi@somaiya.edu,Aviraj,,Sirohi,1,"[Calculus,Calculus,Foundation of Descriptive Statistcis,Foundation of Descriptive Statistics,Professional Skill I,Data Management using Spreadsheet,Data Management using Spreadsheet,Introduction to programming through Python,Introduction to programming through Python,Constitution & Public Policy]","[Theory,Practical,Theory,Practical,Theory,Theory,Practical,Theory,Practical,Theory]",Bachelor of Science (Data Science),31013024034,"[1,1,1,1,1,1,1,1,1,1]"
rajas.sontakke@somaiya.edu,Rajas,Sunil,Sontakke,1,"[Calculus,Calculus,Foundation of Descriptive Statistcis,Foundation of Descriptive Statistics,Professional Skill I,Data Management using Spreadsheet,Data Management using Spreadsheet,Introduction to programming through Python,Introduction to programming through Python,Constitution & Public Policy]","[Theory,Practical,Theory,Practical,Theory,Theory,Practical,Theory,Practical,Theory]",Bachelor of Science (Data Science),31013024035,"[1,1,1,1,1,1,1,1,1,1]"
sudesh.supal@somaiya.edu,Sudesh,Arun,Supal,1,"[Calculus,Calculus,Foundation of Descriptive Statistcis,Foundation of Descriptive Statistics,Professional Skill I,Data Management using Spreadsheet,Data Management using Spreadsheet,Introduction to programming through Python,Introduction to programming through Python,Constitution & Public Policy]","[Theory,Practical,Theory,Practical,Theory,Theory,Practical,Theory,Practical,Theory]",Bachelor of Science (Data Science),31013024036,"[1,1,1,1,1,1,1,1,1,1]"
samanyu.v@somaiya.edu,Samanyu,Naresh,Varekar,1,"[Calculus,Calculus,Foundation of Descriptive Statistcis,Foundation of Descriptive Statistics,Professional Skill I,Data Management using Spreadsheet,Data Management using Spreadsheet,Introduction to programming through Python,Introduction to programming through Python,Constitution & Public Policy]","[Theory,Practical,Theory,Practical,Theory,Theory,Practical,Theory,Practical,Theory]",Bachelor of Science (Data Science),31013024037,"[1,1,1,1,1,1,1,1,1,1]"
krunal.jadeja@somaiya.edu,Krunal,Virendra,Jadeja,5,"[Software Testing,Software Testing,Artificial Intelligence,Artificial Intelligence,Web Services,Web Services,Security in Computing,Security in Computing,Design Thinking,E2: Next Gen Databases,E2: Next Gen Databases]","[Theory,Practical,Theory,Practical,Theory,Practical,Theory,Practical,Theory,Theory,Practical]",Bachelor of Science (Information Technology),31010921013,"[1,1,1,1,1,1,1,1,1,1,1]"
pranjali.bandal@somaiya.edu,Pranjali,Mahesh,Bandal,5,"[Software Testing,Software Testing,Artificial Intelligence,Artificial Intelligence,Web Services,Web Services,Security in Computing,Security in Computing,Design Thinking,E2: Next Gen Databases,E2: Next Gen Databases]","[Theory,Practical,Theory,Practical,Theory,Practical,Theory,Practical,Theory,Theory,Practical]",Bachelor of Science (Information Technology),31010922003,"[1,1,1,1,1,1,1,1,1,1,1]"
yashvi.barot@somaiya.edu,Yashvi,Ajay,Barot,5,"[Software Testing,Software Testing,Artificial Intelligence,Artificial Intelligence,Web Services,Web Services,Security in Computing,Security in Computing,Design Thinking,E2: Next Gen Databases,E2: Next Gen Databases]","[Theory,Practical,Theory,Practical,Theory,Practical,Theory,Practical,Theory,Theory,Practical]",Bachelor of Science (Information Technology),31010922004,"[1,1,1,1,1,1,1,1,1,1,1]"
shivam.bharucha@somaiya.edu,Shivam,Sonal,Bharucha,5,"[Software Testing,Software Testing,Artificial Intelligence,Artificial Intelligence,Web Services,Web Services,Security in Computing,Security in Computing,Design Thinking,E2: Next Gen Databases,E2: Next Gen Databases]","[Theory,Practical,Theory,Practical,Theory,Practical,Theory,Practical,Theory,Theory,Practical]",Bachelor of Science (Information Technology),31010922006,"[1,1,1,1,1,1,1,1,1,1,1]"
tamankaur.b@somaiya.edu,Taman,Kaur,Bhatia,5,"[Software Testing,Software Testing,Artificial Intelligence,Artificial Intelligence,Web Services,Web Services,Security in Computing,Security in Computing,Design Thinking,E2: Next Gen Databases,E2: Next Gen Databases]","[Theory,Practical,Theory,Practical,Theory,Practical,Theory,Practical,Theory,Theory,Practical]",Bachelor of Science (Information Technology),31010922007,"[1,1,1,1,1,1,1,1,1,1,1]"
tanay.bhoir@somaiya.edu,Tanay,Dattakumar,Bhoir,5,"[Software Testing,Software Testing,Artificial Intelligence,Artificial Intelligence,Web Services,Web Services,Security in Computing,Security in Computing,Design Thinking,E2: Next Gen Databases,E2: Next Gen Databases]","[Theory,Practical,Theory,Practical,Theory,Practical,Theory,Practical,Theory,Theory,Practical]",Bachelor of Science (Information Technology),31010922008,"[1,1,1,1,1,1,1,1,1,1,1]"
v.chaudhari@somaiya.edu,Vaishnavi,Yashwant,Chaudhari,5,"[Software Testing,Software Testing,Artificial Intelligence,Artificial Intelligence,Web Services,Web Services,Security in Computing,Security in Computing,Design Thinking,E2: Next Gen Databases,E2: Next Gen Databases]","[Theory,Practical,Theory,Practical,Theory,Practical,Theory,Practical,Theory,Theory,Practical]",Bachelor of Science (Information Technology),31010922009,"[1,1,1,1,1,1,1,1,1,1,1]"
shitiz.c@somaiya.edu,Shitiz,,Choudhary,5,"[Software Testing,Software Testing,Artificial Intelligence,Artificial Intelligence,Web Services,Web Services,Security in Computing,Security in Computing,Design Thinking,E2: Next Gen Databases,E2: Next Gen Databases]","[Theory,Practical,Theory,Practical,Theory,Practical,Theory,Practical,Theory,Theory,Practical]",Bachelor of Science (Information Technology),31010922010,"[1,1,1,1,1,1,1,1,1,1,1]"
pratiksha.das@somaiya.edu,Pratiksha,Prahlad,Das,5,"[Software Testing,Software Testing,Artificial Intelligence,Artificial Intelligence,Web Services,Web Services,Security in Computing,Security in Computing,Design Thinking,E2: Next Gen Databases,E2: Next Gen Databases]","[Theory,Practical,Theory,Practical,Theory,Practical,Theory,Practical,Theory,Theory,Practical]",Bachelor of Science (Information Technology),31010922012,"[1,1,1,1,1,1,1,1,1,1,1]"
shivani.dd@somaiya.edu,Shivani,Dinesh,Desai,5,"[Software Testing,Software Testing,Artificial Intelligence,Artificial Intelligence,Web Services,Web Services,Security in Computing,Security in Computing,Design Thinking,E2: Next Gen Databases,E2: Next Gen Databases]","[Theory,Practical,Theory,Practical,Theory,Practical,Theory,Practical,Theory,Theory,Practical]",Bachelor of Science (Information Technology),31010922015,"[1,1,1,1,1,1,1,1,1,1,1]"
dylan.dias@somaiya.edu,Dylan,Alan,Dias,5,"[Software Testing,Software Testing,Artificial Intelligence,Artificial Intelligence,Web Services,Web Services,Security in Computing,Security in Computing,Design Thinking,E2: Next Gen Databases,E2: Next Gen Databases]","[Theory,Practical,Theory,Practical,Theory,Practical,Theory,Practical,Theory,Theory,Practical]",Bachelor of Science (Information Technology),31010922017,"[1,1,1,1,1,1,1,1,1,1,1]"
yash.d@somaiya.edu,Yash,Satyanand,Dubey,5,"[Software Testing,Software Testing,Artificial Intelligence,Artificial Intelligence,Web Services,Web Services,Security in Computing,Security in Computing,Design Thinking,E2: Next Gen Databases,E2: Next Gen Databases]","[Theory,Practical,Theory,Practical,Theory,Practical,Theory,Practical,Theory,Theory,Practical]",Bachelor of Science (Information Technology),31010922018,"[1,1,1,1,1,1,1,1,1,1,1]"
tanvi.gawas@somaiya.edu,Tanvi,Dilip,Gawas,5,"[Software Testing,Software Testing,Artificial Intelligence,Artificial Intelligence,Web Services,Web Services,Security in Computing,Security in Computing,Design Thinking,E2: Next Gen Databases,E2: Next Gen Databases]","[Theory,Practical,Theory,Practical,Theory,Practical,Theory,Practical,Theory,Theory,Practical]",Bachelor of Science (Information Technology),31010922020,"[1,1,1,1,1,1,1,1,1,1,1]"
sanjana.g@somaiya.edu,Sanjana,Manoj,Gupta,5,"[Software Testing,Software Testing,Artificial Intelligence,Artificial Intelligence,Web Services,Web Services,Security in Computing,Security in Computing,Design Thinking,E2: Next Gen Databases,E2: Next Gen Databases]","[Theory,Practical,Theory,Practical,Theory,Practical,Theory,Practical,Theory,Theory,Practical]",Bachelor of Science (Information Technology),31010922023,"[1,1,1,1,1,1,1,1,1,1,1]"
prachita.j@somaiya.edu,Prachita,Sachin,Jadhav,5,"[Software Testing,Software Testing,Artificial Intelligence,Artificial Intelligence,Web Services,Web Services,Security in Computing,Security in Computing,Design Thinking,E2: Next Gen Databases,E2: Next Gen Databases]","[Theory,Practical,Theory,Practical,Theory,Practical,Theory,Practical,Theory,Theory,Practical]",Bachelor of Science (Information Technology),31010922025,"[1,1,1,1,1,1,1,1,1,1,1]"
sujal.rj@somaiya.edu,Sujal,Rajkumar,Jain,5,"[Software Testing,Software Testing,Artificial Intelligence,Artificial Intelligence,Web Services,Web Services,Security in Computing,Security in Computing,Design Thinking,E2: Next Gen Databases,E2: Next Gen Databases]","[Theory,Practical,Theory,Practical,Theory,Practical,Theory,Practical,Theory,Theory,Practical]",Bachelor of Science (Information Technology),31010922027,"[1,1,1,1,1,1,1,1,1,1,1]"
aakrushna.j@somaiya.edu,Aakrushna,Jaydeep,Joshi,5,"[Software Testing,Software Testing,Artificial Intelligence,Artificial Intelligence,Web Services,Web Services,Security in Computing,Security in Computing,Design Thinking,E2: Next Gen Databases,E2: Next Gen Databases]","[Theory,Practical,Theory,Practical,Theory,Practical,Theory,Practical,Theory,Theory,Practical]",Bachelor of Science (Information Technology),31010922028,"[1,1,1,1,1,1,1,1,1,1,1]"
a.kadam@somaiya.edu,Amruta,Sandeep,Kadam,5,"[Software Testing,Software Testing,Artificial Intelligence,Artificial Intelligence,Web Services,Web Services,Security in Computing,Security in Computing,Design Thinking,E2: Next Gen Databases,E2: Next Gen Databases]","[Theory,Practical,Theory,Practical,Theory,Practical,Theory,Practical,Theory,Theory,Practical]",Bachelor of Science (Information Technology),31010922030,"[1,1,1,1,1,1,1,1,1,1,1]"
kadam.os@somaiya.edu,Omkar,Sarjerao,Kadam,5,"[Software Testing,Software Testing,Artificial Intelligence,Artificial Intelligence,Web Services,Web Services,Security in Computing,Security in Computing,Design Thinking,E2: Next Gen Databases,E2: Next Gen Databases]","[Theory,Practical,Theory,Practical,Theory,Practical,Theory,Practical,Theory,Theory,Practical]",Bachelor of Science (Information Technology),31010922031,"[1,1,1,1,1,1,1,1,1,1,1]"
ishaan.k@somaiya.edu,Ishaan,,Kamath,5,"[Software Testing,Software Testing,Artificial Intelligence,Artificial Intelligence,Web Services,Web Services,Security in Computing,Security in Computing,Design Thinking,E2: Next Gen Databases,E2: Next Gen Databases]","[Theory,Practical,Theory,Practical,Theory,Practical,Theory,Practical,Theory,Theory,Practical]",Bachelor of Science (Information Technology),31010922032,"[1,1,1,1,1,1,1,1,1,1,1]"
omkar.kandalkar@somaiya.edu,Omkar,Santosh,Kandalkar,5,"[Software Testing,Software Testing,Artificial Intelligence,Artificial Intelligence,Web Services,Web Services,Security in Computing,Security in Computing,Design Thinking,E2: Next Gen Databases,E2: Next Gen Databases]","[Theory,Practical,Theory,Practical,Theory,Practical,Theory,Practical,Theory,Theory,Practical]",Bachelor of Science (Information Technology),31010922033,"[1,1,1,1,1,1,1,1,1,1,1]"
shubhakant.k@somaiya.edu,Shubhakant,Sanjay,Kar,5,"[Software Testing,Software Testing,Artificial Intelligence,Artificial Intelligence,Web Services,Web Services,Security in Computing,Security in Computing,Design Thinking,E2: Next Gen Databases,E2: Next Gen Databases]","[Theory,Practical,Theory,Practical,Theory,Practical,Theory,Practical,Theory,Theory,Practical]",Bachelor of Science (Information Technology),31010922034,"[1,1,1,1,1,1,1,1,1,1,1]"
shlok.kerkar@somaiya.edu,Shlok,Mangesh,Kerkar,5,"[Software Testing,Software Testing,Artificial Intelligence,Artificial Intelligence,Web Services,Web Services,Security in Computing,Security in Computing,Design Thinking,E2: Next Gen Databases,E2: Next Gen Databases]","[Theory,Practical,Theory,Practical,Theory,Practical,Theory,Practical,Theory,Theory,Practical]",Bachelor of Science (Information Technology),31010922036,"[1,1,1,1,1,1,1,1,1,1,1]"
sneha.kesarwani@somaiya.edu,Sneha,Dilip,Kesarwani,5,"[Software Testing,Software Testing,Artificial Intelligence,Artificial Intelligence,Web Services,Web Services,Security in Computing,Security in Computing,Design Thinking,E2: Next Gen Databases,E2: Next Gen Databases]","[Theory,Practical,Theory,Practical,Theory,Practical,Theory,Practical,Theory,Theory,Practical]",Bachelor of Science (Information Technology),31010922037,"[1,1,1,1,1,1,1,1,1,1,1]"
abdulahad.k@somaiya.edu,Abdul,Ahad,Khan,5,"[Software Testing,Software Testing,Artificial Intelligence,Artificial Intelligence,Web Services,Web Services,Security in Computing,Security in Computing,Design Thinking,E2: Next Gen Databases,E2: Next Gen Databases]","[Theory,Practical,Theory,Practical,Theory,Practical,Theory,Practical,Theory,Theory,Practical]",Bachelor of Science (Information Technology),31010922038,"[1,1,1,1,1,1,1,1,1,1,1]"
atiya.khan@somaiya.edu,Atiya,Saeed,Khan,5,"[Software Testing,Software Testing,Artificial Intelligence,Artificial Intelligence,Web Services,Web Services,Security in Computing,Security in Computing,Design Thinking,E2: Next Gen Databases,E2: Next Gen Databases]","[Theory,Practical,Theory,Practical,Theory,Practical,Theory,Practical,Theory,Theory,Practical]",Bachelor of Science (Information Technology),31010922039,"[1,1,1,1,1,1,1,1,1,1,1]"
mohdayan.k@somaiya.edu,Mohd,Ayan,Khan,5,"[Software Testing,Software Testing,Artificial Intelligence,Artificial Intelligence,Web Services,Web Services,Security in Computing,Security in Computing,Design Thinking,E2: Next Gen Databases,E2: Next Gen Databases]","[Theory,Practical,Theory,Practical,Theory,Practical,Theory,Practical,Theory,Theory,Practical]",Bachelor of Science (Information Technology),31010922042,"[1,1,1,1,1,1,1,1,1,1,1]"
heena.khona@somaiya.edu,Heena,Janak,Khona,5,"[Software Testing,Software Testing,Artificial Intelligence,Artificial Intelligence,Web Services,Web Services,Security in Computing,Security in Computing,Design Thinking,E2: Next Gen Databases,E2: Next Gen Databases]","[Theory,Practical,Theory,Practical,Theory,Practical,Theory,Practical,Theory,Theory,Practical]",Bachelor of Science (Information Technology),31010922043,"[1,1,1,1,1,1,1,1,1,1,1]"
kumud.m@somaiya.edu,Kumud,Kishor,Mandhare,5,"[Software Testing,Software Testing,Artificial Intelligence,Artificial Intelligence,Web Services,Web Services,Security in Computing,Security in Computing,Design Thinking,E2: Next Gen Databases,E2: Next Gen Databases]","[Theory,Practical,Theory,Practical,Theory,Practical,Theory,Practical,Theory,Theory,Practical]",Bachelor of Science (Information Technology),31010922051,"[1,1,1,1,1,1,1,1,1,1,1]"
prachiti.mane@somaiya.edu,Prachiti,Janardan,Mane,5,"[Software Testing,Software Testing,Artificial Intelligence,Artificial Intelligence,Web Services,Web Services,Security in Computing,Security in Computing,Design Thinking,E2: Next Gen Databases,E2: Next Gen Databases]","[Theory,Practical,Theory,Practical,Theory,Practical,Theory,Practical,Theory,Theory,Practical]",Bachelor of Science (Information Technology),31010922052,"[1,1,1,1,1,1,1,1,1,1,1]"
s.medhekar@somaiya.edu,Samiksha,Dilip,Medhekar,5,"[Software Testing,Software Testing,Artificial Intelligence,Artificial Intelligence,Web Services,Web Services,Security in Computing,Security in Computing,Design Thinking,E2: Next Gen Databases,E2: Next Gen Databases]","[Theory,Practical,Theory,Practical,Theory,Practical,Theory,Practical,Theory,Theory,Practical]",Bachelor of Science (Information Technology),31010922053,"[1,1,1,1,1,1,1,1,1,1,1]"
harshil.mehta@somaiya.edu,Harshil,Chetan,Mehta,5,"[Software Testing,Software Testing,Artificial Intelligence,Artificial Intelligence,Web Services,Web Services,Security in Computing,Security in Computing,Design Thinking,E2: Next Gen Databases,E2: Next Gen Databases]","[Theory,Practical,Theory,Practical,Theory,Practical,Theory,Practical,Theory,Theory,Practical]",Bachelor of Science (Information Technology),31010922054,"[1,1,1,1,1,1,1,1,1,1,1]"
spandan.m@somaiya.edu,Spandan,Sachin,Mhatre,5,"[Software Testing,Software Testing,Artificial Intelligence,Artificial Intelligence,Web Services,Web Services,Security in Computing,Security in Computing,Design Thinking,E2: Next Gen Databases,E2: Next Gen Databases]","[Theory,Practical,Theory,Practical,Theory,Practical,Theory,Practical,Theory,Theory,Practical]",Bachelor of Science (Information Technology),31010922055,"[1,1,1,1,1,1,1,1,1,1,1]"
anchal.m@somaiya.edu,Anchal,Namish,Mishra,5,"[Software Testing,Software Testing,Artificial Intelligence,Artificial Intelligence,Web Services,Web Services,Security in Computing,Security in Computing,Design Thinking,E2: Next Gen Databases,E2: Next Gen Databases]","[Theory,Practical,Theory,Practical,Theory,Practical,Theory,Practical,Theory,Theory,Practical]",Bachelor of Science (Information Technology),31010922056,"[1,1,1,1,1,1,1,1,1,1,1]"
sonali05@somaiya.edu,Sonali,Sambhaji,More,5,"[Software Testing,Software Testing,Artificial Intelligence,Artificial Intelligence,Web Services,Web Services,Security in Computing,Security in Computing,Design Thinking,E2: Next Gen Databases,E2: Next Gen Databases]","[Theory,Practical,Theory,Practical,Theory,Practical,Theory,Practical,Theory,Theory,Practical]",Bachelor of Science (Information Technology),31010922057,"[1,1,1,1,1,1,1,1,1,1,1]"
mohammedtaqi.n@somaiya.edu,Mohammed,Taqi,Nayni,5,"[Software Testing,Software Testing,Artificial Intelligence,Artificial Intelligence,Web Services,Web Services,Security in Computing,Security in Computing,Design Thinking,E2: Next Gen Databases,E2: Next Gen Databases]","[Theory,Practical,Theory,Practical,Theory,Practical,Theory,Practical,Theory,Theory,Practical]",Bachelor of Science (Information Technology),31010922059,"[1,2,1,2,1,2,1,2,1,1,2]"
ayush.an@somaiya.edu,Ayush,Anil,Nikam,5,"[Software Testing,Software Testing,Artificial Intelligence,Artificial Intelligence,Web Services,Web Services,Security in Computing,Security in Computing,Design Thinking,E2: Next Gen Databases,E2: Next Gen Databases]","[Theory,Practical,Theory,Practical,Theory,Practical,Theory,Practical,Theory,Theory,Practical]",Bachelor of Science (Information Technology),31010922060,"[1,2,1,2,1,2,1,2,1,1,2]"
sarthaki.p@somaiya.edu,Sarthaki,Shyam,Parab,5,"[Software Testing,Software Testing,Artificial Intelligence,Artificial Intelligence,Web Services,Web Services,Security in Computing,Security in Computing,Design Thinking,E2: Next Gen Databases,E2: Next Gen Databases]","[Theory,Practical,Theory,Practical,Theory,Practical,Theory,Practical,Theory,Theory,Practical]",Bachelor of Science (Information Technology),31010922063,"[1,2,1,2,1,2,1,2,1,1,2]"
ravi22@somaiya.edu,Ravi,Ramesh,Parmar,5,"[Software Testing,Software Testing,Artificial Intelligence,Artificial Intelligence,Web Services,Web Services,Security in Computing,Security in Computing,Design Thinking,E2: Next Gen Databases,E2: Next Gen Databases]","[Theory,Practical,Theory,Practical,Theory,Practical,Theory,Practical,Theory,Theory,Practical]",Bachelor of Science (Information Technology),31010922064,"[1,2,1,2,1,2,1,2,1,1,2]"
krp@somaiya.edu,Kaustubh,Rajesh,Patil,5,"[Software Testing,Software Testing,Artificial Intelligence,Artificial Intelligence,Web Services,Web Services,Security in Computing,Security in Computing,Design Thinking,E2: Next Gen Databases,E2: Next Gen Databases]","[Theory,Practical,Theory,Practical,Theory,Practical,Theory,Practical,Theory,Theory,Practical]",Bachelor of Science (Information Technology),31010922067,"[1,2,1,2,1,2,1,2,1,1,2]"
rachit.patil@somaiya.edu,Rachit,Rajesh,Patil,5,"[Software Testing,Software Testing,Artificial Intelligence,Artificial Intelligence,Web Services,Web Services,Security in Computing,Security in Computing,Design Thinking,E2: Next Gen Databases,E2: Next Gen Databases]","[Theory,Practical,Theory,Practical,Theory,Practical,Theory,Practical,Theory,Theory,Practical]",Bachelor of Science (Information Technology),31010922068,"[1,2,1,2,1,2,1,2,1,1,2]"
yash.patil@somaiya.edu,Yash,Vikas,Patil,5,"[Software Testing,Software Testing,Artificial Intelligence,Artificial Intelligence,Web Services,Web Services,Security in Computing,Security in Computing,Design Thinking,E2: Next Gen Databases,E2: Next Gen Databases]","[Theory,Practical,Theory,Practical,Theory,Practical,Theory,Practical,Theory,Theory,Practical]",Bachelor of Science (Information Technology),31010922069,"[1,2,1,2,1,2,1,2,1,1,2]"
pratik.potekar@somaiya.edu,Pratik,Ramesh,Potekar,5,"[Software Testing,Software Testing,Artificial Intelligence,Artificial Intelligence,Web Services,Web Services,Security in Computing,Security in Computing,Design Thinking,E2: Next Gen Databases,E2: Next Gen Databases]","[Theory,Practical,Theory,Practical,Theory,Practical,Theory,Practical,Theory,Theory,Practical]",Bachelor of Science (Information Technology),31010922071,"[1,2,1,2,1,2,1,2,1,1,2]"
duhita.p@somaiya.edu,Duhita,Ankush,Prabhu,5,"[Software Testing,Software Testing,Artificial Intelligence,Artificial Intelligence,Web Services,Web Services,Security in Computing,Security in Computing,Design Thinking,E2: Next Gen Databases,E2: Next Gen Databases]","[Theory,Practical,Theory,Practical,Theory,Practical,Theory,Practical,Theory,Theory,Practical]",Bachelor of Science (Information Technology),31010922072,"[1,2,1,2,1,2,1,2,1,1,2]"
prajapati.dr@somaiya.edu,Divya,Ramesh,Prajapati,5,"[Software Testing,Software Testing,Artificial Intelligence,Artificial Intelligence,Web Services,Web Services,Security in Computing,Security in Computing,Design Thinking,E2: Next Gen Databases,E2: Next Gen Databases]","[Theory,Practical,Theory,Practical,Theory,Practical,Theory,Practical,Theory,Theory,Practical]",Bachelor of Science (Information Technology),31010922073,"[1,2,1,2,1,2,1,2,1,1,2]"
prachi.salian@somaiya.edu,Prachi,Vilas,Salian,5,"[Software Testing,Software Testing,Artificial Intelligence,Artificial Intelligence,Web Services,Web Services,Security in Computing,Security in Computing,Design Thinking,E2: Next Gen Databases,E2: Next Gen Databases]","[Theory,Practical,Theory,Practical,Theory,Practical,Theory,Practical,Theory,Theory,Practical]",Bachelor of Science (Information Technology),31010922076,"[1,2,1,2,1,2,1,2,1,1,2]"
arham.sangoi@somaiya.edu,Arham,Dipesh,Sangoi,5,"[Software Testing,Software Testing,Artificial Intelligence,Artificial Intelligence,Web Services,Web Services,Security in Computing,Security in Computing,Design Thinking,E2: Next Gen Databases,E2: Next Gen Databases]","[Theory,Practical,Theory,Practical,Theory,Practical,Theory,Practical,Theory,Theory,Practical]",Bachelor of Science (Information Technology),31010922078,"[1,2,1,2,1,2,1,2,1,1,2]"
anish.sawant@somaiya.edu,Anish,Abhay,Sawant,5,"[Software Testing,Software Testing,Artificial Intelligence,Artificial Intelligence,Web Services,Web Services,Security in Computing,Security in Computing,Design Thinking,E2: Next Gen Databases,E2: Next Gen Databases]","[Theory,Practical,Theory,Practical,Theory,Practical,Theory,Practical,Theory,Theory,Practical]",Bachelor of Science (Information Technology),31010922080,"[1,2,1,2,1,2,1,2,1,1,2]"
bhavya.ps@somaiya.edu,Bhavya,,Shah,5,"[Software Testing,Software Testing,Artificial Intelligence,Artificial Intelligence,Web Services,Web Services,Security in Computing,Security in Computing,Design Thinking,E2: Next Gen Databases,E2: Next Gen Databases]","[Theory,Practical,Theory,Practical,Theory,Practical,Theory,Practical,Theory,Theory,Practical]",Bachelor of Science (Information Technology),31010922084,"[1,2,1,2,1,2,1,2,1,1,2]"
toyab.shaha@somaiya.edu,Toyab,,Shaha,5,"[Software Testing,Software Testing,Artificial Intelligence,Artificial Intelligence,Web Services,Web Services,Security in Computing,Security in Computing,Design Thinking,E2: Next Gen Databases,E2: Next Gen Databases]","[Theory,Practical,Theory,Practical,Theory,Practical,Theory,Practical,Theory,Theory,Practical]",Bachelor of Science (Information Technology),31010922088,"[1,2,1,2,1,2,1,2,1,1,2]"
ashraf.shaikh@somaiya.edu,Ashraf,Ayaz,Shaikh,5,"[Software Testing,Software Testing,Artificial Intelligence,Artificial Intelligence,Web Services,Web Services,Security in Computing,Security in Computing,Design Thinking,E2: Next Gen Databases,E2: Next Gen Databases]","[Theory,Practical,Theory,Practical,Theory,Practical,Theory,Practical,Theory,Theory,Practical]",Bachelor of Science (Information Technology),31010922089,"[1,2,1,2,1,2,1,2,1,1,2]"
ayush.bs@somaiya.edu,Ayush,,Sharma,5,"[Software Testing,Software Testing,Artificial Intelligence,Artificial Intelligence,Web Services,Web Services,Security in Computing,Security in Computing,Design Thinking,E2: Next Gen Databases,E2: Next Gen Databases]","[Theory,Practical,Theory,Practical,Theory,Practical,Theory,Practical,Theory,Theory,Practical]",Bachelor of Science (Information Technology),31010922090,"[1,2,1,2,1,2,1,2,1,1,2]"
harsh.shelar@somaiya.edu,Harsh,Rajendra,Shelar,5,"[Software Testing,Software Testing,Artificial Intelligence,Artificial Intelligence,Web Services,Web Services,Security in Computing,Security in Computing,Design Thinking,E2: Next Gen Databases,E2: Next Gen Databases]","[Theory,Practical,Theory,Practical,Theory,Practical,Theory,Practical,Theory,Theory,Practical]",Bachelor of Science (Information Technology),31010922092,"[1,2,1,2,1,2,1,2,1,1,2]"
niriksha.s@somaiya.edu,Niriksha,Laxman,Shetty,5,"[Software Testing,Software Testing,Artificial Intelligence,Artificial Intelligence,Web Services,Web Services,Security in Computing,Security in Computing,Design Thinking,E2: Next Gen Databases,E2: Next Gen Databases]","[Theory,Practical,Theory,Practical,Theory,Practical,Theory,Practical,Theory,Theory,Practical]",Bachelor of Science (Information Technology),31010922094,"[1,2,1,2,1,2,1,2,1,1,2]"
rachit.s@somaiya.edu,Rachit,,Singh,5,"[Software Testing,Software Testing,Artificial Intelligence,Artificial Intelligence,Web Services,Web Services,Security in Computing,Security in Computing,Design Thinking,E2: Next Gen Databases,E2: Next Gen Databases]","[Theory,Practical,Theory,Practical,Theory,Practical,Theory,Practical,Theory,Theory,Practical]",Bachelor of Science (Information Technology),31010922095,"[1,2,1,2,1,2,1,2,1,1,2]"
lalit.soni@somaiya.edu,Lalit,Pintoo,Soni,5,"[Software Testing,Software Testing,Artificial Intelligence,Artificial Intelligence,Web Services,Web Services,Security in Computing,Security in Computing,Design Thinking,E2: Next Gen Databases,E2: Next Gen Databases]","[Theory,Practical,Theory,Practical,Theory,Practical,Theory,Practical,Theory,Theory,Practical]",Bachelor of Science (Information Technology),31010922096,"[1,2,1,2,1,2,1,2,1,1,2]"
sachin.tambe@somaiya.edu,Sachin,Tabaji,Tambe,5,"[Software Testing,Software Testing,Artificial Intelligence,Artificial Intelligence,Web Services,Web Services,Security in Computing,Security in Computing,Design Thinking,E2: Next Gen Databases,E2: Next Gen Databases]","[Theory,Practical,Theory,Practical,Theory,Practical,Theory,Practical,Theory,Theory,Practical]",Bachelor of Science (Information Technology),31010922097,"[1,2,1,2,1,2,1,2,1,1,2]"
benson.t@somaiya.edu,Benson,Biju,Thomas,5,"[Software Testing,Software Testing,Artificial Intelligence,Artificial Intelligence,Web Services,Web Services,Security in Computing,Security in Computing,Design Thinking,E2: Next Gen Databases,E2: Next Gen Databases]","[Theory,Practical,Theory,Practical,Theory,Practical,Theory,Practical,Theory,Theory,Practical]",Bachelor of Science (Information Technology),31010922100,"[1,2,1,2,1,2,1,2,1,1,2]"
arjun.tt@somaiya.edu,Arjun,Bipin,Timbadia,5,"[Software Testing,Software Testing,Artificial Intelligence,Artificial Intelligence,Web Services,Web Services,Security in Computing,Security in Computing,Design Thinking,E2: Next Gen Databases,E2: Next Gen Databases]","[Theory,Practical,Theory,Practical,Theory,Practical,Theory,Practical,Theory,Theory,Practical]",Bachelor of Science (Information Technology),31010922101,"[1,2,1,2,1,2,1,2,1,1,2]"
prajakta.tule@somaiya.edu,Prajakta,Santosh,Tule,5,"[Software Testing,Software Testing,Artificial Intelligence,Artificial Intelligence,Web Services,Web Services,Security in Computing,Security in Computing,Design Thinking,E2: Next Gen Databases,E2: Next Gen Databases]","[Theory,Practical,Theory,Practical,Theory,Practical,Theory,Practical,Theory,Theory,Practical]",Bachelor of Science (Information Technology),31010922102,"[1,2,1,2,1,2,1,2,1,1,2]"
anushka.wakankar@somaiya.edu,Anushka,Sachin,Wakankar,5,"[Software Testing,Software Testing,Artificial Intelligence,Artificial Intelligence,Web Services,Web Services,Security in Computing,Security in Computing,Design Thinking,E2: Next Gen Databases,E2: Next Gen Databases]","[Theory,Practical,Theory,Practical,Theory,Practical,Theory,Practical,Theory,Theory,Practical]",Bachelor of Science (Information Technology),31010922105,"[1,2,1,2,1,2,1,2,1,1,2]"
ankita.yadav@somaiya.edu,Ankita,Rampyarelal,Yadav,5,"[Software Testing,Software Testing,Artificial Intelligence,Artificial Intelligence,Web Services,Web Services,Security in Computing,Security in Computing,Design Thinking,E2: Next Gen Databases,E2: Next Gen Databases]","[Theory,Practical,Theory,Practical,Theory,Practical,Theory,Practical,Theory,Theory,Practical]",Bachelor of Science (Information Technology),31010922106,"[1,2,1,2,1,2,1,2,1,1,2]"
tanuj.yadav@somaiya.edu,Tanuj,Kumar,Yadav,5,"[Software Testing,Software Testing,Artificial Intelligence,Artificial Intelligence,Web Services,Web Services,Security in Computing,Security in Computing,Design Thinking,E2: Next Gen Databases,E2: Next Gen Databases]","[Theory,Practical,Theory,Practical,Theory,Practical,Theory,Practical,Theory,Theory,Practical]",Bachelor of Science (Information Technology),31010922107,"[1,2,1,2,1,2,1,2,1,1,2]"
teena.b@somaiya.edu,Teena,Shyam,Basakhetre,5,"[Software Testing,Software Testing,Artificial Intelligence,Artificial Intelligence,Web Services,Web Services,Security in Computing,Security in Computing,Design Thinking,E2: Next Gen Databases,E2: Next Gen Databases]","[Theory,Practical,Theory,Practical,Theory,Practical,Theory,Practical,Theory,Theory,Practical]",Bachelor of Science (Information Technology),31010922108,"[1,2,1,2,1,2,1,2,1,1,2]"
shweta.sg@somaiya.edu,Sweta,Shobhanath,Gupta,5,"[Software Testing,Software Testing,Artificial Intelligence,Artificial Intelligence,Web Services,Web Services,Security in Computing,Security in Computing,Design Thinking,E2: Next Gen Databases,E2: Next Gen Databases]","[Theory,Practical,Theory,Practical,Theory,Practical,Theory,Practical,Theory,Theory,Practical]",Bachelor of Science (Information Technology),31010922109,"[1,2,1,2,1,2,1,2,1,1,2]"
aashvi.patel@somaiya.edu,Aashvi,Chirag,Patel,5,"[Software Testing,Software Testing,Artificial Intelligence,Artificial Intelligence,Web Services,Web Services,Security in Computing,Security in Computing,Design Thinking,E2: Next Gen Databases,E2: Next Gen Databases]","[Theory,Practical,Theory,Practical,Theory,Practical,Theory,Practical,Theory,Theory,Practical]",Bachelor of Science (Information Technology),31010922114,"[1,2,1,2,1,2,1,2,1,1,2]"
prachi.patil@somaiya.edu,Prachi,Nishikant,Patil,5,"[Software Testing,Software Testing,Artificial Intelligence,Artificial Intelligence,Web Services,Web Services,Security in Computing,Security in Computing,Design Thinking,E2: Next Gen Databases,E2: Next Gen Databases]","[Theory,Practical,Theory,Practical,Theory,Practical,Theory,Practical,Theory,Theory,Practical]",Bachelor of Science (Information Technology),31010922115,"[1,2,1,2,1,2,1,2,1,1,2]"
purva.sonawane@somaiya.edu,Purva,Shashikant,Sonawane,5,"[Software Testing,Software Testing,Artificial Intelligence,Artificial Intelligence,Web Services,Web Services,Security in Computing,Security in Computing,Design Thinking,E2: Next Gen Databases,E2: Next Gen Databases]","[Theory,Practical,Theory,Practical,Theory,Practical,Theory,Practical,Theory,Theory,Practical]",Bachelor of Science (Information Technology),31010922120,"[1,2,1,2,1,2,1,2,1,1,2]"
glory.v@somaiya.edu,Glory,Suresh,Vanjare,5,"[Software Testing,Software Testing,Artificial Intelligence,Artificial Intelligence,Web Services,Web Services,Security in Computing,Security in Computing,Design Thinking,E2: Next Gen Databases,E2: Next Gen Databases]","[Theory,Practical,Theory,Practical,Theory,Practical,Theory,Practical,Theory,Theory,Practical]",Bachelor of Science (Information Technology),31010922121,"[1,2,1,2,1,2,1,2,1,1,2]"
richard.d@somaiya.edu,Richard,Kaitan,Dsouza,5,"[Software Testing,Software Testing,Artificial Intelligence,Artificial Intelligence,Web Services,Web Services,Security in Computing,Security in Computing,Design Thinking,E2: Next Gen Databases,E2: Next Gen Databases]","[Theory,Practical,Theory,Practical,Theory,Practical,Theory,Practical,Theory,Theory,Practical]",Bachelor of Science (Information Technology),31010922122,"[1,2,1,2,1,2,1,2,1,1,2]"
justin.d@somaiya.edu,Justin,Edward,Dsouza,5,"[Software Testing,Software Testing,Artificial Intelligence,Artificial Intelligence,Web Services,Web Services,Security in Computing,Security in Computing,Design Thinking,E2: Next Gen Databases,E2: Next Gen Databases,Game Programming,Game Programming]","[Theory,Practical,Theory,Practical,Theory,Practical,Theory,Practical,Theory,Theory,Practical,Theory,Practical]",Bachelor of Science (Information Technology) Honour,31011021002,"[1,1,1,1,1,1,1,1,1,1,1,1,1]"
rabeet.shaikh@somaiya.edu,Rabeet,Abdulrashid,Shaikh,5,"[Software Testing,Software Testing,Artificial Intelligence,Artificial Intelligence,Web Services,Web Services,Security in Computing,Security in Computing,Design Thinking,E2: Next Gen Databases,E2: Next Gen Databases,Game Programming,Game Programming]","[Theory,Practical,Theory,Practical,Theory,Practical,Theory,Practical,Theory,Theory,Practical,Theory,Practical]",Bachelor of Science (Information Technology) Honour,31011021021,"[1,1,1,1,1,1,1,1,1,1,1,1,1]"
aryan31@somaiya.edu,Aryan,Jeevan,Mhatre,5,"[Software Testing,Software Testing,Artificial Intelligence,Artificial Intelligence,Web Services,Web Services,Security in Computing,Security in Computing,Design Thinking,E2: Next Gen Databases,E2: Next Gen Databases,Game Programming,Game Programming]","[Theory,Practical,Theory,Practical,Theory,Practical,Theory,Practical,Theory,Theory,Practical,Theory,Practical]",Bachelor of Science (Information Technology) Honour,31011021028,"[1,1,1,1,1,1,1,1,1,1,1,1,1]"
arin.p@somaiya.edu,Arin,Angelo,Portugal,5,"[Software Testing,Software Testing,Artificial Intelligence,Artificial Intelligence,Web Services,Web Services,Security in Computing,Security in Computing,Design Thinking,E2: Next Gen Databases,E2: Next Gen Databases,Game Programming,Game Programming]","[Theory,Practical,Theory,Practical,Theory,Practical,Theory,Practical,Theory,Theory,Practical,Theory,Practical]",Bachelor of Science (Information Technology) Honour,31011021029,"[1,1,1,1,1,1,1,1,1,1,1,1,1]"
mihir.anand@somaiya.edu,Mihir,,Anand,5,"[Software Testing,Software Testing,Artificial Intelligence,Artificial Intelligence,Web Services,Web Services,Security in Computing,Security in Computing,Design Thinking,E2: Next Gen Databases,E2: Next Gen Databases,Game Programming,Game Programming]","[Theory,Practical,Theory,Practical,Theory,Practical,Theory,Practical,Theory,Theory,Practical,Theory,Practical]",Bachelor of Science (Information Technology) Honour,31011022002,"[1,1,1,1,1,1,1,1,1,1,1,1,1]"
surpreetkaur.b@somaiya.edu,Surpreet,Kaur,Bagal,5,"[Software Testing,Software Testing,Artificial Intelligence,Artificial Intelligence,Web Services,Web Services,Security in Computing,Security in Computing,Design Thinking,E2: Next Gen Databases,E2: Next Gen Databases,Game Programming,Game Programming]","[Theory,Practical,Theory,Practical,Theory,Practical,Theory,Practical,Theory,Theory,Practical,Theory,Practical]",Bachelor of Science (Information Technology) Honour,31011022004,"[1,1,1,1,1,1,1,1,1,1,1,1,1]"
gayatri.pc@somaiya.edu,Gayatri,Pramod,Chavan,5,"[Software Testing,Software Testing,Artificial Intelligence,Artificial Intelligence,Web Services,Web Services,Security in Computing,Security in Computing,Design Thinking,E2: Next Gen Databases,E2: Next Gen Databases,Game Programming,Game Programming]","[Theory,Practical,Theory,Practical,Theory,Practical,Theory,Practical,Theory,Theory,Practical,Theory,Practical]",Bachelor of Science (Information Technology) Honour,31011022006,"[1,1,1,1,1,1,1,1,1,1,1,1,1]"
rewa.dambal@somaiya.edu,Rewa,Vedesh,Dambal,5,"[Software Testing,Software Testing,Artificial Intelligence,Artificial Intelligence,Web Services,Web Services,Security in Computing,Security in Computing,Design Thinking,E2: Next Gen Databases,E2: Next Gen Databases,Game Programming,Game Programming]","[Theory,Practical,Theory,Practical,Theory,Practical,Theory,Practical,Theory,Theory,Practical,Theory,Practical]",Bachelor of Science (Information Technology) Honour,31011022007,"[1,1,1,1,1,1,1,1,1,1,1,1,1]"
anushka.devle@somaiya.edu,Anushka,Ravindra,Devle,5,"[Software Testing,Software Testing,Artificial Intelligence,Artificial Intelligence,Web Services,Web Services,Security in Computing,Security in Computing,Design Thinking,E2: Next Gen Databases,E2: Next Gen Databases,Game Programming,Game Programming]","[Theory,Practical,Theory,Practical,Theory,Practical,Theory,Practical,Theory,Theory,Practical,Theory,Practical]",Bachelor of Science (Information Technology) Honour,31011022008,"[1,1,1,1,1,1,1,1,1,1,1,1,1]"
p.ghodke@somaiya.edu,Priyanka,Sunil,Ghodke,5,"[Software Testing,Software Testing,Artificial Intelligence,Artificial Intelligence,Web Services,Web Services,Security in Computing,Security in Computing,Design Thinking,E2: Next Gen Databases,E2: Next Gen Databases,Game Programming,Game Programming]","[Theory,Practical,Theory,Practical,Theory,Practical,Theory,Practical,Theory,Theory,Practical,Theory,Practical]",Bachelor of Science (Information Technology) Honour,31011022009,"[1,1,1,1,1,1,1,1,1,1,1,1,1]"
vidnyesh.k@somaiya.edu,Vidnyesh,Sunil,Kanse,5,"[Software Testing,Software Testing,Artificial Intelligence,Artificial Intelligence,Web Services,Web Services,Security in Computing,Security in Computing,Design Thinking,E2: Next Gen Databases,E2: Next Gen Databases,Game Programming,Game Programming]","[Theory,Practical,Theory,Practical,Theory,Practical,Theory,Practical,Theory,Theory,Practical,Theory,Practical]",Bachelor of Science (Information Technology) Honour,31011022010,"[1,1,1,1,1,1,1,1,1,1,1,1,1]"
bhawna.m@somaiya.edu,Bhawna,Balakrishnan,Makkal,5,"[Software Testing,Software Testing,Artificial Intelligence,Artificial Intelligence,Web Services,Web Services,Security in Computing,Security in Computing,Design Thinking,E2: Next Gen Databases,E2: Next Gen Databases,Game Programming,Game Programming]","[Theory,Practical,Theory,Practical,Theory,Practical,Theory,Practical,Theory,Theory,Practical,Theory,Practical]",Bachelor of Science (Information Technology) Honour,31011022012,"[1,1,1,1,1,1,1,1,1,1,1,1,1]"
riya06@somaiya.edu,Riya,Rakesh,Panchal,5,"[Software Testing,Software Testing,Artificial Intelligence,Artificial Intelligence,Web Services,Web Services,Security in Computing,Security in Computing,Design Thinking,E2: Next Gen Databases,E2: Next Gen Databases,Game Programming,Game Programming]","[Theory,Practical,Theory,Practical,Theory,Practical,Theory,Practical,Theory,Theory,Practical,Theory,Practical]",Bachelor of Science (Information Technology) Honour,31011022015,"[1,1,1,1,1,1,1,1,1,1,1,1,1]"
ssp16@somaiya.edu,Shraddha,Sunil,Pandey,5,"[Software Testing,Software Testing,Artificial Intelligence,Artificial Intelligence,Web Services,Web Services,Security in Computing,Security in Computing,Design Thinking,E2: Next Gen Databases,E2: Next Gen Databases,Game Programming,Game Programming]","[Theory,Practical,Theory,Practical,Theory,Practical,Theory,Practical,Theory,Theory,Practical,Theory,Practical]",Bachelor of Science (Information Technology) Honour,31011022016,"[1,1,1,1,1,1,1,1,1,1,1,1,1]"
saloni.rauthan@somaiya.edu,Saloni,Jagdish,Rauthan,5,"[Software Testing,Software Testing,Artificial Intelligence,Artificial Intelligence,Web Services,Web Services,Security in Computing,Security in Computing,Design Thinking,E2: Next Gen Databases,E2: Next Gen Databases,Game Programming,Game Programming]","[Theory,Practical,Theory,Practical,Theory,Practical,Theory,Practical,Theory,Theory,Practical,Theory,Practical]",Bachelor of Science (Information Technology) Honour,31011022017,"[1,1,1,1,1,1,1,1,1,1,1,1,1]"
saarthak.r@somaiya.edu,Saarthak,Anil,Rawate,5,"[Software Testing,Software Testing,Artificial Intelligence,Artificial Intelligence,Web Services,Web Services,Security in Computing,Security in Computing,Design Thinking,E2: Next Gen Databases,E2: Next Gen Databases,Game Programming,Game Programming]","[Theory,Practical,Theory,Practical,Theory,Practical,Theory,Practical,Theory,Theory,Practical,Theory,Practical]",Bachelor of Science (Information Technology) Honour,31011022018,"[1,1,1,1,1,1,1,1,1,1,1,1,1]"
om.renuse@somaiya.edu,Om,Bajirao,Renuse,5,"[Software Testing,Software Testing,Artificial Intelligence,Artificial Intelligence,Web Services,Web Services,Security in Computing,Security in Computing,Design Thinking,E2: Next Gen Databases,E2: Next Gen Databases,Game Programming,Game Programming]","[Theory,Practical,Theory,Practical,Theory,Practical,Theory,Practical,Theory,Theory,Practical,Theory,Practical]",Bachelor of Science (Information Technology) Honour,31011022019,"[1,1,1,1,1,1,1,1,1,1,1,1,1]"
ashita.salvi@somaiya.edu,Ashita,Avinash,Salvi,5,"[Software Testing,Software Testing,Artificial Intelligence,Artificial Intelligence,Web Services,Web Services,Security in Computing,Security in Computing,Design Thinking,E2: Next Gen Databases,E2: Next Gen Databases,Game Programming,Game Programming]","[Theory,Practical,Theory,Practical,Theory,Practical,Theory,Practical,Theory,Theory,Practical,Theory,Practical]",Bachelor of Science (Information Technology) Honour,31011022021,"[1,1,1,1,1,1,1,1,1,1,1,1,1]"
ojs@somaiya.edu,Omkar,Jaywant,Sawant,5,"[Software Testing,Software Testing,Artificial Intelligence,Artificial Intelligence,Web Services,Web Services,Security in Computing,Security in Computing,Design Thinking,E2: Next Gen Databases,E2: Next Gen Databases,Game Programming,Game Programming]","[Theory,Practical,Theory,Practical,Theory,Practical,Theory,Practical,Theory,Theory,Practical,Theory,Practical]",Bachelor of Science (Information Technology) Honour,31011022022,"[1,1,1,1,1,1,1,1,1,1,1,1,1]"
khush21@somaiya.edu,Khush,Dhiren,Shah,5,"[Software Testing,Software Testing,Artificial Intelligence,Artificial Intelligence,Web Services,Web Services,Security in Computing,Security in Computing,Design Thinking,E2: Next Gen Databases,E2: Next Gen Databases,Game Programming,Game Programming]","[Theory,Practical,Theory,Practical,Theory,Practical,Theory,Practical,Theory,Theory,Practical,Theory,Practical]",Bachelor of Science (Information Technology) Honour,31011022023,"[1,1,1,1,1,1,1,1,1,1,1,1,1]"
vandit14@somaiya.edu,Vandit,Ketan,Shah,5,"[Software Testing,Software Testing,Artificial Intelligence,Artificial Intelligence,Web Services,Web Services,Security in Computing,Security in Computing,Design Thinking,E2: Next Gen Databases,E2: Next Gen Databases,Game Programming,Game Programming]","[Theory,Practical,Theory,Practical,Theory,Practical,Theory,Practical,Theory,Theory,Practical,Theory,Practical]",Bachelor of Science (Information Technology) Honour,31011022024,"[1,1,1,1,1,1,1,1,1,1,1,1,1]"
soham.shinge@somaiya.edu,Soham,Anil,Shinge,5,"[Software Testing,Software Testing,Artificial Intelligence,Artificial Intelligence,Web Services,Web Services,Security in Computing,Security in Computing,Design Thinking,E2: Next Gen Databases,E2: Next Gen Databases,Game Programming,Game Programming]","[Theory,Practical,Theory,Practical,Theory,Practical,Theory,Practical,Theory,Theory,Practical,Theory,Practical]",Bachelor of Science (Information Technology) Honour,31011022027,"[1,1,1,1,1,1,1,1,1,1,1,1,1]"
kanishkaa.s@somaiya.edu,Kanishkaa,,Shivashanmugam,5,"[Software Testing,Software Testing,Artificial Intelligence,Artificial Intelligence,Web Services,Web Services,Security in Computing,Security in Computing,Design Thinking,E2: Next Gen Databases,E2: Next Gen Databases,Game Programming,Game Programming]","[Theory,Practical,Theory,Practical,Theory,Practical,Theory,Practical,Theory,Theory,Practical,Theory,Practical]",Bachelor of Science (Information Technology) Honour,31011022028,"[1,1,1,1,1,1,1,1,1,1,1,1,1]"
riya.thakur@somaiya.edu,Riya,Vinod,Thakur,5,"[Software Testing,Software Testing,Artificial Intelligence,Artificial Intelligence,Web Services,Web Services,Security in Computing,Security in Computing,Design Thinking,E2: Next Gen Databases,E2: Next Gen Databases,Game Programming,Game Programming]","[Theory,Practical,Theory,Practical,Theory,Practical,Theory,Practical,Theory,Theory,Practical,Theory,Practical]",Bachelor of Science (Information Technology) Honour,31011022032,"[1,1,1,1,1,1,1,1,1,1,1,1,1]"
hetvi.v@somaiya.edu,Hetvi,Bharat,Visaria,5,"[Software Testing,Software Testing,Artificial Intelligence,Artificial Intelligence,Web Services,Web Services,Security in Computing,Security in Computing,Design Thinking,E2: Next Gen Databases,E2: Next Gen Databases,Game Programming,Game Programming]","[Theory,Practical,Theory,Practical,Theory,Practical,Theory,Practical,Theory,Theory,Practical,Theory,Practical]",Bachelor of Science (Information Technology) Honour,31011022033,"[1,1,1,1,1,1,1,1,1,1,1,1,1]"
om.waghmare@somaiya.edu,Om,Nilesh,Waghmare,5,"[Software Testing,Software Testing,Artificial Intelligence,Artificial Intelligence,Web Services,Web Services,Security in Computing,Security in Computing,Design Thinking,E2: Next Gen Databases,E2: Next Gen Databases,Game Programming,Game Programming]","[Theory,Practical,Theory,Practical,Theory,Practical,Theory,Practical,Theory,Theory,Practical,Theory,Practical]",Bachelor of Science (Information Technology) Honour,31011022034,"[1,1,1,1,1,1,1,1,1,1,1,1,1]"
aryan.w@somaiya.edu,Aryan,Dilip,Wankhede,5,"[Software Testing,Software Testing,Artificial Intelligence,Artificial Intelligence,Web Services,Web Services,Security in Computing,Security in Computing,Design Thinking,E2: Next Gen Databases,E2: Next Gen Databases,Game Programming,Game Programming]","[Theory,Practical,Theory,Practical,Theory,Practical,Theory,Practical,Theory,Theory,Practical,Theory,Practical]",Bachelor of Science (Information Technology) Honour,31011022035,"[1,1,1,1,1,1,1,1,1,1,1,1,1]"
samiksha.y@somaiya.edu,Samiksha,Indramani,Yadav,5,"[Software Testing,Software Testing,Artificial Intelligence,Artificial Intelligence,Web Services,Web Services,Security in Computing,Security in Computing,Design Thinking,E2: Next Gen Databases,E2: Next Gen Databases,Game Programming,Game Programming]","[Theory,Practical,Theory,Practical,Theory,Practical,Theory,Practical,Theory,Theory,Practical,Theory,Practical]",Bachelor of Science (Information Technology) Honour,31011022036,"[1,1,1,1,1,1,1,1,1,1,1,1,1]"
likith.g@somaiya.edu,Likith,Gopal,Ganiga,5,"[Software Testing,Software Testing,Artificial Intelligence,Artificial Intelligence,Web Services,Web Services,Security in Computing,Security in Computing,Design Thinking,E2: Next Gen Databases,E2: Next Gen Databases,Game Programming,Game Programming]","[Theory,Practical,Theory,Practical,Theory,Practical,Theory,Practical,Theory,Theory,Practical,Theory,Practical]",Bachelor of Science (Information Technology) Honour,31011022039,"[1,1,1,1,1,1,1,1,1,1,1,1,1]"
ronak.kapadia@somaiya.edu,Ronak,Hamir,Kapadia,5,"[Software Testing,Software Testing,Artificial Intelligence,Artificial Intelligence,Web Services,Web Services,Security in Computing,Security in Computing,Design Thinking,E2: Next Gen Databases,E2: Next Gen Databases,Game Programming,Game Programming]","[Theory,Practical,Theory,Practical,Theory,Practical,Theory,Practical,Theory,Theory,Practical,Theory,Practical]",Bachelor of Science (Information Technology) Honour,31011022043,"[1,1,1,1,1,1,1,1,1,1,1,1,1]"
arnab.d@somaiya.edu,Arnab,,Dasgupta,1,"[Theories of International Relations,Contemporary Geopolitics,Public Policy Analysis,"The Evolution of Indias Foreign Policy"]","[Theory,Theory,Theory,Theory]",Master of Arts (International Studies),31017223002,"[1,1,1,1]"
bhavya02@somaiya.edu,Bhavya,,Jain,1,"[Theories of International Relations,Contemporary Geopolitics,Public Policy Analysis,"The Evolution of Indias Foreign Policy"]","[Theory,Theory,Theory,Theory]",Master of Arts (International Studies),31017223003,"[1,1,1,1]"
k.salian@somaiya.edu,Khushi,Sheena,Salian,1,"[Theories of International Relations,Contemporary Geopolitics,Public Policy Analysis,"The Evolution of Indias Foreign Policy"]","[Theory,Theory,Theory,Theory]",Master of Arts (International Studies),31017223006,"[1,1,1,1]"
dhiraj.bagwe@somaiya.edu,Dhiraj,Subhash,Bagwe,1,"[Theories of International Relations,Contemporary Geopolitics,Public Policy Analysis,"The Evolution of Indias Foreign Policy"]","[Theory,Theory,Theory,Theory]",Master of Arts (International Studies),31037224001,"[1,1,1,1]"
anurima.d@somaiya.edu,Anurima,Ajay,Deshmukh,1,"[Theories of International Relations,Contemporary Geopolitics,Public Policy Analysis,"The Evolution of Indias Foreign Policy"]","[Theory,Theory,Theory,Theory]",Master of Arts (International Studies),31037224002,"[1,1,1,1]"
sanjeevani.d@somaiya.edu,Sanjeevani,,Dhavare,1,"[Theories of International Relations,Contemporary Geopolitics,Public Policy Analysis,"The Evolution of Indias Foreign Policy"]","[Theory,Theory,Theory,Theory]",Master of Arts (International Studies),31037224003,"[1,1,1,1]"
anagha.ganesh@somaiya.edu,Anagha,,Ganesh,1,"[Theories of International Relations,Contemporary Geopolitics,Public Policy Analysis,"The Evolution of Indias Foreign Policy"]","[Theory,Theory,Theory,Theory]",Master of Arts (International Studies),31037224004,"[1,1,1,1]"
mariyammausha.i@somaiya.edu,Mariyam,Mausha,Ibrahim,1,"[Theories of International Relations,Contemporary Geopolitics,Public Policy Analysis,"The Evolution of Indias Foreign Policy"]","[Theory,Theory,Theory,Theory]",Master of Arts (International Studies),31037224005,"[1,1,1,1]"
shruti.jagtap@somaiya.edu,Shruti,Vikrant,Jagtap,1,"[Theories of International Relations,Contemporary Geopolitics,Public Policy Analysis,"The Evolution of Indias Foreign Policy"]","[Theory,Theory,Theory,Theory]",Master of Arts (International Studies),31037224006,"[1,1,1,1]"
samarth.vk@somaiya.edu,Samarth,Vijay,Khandekar,1,"[Theories of International Relations,Contemporary Geopolitics,Public Policy Analysis,"The Evolution of Indias Foreign Policy"]","[Theory,Theory,Theory,Theory]",Master of Arts (International Studies),31037224007,"[1,1,1,1]"
jenis.lalu@somaiya.edu,Jenis,,Lalu,1,"[Theories of International Relations,Contemporary Geopolitics,Public Policy Analysis,"The Evolution of Indias Foreign Policy"]","[Theory,Theory,Theory,Theory]",Master of Arts (International Studies),31037224008,"[1,1,1,1]"
aditi.marathe@somaiya.edu,Aditi,Milind,Marathe,1,"[Theories of International Relations,Contemporary Geopolitics,Public Policy Analysis,"The Evolution of Indias Foreign Policy"]","[Theory,Theory,Theory,Theory]",Master of Arts (International Studies),31037224009,"[1,1,1,1]"
trisha.nadar@somaiya.edu,Trisha,Devi,Nadar,1,"[Theories of International Relations,Contemporary Geopolitics,Public Policy Analysis,"The Evolution of Indias Foreign Policy"]","[Theory,Theory,Theory,Theory]",Master of Arts (International Studies),31037224010,"[1,1,1,1]"
aynaz.shaikh@somaiya.edu,Aynaz,Tanvir,Shaikh,1,"[Theories of International Relations,Contemporary Geopolitics,Public Policy Analysis,"The Evolution of Indias Foreign Policy"]","[Theory,Theory,Theory,Theory]",Master of Arts (International Studies),31037224011,"[1,1,1,1]"
tasha.sharma@somaiya.edu,Tasha,,Sharma,1,"[Theories of International Relations,Contemporary Geopolitics,Public Policy Analysis,"The Evolution of Indias Foreign Policy"]","[Theory,Theory,Theory,Theory]",Master of Arts (International Studies),31037224012,"[1,1,1,1]"
diya.shelke@somaiya.edu,Diya,,Shelke,1,"[Theories of International Relations,Contemporary Geopolitics,Public Policy Analysis,"The Evolution of Indias Foreign Policy"]","[Theory,Theory,Theory,Theory]",Master of Arts (International Studies),31037224013,"[1,1,1,1]"
sagar.telarkar@somaiya.edu,Sagar,Santosh,Telarkar,1,"[Theories of International Relations,Contemporary Geopolitics,Public Policy Analysis,"The Evolution of Indias Foreign Policy"]","[Theory,Theory,Theory,Theory]",Master of Arts (International Studies),31037224014,"[1,1,1,1]"
dolly.tiwari@somaiya.edu,Dolly,Jitendra,Tiwari,1,"[Theories of International Relations,Contemporary Geopolitics,Public Policy Analysis,"The Evolution of Indias Foreign Policy"]","[Theory,Theory,Theory,Theory]",Master of Arts (International Studies),31037224015,"[1,1,1,1]"
jayashrinidhi.v@somaiya.edu,Jayashrinidhi,,Venkatesh,1,"[Theories of International Relations,Contemporary Geopolitics,Public Policy Analysis,"The Evolution of Indias Foreign Policy"]","[Theory,Theory,Theory,Theory]",Master of Arts (International Studies),31037224016,"[1,1,1,1]"
ketki.warang@somaiya.edu,Ketki,Vinayak,Warang,1,"[Theories of International Relations,Contemporary Geopolitics,Public Policy Analysis,"The Evolution of Indias Foreign Policy"]","[Theory,Theory,Theory,Theory]",Master of Arts (International Studies),31037224017,"[1,1,1,1]"
pranjal.wasnik@somaiya.edu,Pranjal,Nondeo,Wasnik,1,"[Theories of International Relations,Contemporary Geopolitics,Public Policy Analysis,"The Evolution of Indias Foreign Policy"]","[Theory,Theory,Theory,Theory]",Master of Arts (International Studies),31037224018,"[1,1,1,1]"
arnab.d@somaiya.edu,Arnab,,Dasgupta,3,"[War and Peace in West Asia,Political Theory,Modern Diplomacy,Regional Security Architecture]","[Theory,Theory,Theory,Theory]",Master of Arts (International Studies),31017223002,"[1,1,1,1]"
bhavya02@somaiya.edu,Bhavya,,Jain,3,"[War and Peace in West Asia,Political Theory,Modern Diplomacy,Regional Security Architecture]","[Theory,Theory,Theory,Theory]",Master of Arts (International Studies),31017223003,"[1,1,1,1]"
k.salian@somaiya.edu,Khushi,Sheena,Salian,3,"[War and Peace in West Asia,Political Theory,Modern Diplomacy,Regional Security Architecture]","[Theory,Theory,Theory,Theory]",Master of Arts (International Studies),31017223006,"[1,1,1,1]"
ruchita.cb@somaiya.edu,Ruchita,Chintraj,Bind,1,"[Economics for Business Decision,Non- Banking Financial Companies (NBFCs),Advanced Research Methodology,Research Statistical Analysis,Strategic Management]","[Theory,Theory,Theory,Practical,Theory]",Master of Commerce (Banking & Finance),31032424001,"[1,1,1,1,1]"
sarika.j@somaiya.edu,Sarika,Samodhi,Jaiswar,1,"[Economics for Business Decision,Non- Banking Financial Companies (NBFCs),Advanced Research Methodology,Research Statistical Analysis,Strategic Management]","[Theory,Theory,Theory,Practical,Theory]",Master of Commerce (Banking & Finance),31032424002,"[1,1,1,1,1]"
y.khot@somaiya.edu,Yash,Atul,Khot,1,"[Economics for Business Decision,Non- Banking Financial Companies (NBFCs),Advanced Research Methodology,Research Statistical Analysis,Strategic Management]","[Theory,Theory,Theory,Practical,Theory]",Master of Commerce (Banking & Finance),31032424003,"[1,1,1,1,1]"
anjali.munjat@somaiya.edu,Anjali,Anil,Munjat,1,"[Economics for Business Decision,Non- Banking Financial Companies (NBFCs),Advanced Research Methodology,Research Statistical Analysis,Strategic Management]","[Theory,Theory,Theory,Practical,Theory]",Master of Commerce (Banking & Finance),31032424004,"[1,1,1,1,1]"
aditya.parulekar@somaiya.edu,Aditya,Nilesh,Parulekar,1,"[Economics for Business Decision,Non- Banking Financial Companies (NBFCs),Advanced Research Methodology,Research Statistical Analysis,Strategic Management]","[Theory,Theory,Theory,Practical,Theory]",Master of Commerce (Banking & Finance),31032424005,"[1,1,1,1,1]"
parth.patel8@somaiya.edu,Parth,Sanjay,Patel,1,"[Economics for Business Decision,Non- Banking Financial Companies (NBFCs),Advanced Research Methodology,Research Statistical Analysis,Strategic Management]","[Theory,Theory,Theory,Practical,Theory]",Master of Commerce (Banking & Finance),31032424006,"[1,1,1,1,1]"
sneha.pawar2@somaiya.edu,Sneha,Dilip,Pawar,1,"[Economics for Business Decision,Non- Banking Financial Companies (NBFCs),Advanced Research Methodology,Research Statistical Analysis,Strategic Management]","[Theory,Theory,Theory,Practical,Theory]",Master of Commerce (Banking & Finance),31032424007,"[1,1,1,1,1]"
rathod.pr@somaiya.edu,Pooja,Rajesh,Rathod,1,"[Economics for Business Decision,Non- Banking Financial Companies (NBFCs),Advanced Research Methodology,Research Statistical Analysis,Strategic Management]","[Theory,Theory,Theory,Practical,Theory]",Master of Commerce (Banking & Finance),31032424008,"[1,1,1,1,1]"
navneet.shetty@somaiya.edu,Navneet,Kumar,Shetty,1,"[Economics for Business Decision,Non- Banking Financial Companies (NBFCs),Advanced Research Methodology,Research Statistical Analysis,Strategic Management]","[Theory,Theory,Theory,Practical,Theory]",Master of Commerce (Banking & Finance),31032424009,"[1,1,1,1,1]"
anushka.ps@somaiya.edu,Anushka,Pankaj,Singh,1,"[Economics for Business Decision,Non- Banking Financial Companies (NBFCs),Advanced Research Methodology,Research Statistical Analysis,Strategic Management]","[Theory,Theory,Theory,Practical,Theory]",Master of Commerce (Banking & Finance),31032424010,"[1,1,1,1,1]"
yash.t@somaiya.edu,Yash,Milind,Thombare,1,"[Economics for Business Decision,Non- Banking Financial Companies (NBFCs),Advanced Research Methodology,Research Statistical Analysis,Strategic Management]","[Theory,Theory,Theory,Practical,Theory]",Master of Commerce (Banking & Finance),31032424011,"[1,1,1,1,1]"
shalini.dy@somaiya.edu,Shalini,Dinesh,Yadav,1,"[Economics for Business Decision,Non- Banking Financial Companies (NBFCs),Advanced Research Methodology,Research Statistical Analysis,Strategic Management]","[Theory,Theory,Theory,Practical,Theory]",Master of Commerce (Banking & Finance),31032424012,"[1,1,1,1,1]"
kavita.pc@somaiya.edu,Kavita,Premchand,Chaurasiya,3,"[Financial Planning and Investment,Accounting and Auditing of Banks,Introduction to Fintech,Investment Analysis and Equity Research]","[Theory,Theory,Theory,Theory]",Master of Commerce (Banking & Finance),31032423002,"[1,1,1,1]"
c.dhanushreddy@somaiya.edu,Reddy,Chaitanya,Dhanush,3,"[Financial Planning and Investment,Accounting and Auditing of Banks,Introduction to Fintech,Investment Analysis and Equity Research]","[Theory,Theory,Theory,Theory]",Master of Commerce (Banking & Finance),31032423003,"[1,1,1,1]"
khushboo.dhingra@somaiya.edu,Khushboo,Rakesh,Dhingra,3,"[Financial Planning and Investment,Accounting and Auditing of Banks,Introduction to Fintech,Investment Analysis and Equity Research]","[Theory,Theory,Theory,Theory]",Master of Commerce (Banking & Finance),31032423004,"[1,1,1,1]"
shweta.gound@somaiya.edu,Shweta,Ramesh,Gound,3,"[Financial Planning and Investment,Accounting and Auditing of Banks,Introduction to Fintech,Investment Analysis and Equity Research]","[Theory,Theory,Theory,Theory]",Master of Commerce (Banking & Finance),31032423005,"[1,1,1,1]"
mayank.hariya@somaiya.edu,Mayank,Rajesh,Hariya,3,"[Financial Planning and Investment,Accounting and Auditing of Banks,Introduction to Fintech,Investment Analysis and Equity Research]","[Theory,Theory,Theory,Theory]",Master of Commerce (Banking & Finance),31032423006,"[1,1,1,1]"
ankita.sm@somaiya.edu,Ankita,Sahdev,Mishra,3,"[Financial Planning and Investment,Accounting and Auditing of Banks,Introduction to Fintech,Investment Analysis and Equity Research]","[Theory,Theory,Theory,Theory]",Master of Commerce (Banking & Finance),31032423007,"[1,1,1,1]"
pawar.pp@somaiya.edu,Prerna,Pravin,Pawar,3,"[Financial Planning and Investment,Accounting and Auditing of Banks,Introduction to Fintech,Investment Analysis and Equity Research]","[Theory,Theory,Theory,Theory]",Master of Commerce (Banking & Finance),31032423008,"[1,1,1,1]"
nikita.rathore@somaiya.edu,Nikita,,Rathore,3,"[Financial Planning and Investment,Accounting and Auditing of Banks,Introduction to Fintech,Investment Analysis and Equity Research]","[Theory,Theory,Theory,Theory]",Master of Commerce (Banking & Finance),31032423009,"[1,1,1,1]"
rohan.raval@somaiya.edu,Rohan,Bhavesh,Raval,3,"[Financial Planning and Investment,Accounting and Auditing of Banks,Introduction to Fintech,Investment Analysis and Equity Research]","[Theory,Theory,Theory,Theory]",Master of Commerce (Banking & Finance),31032423010,"[1,1,1,1]"
shivaprasad.s@somaiya.edu,Shivaprasad,,Sahoo,3,"[Financial Planning and Investment,Accounting and Auditing of Banks,Introduction to Fintech,Investment Analysis and Equity Research]","[Theory,Theory,Theory,Theory]",Master of Commerce (Banking & Finance),31032423011,"[1,1,1,1]"
sheth.vv@somaiya.edu,Vinit,Vinod,Sheth,3,"[Financial Planning and Investment,Accounting and Auditing of Banks,Introduction to Fintech,Investment Analysis and Equity Research]","[Theory,Theory,Theory,Theory]",Master of Commerce (Banking & Finance),31032423012,"[1,1,1,1]"
singh.t@somaiya.edu,Tripti,,Singh,3,"[Financial Planning and Investment,Accounting and Auditing of Banks,Introduction to Fintech,Investment Analysis and Equity Research]","[Theory,Theory,Theory,Theory]",Master of Commerce (Banking & Finance),31032423013,"[1,1,1,1]"
shashinath.t@somaiya.edu,Shashinath,Shambhunath,Thakur,3,"[Financial Planning and Investment,Accounting and Auditing of Banks,Introduction to Fintech,Investment Analysis and Equity Research]","[Theory,Theory,Theory,Theory]",Master of Commerce (Banking & Finance),31032423015,"[1,1,1,1]"
e.gada@somaiya.edu,Esha,Nilesh,Gada,3,"[Strategic Management,Capital Market,Retail Management,Logistics and SCM]","[Theory,Theory,Theory,Theory]",Master of Commerce (Business Management),31032323002,"[1,1,1,1]"
h.joshi@somaiya.edu,Hetvi,Manish,Joshi,3,"[Strategic Management,Capital Market,Retail Management,Logistics and SCM]","[Theory,Theory,Theory,Theory]",Master of Commerce (Business Management),31032323004,"[1,1,1,1]"
amrita.kamati@somaiya.edu,Amrita,Dilip,Kamati,3,"[Strategic Management,Capital Market,Retail Management,Logistics and SCM]","[Theory,Theory,Theory,Theory]",Master of Commerce (Business Management),31032323005,"[1,1,1,1]"
shruti16@somaiya.edu,Shruti,Subhash,Patil,3,"[Strategic Management,Capital Market,Retail Management,Logistics and SCM]","[Theory,Theory,Theory,Theory]",Master of Commerce (Business Management),31032323007,"[1,1,1,1]"
heenal.r@somaiya.edu,Heenal,Manoj,Rathod,3,"[Strategic Management,Capital Market,Retail Management,Logistics and SCM]","[Theory,Theory,Theory,Theory]",Master of Commerce (Business Management),31032323009,"[1,1,1,1]"
naheed.shaikh@somaiya.edu,Naheed,Maqsud,Shaikh,3,"[Strategic Management,Capital Market,Retail Management,Logistics and SCM]","[Theory,Theory,Theory,Theory]",Master of Commerce (Business Management),31032323010,"[1,1,1,1]"
chintamani.t@somaiya.edu,Chintamani,Suhas,Thorat,3,"[Strategic Management,Capital Market,Retail Management,Logistics and SCM]","[Theory,Theory,Theory,Theory]",Master of Commerce (Business Management),31032323011,"[1,1,1,1]"
akhilesh.yadav@somaiya.edu,Akhilesh,Vijay,Yadav,3,"[Strategic Management,Capital Market,Retail Management,Logistics and SCM]","[Theory,Theory,Theory,Theory]",Master of Commerce (Business Management),31032323012,"[1,1,1,1]"
kaushar.c@somaiya.edu,Kaushar,Abushahma,Chaudhari,3,"[Strategic Management,Capital Market,Retail Management,Logistics and SCM]","[Theory,Theory,Theory,Theory]",Master of Commerce (Business Management),31032323013,"[1,1,1,1]"
r.bharambe@somaiya.edu,Rutuja,Hemraj,Bharambe,1,"[Digital Image Processing,Digital Image Processing,Big Data Analytics,Big Data Analytics,E1 Network Security,E1 Network Security,Research Methodology,Research Methodology]","[Theory,Practical,Theory,Practical,Theory,Practical,Theory,Practical]",Master of Science (Information Technology),31031424001,"[1,1,1,1,1,1,1,1]"
priyanka.bhatia@somaiya.edu,Priyanka,Kiran,Bhatia,1,"[Digital Image Processing,Digital Image Processing,Big Data Analytics,Big Data Analytics,E1 Network Security,E1 Network Security,Research Methodology,Research Methodology]","[Theory,Practical,Theory,Practical,Theory,Practical,Theory,Practical]",Master of Science (Information Technology),31031424002,"[1,1,1,1,1,1,1,1]"
swaraj.bhopatkar@somaiya.edu,Swaraj,Santosh,Bhopatkar,1,"[Digital Image Processing,Digital Image Processing,Big Data Analytics,Big Data Analytics,E1 Network Security,E1 Network Security,Research Methodology,Research Methodology]","[Theory,Practical,Theory,Practical,Theory,Practical,Theory,Practical]",Master of Science (Information Technology),31031424003,"[1,1,1,1,1,1,1,1]"
ananya.bhopatrao@somaiya.edu,Ananya,Vaibhav,Bhopatrao,1,"[Digital Image Processing,Digital Image Processing,Big Data Analytics,Big Data Analytics,E1 Network Security,E1 Network Security,Research Methodology,Research Methodology]","[Theory,Practical,Theory,Practical,Theory,Practical,Theory,Practical]",Master of Science (Information Technology),31031424004,"[1,1,1,1,1,1,1,1]"
atharva.chavan@somaiya.edu,Atharva,Shivprasad,Chavan,1,"[Digital Image Processing,Digital Image Processing,Big Data Analytics,Big Data Analytics,E1 Network Security,E1 Network Security,Research Methodology,Research Methodology]","[Theory,Practical,Theory,Practical,Theory,Practical,Theory,Practical]",Master of Science (Information Technology),31031424005,"[1,1,1,1,1,1,1,1]"
kavya.chilka@somaiya.edu,Kavya,,Chilka,1,"[Digital Image Processing,Digital Image Processing,Big Data Analytics,Big Data Analytics,E1 Network Security,E1 Network Security,Research Methodology,Research Methodology]","[Theory,Practical,Theory,Practical,Theory,Practical,Theory,Practical]",Master of Science (Information Technology),31031424006,"[1,1,1,1,1,1,1,1]"
swati.darekar@somaiya.edu,Swati,Gavram,Darekar,1,"[Digital Image Processing,Digital Image Processing,Big Data Analytics,Big Data Analytics,E1 Network Security,E1 Network Security,Research Methodology,Research Methodology]","[Theory,Practical,Theory,Practical,Theory,Practical,Theory,Practical]",Master of Science (Information Technology),31031424007,"[1,1,1,1,1,1,1,1]"
vedant.dere@somaiya.edu,Vedant,,Dere,1,"[Digital Image Processing,Digital Image Processing,Big Data Analytics,Big Data Analytics,E1 Network Security,E1 Network Security,Research Methodology,Research Methodology]","[Theory,Practical,Theory,Practical,Theory,Practical,Theory,Practical]",Master of Science (Information Technology),31031424008,"[1,1,1,1,1,1,1,1]"
aryan.dhanawade@somaiya.edu,Aryan,Sudhakar,Dhanawade,1,"[Digital Image Processing,Digital Image Processing,Big Data Analytics,Big Data Analytics,E1 Network Security,E1 Network Security,Research Methodology,Research Methodology]","[Theory,Practical,Theory,Practical,Theory,Practical,Theory,Practical]",Master of Science (Information Technology),31031424009,"[1,1,1,1,1,1,1,1]"
priyank.iyer@somaiya.edu,Priyank,Santosh,Iyer,1,"[Digital Image Processing,Digital Image Processing,Big Data Analytics,Big Data Analytics,E1 Network Security,E1 Network Security,Research Methodology,Research Methodology]","[Theory,Practical,Theory,Practical,Theory,Practical,Theory,Practical]",Master of Science (Information Technology),31031424010,"[1,1,1,1,1,1,1,1]"
jash.sj@somaiya.edu,Jash,Sanatan,Jana,1,"[Digital Image Processing,Digital Image Processing,Big Data Analytics,Big Data Analytics,E1 Network Security,E1 Network Security,Research Methodology,Research Methodology]","[Theory,Practical,Theory,Practical,Theory,Practical,Theory,Practical]",Master of Science (Information Technology),31031424011,"[1,1,1,1,1,1,1,1]"
manan.japee@somaiya.edu,Manan,Deven,Japee,1,"[Digital Image Processing,Digital Image Processing,Big Data Analytics,Big Data Analytics,E1 Network Security,E1 Network Security,Research Methodology,Research Methodology]","[Theory,Practical,Theory,Practical,Theory,Practical,Theory,Practical]",Master of Science (Information Technology),31031424012,"[1,1,1,1,1,1,1,1]"
parshvi.k@somaiya.edu,Parshvi,Shrenik,Kapasi,1,"[Digital Image Processing,Digital Image Processing,Big Data Analytics,Big Data Analytics,E1 Network Security,E1 Network Security,Research Methodology,Research Methodology]","[Theory,Practical,Theory,Practical,Theory,Practical,Theory,Practical]",Master of Science (Information Technology),31031424013,"[1,1,1,1,1,1,1,1]"
sanskruti.kate@somaiya.edu,Sanskruti,Krishnat,Kate,1,"[Digital Image Processing,Digital Image Processing,Big Data Analytics,Big Data Analytics,E1 Network Security,E1 Network Security,Research Methodology,Research Methodology]","[Theory,Practical,Theory,Practical,Theory,Practical,Theory,Practical]",Master of Science (Information Technology),31031424014,"[1,1,1,1,1,1,1,1]"
harsh.kathe@somaiya.edu,Harsh,Sandesh,Kathe,1,"[Digital Image Processing,Digital Image Processing,Big Data Analytics,Big Data Analytics,E1 Network Security,E1 Network Security,Research Methodology,Research Methodology]","[Theory,Practical,Theory,Practical,Theory,Practical,Theory,Practical]",Master of Science (Information Technology),31031424015,"[1,1,1,1,1,1,1,1]"
imran.khan@somaiya.edu,Imran,,Khan,1,"[Digital Image Processing,Digital Image Processing,Big Data Analytics,Big Data Analytics,E1 Network Security,E1 Network Security,Research Methodology,Research Methodology]","[Theory,Practical,Theory,Practical,Theory,Practical,Theory,Practical]",Master of Science (Information Technology),31031424016,"[1,1,1,1,1,1,1,1]"
priya.killedar@somaiya.edu,Priya,Prakash,Killedar,1,"[Digital Image Processing,Digital Image Processing,Big Data Analytics,Big Data Analytics,E1 Network Security,E1 Network Security,Research Methodology,Research Methodology]","[Theory,Practical,Theory,Practical,Theory,Practical,Theory,Practical]",Master of Science (Information Technology),31031424017,"[1,1,1,1,1,1,1,1]"
utkarsh.m@somaiya.edu,Utkarsh,Mahesh,Mahale,1,"[Digital Image Processing,Digital Image Processing,Big Data Analytics,Big Data Analytics,E1 Network Security,E1 Network Security,Research Methodology,Research Methodology]","[Theory,Practical,Theory,Practical,Theory,Practical,Theory,Practical]",Master of Science (Information Technology),31031424018,"[1,1,1,1,1,1,1,1]"
jagrutikumari.m@somaiya.edu,Jagruti,Kumari,Mahato,1,"[Digital Image Processing,Digital Image Processing,Big Data Analytics,Big Data Analytics,E1 Network Security,E1 Network Security,Research Methodology,Research Methodology]","[Theory,Practical,Theory,Practical,Theory,Practical,Theory,Practical]",Master of Science (Information Technology),31031424019,"[1,1,1,1,1,1,1,1]"
apm@somaiya.edu,Abhishek,Prakash,Mane,1,"[Digital Image Processing,Digital Image Processing,Big Data Analytics,Big Data Analytics,E1 Network Security,E1 Network Security,Research Methodology,Research Methodology]","[Theory,Practical,Theory,Practical,Theory,Practical,Theory,Practical]",Master of Science (Information Technology),31031424020,"[1,1,1,1,1,1,1,1]"
rishabh.rm@somaiya.edu,Rishabh,Rakesh,Mishra,1,"[Digital Image Processing,Digital Image Processing,Big Data Analytics,Big Data Analytics,E1 Network Security,E1 Network Security,Research Methodology,Research Methodology]","[Theory,Practical,Theory,Practical,Theory,Practical,Theory,Practical]",Master of Science (Information Technology),31031424021,"[1,1,1,1,1,1,1,1]"
sruthi.nair@somaiya.edu,Sruthi,Sreekumar,Nair,1,"[Digital Image Processing,Digital Image Processing,Big Data Analytics,Big Data Analytics,E1 Network Security,E1 Network Security,Research Methodology,Research Methodology]","[Theory,Practical,Theory,Practical,Theory,Practical,Theory,Practical]",Master of Science (Information Technology),31031424022,"[1,1,1,1,1,1,1,1]"
jayshree.n@somaiya.edu,Jayshree,Ashok,Nath,1,"[Digital Image Processing,Digital Image Processing,Big Data Analytics,Big Data Analytics,E1 Network Security,E1 Network Security,Research Methodology,Research Methodology]","[Theory,Practical,Theory,Practical,Theory,Practical,Theory,Practical]",Master of Science (Information Technology),31031424023,"[1,1,1,1,1,1,1,1]"
shikha.vp@somaiya.edu,Shikha,Vinod,Pandey,1,"[Digital Image Processing,Digital Image Processing,Big Data Analytics,Big Data Analytics,E1 Network Security,E1 Network Security,Research Methodology,Research Methodology]","[Theory,Practical,Theory,Practical,Theory,Practical,Theory,Practical]",Master of Science (Information Technology),31031424024,"[1,1,1,1,1,1,1,1]"
vibha.p@somaiya.edu,Vibha,Rajesh,Pandey,1,"[Digital Image Processing,Digital Image Processing,Big Data Analytics,Big Data Analytics,E1 Network Security,E1 Network Security,Research Methodology,Research Methodology]","[Theory,Practical,Theory,Practical,Theory,Practical,Theory,Practical]",Master of Science (Information Technology),31031424025,"[1,1,1,1,1,1,1,1]"
aayushi.patel@somaiya.edu,Aayushi,Pinakinkumar,Patel,1,"[Digital Image Processing,Digital Image Processing,Big Data Analytics,Big Data Analytics,E1 Network Security,E1 Network Security,Research Methodology,Research Methodology]","[Theory,Practical,Theory,Practical,Theory,Practical,Theory,Practical]",Master of Science (Information Technology),31031424026,"[1,1,1,1,1,1,1,1]"
dhruvi.jp@somaiya.edu,Dhruvi,Jayantilal,Patel,1,"[Digital Image Processing,Digital Image Processing,Big Data Analytics,Big Data Analytics,E1 Network Security,E1 Network Security,Research Methodology,Research Methodology]","[Theory,Practical,Theory,Practical,Theory,Practical,Theory,Practical]",Master of Science (Information Technology),31031424027,"[1,1,1,1,1,1,1,1]"
shinoj.p@somaiya.edu,Shinoj,Lalgi,Pattomparampil,1,"[Digital Image Processing,Digital Image Processing,Big Data Analytics,Big Data Analytics,E1 Network Security,E1 Network Security,Research Methodology,Research Methodology]","[Theory,Practical,Theory,Practical,Theory,Practical,Theory,Practical]",Master of Science (Information Technology),31031424028,"[1,1,1,1,1,1,1,1]"
pranay.pawar@somaiya.edu,Pranay,Sambhaji,Pawar,1,"[Digital Image Processing,Digital Image Processing,Big Data Analytics,Big Data Analytics,E1 Network Security,E1 Network Security,Research Methodology,Research Methodology]","[Theory,Practical,Theory,Practical,Theory,Practical,Theory,Practical]",Master of Science (Information Technology),31031424029,"[1,1,1,1,1,1,1,1]"
adithya.sadare@somaiya.edu,Adithya,Umesh,Sadare,1,"[Digital Image Processing,Digital Image Processing,Big Data Analytics,Big Data Analytics,E1 Network Security,E1 Network Security,Research Methodology,Research Methodology]","[Theory,Practical,Theory,Practical,Theory,Practical,Theory,Practical]",Master of Science (Information Technology),31031424030,"[1,1,1,1,1,1,1,1]"
jainam.sanandiya@somaiya.edu,Jainam,Vasantbhai,Sanandiya,1,"[Digital Image Processing,Digital Image Processing,Big Data Analytics,Big Data Analytics,E1 Network Security,E1 Network Security,Research Methodology,Research Methodology]","[Theory,Practical,Theory,Practical,Theory,Practical,Theory,Practical]",Master of Science (Information Technology),31031424031,"[1,1,1,1,1,1,1,1]"
ansh.saroj@somaiya.edu,Ansh,Shailendra,Saroj,1,"[Digital Image Processing,Digital Image Processing,Big Data Analytics,Big Data Analytics,E1 Network Security,E1 Network Security,Research Methodology,Research Methodology]","[Theory,Practical,Theory,Practical,Theory,Practical,Theory,Practical]",Master of Science (Information Technology),31031424032,"[1,1,1,1,1,1,1,1]"
hitansh.hs@somaiya.edu,Hitansh,Hemanshu,Shah,1,"[Digital Image Processing,Digital Image Processing,Big Data Analytics,Big Data Analytics,E1 Network Security,E1 Network Security,Research Methodology,Research Methodology]","[Theory,Practical,Theory,Practical,Theory,Practical,Theory,Practical]",Master of Science (Information Technology),31031424033,"[1,1,1,1,1,1,1,1]"
amir.shaikh@somaiya.edu,Amir,Akhtar,Shaikh,1,"[Digital Image Processing,Digital Image Processing,Big Data Analytics,Big Data Analytics,E1 Network Security,E1 Network Security,Research Methodology,Research Methodology]","[Theory,Practical,Theory,Practical,Theory,Practical,Theory,Practical]",Master of Science (Information Technology),31031424034,"[1,1,1,1,1,1,1,1]"
mohdsaquib.s@somaiya.edu,Mohd,Saquib,Shaikh,1,"[Digital Image Processing,Digital Image Processing,Big Data Analytics,Big Data Analytics,E1 Network Security,E1 Network Security,Research Methodology,Research Methodology]","[Theory,Practical,Theory,Practical,Theory,Practical,Theory,Practical]",Master of Science (Information Technology),31031424035,"[1,1,1,1,1,1,1,1]"
suraj.shetty1@somaiya.edu,Suraj,Suresh,Shetty,1,"[Digital Image Processing,Digital Image Processing,Big Data Analytics,Big Data Analytics,E1 Network Security,E1 Network Security,Research Methodology,Research Methodology]","[Theory,Practical,Theory,Practical,Theory,Practical,Theory,Practical]",Master of Science (Information Technology),31031424036,"[1,1,1,1,1,1,1,1]"
chaitanya.s@somaiya.edu,Chaitanya,Dilip,Shinde,1,"[Digital Image Processing,Digital Image Processing,Big Data Analytics,Big Data Analytics,E1 Network Security,E1 Network Security,Research Methodology,Research Methodology]","[Theory,Practical,Theory,Practical,Theory,Practical,Theory,Practical]",Master of Science (Information Technology),31031424037,"[1,1,1,1,1,1,1,1]"
faizan.shipra@somaiya.edu,Faizan,,Shipra,1,"[Digital Image Processing,Digital Image Processing,Big Data Analytics,Big Data Analytics,E1 Network Security,E1 Network Security,Research Methodology,Research Methodology]","[Theory,Practical,Theory,Practical,Theory,Practical,Theory,Practical]",Master of Science (Information Technology),31031424038,"[1,1,1,1,1,1,1,1]"
sejal.shirke@somaiya.edu,Sejal,Pundalik,Shirke,1,"[Digital Image Processing,Digital Image Processing,Big Data Analytics,Big Data Analytics,E1 Network Security,E1 Network Security,Research Methodology,Research Methodology]","[Theory,Practical,Theory,Practical,Theory,Practical,Theory,Practical]",Master of Science (Information Technology),31031424039,"[1,1,1,1,1,1,1,1]"
afsanali.s@somaiya.edu,Afsan,Ali,Siddiqui,1,"[Digital Image Processing,Digital Image Processing,Big Data Analytics,Big Data Analytics,E1 Network Security,E1 Network Security,Research Methodology,Research Methodology]","[Theory,Practical,Theory,Practical,Theory,Practical,Theory,Practical]",Master of Science (Information Technology),31031424040,"[1,1,1,1,1,1,1,1]"
kds6@somaiya.edu,Khushi,Dayashankar,Singh,1,"[Digital Image Processing,Digital Image Processing,Big Data Analytics,Big Data Analytics,E1 Network Security,E1 Network Security,Research Methodology,Research Methodology]","[Theory,Practical,Theory,Practical,Theory,Practical,Theory,Practical]",Master of Science (Information Technology),31031424041,"[1,1,1,1,1,1,1,1]"
kimberleyann.v@somaiya.edu,Kimberley,Ann,Valladares,1,"[Digital Image Processing,Digital Image Processing,Big Data Analytics,Big Data Analytics,E1 Network Security,E1 Network Security,Research Methodology,Research Methodology]","[Theory,Practical,Theory,Practical,Theory,Practical,Theory,Practical]",Master of Science (Information Technology),31031424042,"[1,1,1,1,1,1,1,1]"
itisha.vamja@somaiya.edu,Itisha,Bharatbhai,Vamja,1,"[Digital Image Processing,Digital Image Processing,Big Data Analytics,Big Data Analytics,E1 Network Security,E1 Network Security,Research Methodology,Research Methodology]","[Theory,Practical,Theory,Practical,Theory,Practical,Theory,Practical]",Master of Science (Information Technology),31031424043,"[1,1,1,1,1,1,1,1]"
alvi.r@somaiya.edu,Abdullah,Rafiuzzaman,Alvi,3,"[Human-Computer Interaction,Blockchain Concepts and Techniques,Human-Computer Interaction,Blockchain Concepts and Techniques,E1 Advances in Machine Learning,E1 Advances in Machine Learning]","[Theory,Theory,Practical,Practical,Theory,Practical]",Master of Science (Information Technology),31031423001,"[1,1,1,1,1,1]"
krb2@somaiya.edu,Kinjal,Rajesh,Bhanushali,3,"[Human-Computer Interaction,Blockchain Concepts and Techniques,Human-Computer Interaction,Blockchain Concepts and Techniques,E1 Advances in Machine Learning,E1 Advances in Machine Learning]","[Theory,Theory,Practical,Practical,Theory,Practical]",Master of Science (Information Technology),31031423003,"[1,1,1,1,1,1]"
nikhil.bhosale@somaiya.edu,Nikhil,Ratnakant,Bhosale,3,"[Human-Computer Interaction,Blockchain Concepts and Techniques,Human-Computer Interaction,Blockchain Concepts and Techniques,E1 Advances in Machine Learning,E1 Advances in Machine Learning]","[Theory,Theory,Practical,Practical,Theory,Practical]",Master of Science (Information Technology),31031423004,"[1,1,1,1,1,1]"
tejas.ingle@somaiya.edu,Tejas,Rajesh,Ingle,3,"[Human-Computer Interaction,Blockchain Concepts and Techniques,Human-Computer Interaction,Blockchain Concepts and Techniques,E1 Advances in Machine Learning,E1 Advances in Machine Learning]","[Theory,Theory,Practical,Practical,Theory,Practical]",Master of Science (Information Technology),31031423006,"[1,1,1,1,1,1]"
mayur.mj@somaiya.edu,Mayur,Mahendra,Jadhav,3,"[Human-Computer Interaction,Blockchain Concepts and Techniques,Human-Computer Interaction,Blockchain Concepts and Techniques,E1 Advances in Machine Learning,E1 Advances in Machine Learning]","[Theory,Theory,Practical,Practical,Theory,Practical]",Master of Science (Information Technology),31031423007,"[1,1,1,1,1,1]"
aman.jain@somaiya.edu,Aman,Dinesh,Jain,3,"[Human-Computer Interaction,Blockchain Concepts and Techniques,Human-Computer Interaction,Blockchain Concepts and Techniques,E1 Advances in Machine Learning,E1 Advances in Machine Learning]","[Theory,Theory,Practical,Practical,Theory,Practical]",Master of Science (Information Technology),31031423009,"[1,1,1,1,1,1]"
sahil.katkar@somaiya.edu,Sahil,Raju,Katkar,3,"[Human-Computer Interaction,Blockchain Concepts and Techniques,Human-Computer Interaction,Blockchain Concepts and Techniques,E1 Advances in Machine Learning,E1 Advances in Machine Learning]","[Theory,Theory,Practical,Practical,Theory,Practical]",Master of Science (Information Technology),31031423010,"[1,1,1,1,1,1]"
vedant.kuchekar@somaiya.edu,Vedant,Vilas,Kuchekar,3,"[Human-Computer Interaction,Blockchain Concepts and Techniques,Human-Computer Interaction,Blockchain Concepts and Techniques,E1 Advances in Machine Learning,E1 Advances in Machine Learning]","[Theory,Theory,Practical,Practical,Theory,Practical]",Master of Science (Information Technology),31031423011,"[1,1,1,1,1,1]"
aryan.ak@somaiya.edu,Aryan,Ajit,Kulkarni,3,"[Human-Computer Interaction,Blockchain Concepts and Techniques,Human-Computer Interaction,Blockchain Concepts and Techniques,E1 Advances in Machine Learning,E1 Advances in Machine Learning]","[Theory,Theory,Practical,Practical,Theory,Practical]",Master of Science (Information Technology),31031423012,"[1,1,1,1,1,1]"
siddhant.magare@somaiya.edu,Siddhant,Kishor,Magare,3,"[Human-Computer Interaction,Blockchain Concepts and Techniques,Human-Computer Interaction,Blockchain Concepts and Techniques,E1 Advances in Machine Learning,E1 Advances in Machine Learning]","[Theory,Theory,Practical,Practical,Theory,Practical]",Master of Science (Information Technology),31031423013,"[1,1,1,1,1,1]"
chinmay.mhadgut@somaiya.edu,Chinmay,Dattaram,Mhadgut,3,"[Human-Computer Interaction,Blockchain Concepts and Techniques,Human-Computer Interaction,Blockchain Concepts and Techniques,E1 Advances in Machine Learning,E1 Advances in Machine Learning]","[Theory,Theory,Practical,Practical,Theory,Practical]",Master of Science (Information Technology),31031423015,"[1,1,1,1,1,1]"
amar.panigrahi@somaiya.edu,Amar,Rajendra,Panigrahi,3,"[Human-Computer Interaction,Blockchain Concepts and Techniques,Human-Computer Interaction,Blockchain Concepts and Techniques,E1 Advances in Machine Learning,E1 Advances in Machine Learning]","[Theory,Theory,Practical,Practical,Theory,Practical]",Master of Science (Information Technology),31031423016,"[1,1,1,1,1,1]"
rohan.panigrahy@somaiya.edu,Rohan,Simanchal,Panigrahy,3,"[Human-Computer Interaction,Blockchain Concepts and Techniques,Human-Computer Interaction,Blockchain Concepts and Techniques,E1 Advances in Machine Learning,E1 Advances in Machine Learning]","[Theory,Theory,Practical,Practical,Theory,Practical]",Master of Science (Information Technology),31031423017,"[1,1,1,1,1,1]"
bharti.patel@somaiya.edu,Bharti,Subhashchandra,Patel,3,"[Human-Computer Interaction,Blockchain Concepts and Techniques,Human-Computer Interaction,Blockchain Concepts and Techniques,E1 Advances in Machine Learning,E1 Advances in Machine Learning]","[Theory,Theory,Practical,Practical,Theory,Practical]",Master of Science (Information Technology),31031423018,"[1,1,1,1,1,1]"
monika.patil@somaiya.edu,Monika,Anil,Patil,3,"[Human-Computer Interaction,Blockchain Concepts and Techniques,Human-Computer Interaction,Blockchain Concepts and Techniques,E1 Advances in Machine Learning,E1 Advances in Machine Learning]","[Theory,Theory,Practical,Practical,Theory,Practical]",Master of Science (Information Technology),31031423019,"[1,1,1,1,1,1]"
rushabh.mp@somaiya.edu,Rushabh,Mahendra,Patil,3,"[Human-Computer Interaction,Blockchain Concepts and Techniques,Human-Computer Interaction,Blockchain Concepts and Techniques,E1 Advances in Machine Learning,E1 Advances in Machine Learning]","[Theory,Theory,Practical,Practical,Theory,Practical]",Master of Science (Information Technology),31031423020,"[1,1,1,1,1,1]"
hrithik.patole@somaiya.edu,Hrithik,Raju,Patole,3,"[Human-Computer Interaction,Blockchain Concepts and Techniques,Human-Computer Interaction,Blockchain Concepts and Techniques,E1 Advances in Machine Learning,E1 Advances in Machine Learning]","[Theory,Theory,Practical,Practical,Theory,Practical]",Master of Science (Information Technology),31031423021,"[1,1,1,1,1,1]"
suyash.potdar@somaiya.edu,Suyash,Sandesh,Potdar,3,"[Human-Computer Interaction,Blockchain Concepts and Techniques,Human-Computer Interaction,Blockchain Concepts and Techniques,E1 Advances in Machine Learning,E1 Advances in Machine Learning]","[Theory,Theory,Practical,Practical,Theory,Practical]",Master of Science (Information Technology),31031423022,"[1,1,1,1,1,1]"
zubeda.as@somaiya.edu,Zubeda,Asgarali,Shaikh,3,"[Human-Computer Interaction,Blockchain Concepts and Techniques,Human-Computer Interaction,Blockchain Concepts and Techniques,E1 Advances in Machine Learning,E1 Advances in Machine Learning]","[Theory,Theory,Practical,Practical,Theory,Practical]",Master of Science (Information Technology),31031423024,"[1,1,1,1,1,1]"
shinde.ds@somaiya.edu,Divya,Sanjay,Shinde,3,"[Human-Computer Interaction,Blockchain Concepts and Techniques,Human-Computer Interaction,Blockchain Concepts and Techniques,E1 Advances in Machine Learning,E1 Advances in Machine Learning]","[Theory,Theory,Practical,Practical,Theory,Practical]",Master of Science (Information Technology),31031423026,"[1,1,1,1,1,1]"
ms1@somaiya.edu,Mohammad,Hassaan,Siddique,3,"[Human-Computer Interaction,Blockchain Concepts and Techniques,Human-Computer Interaction,Blockchain Concepts and Techniques,E1 Advances in Machine Learning,E1 Advances in Machine Learning]","[Theory,Theory,Practical,Practical,Theory,Practical]",Master of Science (Information Technology),31031423027,"[1,1,1,1,1,1]"
aditya.singh6@somaiya.edu,Aditya,Saroj,Singh,3,"[Human-Computer Interaction,Blockchain Concepts and Techniques,Human-Computer Interaction,Blockchain Concepts and Techniques,E1 Advances in Machine Learning,E1 Advances in Machine Learning]","[Theory,Theory,Practical,Practical,Theory,Practical]",Master of Science (Information Technology),31031423028,"[1,1,1,1,1,1]"
singh.hm@somaiya.edu,Harsh,Singh,Singh,3,"[Human-Computer Interaction,Blockchain Concepts and Techniques,Human-Computer Interaction,Blockchain Concepts and Techniques,E1 Advances in Machine Learning,E1 Advances in Machine Learning]","[Theory,Theory,Practical,Practical,Theory,Practical]",Master of Science (Information Technology),31031423029,"[1,1,1,1,1,1]"
shlesha.j@somaiya.edu,Shlesha,Santosh,Joshi,3,"[Human-Computer Interaction,Blockchain Concepts and Techniques,Human-Computer Interaction,Blockchain Concepts and Techniques,E1 Advances in Machine Learning,E1 Advances in Machine Learning]","[Theory,Theory,Practical,Practical,Theory,Practical]",Master of Science (Information Technology),31031423030,"[1,1,1,1,1,1]"
s.kinjawadekar@somaiya.edu,Sahil,Mahesh,Kinjawadekar,3,"[Human-Computer Interaction,Blockchain Concepts and Techniques,Human-Computer Interaction,Blockchain Concepts and Techniques,E1 Advances in Machine Learning,E1 Advances in Machine Learning]","[Theory,Theory,Practical,Practical,Theory,Practical]",Master of Science (Information Technology),31031423031,"[1,1,1,1,1,1]"
dhanashree.d@somaiya.edu,Dhanashree,Mahesh,Desai,3,"[Human-Computer Interaction,Blockchain Concepts and Techniques,Human-Computer Interaction,Blockchain Concepts and Techniques,E1 Advances in Machine Learning,E1 Advances in Machine Learning]","[Theory,Theory,Practical,Practical,Theory,Practical]",Master of Science (Information Technology),31031423033,"[1,1,1,1,1,1]"
owesh.owesh@somaiya.edu,Owesh,Ahmed,Ansari,3,"[Human-Computer Interaction,Blockchain Concepts and Techniques,Human-Computer Interaction,Blockchain Concepts and Techniques,E1 Advances in Machine Learning,E1 Advances in Machine Learning]","[Theory,Theory,Practical,Practical,Theory,Practical]",Master of Science (Information Technology),31031423035,"[1,1,1,1,1,1]"
shantanu.sharma@somaiya.edu,Shantanu,Yogesh,Sharma,3,"[Human-Computer Interaction,Blockchain Concepts and Techniques,Human-Computer Interaction,Blockchain Concepts and Techniques,E1 Advances in Machine Learning,E1 Advances in Machine Learning]","[Theory,Theory,Practical,Practical,Theory,Practical]",Master of Science (Information Technology),31031423037,"[1,1,1,1,1,1]"
tejas.chopdekar@somaiya.edu,Tejas,Nikhil,Chopdekar,3,"[Human-Computer Interaction,Blockchain Concepts and Techniques,Human-Computer Interaction,Blockchain Concepts and Techniques,E1 Advances in Machine Learning,E1 Advances in Machine Learning]","[Theory,Theory,Practical,Practical,Theory,Practical]",Master of Science (Information Technology),31031423039,"[1,1,1,1,1,1]"
riti.kotian@somaiya.edu,Riti,Rajesh,Kotian,3,"[Human-Computer Interaction,Blockchain Concepts and Techniques,Human-Computer Interaction,Blockchain Concepts and Techniques,E1 Advances in Machine Learning,E1 Advances in Machine Learning]","[Theory,Theory,Practical,Practical,Theory,Practical]",Master of Science (Information Technology),31031423040,"[1,1,1,1,1,1]"
samar.m@somaiya.edu,Samar,Ganesh,Medhekar,3,"[Human-Computer Interaction,Blockchain Concepts and Techniques,Human-Computer Interaction,Blockchain Concepts and Techniques,E1 Advances in Machine Learning,E1 Advances in Machine Learning]","[Theory,Theory,Practical,Practical,Theory,Practical]",Master of Science (Information Technology),31031423041,"[1,1,1,1,1,1]"
neha.neha@somaiya.edu,Neha,Deenanath,Gupta,3,"[Human-Computer Interaction,Blockchain Concepts and Techniques,Human-Computer Interaction,Blockchain Concepts and Techniques,E1 Advances in Machine Learning,E1 Advances in Machine Learning]","[Theory,Theory,Practical,Practical,Theory,Practical]",Master of Science (Information Technology),31031423042,"[1,1,1,1,1,1]"
affan06@somaiya.edu,Affan,,Shaikh,3,"[Human-Computer Interaction,Blockchain Concepts and Techniques,Human-Computer Interaction,Blockchain Concepts and Techniques,E1 Advances in Machine Learning,E1 Advances in Machine Learning]","[Theory,Theory,Practical,Practical,Theory,Practical]",Master of Science (Information Technology),31031423043,"[1,1,1,1,1,1]"
joshi.mk@somaiya.edu,Meet,Ketan,Joshi,3,"[Human-Computer Interaction,Blockchain Concepts and Techniques,Human-Computer Interaction,Blockchain Concepts and Techniques,E1 Advances in Machine Learning,E1 Advances in Machine Learning]","[Theory,Theory,Practical,Practical,Theory,Practical]",Master of Science (Information Technology),31031423044,"[1,1,1,1,1,1]"
