email,lastName,firstName,middleName,semester,subjects,subjectType,course,seatNumber
anvay.bankar@somaiya.edu,Bankar,Anvay,Kailash,1,"Fundamentals of Mass Communication, Minor- Creative Writing, Visual Communication, Contemporary Issues, Contemporary Issues , Constitution and Public Policy, Language Skills in Media","Theory, Theory, Theory, Theory, Theory, Theory, Theory",Bachelor of Arts (Mass Communication & Journalism),31010824001
prerana.bhandari@somaiya.edu,Bhandari,Prerana,Yogesh,1,"Fundamentals of Mass Communication, Minor- Creative Writing, Visual Communication, Contemporary Issues, Contemporary Issues , Constitution and Public Policy, Language Skills in Media","Theory, Theory, Theory, Theory, Theory, Theory, Theory",Bachelor of Arts (Mass Communication & Journalism),31010824003
prathmesh.bote@somaiya.edu,Bote,Prathmesh,Eknath,1,"Fundamentals of Mass Communication, Minor- Creative Writing, Visual Communication, Contemporary Issues, Contemporary Issues , Constitution and Public Policy, Language Skills in Media","Theory, Theory, Theory, Theory, Theory, Theory, Theory",Bachelor of Arts (Mass Communication & Journalism),31010824005
riddhi.chang@somaiya.edu,Chang,Riddhi,Jitesh,1,"Fundamentals of Mass Communication, Minor- Creative Writing, Visual Communication, Contemporary Issues, Contemporary Issues , Constitution and Public Policy, Language Skills in Media","Theory, Theory, Theory, Theory, Theory, Theory, Theory",Bachelor of Arts (Mass Communication & Journalism),31010824006
jiya.chheda@somaiya.edu,Chheda,Jiya,Mahesh,1,"Fundamentals of Mass Communication, Minor- Creative Writing, Visual Communication, Contemporary Issues, Contemporary Issues , Constitution and Public Policy, Language Skills in Media","Theory, Theory, Theory, Theory, Theory, Theory, Theory",Bachelor of Arts (Mass Communication & Journalism),31010824008
vidhi.choradia@somaiya.edu,Choradia,Vidhi,Lalit,1,"Fundamentals of Mass Communication, Minor- Creative Writing, Visual Communication, Contemporary Issues, Contemporary Issues , Constitution and Public Policy, Language Skills in Media","Theory, Theory, Theory, Theory, Theory, Theory, Theory",Bachelor of Arts (Mass Communication & Journalism),31010824009
jaaiee.d@somaiya.edu,Dharmadhikari,Jaaiee,Manoj,1,"Fundamentals of Mass Communication, Minor- Creative Writing, Visual Communication, Contemporary Issues, Contemporary Issues , Constitution and Public Policy, Language Skills in Media","Theory, Theory, Theory, Theory, Theory, Theory, Theory",Bachelor of Arts (Mass Communication & Journalism),31010824010
elvis.dsouza@somaiya.edu,Dsouza,Elvis,Clament,1,"Fundamentals of Mass Communication, Minor- Creative Writing, Visual Communication, Contemporary Issues, Contemporary Issues , Constitution and Public Policy, Language Skills in Media","Theory, Theory, Theory, Theory, Theory, Theory, Theory",Bachelor of Arts (Mass Communication & Journalism),31010824011
bhoomi.g@somaiya.edu,Gala,Bhoomi,Amit,1,"Fundamentals of Mass Communication, Minor- Creative Writing, Visual Communication, Contemporary Issues, Contemporary Issues , Constitution and Public Policy, Language Skills in Media","Theory, Theory, Theory, Theory, Theory, Theory, Theory",Bachelor of Arts (Mass Communication & Journalism),31010824012
d.goshar@somaiya.edu,Goshar,Dinkle,Paresh,1,"Fundamentals of Mass Communication, Minor- Creative Writing, Visual Communication, Contemporary Issues, Contemporary Issues , Constitution and Public Policy, Language Skills in Media","Theory, Theory, Theory, Theory, Theory, Theory, Theory",Bachelor of Arts (Mass Communication & Journalism),31010824013
aanya.gupta@somaiya.edu,Gupta,Aanya,Jitendra,1,"Fundamentals of Mass Communication, Minor- Creative Writing, Visual Communication, Contemporary Issues, Contemporary Issues , Constitution and Public Policy, Language Skills in Media","Theory, Theory, Theory, Theory, Theory, Theory, Theory",Bachelor of Arts (Mass Communication & Journalism),31010824015
vivek.hazra@somaiya.edu,Hazra,Vivek,Parthapratim,1,"Fundamentals of Mass Communication, Minor- Creative Writing, Visual Communication, Contemporary Issues, Contemporary Issues , Constitution and Public Policy, Language Skills in Media","Theory, Theory, Theory, Theory, Theory, Theory, Theory",Bachelor of Arts (Mass Communication & Journalism),31010824018
trisha.iyer@somaiya.edu,Iyer,Trisha,Priya,1,"Fundamentals of Mass Communication, Minor- Creative Writing, Visual Communication, Contemporary Issues, Contemporary Issues , Constitution and Public Policy, Language Skills in Media","Theory, Theory, Theory, Theory, Theory, Theory, Theory",Bachelor of Arts (Mass Communication & Journalism),31010824019
smit.jadhav@somaiya.edu,Jadhav,Smit,Dnyaneshwar,1,"Fundamentals of Mass Communication, Minor- Creative Writing, Visual Communication, Contemporary Issues, Contemporary Issues , Constitution and Public Policy, Language Skills in Media","Theory, Theory, Theory, Theory, Theory, Theory, Theory",Bachelor of Arts (Mass Communication & Journalism),31010824020
prachi.jain7@somaiya.edu,Jain,Prachi,Manoj,1,"Fundamentals of Mass Communication, Minor- Creative Writing, Visual Communication, Contemporary Issues, Contemporary Issues , Constitution and Public Policy, Language Skills in Media","Theory, Theory, Theory, Theory, Theory, Theory, Theory",Bachelor of Arts (Mass Communication & Journalism),31010824021
mihika.joshi@somaiya.edu,Joshi,Mihika,Yogesh,1,"Fundamentals of Mass Communication, Minor- Creative Writing, Visual Communication, Contemporary Issues, Contemporary Issues , Constitution and Public Policy, Language Skills in Media","Theory, Theory, Theory, Theory, Theory, Theory, Theory",Bachelor of Arts (Mass Communication & Journalism),31010824022
krish.kekare@somaiya.edu,Kekare,Krish,Shashank,1,"Fundamentals of Mass Communication, Minor- Creative Writing, Visual Communication, Contemporary Issues, Contemporary Issues , Constitution and Public Policy, Language Skills in Media","Theory, Theory, Theory, Theory, Theory, Theory, Theory",Bachelor of Arts (Mass Communication & Journalism),31010824023
veda.kuttan@somaiya.edu,Kuttan,Veda,Unmesh,1,"Fundamentals of Mass Communication, Minor- Creative Writing, Visual Communication, Contemporary Issues, Contemporary Issues , Constitution and Public Policy, Language Skills in Media","Theory, Theory, Theory, Theory, Theory, Theory, Theory",Bachelor of Arts (Mass Communication & Journalism),31010824024
s.manjeshwar@somaiya.edu,Manjeshwar,Siddhi,Prashant,1,"Fundamentals of Mass Communication, Minor- Creative Writing, Visual Communication, Contemporary Issues, Contemporary Issues , Constitution and Public Policy, Language Skills in Media","Theory, Theory, Theory, Theory, Theory, Theory, Theory",Bachelor of Arts (Mass Communication & Journalism),31010824025
jaya.m@somaiya.edu,Mishra,Jaya,Sarvesh,1,"Fundamentals of Mass Communication, Minor- Creative Writing, Visual Communication, Contemporary Issues, Contemporary Issues , Constitution and Public Policy, Language Skills in Media","Theory, Theory, Theory, Theory, Theory, Theory, Theory",Bachelor of Arts (Mass Communication & Journalism),31010824026
rutuja.nagavekar@somaiya.edu,Nagavekar,Rutuja,Rahul,1,"Fundamentals of Mass Communication, Minor- Creative Writing, Visual Communication, Contemporary Issues, Contemporary Issues , Constitution and Public Policy, Language Skills in Media","Theory, Theory, Theory, Theory, Theory, Theory, Theory",Bachelor of Arts (Mass Communication & Journalism),31010824027
sejal.n@somaiya.edu,Nandanwar,Sejal,Waman,1,"Fundamentals of Mass Communication, Minor- Creative Writing, Visual Communication, Contemporary Issues, Contemporary Issues , Constitution and Public Policy, Language Skills in Media","Theory, Theory, Theory, Theory, Theory, Theory, Theory",Bachelor of Arts (Mass Communication & Journalism),31010824028
nidhi.nemade@somaiya.edu,Nemade,Nidhi,Ravindra,1,"Fundamentals of Mass Communication, Minor- Creative Writing, Visual Communication, Contemporary Issues, Contemporary Issues , Constitution and Public Policy, Language Skills in Media","Theory, Theory, Theory, Theory, Theory, Theory, Theory",Bachelor of Arts (Mass Communication & Journalism),31010824029
bhoomi.nimavat@somaiya.edu,Nimavat,Bhoomi,Anil,1,"Fundamentals of Mass Communication, Minor- Creative Writing, Visual Communication, Contemporary Issues, Contemporary Issues , Constitution and Public Policy, Language Skills in Media","Theory, Theory, Theory, Theory, Theory, Theory, Theory",Bachelor of Arts (Mass Communication & Journalism),31010824030
gautami.n@somaiya.edu,Nirantar,Gautami,Aniruddha,1,"Fundamentals of Mass Communication, Minor- Creative Writing, Visual Communication, Contemporary Issues, Contemporary Issues , Constitution and Public Policy, Language Skills in Media","Theory, Theory, Theory, Theory, Theory, Theory, Theory",Bachelor of Arts (Mass Communication & Journalism),31010824031
vainavi.p@somaiya.edu,Pagnis,Vainavi,Nikhil,1,"Fundamentals of Mass Communication, Minor- Creative Writing, Visual Communication, Contemporary Issues, Contemporary Issues , Constitution and Public Policy, Language Skills in Media","Theory, Theory, Theory, Theory, Theory, Theory, Theory",Bachelor of Arts (Mass Communication & Journalism),31010824032
patil.ks@somaiya.edu,Patil,Khushi,Sameer,1,"Fundamentals of Mass Communication, Minor- Creative Writing, Visual Communication, Contemporary Issues, Contemporary Issues , Constitution and Public Policy, Language Skills in Media","Theory, Theory, Theory, Theory, Theory, Theory, Theory",Bachelor of Arts (Mass Communication & Journalism),31010824033
rudra.sp@somaiya.edu,Patil,Rudra,Santosh,1,"Fundamentals of Mass Communication, Minor- Creative Writing, Visual Communication, Contemporary Issues, Contemporary Issues , Constitution and Public Policy, Language Skills in Media","Theory, Theory, Theory, Theory, Theory, Theory, Theory",Bachelor of Arts (Mass Communication & Journalism),31010824034
vani.r@somaiya.edu,Rajkotia,Vani,Prashant,1,"Fundamentals of Mass Communication, Minor- Creative Writing, Visual Communication, Contemporary Issues, Contemporary Issues , Constitution and Public Policy, Language Skills in Media","Theory, Theory, Theory, Theory, Theory, Theory, Theory",Bachelor of Arts (Mass Communication & Journalism),31010824035
sanika.sr@somaiya.edu,Rananaware,Sanika,Satish,1,"Fundamentals of Mass Communication, Minor- Creative Writing, Visual Communication, Contemporary Issues, Contemporary Issues , Constitution and Public Policy, Language Skills in Media","Theory, Theory, Theory, Theory, Theory, Theory, Theory",Bachelor of Arts (Mass Communication & Journalism),31010824036
shardul.sawant@somaiya.edu,Sawant,Shardul,Santosh,1,"Fundamentals of Mass Communication, Minor- Creative Writing, Visual Communication, Contemporary Issues, Contemporary Issues , Constitution and Public Policy, Language Skills in Media","Theory, Theory, Theory, Theory, Theory, Theory, Theory",Bachelor of Arts (Mass Communication & Journalism),31010824038
dhruv.ks@somaiya.edu,Shah,Dhruv,Kunal,1,"Fundamentals of Mass Communication, Minor- Creative Writing, Visual Communication, Contemporary Issues, Contemporary Issues , Constitution and Public Policy, Language Skills in Media","Theory, Theory, Theory, Theory, Theory, Theory, Theory",Bachelor of Arts (Mass Communication & Journalism),31010824039
mehek.ds@somaiya.edu,Shah,Mehek,Dipesh,1,"Fundamentals of Mass Communication, Minor- Creative Writing, Visual Communication, Contemporary Issues, Contemporary Issues , Constitution and Public Policy, Language Skills in Media","Theory, Theory, Theory, Theory, Theory, Theory, Theory",Bachelor of Arts (Mass Communication & Journalism),31010824040
rashi.s@somaiya.edu,Shah,Rashi,Paresh,1,"Fundamentals of Mass Communication, Minor- Creative Writing, Visual Communication, Contemporary Issues, Contemporary Issues , Constitution and Public Policy, Language Skills in Media","Theory, Theory, Theory, Theory, Theory, Theory, Theory",Bachelor of Arts (Mass Communication & Journalism),31010824041
riya.shah9@somaiya.edu,Shah,Riya,Sandeep,1,"Fundamentals of Mass Communication, Minor- Creative Writing, Visual Communication, Contemporary Issues, Contemporary Issues , Constitution and Public Policy, Language Skills in Media","Theory, Theory, Theory, Theory, Theory, Theory, Theory",Bachelor of Arts (Mass Communication & Journalism),31010824042
sejal.s@somaiya.edu,Shah,Sejal,Jitendra,1,"Fundamentals of Mass Communication, Minor- Creative Writing, Visual Communication, Contemporary Issues, Contemporary Issues , Constitution and Public Policy, Language Skills in Media","Theory, Theory, Theory, Theory, Theory, Theory, Theory",Bachelor of Arts (Mass Communication & Journalism),31010824043
priyanshi.sheth@somaiya.edu,Sheth,Priyanshi,Rupesh,1,"Fundamentals of Mass Communication, Minor- Creative Writing, Visual Communication, Contemporary Issues, Contemporary Issues , Constitution and Public Policy, Language Skills in Media","Theory, Theory, Theory, Theory, Theory, Theory, Theory",Bachelor of Arts (Mass Communication & Journalism),31010824044
anannya.shinde@somaiya.edu,Shinde,Anannya,Ravindra,1,"Fundamentals of Mass Communication, Minor- Creative Writing, Visual Communication, Contemporary Issues, Contemporary Issues , Constitution and Public Policy, Language Skills in Media","Theory, Theory, Theory, Theory, Theory, Theory, Theory",Bachelor of Arts (Mass Communication & Journalism),31010824046
vanshita.shirke@somaiya.edu,Shirke,Vanshita,Mandar,1,"Fundamentals of Mass Communication, Minor- Creative Writing, Visual Communication, Contemporary Issues, Contemporary Issues , Constitution and Public Policy, Language Skills in Media","Theory, Theory, Theory, Theory, Theory, Theory, Theory",Bachelor of Arts (Mass Communication & Journalism),31010824047
keyuri.thorbole@somaiya.edu,Thorbole,Keyuri,Vijay,1,"Fundamentals of Mass Communication, Minor- Creative Writing, Visual Communication, Contemporary Issues, Contemporary Issues , Constitution and Public Policy, Language Skills in Media","Theory, Theory, Theory, Theory, Theory, Theory, Theory",Bachelor of Arts (Mass Communication & Journalism),31010824050
rashi.tolani@somaiya.edu,Tolani,Rashi,Lalchand,1,"Fundamentals of Mass Communication, Minor- Creative Writing, Visual Communication, Contemporary Issues, Contemporary Issues , Constitution and Public Policy, Language Skills in Media","Theory, Theory, Theory, Theory, Theory, Theory, Theory",Bachelor of Arts (Mass Communication & Journalism),31010824051
pragati.sv@somaiya.edu,Vishwakarma,Pragati,Santosh,1,"Fundamentals of Mass Communication, Minor- Creative Writing, Visual Communication, Contemporary Issues, Contemporary Issues , Constitution and Public Policy, Language Skills in Media","Theory, Theory, Theory, Theory, Theory, Theory, Theory",Bachelor of Arts (Mass Communication & Journalism),31010824053
swaraj.y@somaiya.edu,Yengde,Swaraj,Subhash,1,"Fundamentals of Mass Communication, Minor- Creative Writing, Visual Communication, Contemporary Issues, Contemporary Issues , Constitution and Public Policy, Language Skills in Media","Theory, Theory, Theory, Theory, Theory, Theory, Theory",Bachelor of Arts (Mass Communication & Journalism),31010824054
anvee.c@somaiya.edu,Chandorkar,Anvee,Tushar,1,"Fundamentals of Mass Communication, Minor- Creative Writing, Visual Communication, Contemporary Issues, Contemporary Issues , Constitution and Public Policy, Language Skills in Media","Theory, Theory, Theory, Theory, Theory, Theory, Theory",Bachelor of Arts (Mass Communication & Journalism),31010824055
rashi.bm@somaiya.edu,Mange,Rashi,Bipin,1,"Fundamentals of Mass Communication, Minor- Creative Writing, Visual Communication, Contemporary Issues, Contemporary Issues , Constitution and Public Policy, Language Skills in Media","Theory, Theory, Theory, Theory, Theory, Theory, Theory",Bachelor of Arts (Mass Communication & Journalism),31010824057
nishita.p@somaiya.edu,Patel,Nishita,Mukesh,1,"Fundamentals of Mass Communication, Minor- Creative Writing, Visual Communication, Contemporary Issues, Contemporary Issues , Constitution and Public Policy, Language Skills in Media","Theory, Theory, Theory, Theory, Theory, Theory, Theory",Bachelor of Arts (Mass Communication & Journalism),31010824058
rudra.puthawala@somaiya.edu,Puthawala,Rudra,Niraj,1,"Fundamentals of Mass Communication, Minor- Creative Writing, Visual Communication, Contemporary Issues, Contemporary Issues , Constitution and Public Policy, Language Skills in Media","Theory, Theory, Theory, Theory, Theory, Theory, Theory",Bachelor of Arts (Mass Communication & Journalism),31010824059
manashvi.rb@somaiya.edu,Bhanushali,Manshvi,Ranchhod,3,"Public Relations and Corporate Communication, Creative Writing, Film Studies, Ethical Practices in Media","Theory, Theory, Theory, Theory",Bachelor of Arts (Mass Communication & Journalism),31010823001
krisha.chandan@somaiya.edu,Chandan,Krisha,Rajesh,3,"Public Relations and Corporate Communication, Creative Writing, Film Studies, Ethical Practices in Media","Theory, Theory, Theory, Theory",Bachelor of Arts (Mass Communication & Journalism),31010823002
chavan.sm@somaiya.edu,Chavan,Sahil,Milind,3,"Public Relations and Corporate Communication, Creative Writing, Film Studies, Ethical Practices in Media","Theory, Theory, Theory, Theory",Bachelor of Arts (Mass Communication & Journalism),31010823003
shravan.ghag@somaiya.edu,Ghag,Shravan,Ravindra,3,"Public Relations and Corporate Communication, Creative Writing, Film Studies, Ethical Practices in Media","Theory, Theory, Theory, Theory",Bachelor of Arts (Mass Communication & Journalism),31010823006
prasad.ghaisas@somaiya.edu,Ghaisas,Prasad,Parag,3,"Public Relations and Corporate Communication, Creative Writing, Film Studies, Ethical Practices in Media","Theory, Theory, Theory, Theory",Bachelor of Arts (Mass Communication & Journalism),31010823007
tanvi.gupte@somaiya.edu,Gupte,Tanvi,Amit,3,"Public Relations and Corporate Communication, Creative Writing, Film Studies, Ethical Practices in Media","Theory, Theory, Theory, Theory",Bachelor of Arts (Mass Communication & Journalism),31010823009
makarand.i@somaiya.edu,Ingawale,Makarand,Nandan,3,"Public Relations and Corporate Communication, Creative Writing, Film Studies, Ethical Practices in Media","Theory, Theory, Theory, Theory",Bachelor of Arts (Mass Communication & Journalism),31010823010
anushka.jain@somaiya.edu,Jain,Anushka,Arvind,3,"Public Relations and Corporate Communication, Creative Writing, Film Studies, Ethical Practices in Media","Theory, Theory, Theory, Theory",Bachelor of Arts (Mass Communication & Journalism),31010823011
prerna.jhawar@somaiya.edu,Jhawar,Prerna,Suresh,3,"Public Relations and Corporate Communication, Creative Writing, Film Studies, Ethical Practices in Media","Theory, Theory, Theory, Theory",Bachelor of Arts (Mass Communication & Journalism),31010823015
keshav.joshi@somaiya.edu,Joshi,Keshav,Ashok,3,"Public Relations and Corporate Communication, Creative Writing, Film Studies, Ethical Practices in Media","Theory, Theory, Theory, Theory",Bachelor of Arts (Mass Communication & Journalism),31010823016
neha.khairnar@somaiya.edu,Khairnar,Neha,Rajan,3,"Public Relations and Corporate Communication, Creative Writing, Film Studies, Ethical Practices in Media","Theory, Theory, Theory, Theory",Bachelor of Arts (Mass Communication & Journalism),31010823019
fsk@somaiya.edu,Khan,Fiza,Sajid,3,"Public Relations and Corporate Communication, Creative Writing, Film Studies, Ethical Practices in Media","Theory, Theory, Theory, Theory",Bachelor of Arts (Mass Communication & Journalism),31010823021
yukta.kolpe@somaiya.edu,Kolpe,Yukta,Yashwant,3,"Public Relations and Corporate Communication, Creative Writing, Film Studies, Ethical Practices in Media","Theory, Theory, Theory, Theory",Bachelor of Arts (Mass Communication & Journalism),31010823022
palak.mehta2@somaiya.edu,Mehta,Palak,Nilesh,3,"Public Relations and Corporate Communication, Creative Writing, Film Studies, Ethical Practices in Media","Theory, Theory, Theory, Theory",Bachelor of Arts (Mass Communication & Journalism),31010823026
vansh.mm@somaiya.edu,Mehta,Vansh,Mehul,3,"Public Relations and Corporate Communication, Creative Writing, Film Studies, Ethical Practices in Media","Theory, Theory, Theory, Theory",Bachelor of Arts (Mass Communication & Journalism),31010823027
hem.meisheri@somaiya.edu,Meisheri,Hem,Hitesh,3,"Public Relations and Corporate Communication, Creative Writing, Film Studies, Ethical Practices in Media","Theory, Theory, Theory, Theory",Bachelor of Arts (Mass Communication & Journalism),31010823028
alisha.patel@somaiya.edu,Patel,Alisha,Rustam,3,"Public Relations and Corporate Communication, Creative Writing, Film Studies, Ethical Practices in Media","Theory, Theory, Theory, Theory",Bachelor of Arts (Mass Communication & Journalism),31010823032
pawani.d@somaiya.edu,Pawani,Dhwani,Vimal,3,"Public Relations and Corporate Communication, Creative Writing, Film Studies, Ethical Practices in Media","Theory, Theory, Theory, Theory",Bachelor of Arts (Mass Communication & Journalism),31010823035
pujara.p@somaiya.edu,Pujara,Palak,Dilip,3,"Public Relations and Corporate Communication, Creative Writing, Film Studies, Ethical Practices in Media","Theory, Theory, Theory, Theory",Bachelor of Arts (Mass Communication & Journalism),31010823037
netal.rathi@somaiya.edu,Rathi,Netal,Atul,3,"Public Relations and Corporate Communication, Creative Writing, Film Studies, Ethical Practices in Media","Theory, Theory, Theory, Theory",Bachelor of Arts (Mass Communication & Journalism),31010823039
soni.sahu@somaiya.edu,Sahu,Soni,Rajendra,3,"Public Relations and Corporate Communication, Creative Writing, Film Studies, Ethical Practices in Media","Theory, Theory, Theory, Theory",Bachelor of Arts (Mass Communication & Journalism),31010823040
sai.hs@somaiya.edu,Sawant,Sai,Honey,3,"Public Relations and Corporate Communication, Creative Writing, Film Studies, Ethical Practices in Media","Theory, Theory, Theory, Theory",Bachelor of Arts (Mass Communication & Journalism),31010823041
krish.shah2@somaiya.edu,Shah,Krish,Kalpesh,3,"Public Relations and Corporate Communication, Creative Writing, Film Studies, Ethical Practices in Media","Theory, Theory, Theory, Theory",Bachelor of Arts (Mass Communication & Journalism),31010823043
fiza.ms@somaiya.edu,Shaikh,Fiza,Moinuddeen,3,"Public Relations and Corporate Communication, Creative Writing, Film Studies, Ethical Practices in Media","Theory, Theory, Theory, Theory",Bachelor of Arts (Mass Communication & Journalism),31010823046
aditi.ls@somaiya.edu,Shanklesha,Aditi,Lalit,3,"Public Relations and Corporate Communication, Creative Writing, Film Studies, Ethical Practices in Media","Theory, Theory, Theory, Theory",Bachelor of Arts (Mass Communication & Journalism),31010823047
sanchita.sharma@somaiya.edu,Sharma,Sanchita,Anil,3,"Public Relations and Corporate Communication, Creative Writing, Film Studies, Ethical Practices in Media","Theory, Theory, Theory, Theory",Bachelor of Arts (Mass Communication & Journalism),31010823049
trivedi.yj@somaiya.edu,Trivedi,Yashvi,Jatin,3,"Public Relations and Corporate Communication, Creative Writing, Film Studies, Ethical Practices in Media","Theory, Theory, Theory, Theory",Bachelor of Arts (Mass Communication & Journalism),31010823057
mitali.v@somaiya.edu,Vaivude,Mitali,Anand,3,"Public Relations and Corporate Communication, Creative Writing, Film Studies, Ethical Practices in Media","Theory, Theory, Theory, Theory",Bachelor of Arts (Mass Communication & Journalism),31010823059
s.virgaonkar@somaiya.edu,Virgaonkar,Shreya,Abhijit,3,"Public Relations and Corporate Communication, Creative Writing, Film Studies, Ethical Practices in Media","Theory, Theory, Theory, Theory",Bachelor of Arts (Mass Communication & Journalism),31010823060
samriddhi.v@somaiya.edu,Vora,Samriddhi,Manish,3,"Public Relations and Corporate Communication, Creative Writing, Film Studies, Ethical Practices in Media","Theory, Theory, Theory, Theory",Bachelor of Arts (Mass Communication & Journalism),31010823061
v.yashwante@somaiya.edu,Yashwante,Vaishnavi,Ravindra,3,"Public Relations and Corporate Communication, Creative Writing, Film Studies, Ethical Practices in Media","Theory, Theory, Theory, Theory",Bachelor of Arts (Mass Communication & Journalism),31010823063
kalista.b@somaiya.edu,Bisht,Kalista,Singh,3,"Public Relations and Corporate Communication, Creative Writing, Film Studies, Ethical Practices in Media","Theory, Theory, Theory, Theory",Bachelor of Arts (Mass Communication & Journalism),31010823067
ved.rajgor@somaiya.edu,Rajgor,Ved,Shailesh,3,"Public Relations and Corporate Communication, Creative Writing, Film Studies, Ethical Practices in Media","Theory, Theory, Theory, Theory",Bachelor of Arts (Mass Communication & Journalism),31010823070
nupur.kt@somaiya.edu,Thakkar,Nupur,Ketan,3,"Public Relations and Corporate Communication, Creative Writing, Film Studies, Ethical Practices in Media","Theory, Theory, Theory, Theory",Bachelor of Arts (Mass Communication & Journalism),31010823073
surjatapa.d@somaiya.edu,Dutta,Surjatapa,Saibal,3,"Public Relations and Corporate Communication, Creative Writing, Film Studies, Ethical Practices in Media","Theory, Theory, Theory, Theory",Bachelor of Arts (Mass Communication & Journalism),31010823074
p.kesariya@somaiya.edu,Kesariya,Palak,Atul,5,"Advertising Design, Consumer Behaviour, Professional Ethics","Theory, Theory, Theory",Bachelor of Arts (Mass Communication & Journalism),31010821032
yadnika.a@somaiya.edu,Adhatrao,Yadnika,Santosh,5,"Advertising Design, Consumer Behaviour, Professional Ethics","Theory, Theory, Theory",Bachelor of Arts (Mass Communication & Journalism),31010822001
vaishnavi.agte@somaiya.edu,Agte,Vaishnavi,Shashidhar,5,"Advertising Design, Consumer Behaviour, Professional Ethics","Theory, Theory, Theory",Bachelor of Arts (Mass Communication & Journalism),31010822002
kinjal.b@somaiya.edu,Bhanushali,Kinjal,Vijay,5,"Advertising Design, Consumer Behaviour, Professional Ethics","Theory, Theory, Theory",Bachelor of Arts (Mass Communication & Journalism),31010822005
krishna07@somaiya.edu,Bhanushali,Krishna,Kirit,5,"Advertising Design, Consumer Behaviour, Professional Ethics","Theory, Theory, Theory",Bachelor of Arts (Mass Communication & Journalism),31010822006
manav.ab@somaiya.edu,Bhanushali,Manav,Arvind,5,"Advertising Design, Consumer Behaviour, Professional Ethics","Theory, Theory, Theory",Bachelor of Arts (Mass Communication & Journalism),31010822007
parthib.c@somaiya.edu,Chakrabarty,Parthib,Bijan,5,"Advertising Design, Consumer Behaviour, Professional Ethics","Theory, Theory, Theory",Bachelor of Arts (Mass Communication & Journalism),31010822009
shweta.chandras@somaiya.edu,Chandras,Shweta,Kishor,5,"Advertising Design, Consumer Behaviour, Professional Ethics","Theory, Theory, Theory",Bachelor of Arts (Mass Communication & Journalism),31010822010
krishna.c@somaiya.edu,Chheda,Krishna,Mukesh,5,"Advertising Design, Consumer Behaviour, Professional Ethics","Theory, Theory, Theory",Bachelor of Arts (Mass Communication & Journalism),31010822011
ananyaa.d@somaiya.edu,Dhyani,Ananyaa,Deven,5,"Advertising Design, Consumer Behaviour, Professional Ethics","Theory, Theory, Theory",Bachelor of Arts (Mass Communication & Journalism),31010822015
mallaika.d@somaiya.edu,Dsouza,Mallaika,Roland,5,"Advertising Design, Consumer Behaviour, Professional Ethics","Theory, Theory, Theory",Bachelor of Arts (Mass Communication & Journalism),31010822016
poorva.g@somaiya.edu,Gaikwad,Poorva,Rajesh,5,"Advertising Design, Consumer Behaviour, Professional Ethics","Theory, Theory, Theory",Bachelor of Arts (Mass Communication & Journalism),31010822017
jehan.g@somaiya.edu,Gandevia,Jehan,Homyar,5,"Advertising Design, Consumer Behaviour, Professional Ethics","Theory, Theory, Theory",Bachelor of Arts (Mass Communication & Journalism),31010822018
yash.giri@somaiya.edu,Giri,Yash,Ghanshyam,5,"Advertising Design, Consumer Behaviour, Professional Ethics","Theory, Theory, Theory",Bachelor of Arts (Mass Communication & Journalism),31010822020
henie.gudhka@somaiya.edu,Gudhka,Henie,Atul,5,"Advertising Design, Consumer Behaviour, Professional Ethics","Theory, Theory, Theory",Bachelor of Arts (Mass Communication & Journalism),31010822024
kashish.gutka@somaiya.edu,Gutka,Kashish,Manoj,5,"Advertising Design, Consumer Behaviour, Professional Ethics","Theory, Theory, Theory",Bachelor of Arts (Mass Communication & Journalism),31010822025
srusthi.k@somaiya.edu,Kadam,Srushti,Arvind,5,"Advertising Design, Consumer Behaviour, Professional Ethics","Theory, Theory, Theory",Bachelor of Arts (Mass Communication & Journalism),31010822030
dhara.kalola@somaiya.edu,Kalola,Dhara,Rajubhai,5,"Advertising Design, Consumer Behaviour, Professional Ethics","Theory, Theory, Theory",Bachelor of Arts (Mass Communication & Journalism),31010822031
muktika.k@somaiya.edu,Kirte,Muktika,Santosh,5,"Advertising Design, Consumer Behaviour, Professional Ethics","Theory, Theory, Theory",Bachelor of Arts (Mass Communication & Journalism),31010822032
foram.mandavia@somaiya.edu,Mandavia,Foram,Chirag,5,"Advertising Design, Consumer Behaviour, Professional Ethics","Theory, Theory, Theory",Bachelor of Arts (Mass Communication & Journalism),31010822034
param20@somaiya.edu,Mehta,Param,Ajay,5,"Advertising Design, Consumer Behaviour, Professional Ethics","Theory, Theory, Theory",Bachelor of Arts (Mass Communication & Journalism),31010822035
pandey.a@somaiya.edu,Pandey,Aditya,Praveen,5,"Advertising Design, Consumer Behaviour, Professional Ethics","Theory, Theory, Theory",Bachelor of Arts (Mass Communication & Journalism),31010822038
shruti.mp@somaiya.edu,Pandey,Shruti,Mukesh,5,"Advertising Design, Consumer Behaviour, Professional Ethics","Theory, Theory, Theory",Bachelor of Arts (Mass Communication & Journalism),31010822039
kianraza.p@somaiya.edu,Panjwani,Kian,Raza,5,"Advertising Design, Consumer Behaviour, Professional Ethics","Theory, Theory, Theory",Bachelor of Arts (Mass Communication & Journalism),31010822041
branti.patel@somaiya.edu,Patel,Branti,Punjalal,5,"Advertising Design, Consumer Behaviour, Professional Ethics","Theory, Theory, Theory",Bachelor of Arts (Mass Communication & Journalism),31010822043
krutika.jp@somaiya.edu,Patel,Krutika,Jagdish,5,"Advertising Design, Consumer Behaviour, Professional Ethics","Theory, Theory, Theory",Bachelor of Arts (Mass Communication & Journalism),31010822044
palak.p@somaiya.edu,Patel,Palak,Paresh,5,"Advertising Design, Consumer Behaviour, Professional Ethics","Theory, Theory, Theory",Bachelor of Arts (Mass Communication & Journalism),31010822045
jia.pathak@somaiya.edu,Pathak,Jia,Santosh,5,"Advertising Design, Consumer Behaviour, Professional Ethics","Theory, Theory, Theory",Bachelor of Arts (Mass Communication & Journalism),31010822047
maithili.p@somaiya.edu,Patole,Maithili,Kishor,5,"Advertising Design, Consumer Behaviour, Professional Ethics","Theory, Theory, Theory",Bachelor of Arts (Mass Communication & Journalism),31010822049
nandini.satra@somaiya.edu,Satra,Nandini,Kamlesh,5,"Advertising Design, Consumer Behaviour, Professional Ethics","Theory, Theory, Theory",Bachelor of Arts (Mass Communication & Journalism),31010822054
falak.sayed@somaiya.edu,Sayed,Falak,Jahan,5,"Advertising Design, Consumer Behaviour, Professional Ethics","Theory, Theory, Theory",Bachelor of Arts (Mass Communication & Journalism),31010822056
femy.shah@somaiya.edu,Shah,Femy,Kamlesh,5,"Advertising Design, Consumer Behaviour, Professional Ethics","Theory, Theory, Theory",Bachelor of Arts (Mass Communication & Journalism),31010822057
kss2@somaiya.edu,Shah,Khushi,Sandeep,5,"Advertising Design, Consumer Behaviour, Professional Ethics","Theory, Theory, Theory",Bachelor of Arts (Mass Communication & Journalism),31010822058
niti.rs@somaiya.edu,Shah,Niti,Rahul,5,"Advertising Design, Consumer Behaviour, Professional Ethics","Theory, Theory, Theory",Bachelor of Arts (Mass Communication & Journalism),31010822059
bhumika.s@somaiya.edu,Shinde,Bhumika,Rajesh,5,"Advertising Design, Consumer Behaviour, Professional Ethics","Theory, Theory, Theory",Bachelor of Arts (Mass Communication & Journalism),31010822061
simran.singh@somaiya.edu,Kharpe,Simran,Hemant,5,"Advertising Design, Consumer Behaviour, Professional Ethics","Theory, Theory, Theory",Bachelor of Arts (Mass Communication & Journalism),31010822065
suveer.s@somaiya.edu,Sinnarkar,Suveer,Sukesh,5,"Advertising Design, Consumer Behaviour, Professional Ethics","Theory, Theory, Theory",Bachelor of Arts (Mass Communication & Journalism),31010822066
soni.r@somaiya.edu,Soni,Rhythm,Jagdish,5,"Advertising Design, Consumer Behaviour, Professional Ethics","Theory, Theory, Theory",Bachelor of Arts (Mass Communication & Journalism),31010822067
tanvi.sukale@somaiya.edu,Sukale,Tanvi,Sachin,5,"Advertising Design, Consumer Behaviour, Professional Ethics","Theory, Theory, Theory",Bachelor of Arts (Mass Communication & Journalism),31010822068
maahi.t@somaiya.edu,Thakkar,Maahi,Mukesh,5,"Advertising Design, Consumer Behaviour, Professional Ethics","Theory, Theory, Theory",Bachelor of Arts (Mass Communication & Journalism),31010822070
somil.t@somaiya.edu,Thakkar,Somil,Nilesh,5,"Advertising Design, Consumer Behaviour, Professional Ethics","Theory, Theory, Theory",Bachelor of Arts (Mass Communication & Journalism),31010822071
insiya.t@somaiya.edu,Thanawala,Insiya,Aliasgar,5,"Advertising Design, Consumer Behaviour, Professional Ethics","Theory, Theory, Theory",Bachelor of Arts (Mass Communication & Journalism),31010822072
divya.at@somaiya.edu,Tiwari,Divya,Avdhesh,5,"Advertising Design, Consumer Behaviour, Professional Ethics","Theory, Theory, Theory",Bachelor of Arts (Mass Communication & Journalism),31010822073
richa.tonde@somaiya.edu,Tonde,Richa,Rajendra,5,"Advertising Design, Consumer Behaviour, Professional Ethics","Theory, Theory, Theory",Bachelor of Arts (Mass Communication & Journalism),31010822074
tirth.v@somaiya.edu,Vora,Tirth,Kirtikumar,5,"Advertising Design, Consumer Behaviour, Professional Ethics","Theory, Theory, Theory",Bachelor of Arts (Mass Communication & Journalism),31010822076
chinmayee.m@somaiya.edu,Menon,Chinmayee,Mahadevan,3,"Strategic Management, Consumer Behaviour and Consumer Insights, Sales and Distribution Management , Management Accounting, Technical Analysis of Financial Markets, Human Resource Accounting and Compensation Management, Human resource development, German, French, Spanish , Professional communication  Skill III -, Event  management","Theory, Theory, Theory, Theory, Theory, Theory, Theory, Theory, Theory, Theory, Theory, Theory",Bachelor of Business Administration,31010723004
veda.more@somaiya.edu,More,Veda,Subhash,3,"Strategic Management, Consumer Behaviour and Consumer Insights, Sales and Distribution Management , Management Accounting, Technical Analysis of Financial Markets, Human Resource Accounting and Compensation Management, Human resource development, German, French, Spanish , Professional communication  Skill III -, Event  management","Theory, Theory, Theory, Theory, Theory, Theory, Theory, Theory, Theory, Theory, Theory, Theory",Bachelor of Business Administration,31010723006
aashna.n@somaiya.edu,Nair,Aashna,Sunil,3,"Strategic Management, Consumer Behaviour and Consumer Insights, Sales and Distribution Management , Management Accounting, Technical Analysis of Financial Markets, Human Resource Accounting and Compensation Management, Human resource development, German, French, Spanish , Professional communication  Skill III -, Event  management","Theory, Theory, Theory, Theory, Theory, Theory, Theory, Theory, Theory, Theory, Theory, Theory",Bachelor of Business Administration,31010723007
saumya.dn@somaiya.edu,Nair,Saumya,Dinesh,3,"Strategic Management, Consumer Behaviour and Consumer Insights, Sales and Distribution Management , Management Accounting, Technical Analysis of Financial Markets, Human Resource Accounting and Compensation Management, Human resource development, German, French, Spanish , Professional communication  Skill III -, Event  management","Theory, Theory, Theory, Theory, Theory, Theory, Theory, Theory, Theory, Theory, Theory, Theory",Bachelor of Business Administration,31010723008
chirayu.salunke@somaiya.edu,Salunke,Chirayu,Vijay,3,"Strategic Management, Consumer Behaviour and Consumer Insights, Sales and Distribution Management , Management Accounting, Technical Analysis of Financial Markets, Human Resource Accounting and Compensation Management, Human resource development, German, French, Spanish , Professional communication  Skill III -, Event  management","Theory, Theory, Theory, Theory, Theory, Theory, Theory, Theory, Theory, Theory, Theory, Theory",Bachelor of Business Administration,31010723009
nami.s@somaiya.edu,Samar,Jain,Nami,3,"Strategic Management, Consumer Behaviour and Consumer Insights, Sales and Distribution Management , Management Accounting, Technical Analysis of Financial Markets, Human Resource Accounting and Compensation Management, Human resource development, German, French, Spanish , Professional communication  Skill III -, Event  management","Theory, Theory, Theory, Theory, Theory, Theory, Theory, Theory, Theory, Theory, Theory, Theory",Bachelor of Business Administration,31010723010
rashi.ms@somaiya.edu,Shah,Rashi,Maulik,3,"Strategic Management, Consumer Behaviour and Consumer Insights, Sales and Distribution Management , Management Accounting, Technical Analysis of Financial Markets, Human Resource Accounting and Compensation Management, Human resource development, German, French, Spanish , Professional communication  Skill III -, Event  management","Theory, Theory, Theory, Theory, Theory, Theory, Theory, Theory, Theory, Theory, Theory, Theory",Bachelor of Business Administration,31010723011
reia.shah@somaiya.edu,Shah,Reia,Hetal,3,"Strategic Management, Consumer Behaviour and Consumer Insights, Sales and Distribution Management , Management Accounting, Technical Analysis of Financial Markets, Human Resource Accounting and Compensation Management, Human resource development, German, French, Spanish , Professional communication  Skill III -, Event  management","Theory, Theory, Theory, Theory, Theory, Theory, Theory, Theory, Theory, Theory, Theory, Theory",Bachelor of Business Administration,31010723012
thakkar.hs@somaiya.edu,Thakkar,Het,Sunil,3,"Strategic Management, Consumer Behaviour and Consumer Insights, Sales and Distribution Management , Management Accounting, Technical Analysis of Financial Markets, Human Resource Accounting and Compensation Management, Human resource development, German, French, Spanish , Professional communication  Skill III -, Event  management","Theory, Theory, Theory, Theory, Theory, Theory, Theory, Theory, Theory, Theory, Theory, Theory",Bachelor of Business Administration,31010723013
atharva.tupe@somaiya.edu,Tupe,Atharva,Mahendra,3,"Strategic Management, Consumer Behaviour and Consumer Insights, Sales and Distribution Management , Management Accounting, Technical Analysis of Financial Markets, Human Resource Accounting and Compensation Management, Human resource development, German, French, Spanish , Professional communication  Skill III -, Event  management","Theory, Theory, Theory, Theory, Theory, Theory, Theory, Theory, Theory, Theory, Theory, Theory",Bachelor of Business Administration,31010723014
tej.bhatia@somaiya.edu,Bhatia,Tej,Mahesh,3,"Strategic Management, Consumer Behaviour and Consumer Insights, Sales and Distribution Management , Management Accounting, Technical Analysis of Financial Markets, Human Resource Accounting and Compensation Management, Human resource development, German, French, Spanish , Professional communication  Skill III -, Event  management","Theory, Theory, Theory, Theory, Theory, Theory, Theory, Theory, Theory, Theory, Theory, Theory",Bachelor of Business Administration,31010723017
samyak.bora@somaiya.edu,Bora,Samyak,Sushilkumar,3,"Strategic Management, Consumer Behaviour and Consumer Insights, Sales and Distribution Management , Management Accounting, Technical Analysis of Financial Markets, Human Resource Accounting and Compensation Management, Human resource development, German, French, Spanish , Professional communication  Skill III -, Event  management","Theory, Theory, Theory, Theory, Theory, Theory, Theory, Theory, Theory, Theory, Theory, Theory",Bachelor of Business Administration,31010723019
vedant.ganatra@somaiya.edu,Ganatra,Vedant,Chetan,3,"Strategic Management, Consumer Behaviour and Consumer Insights, Sales and Distribution Management , Management Accounting, Technical Analysis of Financial Markets, Human Resource Accounting and Compensation Management, Human resource development, German, French, Spanish , Professional communication  Skill III -, Event  management","Theory, Theory, Theory, Theory, Theory, Theory, Theory, Theory, Theory, Theory, Theory, Theory",Bachelor of Business Administration,31010723020
sairaj.gire@somaiya.edu,Gire,Sairaj,Dnyaneshwar,3,"Strategic Management, Consumer Behaviour and Consumer Insights, Sales and Distribution Management , Management Accounting, Technical Analysis of Financial Markets, Human Resource Accounting and Compensation Management, Human resource development, German, French, Spanish , Professional communication  Skill III -, Event  management","Theory, Theory, Theory, Theory, Theory, Theory, Theory, Theory, Theory, Theory, Theory, Theory",Bachelor of Business Administration,31010723021
yutika.g@somaiya.edu,Gothankar,Yutika,Abhay,3,"Strategic Management, Consumer Behaviour and Consumer Insights, Sales and Distribution Management , Management Accounting, Technical Analysis of Financial Markets, Human Resource Accounting and Compensation Management, Human resource development, German, French, Spanish , Professional communication  Skill III -, Event  management","Theory, Theory, Theory, Theory, Theory, Theory, Theory, Theory, Theory, Theory, Theory, Theory",Bachelor of Business Administration,31010723023
gayasuddin.h@somaiya.edu,Halim,Gayasuddin,Shihabuddin,3,"Strategic Management, Consumer Behaviour and Consumer Insights, Sales and Distribution Management , Management Accounting, Technical Analysis of Financial Markets, Human Resource Accounting and Compensation Management, Human resource development, German, French, Spanish , Professional communication  Skill III -, Event  management","Theory, Theory, Theory, Theory, Theory, Theory, Theory, Theory, Theory, Theory, Theory, Theory",Bachelor of Business Administration,31010723024
prathamesh.h@somaiya.edu,Heda,Prathamesh,Nandkishor,3,"Strategic Management, Consumer Behaviour and Consumer Insights, Sales and Distribution Management , Management Accounting, Technical Analysis of Financial Markets, Human Resource Accounting and Compensation Management, Human resource development, German, French, Spanish , Professional communication  Skill III -, Event  management","Theory, Theory, Theory, Theory, Theory, Theory, Theory, Theory, Theory, Theory, Theory, Theory",Bachelor of Business Administration,31010723025
aayushi.j@somaiya.edu,Joshi,Aayushi,Visanji,3,"Strategic Management, Consumer Behaviour and Consumer Insights, Sales and Distribution Management , Management Accounting, Technical Analysis of Financial Markets, Human Resource Accounting and Compensation Management, Human resource development, German, French, Spanish , Professional communication  Skill III -, Event  management","Theory, Theory, Theory, Theory, Theory, Theory, Theory, Theory, Theory, Theory, Theory, Theory",Bachelor of Business Administration,31010723028
meghal.k@somaiya.edu,Kamani,Meghal,Ashish,3,"Strategic Management, Consumer Behaviour and Consumer Insights, Sales and Distribution Management , Management Accounting, Technical Analysis of Financial Markets, Human Resource Accounting and Compensation Management, Human resource development, German, French, Spanish , Professional communication  Skill III -, Event  management","Theory, Theory, Theory, Theory, Theory, Theory, Theory, Theory, Theory, Theory, Theory, Theory",Bachelor of Business Administration,31010723029
parva.k@somaiya.edu,Kansara,Parva,Jatin,3,"Strategic Management, Consumer Behaviour and Consumer Insights, Sales and Distribution Management , Management Accounting, Technical Analysis of Financial Markets, Human Resource Accounting and Compensation Management, Human resource development, German, French, Spanish , Professional communication  Skill III -, Event  management","Theory, Theory, Theory, Theory, Theory, Theory, Theory, Theory, Theory, Theory, Theory, Theory",Bachelor of Business Administration,31010723030
diya.khadke@somaiya.edu,Khadke,Diya,Abhijeet,3,"Strategic Management, Consumer Behaviour and Consumer Insights, Sales and Distribution Management , Management Accounting, Technical Analysis of Financial Markets, Human Resource Accounting and Compensation Management, Human resource development, German, French, Spanish , Professional communication  Skill III -, Event  management","Theory, Theory, Theory, Theory, Theory, Theory, Theory, Theory, Theory, Theory, Theory, Theory",Bachelor of Business Administration,31010723031
mohdumaim.k@somaiya.edu,Khan,Mohd,Umaim,3,"Strategic Management, Consumer Behaviour and Consumer Insights, Sales and Distribution Management , Management Accounting, Technical Analysis of Financial Markets, Human Resource Accounting and Compensation Management, Human resource development, German, French, Spanish , Professional communication  Skill III -, Event  management","Theory, Theory, Theory, Theory, Theory, Theory, Theory, Theory, Theory, Theory, Theory, Theory",Bachelor of Business Administration,31010723032
aashi.k@somaiya.edu,Kothari,Aashi,Suresh,3,"Strategic Management, Consumer Behaviour and Consumer Insights, Sales and Distribution Management , Management Accounting, Technical Analysis of Financial Markets, Human Resource Accounting and Compensation Management, Human resource development, German, French, Spanish , Professional communication  Skill III -, Event  management","Theory, Theory, Theory, Theory, Theory, Theory, Theory, Theory, Theory, Theory, Theory, Theory",Bachelor of Business Administration,31010723033
ved.lokhande@somaiya.edu,Lokhande,Ved,Shirish,3,"Strategic Management, Consumer Behaviour and Consumer Insights, Sales and Distribution Management , Management Accounting, Technical Analysis of Financial Markets, Human Resource Accounting and Compensation Management, Human resource development, German, French, Spanish , Professional communication  Skill III -, Event  management","Theory, Theory, Theory, Theory, Theory, Theory, Theory, Theory, Theory, Theory, Theory, Theory",Bachelor of Business Administration,31010723034
ravneet.m@somaiya.edu,Malhotra,Ravneet,Kaur,3,"Strategic Management, Consumer Behaviour and Consumer Insights, Sales and Distribution Management , Management Accounting, Technical Analysis of Financial Markets, Human Resource Accounting and Compensation Management, Human resource development, German, French, Spanish , Professional communication  Skill III -, Event  management","Theory, Theory, Theory, Theory, Theory, Theory, Theory, Theory, Theory, Theory, Theory, Theory",Bachelor of Business Administration,31010723036
s.mangaonkar@somaiya.edu,Mangaonkar,Siddhesh,Sharad,3,"Strategic Management, Consumer Behaviour and Consumer Insights, Sales and Distribution Management , Management Accounting, Technical Analysis of Financial Markets, Human Resource Accounting and Compensation Management, Human resource development, German, French, Spanish , Professional communication  Skill III -, Event  management","Theory, Theory, Theory, Theory, Theory, Theory, Theory, Theory, Theory, Theory, Theory, Theory",Bachelor of Business Administration,31010723037
nesha.maru@somaiya.edu,Maru,Nesha,Chetan,3,"Strategic Management, Consumer Behaviour and Consumer Insights, Sales and Distribution Management , Management Accounting, Technical Analysis of Financial Markets, Human Resource Accounting and Compensation Management, Human resource development, German, French, Spanish , Professional communication  Skill III -, Event  management","Theory, Theory, Theory, Theory, Theory, Theory, Theory, Theory, Theory, Theory, Theory, Theory",Bachelor of Business Administration,31010723038
mayank.mehta@somaiya.edu,Mehta,Mayank,Girish,3,"Strategic Management, Consumer Behaviour and Consumer Insights, Sales and Distribution Management , Management Accounting, Technical Analysis of Financial Markets, Human Resource Accounting and Compensation Management, Human resource development, German, French, Spanish , Professional communication  Skill III -, Event  management","Theory, Theory, Theory, Theory, Theory, Theory, Theory, Theory, Theory, Theory, Theory, Theory",Bachelor of Business Administration,31010723040
prashil.m@somaiya.edu,Mehta,Prashil,Rushibh,3,"Strategic Management, Consumer Behaviour and Consumer Insights, Sales and Distribution Management , Management Accounting, Technical Analysis of Financial Markets, Human Resource Accounting and Compensation Management, Human resource development, German, French, Spanish , Professional communication  Skill III -, Event  management","Theory, Theory, Theory, Theory, Theory, Theory, Theory, Theory, Theory, Theory, Theory, Theory",Bachelor of Business Administration,31010723041
tiya.pandya@somaiya.edu,Pandya,Tiya,Mihir,3,"Strategic Management, Consumer Behaviour and Consumer Insights, Sales and Distribution Management , Management Accounting, Technical Analysis of Financial Markets, Human Resource Accounting and Compensation Management, Human resource development, German, French, Spanish , Professional communication  Skill III -, Event  management","Theory, Theory, Theory, Theory, Theory, Theory, Theory, Theory, Theory, Theory, Theory, Theory",Bachelor of Business Administration,31010723043
daksh.np@somaiya.edu,Patel,Daksh,Narendra,3,"Strategic Management, Consumer Behaviour and Consumer Insights, Sales and Distribution Management , Management Accounting, Technical Analysis of Financial Markets, Human Resource Accounting and Compensation Management, Human resource development, German, French, Spanish , Professional communication  Skill III -, Event  management","Theory, Theory, Theory, Theory, Theory, Theory, Theory, Theory, Theory, Theory, Theory, Theory",Bachelor of Business Administration,31010723044
jiya.r@somaiya.edu,Rajyagor,Jiya,Devang,3,"Strategic Management, Consumer Behaviour and Consumer Insights, Sales and Distribution Management , Management Accounting, Technical Analysis of Financial Markets, Human Resource Accounting and Compensation Management, Human resource development, German, French, Spanish , Professional communication  Skill III -, Event  management","Theory, Theory, Theory, Theory, Theory, Theory, Theory, Theory, Theory, Theory, Theory, Theory",Bachelor of Business Administration,31010723045
nisha.salunkhe@somaiya.edu,Salunkhe,Nisha,Mandar,3,"Strategic Management, Consumer Behaviour and Consumer Insights, Sales and Distribution Management , Management Accounting, Technical Analysis of Financial Markets, Human Resource Accounting and Compensation Management, Human resource development, German, French, Spanish , Professional communication  Skill III -, Event  management","Theory, Theory, Theory, Theory, Theory, Theory, Theory, Theory, Theory, Theory, Theory, Theory",Bachelor of Business Administration,31010723047
krisha.ns@somaiya.edu,Solanki,Krisha,Nitin,3,"Strategic Management, Consumer Behaviour and Consumer Insights, Sales and Distribution Management , Management Accounting, Technical Analysis of Financial Markets, Human Resource Accounting and Compensation Management, Human resource development, German, French, Spanish , Professional communication  Skill III -, Event  management","Theory, Theory, Theory, Theory, Theory, Theory, Theory, Theory, Theory, Theory, Theory, Theory",Bachelor of Business Administration,31010723050
vedant.soni@somaiya.edu,Soni,Vedant,Deepak,3,"Strategic Management, Consumer Behaviour and Consumer Insights, Sales and Distribution Management , Management Accounting, Technical Analysis of Financial Markets, Human Resource Accounting and Compensation Management, Human resource development, German, French, Spanish , Professional communication  Skill III -, Event  management","Theory, Theory, Theory, Theory, Theory, Theory, Theory, Theory, Theory, Theory, Theory, Theory",Bachelor of Business Administration,31010723051
shivesh.v@somaiya.edu,Vallal,Shivesh,Shriniwas,3,"Strategic Management, Consumer Behaviour and Consumer Insights, Sales and Distribution Management , Management Accounting, Technical Analysis of Financial Markets, Human Resource Accounting and Compensation Management, Human resource development, German, French, Spanish , Professional communication  Skill III -, Event  management","Theory, Theory, Theory, Theory, Theory, Theory, Theory, Theory, Theory, Theory, Theory, Theory",Bachelor of Business Administration,31010723053
shreyans.b@somaiya.edu,Bamboli,Shreyans,Jatan,3,"Strategic Management, Consumer Behaviour and Consumer Insights, Sales and Distribution Management , Management Accounting, Technical Analysis of Financial Markets, Human Resource Accounting and Compensation Management, Human resource development, German, French, Spanish , Professional communication  Skill III -, Event  management","Theory, Theory, Theory, Theory, Theory, Theory, Theory, Theory, Theory, Theory, Theory, Theory",Bachelor of Business Administration,31010723056
shaarav.b@somaiya.edu,Bawiskar,Shaarav,Sushil,3,"Strategic Management, Consumer Behaviour and Consumer Insights, Sales and Distribution Management , Management Accounting, Technical Analysis of Financial Markets, Human Resource Accounting and Compensation Management, Human resource development, German, French, Spanish , Professional communication  Skill III -, Event  management","Theory, Theory, Theory, Theory, Theory, Theory, Theory, Theory, Theory, Theory, Theory, Theory",Bachelor of Business Administration,31010723057
guransh.b@somaiya.edu,Bhatia,Guransh,Singh,3,"Strategic Management, Consumer Behaviour and Consumer Insights, Sales and Distribution Management , Management Accounting, Technical Analysis of Financial Markets, Human Resource Accounting and Compensation Management, Human resource development, German, French, Spanish , Professional communication  Skill III -, Event  management","Theory, Theory, Theory, Theory, Theory, Theory, Theory, Theory, Theory, Theory, Theory, Theory",Bachelor of Business Administration,31010723058
swayam.bhosale@somaiya.edu,Bhosale,Swayam,Sunil,3,"Strategic Management, Consumer Behaviour and Consumer Insights, Sales and Distribution Management , Management Accounting, Technical Analysis of Financial Markets, Human Resource Accounting and Compensation Management, Human resource development, German, French, Spanish , Professional communication  Skill III -, Event  management","Theory, Theory, Theory, Theory, Theory, Theory, Theory, Theory, Theory, Theory, Theory, Theory",Bachelor of Business Administration,31010723059
harsh.bute@somaiya.edu,Bute,Harsh,Sanjay,3,"Strategic Management, Consumer Behaviour and Consumer Insights, Sales and Distribution Management , Management Accounting, Technical Analysis of Financial Markets, Human Resource Accounting and Compensation Management, Human resource development, German, French, Spanish , Professional communication  Skill III -, Event  management","Theory, Theory, Theory, Theory, Theory, Theory, Theory, Theory, Theory, Theory, Theory, Theory",Bachelor of Business Administration,31010723060
devanshi.chahar@somaiya.edu,Chahar,Devanshi,Dharmendra,3,"Strategic Management, Consumer Behaviour and Consumer Insights, Sales and Distribution Management , Management Accounting, Technical Analysis of Financial Markets, Human Resource Accounting and Compensation Management, Human resource development, German, French, Spanish , Professional communication  Skill III -, Event  management","Theory, Theory, Theory, Theory, Theory, Theory, Theory, Theory, Theory, Theory, Theory, Theory",Bachelor of Business Administration,31010723061
teerth.c@somaiya.edu,Chandan,Teerth,Peeyush,3,"Strategic Management, Consumer Behaviour and Consumer Insights, Sales and Distribution Management , Management Accounting, Technical Analysis of Financial Markets, Human Resource Accounting and Compensation Management, Human resource development, German, French, Spanish , Professional communication  Skill III -, Event  management","Theory, Theory, Theory, Theory, Theory, Theory, Theory, Theory, Theory, Theory, Theory, Theory",Bachelor of Business Administration,31010723062
kavya.gd@somaiya.edu,Dama,Kavya,Gitesh,3,"Strategic Management, Consumer Behaviour and Consumer Insights, Sales and Distribution Management , Management Accounting, Technical Analysis of Financial Markets, Human Resource Accounting and Compensation Management, Human resource development, German, French, Spanish , Professional communication  Skill III -, Event  management","Theory, Theory, Theory, Theory, Theory, Theory, Theory, Theory, Theory, Theory, Theory, Theory",Bachelor of Business Administration,31010723064
kreya.d@somaiya.edu,Dedhia,Kreya,Kumar,3,"Strategic Management, Consumer Behaviour and Consumer Insights, Sales and Distribution Management , Management Accounting, Technical Analysis of Financial Markets, Human Resource Accounting and Compensation Management, Human resource development, German, French, Spanish , Professional communication  Skill III -, Event  management","Theory, Theory, Theory, Theory, Theory, Theory, Theory, Theory, Theory, Theory, Theory, Theory",Bachelor of Business Administration,31010723065
shaina.devendran@somaiya.edu,Devendran,Shaina,Shankar,3,"Strategic Management, Consumer Behaviour and Consumer Insights, Sales and Distribution Management , Management Accounting, Technical Analysis of Financial Markets, Human Resource Accounting and Compensation Management, Human resource development, German, French, Spanish , Professional communication  Skill III -, Event  management","Theory, Theory, Theory, Theory, Theory, Theory, Theory, Theory, Theory, Theory, Theory, Theory",Bachelor of Business Administration,31010723066
nemil.doshi@somaiya.edu,Doshi,Nemil,Ashishbhai,3,"Strategic Management, Consumer Behaviour and Consumer Insights, Sales and Distribution Management , Management Accounting, Technical Analysis of Financial Markets, Human Resource Accounting and Compensation Management, Human resource development, German, French, Spanish , Professional communication  Skill III -, Event  management","Theory, Theory, Theory, Theory, Theory, Theory, Theory, Theory, Theory, Theory, Theory, Theory",Bachelor of Business Administration,31010723067
ganesh.dumbre@somaiya.edu,Dumbre,Ganesh,Vijay,3,"Strategic Management, Consumer Behaviour and Consumer Insights, Sales and Distribution Management , Management Accounting, Technical Analysis of Financial Markets, Human Resource Accounting and Compensation Management, Human resource development, German, French, Spanish , Professional communication  Skill III -, Event  management","Theory, Theory, Theory, Theory, Theory, Theory, Theory, Theory, Theory, Theory, Theory, Theory",Bachelor of Business Administration,31010723069
hitarth.gada@somaiya.edu,Gada,Hitarth,Sameer,3,"Strategic Management, Consumer Behaviour and Consumer Insights, Sales and Distribution Management , Management Accounting, Technical Analysis of Financial Markets, Human Resource Accounting and Compensation Management, Human resource development, German, French, Spanish , Professional communication  Skill III -, Event  management","Theory, Theory, Theory, Theory, Theory, Theory, Theory, Theory, Theory, Theory, Theory, Theory",Bachelor of Business Administration,31010723070
durgesh.gaikwad@somaiya.edu,Gaikwad,Durgesh,Raju,3,"Strategic Management, Consumer Behaviour and Consumer Insights, Sales and Distribution Management , Management Accounting, Technical Analysis of Financial Markets, Human Resource Accounting and Compensation Management, Human resource development, German, French, Spanish , Professional communication  Skill III -, Event  management","Theory, Theory, Theory, Theory, Theory, Theory, Theory, Theory, Theory, Theory, Theory, Theory",Bachelor of Business Administration,31010723071
hetvi03@somaiya.edu,Gandhi,Hetvi,Vipul,3,"Strategic Management, Consumer Behaviour and Consumer Insights, Sales and Distribution Management , Management Accounting, Technical Analysis of Financial Markets, Human Resource Accounting and Compensation Management, Human resource development, German, French, Spanish , Professional communication  Skill III -, Event  management","Theory, Theory, Theory, Theory, Theory, Theory, Theory, Theory, Theory, Theory, Theory, Theory",Bachelor of Business Administration,31010723072
gaurav.ghali@somaiya.edu,Ghali,Gaurav,Shailesh,3,"Strategic Management, Consumer Behaviour and Consumer Insights, Sales and Distribution Management , Management Accounting, Technical Analysis of Financial Markets, Human Resource Accounting and Compensation Management, Human resource development, German, French, Spanish , Professional communication  Skill III -, Event  management","Theory, Theory, Theory, Theory, Theory, Theory, Theory, Theory, Theory, Theory, Theory, Theory",Bachelor of Business Administration,31010723073
poorvi.gujral@somaiya.edu,Gujral,Poorvi,Kiran,3,"Strategic Management, Consumer Behaviour and Consumer Insights, Sales and Distribution Management , Management Accounting, Technical Analysis of Financial Markets, Human Resource Accounting and Compensation Management, Human resource development, German, French, Spanish , Professional communication  Skill III -, Event  management","Theory, Theory, Theory, Theory, Theory, Theory, Theory, Theory, Theory, Theory, Theory, Theory",Bachelor of Business Administration,31010723075
ishika.ug@somaiya.edu,Gupta,Ishika,Umesh,3,"Strategic Management, Consumer Behaviour and Consumer Insights, Sales and Distribution Management , Management Accounting, Technical Analysis of Financial Markets, Human Resource Accounting and Compensation Management, Human resource development, German, French, Spanish , Professional communication  Skill III -, Event  management","Theory, Theory, Theory, Theory, Theory, Theory, Theory, Theory, Theory, Theory, Theory, Theory",Bachelor of Business Administration,31010723076
riddhi.holkar@somaiya.edu,Holkar,Riddhi,Satish,3,"Strategic Management, Consumer Behaviour and Consumer Insights, Sales and Distribution Management , Management Accounting, Technical Analysis of Financial Markets, Human Resource Accounting and Compensation Management, Human resource development, German, French, Spanish , Professional communication  Skill III -, Event  management","Theory, Theory, Theory, Theory, Theory, Theory, Theory, Theory, Theory, Theory, Theory, Theory",Bachelor of Business Administration,31010723077
atharva.ingale@somaiya.edu,Ingale,Atharva,Santoshkumar,3,"Strategic Management, Consumer Behaviour and Consumer Insights, Sales and Distribution Management , Management Accounting, Technical Analysis of Financial Markets, Human Resource Accounting and Compensation Management, Human resource development, German, French, Spanish , Professional communication  Skill III -, Event  management","Theory, Theory, Theory, Theory, Theory, Theory, Theory, Theory, Theory, Theory, Theory, Theory",Bachelor of Business Administration,31010723078
sumit.jain@somaiya.edu,Jain,Sumit,Rakesh,3,"Strategic Management, Consumer Behaviour and Consumer Insights, Sales and Distribution Management , Management Accounting, Technical Analysis of Financial Markets, Human Resource Accounting and Compensation Management, Human resource development, German, French, Spanish , Professional communication  Skill III -, Event  management","Theory, Theory, Theory, Theory, Theory, Theory, Theory, Theory, Theory, Theory, Theory, Theory",Bachelor of Business Administration,31010723079
rohit.kajare@somaiya.edu,Kajare,Rohit,Anant,3,"Strategic Management, Consumer Behaviour and Consumer Insights, Sales and Distribution Management , Management Accounting, Technical Analysis of Financial Markets, Human Resource Accounting and Compensation Management, Human resource development, German, French, Spanish , Professional communication  Skill III -, Event  management","Theory, Theory, Theory, Theory, Theory, Theory, Theory, Theory, Theory, Theory, Theory, Theory",Bachelor of Business Administration,31010723081
hraday.k@somaiya.edu,Karani,Hraday,Keval,3,"Strategic Management, Consumer Behaviour and Consumer Insights, Sales and Distribution Management , Management Accounting, Technical Analysis of Financial Markets, Human Resource Accounting and Compensation Management, Human resource development, German, French, Spanish , Professional communication  Skill III -, Event  management","Theory, Theory, Theory, Theory, Theory, Theory, Theory, Theory, Theory, Theory, Theory, Theory",Bachelor of Business Administration,31010723082
saad.kasim@somaiya.edu,Kasim,Saad,Faisal,3,"Strategic Management, Consumer Behaviour and Consumer Insights, Sales and Distribution Management , Management Accounting, Technical Analysis of Financial Markets, Human Resource Accounting and Compensation Management, Human resource development, German, French, Spanish , Professional communication  Skill III -, Event  management","Theory, Theory, Theory, Theory, Theory, Theory, Theory, Theory, Theory, Theory, Theory, Theory",Bachelor of Business Administration,31010723084
sharmin.khan@somaiya.edu,Khan,Sharmin,Mazar,3,"Strategic Management, Consumer Behaviour and Consumer Insights, Sales and Distribution Management , Management Accounting, Technical Analysis of Financial Markets, Human Resource Accounting and Compensation Management, Human resource development, German, French, Spanish , Professional communication  Skill III -, Event  management","Theory, Theory, Theory, Theory, Theory, Theory, Theory, Theory, Theory, Theory, Theory, Theory",Bachelor of Business Administration,31010723086
zoya.ak@somaiya.edu,Khan,Zoya,Azim,3,"Strategic Management, Consumer Behaviour and Consumer Insights, Sales and Distribution Management , Management Accounting, Technical Analysis of Financial Markets, Human Resource Accounting and Compensation Management, Human resource development, German, French, Spanish , Professional communication  Skill III -, Event  management","Theory, Theory, Theory, Theory, Theory, Theory, Theory, Theory, Theory, Theory, Theory, Theory",Bachelor of Business Administration,31010723088
khandelwal.h@somaiya.edu,Khandelwal,Harsh,Hitesh,3,"Strategic Management, Consumer Behaviour and Consumer Insights, Sales and Distribution Management , Management Accounting, Technical Analysis of Financial Markets, Human Resource Accounting and Compensation Management, Human resource development, German, French, Spanish , Professional communication  Skill III -, Event  management","Theory, Theory, Theory, Theory, Theory, Theory, Theory, Theory, Theory, Theory, Theory, Theory",Bachelor of Business Administration,31010723089
m.khanolkar@somaiya.edu,Khanolkar,Manasvi,Nilesh,3,"Strategic Management, Consumer Behaviour and Consumer Insights, Sales and Distribution Management , Management Accounting, Technical Analysis of Financial Markets, Human Resource Accounting and Compensation Management, Human resource development, German, French, Spanish , Professional communication  Skill III -, Event  management","Theory, Theory, Theory, Theory, Theory, Theory, Theory, Theory, Theory, Theory, Theory, Theory",Bachelor of Business Administration,31010723090
vaibhavi.kokane@somaiya.edu,Kokane,Vaibhavi,Santosh,3,"Strategic Management, Consumer Behaviour and Consumer Insights, Sales and Distribution Management , Management Accounting, Technical Analysis of Financial Markets, Human Resource Accounting and Compensation Management, Human resource development, German, French, Spanish , Professional communication  Skill III -, Event  management","Theory, Theory, Theory, Theory, Theory, Theory, Theory, Theory, Theory, Theory, Theory, Theory",Bachelor of Business Administration,31010723092
palak.kothari@somaiya.edu,Kothari,Palak,Khyali,3,"Strategic Management, Consumer Behaviour and Consumer Insights, Sales and Distribution Management , Management Accounting, Technical Analysis of Financial Markets, Human Resource Accounting and Compensation Management, Human resource development, German, French, Spanish , Professional communication  Skill III -, Event  management","Theory, Theory, Theory, Theory, Theory, Theory, Theory, Theory, Theory, Theory, Theory, Theory",Bachelor of Business Administration,31010723093
parv.kukadia@somaiya.edu,Kukadia,Parv,Rajesh,3,"Strategic Management, Consumer Behaviour and Consumer Insights, Sales and Distribution Management , Management Accounting, Technical Analysis of Financial Markets, Human Resource Accounting and Compensation Management, Human resource development, German, French, Spanish , Professional communication  Skill III -, Event  management","Theory, Theory, Theory, Theory, Theory, Theory, Theory, Theory, Theory, Theory, Theory, Theory",Bachelor of Business Administration,31010723095
netal.l@somaiya.edu,Lakhotiya,Netal,Hemendra,3,"Strategic Management, Consumer Behaviour and Consumer Insights, Sales and Distribution Management , Management Accounting, Technical Analysis of Financial Markets, Human Resource Accounting and Compensation Management, Human resource development, German, French, Spanish , Professional communication  Skill III -, Event  management","Theory, Theory, Theory, Theory, Theory, Theory, Theory, Theory, Theory, Theory, Theory, Theory",Bachelor of Business Administration,31010723096
aditya.mahale@somaiya.edu,Mahale,Aditya,Mangesh,3,"Strategic Management, Consumer Behaviour and Consumer Insights, Sales and Distribution Management , Management Accounting, Technical Analysis of Financial Markets, Human Resource Accounting and Compensation Management, Human resource development, German, French, Spanish , Professional communication  Skill III -, Event  management","Theory, Theory, Theory, Theory, Theory, Theory, Theory, Theory, Theory, Theory, Theory, Theory",Bachelor of Business Administration,31010723097
h.mandlik@somaiya.edu,Mandlik,Harshvardhan,Nitin,3,"Strategic Management, Consumer Behaviour and Consumer Insights, Sales and Distribution Management , Management Accounting, Technical Analysis of Financial Markets, Human Resource Accounting and Compensation Management, Human resource development, German, French, Spanish , Professional communication  Skill III -, Event  management","Theory, Theory, Theory, Theory, Theory, Theory, Theory, Theory, Theory, Theory, Theory, Theory",Bachelor of Business Administration,31010723098
dhairya.maru@somaiya.edu,Maru,Dhairya,Piyush,3,"Strategic Management, Consumer Behaviour and Consumer Insights, Sales and Distribution Management , Management Accounting, Technical Analysis of Financial Markets, Human Resource Accounting and Compensation Management, Human resource development, German, French, Spanish , Professional communication  Skill III -, Event  management","Theory, Theory, Theory, Theory, Theory, Theory, Theory, Theory, Theory, Theory, Theory, Theory",Bachelor of Business Administration,31010723099
dhruv.matalia@somaiya.edu,Matalia,Dhruv,Chetan,3,"Strategic Management, Consumer Behaviour and Consumer Insights, Sales and Distribution Management , Management Accounting, Technical Analysis of Financial Markets, Human Resource Accounting and Compensation Management, Human resource development, German, French, Spanish , Professional communication  Skill III -, Event  management","Theory, Theory, Theory, Theory, Theory, Theory, Theory, Theory, Theory, Theory, Theory, Theory",Bachelor of Business Administration,31010723100
chahak.mehta@somaiya.edu,Mehta,Chahak,Sandeep,3,"Strategic Management, Consumer Behaviour and Consumer Insights, Sales and Distribution Management , Management Accounting, Technical Analysis of Financial Markets, Human Resource Accounting and Compensation Management, Human resource development, German, French, Spanish , Professional communication  Skill III -, Event  management","Theory, Theory, Theory, Theory, Theory, Theory, Theory, Theory, Theory, Theory, Theory, Theory",Bachelor of Business Administration,31010723101
tanushree.mundra@somaiya.edu,Mundra,Tanushree,Arun,3,"Strategic Management, Consumer Behaviour and Consumer Insights, Sales and Distribution Management , Management Accounting, Technical Analysis of Financial Markets, Human Resource Accounting and Compensation Management, Human resource development, German, French, Spanish , Professional communication  Skill III -, Event  management","Theory, Theory, Theory, Theory, Theory, Theory, Theory, Theory, Theory, Theory, Theory, Theory",Bachelor of Business Administration,31010723102
rakshan.m@somaiya.edu,Muttam,Rakshan,Chandrashekara,3,"Strategic Management, Consumer Behaviour and Consumer Insights, Sales and Distribution Management , Management Accounting, Technical Analysis of Financial Markets, Human Resource Accounting and Compensation Management, Human resource development, German, French, Spanish , Professional communication  Skill III -, Event  management","Theory, Theory, Theory, Theory, Theory, Theory, Theory, Theory, Theory, Theory, Theory, Theory",Bachelor of Business Administration,31010723103
mayuresh.naik@somaiya.edu,Naik,Mayuresh,Vishnu,3,"Strategic Management, Consumer Behaviour and Consumer Insights, Sales and Distribution Management , Management Accounting, Technical Analysis of Financial Markets, Human Resource Accounting and Compensation Management, Human resource development, German, French, Spanish , Professional communication  Skill III -, Event  management","Theory, Theory, Theory, Theory, Theory, Theory, Theory, Theory, Theory, Theory, Theory, Theory",Bachelor of Business Administration,31010723104
agasthya.n@somaiya.edu,Nayak,Agasthya,Anand,3,"Strategic Management, Consumer Behaviour and Consumer Insights, Sales and Distribution Management , Management Accounting, Technical Analysis of Financial Markets, Human Resource Accounting and Compensation Management, Human resource development, German, French, Spanish , Professional communication  Skill III -, Event  management","Theory, Theory, Theory, Theory, Theory, Theory, Theory, Theory, Theory, Theory, Theory, Theory",Bachelor of Business Administration,31010723105
siddhant.dp@somaiya.edu,Parulekar,Siddhant,Dilip,3,"Strategic Management, Consumer Behaviour and Consumer Insights, Sales and Distribution Management , Management Accounting, Technical Analysis of Financial Markets, Human Resource Accounting and Compensation Management, Human resource development, German, French, Spanish , Professional communication  Skill III -, Event  management","Theory, Theory, Theory, Theory, Theory, Theory, Theory, Theory, Theory, Theory, Theory, Theory",Bachelor of Business Administration,31010723106
vishwa.dp@somaiya.edu,Patel,Vishwa,Darshan,3,"Strategic Management, Consumer Behaviour and Consumer Insights, Sales and Distribution Management , Management Accounting, Technical Analysis of Financial Markets, Human Resource Accounting and Compensation Management, Human resource development, German, French, Spanish , Professional communication  Skill III -, Event  management","Theory, Theory, Theory, Theory, Theory, Theory, Theory, Theory, Theory, Theory, Theory, Theory",Bachelor of Business Administration,31010723107
ayushman.p@somaiya.edu,Pemawat,Ayushman,Jawahar,3,"Strategic Management, Consumer Behaviour and Consumer Insights, Sales and Distribution Management , Management Accounting, Technical Analysis of Financial Markets, Human Resource Accounting and Compensation Management, Human resource development, German, French, Spanish , Professional communication  Skill III -, Event  management","Theory, Theory, Theory, Theory, Theory, Theory, Theory, Theory, Theory, Theory, Theory, Theory",Bachelor of Business Administration,31010723109
a.samantara@somaiya.edu,Samantara,Ashutosh,Balabhadra,3,"Strategic Management, Consumer Behaviour and Consumer Insights, Sales and Distribution Management , Management Accounting, Technical Analysis of Financial Markets, Human Resource Accounting and Compensation Management, Human resource development, German, French, Spanish , Professional communication  Skill III -, Event  management","Theory, Theory, Theory, Theory, Theory, Theory, Theory, Theory, Theory, Theory, Theory, Theory",Bachelor of Business Administration,31010723112
omkar.sapre@somaiya.edu,Sapre,Omkar,Shashank,3,"Strategic Management, Consumer Behaviour and Consumer Insights, Sales and Distribution Management , Management Accounting, Technical Analysis of Financial Markets, Human Resource Accounting and Compensation Management, Human resource development, German, French, Spanish , Professional communication  Skill III -, Event  management","Theory, Theory, Theory, Theory, Theory, Theory, Theory, Theory, Theory, Theory, Theory, Theory",Bachelor of Business Administration,31010723113
hetvi.shah10@somaiya.edu,Shah,Hetvi,Paras,3,"Strategic Management, Consumer Behaviour and Consumer Insights, Sales and Distribution Management , Management Accounting, Technical Analysis of Financial Markets, Human Resource Accounting and Compensation Management, Human resource development, German, French, Spanish , Professional communication  Skill III -, Event  management","Theory, Theory, Theory, Theory, Theory, Theory, Theory, Theory, Theory, Theory, Theory, Theory",Bachelor of Business Administration,31010723115
priya.shah2@somaiya.edu,Shah,Priya,Devendra,3,"Strategic Management, Consumer Behaviour and Consumer Insights, Sales and Distribution Management , Management Accounting, Technical Analysis of Financial Markets, Human Resource Accounting and Compensation Management, Human resource development, German, French, Spanish , Professional communication  Skill III -, Event  management","Theory, Theory, Theory, Theory, Theory, Theory, Theory, Theory, Theory, Theory, Theory, Theory",Bachelor of Business Administration,31010723117
shikha.shah2@somaiya.edu,Shah,Shikha,Anand,3,"Strategic Management, Consumer Behaviour and Consumer Insights, Sales and Distribution Management , Management Accounting, Technical Analysis of Financial Markets, Human Resource Accounting and Compensation Management, Human resource development, German, French, Spanish , Professional communication  Skill III -, Event  management","Theory, Theory, Theory, Theory, Theory, Theory, Theory, Theory, Theory, Theory, Theory, Theory",Bachelor of Business Administration,31010723118
taranjeetkaur.s@somaiya.edu,Shan,Taranjeet,Kaur,3,"Strategic Management, Consumer Behaviour and Consumer Insights, Sales and Distribution Management , Management Accounting, Technical Analysis of Financial Markets, Human Resource Accounting and Compensation Management, Human resource development, German, French, Spanish , Professional communication  Skill III -, Event  management","Theory, Theory, Theory, Theory, Theory, Theory, Theory, Theory, Theory, Theory, Theory, Theory",Bachelor of Business Administration,31010723119
sujal.singh@somaiya.edu,Singh,Sujal,Sanjay,3,"Strategic Management, Consumer Behaviour and Consumer Insights, Sales and Distribution Management , Management Accounting, Technical Analysis of Financial Markets, Human Resource Accounting and Compensation Management, Human resource development, German, French, Spanish , Professional communication  Skill III -, Event  management","Theory, Theory, Theory, Theory, Theory, Theory, Theory, Theory, Theory, Theory, Theory, Theory",Bachelor of Business Administration,31010723124
ayush.sohani@somaiya.edu,Sohani,Ayush,Hanumant,3,"Strategic Management, Consumer Behaviour and Consumer Insights, Sales and Distribution Management , Management Accounting, Technical Analysis of Financial Markets, Human Resource Accounting and Compensation Management, Human resource development, German, French, Spanish , Professional communication  Skill III -, Event  management","Theory, Theory, Theory, Theory, Theory, Theory, Theory, Theory, Theory, Theory, Theory, Theory",Bachelor of Business Administration,31010723125
yashasvi.s@somaiya.edu,Sokiya,Yashasvi,Prashant,3,"Strategic Management, Consumer Behaviour and Consumer Insights, Sales and Distribution Management , Management Accounting, Technical Analysis of Financial Markets, Human Resource Accounting and Compensation Management, Human resource development, German, French, Spanish , Professional communication  Skill III -, Event  management","Theory, Theory, Theory, Theory, Theory, Theory, Theory, Theory, Theory, Theory, Theory, Theory",Bachelor of Business Administration,31010723126
sarvesha.s@somaiya.edu,Surana,Sarvesha,Preetam,3,"Strategic Management, Consumer Behaviour and Consumer Insights, Sales and Distribution Management , Management Accounting, Technical Analysis of Financial Markets, Human Resource Accounting and Compensation Management, Human resource development, German, French, Spanish , Professional communication  Skill III -, Event  management","Theory, Theory, Theory, Theory, Theory, Theory, Theory, Theory, Theory, Theory, Theory, Theory",Bachelor of Business Administration,31010723127
krishita.k@somaiya.edu,Koli,Krishita,Ram,3,"Strategic Management, Consumer Behaviour and Consumer Insights, Sales and Distribution Management , Management Accounting, Technical Analysis of Financial Markets, Human Resource Accounting and Compensation Management, Human resource development, German, French, Spanish , Professional communication  Skill III -, Event  management","Theory, Theory, Theory, Theory, Theory, Theory, Theory, Theory, Theory, Theory, Theory, Theory",Bachelor of Business Administration,31010723133
darshi.shah2@somaiya.edu,Shah,Darshi,Jaykar,3,"Strategic Management, Consumer Behaviour and Consumer Insights, Sales and Distribution Management , Management Accounting, Technical Analysis of Financial Markets, Human Resource Accounting and Compensation Management, Human resource development, German, French, Spanish , Professional communication  Skill III -, Event  management","Theory, Theory, Theory, Theory, Theory, Theory, Theory, Theory, Theory, Theory, Theory, Theory",Bachelor of Business Administration,31010723136
hamshad.g@somaiya.edu,Gutta,Hamshad,Kaizad,3,"Strategic Management, Consumer Behaviour and Consumer Insights, Sales and Distribution Management , Management Accounting, Technical Analysis of Financial Markets, Human Resource Accounting and Compensation Management, Human resource development, German, French, Spanish , Professional communication  Skill III -, Event  management","Theory, Theory, Theory, Theory, Theory, Theory, Theory, Theory, Theory, Theory, Theory, Theory",Bachelor of Business Administration,31010723138
paradkar.s@somaiya.edu,Paradkar,Shravani,Ajit,3,"Strategic Management, Consumer Behaviour and Consumer Insights, Sales and Distribution Management , Management Accounting, Technical Analysis of Financial Markets, Human Resource Accounting and Compensation Management, Human resource development, German, French, Spanish , Professional communication  Skill III -, Event  management","Theory, Theory, Theory, Theory, Theory, Theory, Theory, Theory, Theory, Theory, Theory, Theory",Bachelor of Business Administration,31010723139
harshda.s@somaiya.edu,Shirodkar,Harshda,Vilas,3,"Strategic Management, Consumer Behaviour and Consumer Insights, Sales and Distribution Management , Management Accounting, Technical Analysis of Financial Markets, Human Resource Accounting and Compensation Management, Human resource development, German, French, Spanish , Professional communication  Skill III -, Event  management","Theory, Theory, Theory, Theory, Theory, Theory, Theory, Theory, Theory, Theory, Theory, Theory",Bachelor of Business Administration,31010723141
tanvi.vegad@somaiya.edu,Vegad,Tanvi,Suresh,3,"Strategic Management, Consumer Behaviour and Consumer Insights, Sales and Distribution Management , Management Accounting, Technical Analysis of Financial Markets, Human Resource Accounting and Compensation Management, Human resource development, German, French, Spanish , Professional communication  Skill III -, Event  management","Theory, Theory, Theory, Theory, Theory, Theory, Theory, Theory, Theory, Theory, Theory, Theory",Bachelor of Business Administration,31010723142
tanmay.ganatra@somaiya.edu,Ganatra,Tanmay,Ketan,3,"Strategic Management, Consumer Behaviour and Consumer Insights, Sales and Distribution Management , Management Accounting, Technical Analysis of Financial Markets, Human Resource Accounting and Compensation Management, Human resource development, German, French, Spanish , Professional communication  Skill III -, Event  management","Theory, Theory, Theory, Theory, Theory, Theory, Theory, Theory, Theory, Theory, Theory, Theory",Bachelor of Business Administration,31010723143
iram03@somaiya.edu,Shaikh,Iram,Ahsaan,3,"Strategic Management, Consumer Behaviour and Consumer Insights, Sales and Distribution Management , Management Accounting, Technical Analysis of Financial Markets, Human Resource Accounting and Compensation Management, Human resource development, German, French, Spanish , Professional communication  Skill III -, Event  management","Theory, Theory, Theory, Theory, Theory, Theory, Theory, Theory, Theory, Theory, Theory, Theory",Bachelor of Business Administration,31010723145
arjun.buddha@somaiya.edu,Buddha,Arjun,Krishnarao,3,"Strategic Management, Consumer Behaviour and Consumer Insights, Sales and Distribution Management , Management Accounting, Technical Analysis of Financial Markets, Human Resource Accounting and Compensation Management, Human resource development, German, French, Spanish , Professional communication  Skill III -, Event  management","Theory, Theory, Theory, Theory, Theory, Theory, Theory, Theory, Theory, Theory, Theory, Theory",Bachelor of Business Administration,31010723146
parth.sk@somaiya.edu,Kulkarni,Parth,Sameer,3,"Strategic Management, Consumer Behaviour and Consumer Insights, Sales and Distribution Management , Management Accounting, Technical Analysis of Financial Markets, Human Resource Accounting and Compensation Management, Human resource development, German, French, Spanish , Professional communication  Skill III -, Event  management","Theory, Theory, Theory, Theory, Theory, Theory, Theory, Theory, Theory, Theory, Theory, Theory",Bachelor of Business Administration,31010723150
debasmita.s@somaiya.edu,Maharana,Debasmita,Bijay,3,"Strategic Management, Consumer Behaviour and Consumer Insights, Sales and Distribution Management , Management Accounting, Technical Analysis of Financial Markets, Human Resource Accounting and Compensation Management, Human resource development, German, French, Spanish , Professional communication  Skill III -, Event  management","Theory, Theory, Theory, Theory, Theory, Theory, Theory, Theory, Theory, Theory, Theory, Theory",Bachelor of Business Administration,31010723151
madiha.s@somaiya.edu,Shaikh,Madiha,Asif,3,"Strategic Management, Consumer Behaviour and Consumer Insights, Sales and Distribution Management , Management Accounting, Technical Analysis of Financial Markets, Human Resource Accounting and Compensation Management, Human resource development, German, French, Spanish , Professional communication  Skill III -, Event  management","Theory, Theory, Theory, Theory, Theory, Theory, Theory, Theory, Theory, Theory, Theory, Theory",Bachelor of Business Administration,31010723153
sanskriti.ls@somaiya.edu,Sharma,Sanskriti,Lokesh,3,"Strategic Management, Consumer Behaviour and Consumer Insights, Sales and Distribution Management , Management Accounting, Technical Analysis of Financial Markets, Human Resource Accounting and Compensation Management, Human resource development, German, French, Spanish , Professional communication  Skill III -, Event  management","Theory, Theory, Theory, Theory, Theory, Theory, Theory, Theory, Theory, Theory, Theory, Theory",Bachelor of Business Administration,31010723154
ritika.a@somaiya.edu,Agrawal,Ritika,Pawan,3,"Strategic Management, Consumer Behaviour and Consumer Insights, Sales and Distribution Management , Management Accounting, Technical Analysis of Financial Markets, Human Resource Accounting and Compensation Management, Human resource development, German, French, Spanish , Professional communication  Skill III -, Event  management","Theory, Theory, Theory, Theory, Theory, Theory, Theory, Theory, Theory, Theory, Theory, Theory",Bachelor of Business Administration,31010723156
siddhi.baheti@somaiya.edu,Baheti,Siddhi,Girish,3,"Strategic Management, Consumer Behaviour and Consumer Insights, Sales and Distribution Management , Management Accounting, Technical Analysis of Financial Markets, Human Resource Accounting and Compensation Management, Human resource development, German, French, Spanish , Professional communication  Skill III -, Event  management","Theory, Theory, Theory, Theory, Theory, Theory, Theory, Theory, Theory, Theory, Theory, Theory",Bachelor of Business Administration,31010723157
avlokita.s@somaiya.edu,Sood,Avlokita,Nil,3,"Strategic Management, Consumer Behaviour and Consumer Insights, Sales and Distribution Management , Management Accounting, Technical Analysis of Financial Markets, Human Resource Accounting and Compensation Management, Human resource development, German, French, Spanish , Professional communication  Skill III -, Event  management","Theory, Theory, Theory, Theory, Theory, Theory, Theory, Theory, Theory, Theory, Theory, Theory",Bachelor of Business Administration,31010723159
jeevan.y@somaiya.edu,Yarzel,Jeevan,Ramesh,3,"Strategic Management, Consumer Behaviour and Consumer Insights, Sales and Distribution Management , Management Accounting, Technical Analysis of Financial Markets, Human Resource Accounting and Compensation Management, Human resource development, German, French, Spanish , Professional communication  Skill III -, Event  management","Theory, Theory, Theory, Theory, Theory, Theory, Theory, Theory, Theory, Theory, Theory, Theory",Bachelor of Business Administration,31010723160
atharva03@somaiya.edu,Chavan,Atharva,Sanjay,3,"Strategic Management, Consumer Behaviour and Consumer Insights, Sales and Distribution Management , Management Accounting, Technical Analysis of Financial Markets, Human Resource Accounting and Compensation Management, Human resource development, German, French, Spanish , Professional communication  Skill III -, Event  management","Theory, Theory, Theory, Theory, Theory, Theory, Theory, Theory, Theory, Theory, Theory, Theory",Bachelor of Business Administration,31010723161
rishi.patel@somaiya.edu,Patel,Rishi,Ashish,3,"Strategic Management, Consumer Behaviour and Consumer Insights, Sales and Distribution Management , Management Accounting, Technical Analysis of Financial Markets, Human Resource Accounting and Compensation Management, Human resource development, German, French, Spanish , Professional communication  Skill III -, Event  management","Theory, Theory, Theory, Theory, Theory, Theory, Theory, Theory, Theory, Theory, Theory, Theory",Bachelor of Business Administration,31010723165
ronald.d@somaiya.edu,Dsouza,Ronald,Kaitan,3,"Strategic Management, Consumer Behaviour and Consumer Insights, Sales and Distribution Management , Management Accounting, Technical Analysis of Financial Markets, Human Resource Accounting and Compensation Management, Human resource development, German, French, Spanish , Professional communication  Skill III -, Event  management","Theory, Theory, Theory, Theory, Theory, Theory, Theory, Theory, Theory, Theory, Theory, Theory",Bachelor of Business Administration,31010723166
rohan.bhanushali@somaiya.edu,Bhanushali,Rohan,Bhavesh,3,"Strategic Management, Consumer Behaviour and Consumer Insights, Sales and Distribution Management , Management Accounting, Technical Analysis of Financial Markets, Human Resource Accounting and Compensation Management, Human resource development, German, French, Spanish , Professional communication  Skill III -, Event  management","Theory, Theory, Theory, Theory, Theory, Theory, Theory, Theory, Theory, Theory, Theory, Theory",Bachelor of Business Administration,31010723167
siddhi.sb@somaiya.edu,Bhanushali,Siddhi,Santosh,5,"Logistics and supply chain management, Entrepreneurship Management and Business Planning, French, German, Finance 4.0, Event management, Marketing 4.0, Retail Management, Sales and Distribution Management, Strategic cost management, Direct Tax, HR Accounting and Audit, Performance Management and Career Planning","Theory, Theory, Theory, Theory, Theory, Theory, Theory, Theory, Theory, Theory, Theory, Theory, Theory",Bachelor of Business Administration,31010722001
namankaur.b@somaiya.edu,Bhatia,Naman,Kaur,5,"Logistics and supply chain management, Entrepreneurship Management and Business Planning, French, German, Finance 4.0, Event management, Marketing 4.0, Retail Management, Sales and Distribution Management, Strategic cost management, Direct Tax, HR Accounting and Audit, Performance Management and Career Planning","Theory, Theory, Theory, Theory, Theory, Theory, Theory, Theory, Theory, Theory, Theory, Theory, Theory",Bachelor of Business Administration,31010722002
saniya.choudhary@somaiya.edu,Choudhary,Saniya,Nisar,5,"Logistics and supply chain management, Entrepreneurship Management and Business Planning, French, German, Finance 4.0, Event management, Marketing 4.0, Retail Management, Sales and Distribution Management, Strategic cost management, Direct Tax, HR Accounting and Audit, Performance Management and Career Planning","Theory, Theory, Theory, Theory, Theory, Theory, Theory, Theory, Theory, Theory, Theory, Theory, Theory",Bachelor of Business Administration,31010722005
shrusti.dand@somaiya.edu,Dand,Shrusti,Vimal,5,"Logistics and supply chain management, Entrepreneurship Management and Business Planning, French, German, Finance 4.0, Event management, Marketing 4.0, Retail Management, Sales and Distribution Management, Strategic cost management, Direct Tax, HR Accounting and Audit, Performance Management and Career Planning","Theory, Theory, Theory, Theory, Theory, Theory, Theory, Theory, Theory, Theory, Theory, Theory, Theory",Bachelor of Business Administration,31010722006
ishika.h@somaiya.edu,Haldar,Ishika,Parimal,5,"Logistics and supply chain management, Entrepreneurship Management and Business Planning, French, German, Finance 4.0, Event management, Marketing 4.0, Retail Management, Sales and Distribution Management, Strategic cost management, Direct Tax, HR Accounting and Audit, Performance Management and Career Planning","Theory, Theory, Theory, Theory, Theory, Theory, Theory, Theory, Theory, Theory, Theory, Theory, Theory",Bachelor of Business Administration,31010722007
ssj21@somaiya.edu,Jaiswal,Sakshi,Sanjay,5,"Logistics and supply chain management, Entrepreneurship Management and Business Planning, French, German, Finance 4.0, Event management, Marketing 4.0, Retail Management, Sales and Distribution Management, Strategic cost management, Direct Tax, HR Accounting and Audit, Performance Management and Career Planning","Theory, Theory, Theory, Theory, Theory, Theory, Theory, Theory, Theory, Theory, Theory, Theory, Theory",Bachelor of Business Administration,31010722008
sejal.karmawat@somaiya.edu,Karmawat,Sejal,Prasad,5,"Logistics and supply chain management, Entrepreneurship Management and Business Planning, French, German, Finance 4.0, Event management, Marketing 4.0, Retail Management, Sales and Distribution Management, Strategic cost management, Direct Tax, HR Accounting and Audit, Performance Management and Career Planning","Theory, Theory, Theory, Theory, Theory, Theory, Theory, Theory, Theory, Theory, Theory, Theory, Theory",Bachelor of Business Administration,31010722009
tanishq.mk@somaiya.edu,Khandelwal,Tanishq,Manish,5,"Logistics and supply chain management, Entrepreneurship Management and Business Planning, French, German, Finance 4.0, Event management, Marketing 4.0, Retail Management, Sales and Distribution Management, Strategic cost management, Direct Tax, HR Accounting and Audit, Performance Management and Career Planning","Theory, Theory, Theory, Theory, Theory, Theory, Theory, Theory, Theory, Theory, Theory, Theory, Theory",Bachelor of Business Administration,31010722010
samruddhi.pathak@somaiya.edu,Pathak,Samruddhi,Shrikant,5,"Logistics and supply chain management, Entrepreneurship Management and Business Planning, French, German, Finance 4.0, Event management, Marketing 4.0, Retail Management, Sales and Distribution Management, Strategic cost management, Direct Tax, HR Accounting and Audit, Performance Management and Career Planning","Theory, Theory, Theory, Theory, Theory, Theory, Theory, Theory, Theory, Theory, Theory, Theory, Theory",Bachelor of Business Administration,31010722013
vaidehi.r@somaiya.edu,Ratnani,Vaidehi,Dharmendra,5,"Logistics and supply chain management, Entrepreneurship Management and Business Planning, French, German, Finance 4.0, Event management, Marketing 4.0, Retail Management, Sales and Distribution Management, Strategic cost management, Direct Tax, HR Accounting and Audit, Performance Management and Career Planning","Theory, Theory, Theory, Theory, Theory, Theory, Theory, Theory, Theory, Theory, Theory, Theory, Theory",Bachelor of Business Administration,31010722014
s.shobhawat@somaiya.edu,Shobhawat,Sana,Singh,5,"Logistics and supply chain management, Entrepreneurship Management and Business Planning, French, German, Finance 4.0, Event management, Marketing 4.0, Retail Management, Sales and Distribution Management, Strategic cost management, Direct Tax, HR Accounting and Audit, Performance Management and Career Planning","Theory, Theory, Theory, Theory, Theory, Theory, Theory, Theory, Theory, Theory, Theory, Theory, Theory",Bachelor of Business Administration,31010722017
nayonika.sur@somaiya.edu,Sur,Nayonika,Partha,5,"Logistics and supply chain management, Entrepreneurship Management and Business Planning, French, German, Finance 4.0, Event management, Marketing 4.0, Retail Management, Sales and Distribution Management, Strategic cost management, Direct Tax, HR Accounting and Audit, Performance Management and Career Planning","Theory, Theory, Theory, Theory, Theory, Theory, Theory, Theory, Theory, Theory, Theory, Theory, Theory",Bachelor of Business Administration,31010722019
archit.arora@somaiya.edu,Arora,Archit,Rakesh,5,"Logistics and supply chain management, Entrepreneurship Management and Business Planning, French, German, Finance 4.0, Event management, Marketing 4.0, Retail Management, Sales and Distribution Management, Strategic cost management, Direct Tax, HR Accounting and Audit, Performance Management and Career Planning","Theory, Theory, Theory, Theory, Theory, Theory, Theory, Theory, Theory, Theory, Theory, Theory, Theory",Bachelor of Business Administration,31010722021
hrishita.a@somaiya.edu,Ashar,Hrishita,Kaushik,5,"Logistics and supply chain management, Entrepreneurship Management and Business Planning, French, German, Finance 4.0, Event management, Marketing 4.0, Retail Management, Sales and Distribution Management, Strategic cost management, Direct Tax, HR Accounting and Audit, Performance Management and Career Planning","Theory, Theory, Theory, Theory, Theory, Theory, Theory, Theory, Theory, Theory, Theory, Theory, Theory",Bachelor of Business Administration,31010722022
yash.banga@somaiya.edu,Banga,Yash,Rajiv,5,"Logistics and supply chain management, Entrepreneurship Management and Business Planning, French, German, Finance 4.0, Event management, Marketing 4.0, Retail Management, Sales and Distribution Management, Strategic cost management, Direct Tax, HR Accounting and Audit, Performance Management and Career Planning","Theory, Theory, Theory, Theory, Theory, Theory, Theory, Theory, Theory, Theory, Theory, Theory, Theory",Bachelor of Business Administration,31010722023
krish.d@somaiya.edu,Dadhaniya,Krish,Jaynesh,5,"Logistics and supply chain management, Entrepreneurship Management and Business Planning, French, German, Finance 4.0, Event management, Marketing 4.0, Retail Management, Sales and Distribution Management, Strategic cost management, Direct Tax, HR Accounting and Audit, Performance Management and Career Planning","Theory, Theory, Theory, Theory, Theory, Theory, Theory, Theory, Theory, Theory, Theory, Theory, Theory",Bachelor of Business Administration,31010722027
sahil.d@somaiya.edu,Devkule,Sahil,Anil,5,"Logistics and supply chain management, Entrepreneurship Management and Business Planning, French, German, Finance 4.0, Event management, Marketing 4.0, Retail Management, Sales and Distribution Management, Strategic cost management, Direct Tax, HR Accounting and Audit, Performance Management and Career Planning","Theory, Theory, Theory, Theory, Theory, Theory, Theory, Theory, Theory, Theory, Theory, Theory, Theory",Bachelor of Business Administration,31010722028
pankti.nd@somaiya.edu,Doshi,Pankti,Nitin,5,"Logistics and supply chain management, Entrepreneurship Management and Business Planning, French, German, Finance 4.0, Event management, Marketing 4.0, Retail Management, Sales and Distribution Management, Strategic cost management, Direct Tax, HR Accounting and Audit, Performance Management and Career Planning","Theory, Theory, Theory, Theory, Theory, Theory, Theory, Theory, Theory, Theory, Theory, Theory, Theory",Bachelor of Business Administration,31010722030
shreya.ag@somaiya.edu,Gala,Shreya,Ashish,5,"Logistics and supply chain management, Entrepreneurship Management and Business Planning, French, German, Finance 4.0, Event management, Marketing 4.0, Retail Management, Sales and Distribution Management, Strategic cost management, Direct Tax, HR Accounting and Audit, Performance Management and Career Planning","Theory, Theory, Theory, Theory, Theory, Theory, Theory, Theory, Theory, Theory, Theory, Theory, Theory",Bachelor of Business Administration,31010722032
arya.gore@somaiya.edu,Gore,Arya,Abhijit,5,"Logistics and supply chain management, Entrepreneurship Management and Business Planning, French, German, Finance 4.0, Event management, Marketing 4.0, Retail Management, Sales and Distribution Management, Strategic cost management, Direct Tax, HR Accounting and Audit, Performance Management and Career Planning","Theory, Theory, Theory, Theory, Theory, Theory, Theory, Theory, Theory, Theory, Theory, Theory, Theory",Bachelor of Business Administration,31010722034
aksh.jain@somaiya.edu,Jain,Aksh,Naresh,5,"Logistics and supply chain management, Entrepreneurship Management and Business Planning, French, German, Finance 4.0, Event management, Marketing 4.0, Retail Management, Sales and Distribution Management, Strategic cost management, Direct Tax, HR Accounting and Audit, Performance Management and Career Planning","Theory, Theory, Theory, Theory, Theory, Theory, Theory, Theory, Theory, Theory, Theory, Theory, Theory",Bachelor of Business Administration,31010722036
harsh.khanna@somaiya.edu,Khanna,Harsh,Rishi,5,"Logistics and supply chain management, Entrepreneurship Management and Business Planning, French, German, Finance 4.0, Event management, Marketing 4.0, Retail Management, Sales and Distribution Management, Strategic cost management, Direct Tax, HR Accounting and Audit, Performance Management and Career Planning","Theory, Theory, Theory, Theory, Theory, Theory, Theory, Theory, Theory, Theory, Theory, Theory, Theory",Bachelor of Business Administration,31010722040
kaustubh.koshe@somaiya.edu,Koshe,Kaustubh,Kamlesh,5,"Logistics and supply chain management, Entrepreneurship Management and Business Planning, French, German, Finance 4.0, Event management, Marketing 4.0, Retail Management, Sales and Distribution Management, Strategic cost management, Direct Tax, HR Accounting and Audit, Performance Management and Career Planning","Theory, Theory, Theory, Theory, Theory, Theory, Theory, Theory, Theory, Theory, Theory, Theory, Theory",Bachelor of Business Administration,31010722041
naman.sk@somaiya.edu,Kothari,Naman,Shreepal,5,"Logistics and supply chain management, Entrepreneurship Management and Business Planning, French, German, Finance 4.0, Event management, Marketing 4.0, Retail Management, Sales and Distribution Management, Strategic cost management, Direct Tax, HR Accounting and Audit, Performance Management and Career Planning","Theory, Theory, Theory, Theory, Theory, Theory, Theory, Theory, Theory, Theory, Theory, Theory, Theory",Bachelor of Business Administration,31010722042
diya.l@somaiya.edu,Lakhani,Diya,Ronak,5,"Logistics and supply chain management, Entrepreneurship Management and Business Planning, French, German, Finance 4.0, Event management, Marketing 4.0, Retail Management, Sales and Distribution Management, Strategic cost management, Direct Tax, HR Accounting and Audit, Performance Management and Career Planning","Theory, Theory, Theory, Theory, Theory, Theory, Theory, Theory, Theory, Theory, Theory, Theory, Theory",Bachelor of Business Administration,31010722043
dhanvirkaur.m@somaiya.edu,Malhotra,Dhanvir,Kaur,5,"Logistics and supply chain management, Entrepreneurship Management and Business Planning, French, German, Finance 4.0, Event management, Marketing 4.0, Retail Management, Sales and Distribution Management, Strategic cost management, Direct Tax, HR Accounting and Audit, Performance Management and Career Planning","Theory, Theory, Theory, Theory, Theory, Theory, Theory, Theory, Theory, Theory, Theory, Theory, Theory",Bachelor of Business Administration,31010722044
devansh.mehta@somaiya.edu,Mehta,Devansh,Anand,5,"Logistics and supply chain management, Entrepreneurship Management and Business Planning, French, German, Finance 4.0, Event management, Marketing 4.0, Retail Management, Sales and Distribution Management, Strategic cost management, Direct Tax, HR Accounting and Audit, Performance Management and Career Planning","Theory, Theory, Theory, Theory, Theory, Theory, Theory, Theory, Theory, Theory, Theory, Theory, Theory",Bachelor of Business Administration,31010722045
alihasan.m@somaiya.edu,Merchant,Ali,Hasan,5,"Logistics and supply chain management, Entrepreneurship Management and Business Planning, French, German, Finance 4.0, Event management, Marketing 4.0, Retail Management, Sales and Distribution Management, Strategic cost management, Direct Tax, HR Accounting and Audit, Performance Management and Career Planning","Theory, Theory, Theory, Theory, Theory, Theory, Theory, Theory, Theory, Theory, Theory, Theory, Theory",Bachelor of Business Administration,31010722046
harsh.mishra@somaiya.edu,Mishra,Harsh,Pravinkumar,5,"Logistics and supply chain management, Entrepreneurship Management and Business Planning, French, German, Finance 4.0, Event management, Marketing 4.0, Retail Management, Sales and Distribution Management, Strategic cost management, Direct Tax, HR Accounting and Audit, Performance Management and Career Planning","Theory, Theory, Theory, Theory, Theory, Theory, Theory, Theory, Theory, Theory, Theory, Theory, Theory",Bachelor of Business Administration,31010722048
ganga.m@somaiya.edu,Motwani,Ganga,Hemant,5,"Logistics and supply chain management, Entrepreneurship Management and Business Planning, French, German, Finance 4.0, Event management, Marketing 4.0, Retail Management, Sales and Distribution Management, Strategic cost management, Direct Tax, HR Accounting and Audit, Performance Management and Career Planning","Theory, Theory, Theory, Theory, Theory, Theory, Theory, Theory, Theory, Theory, Theory, Theory, Theory",Bachelor of Business Administration,31010722049
ninad.mudbhatkal@somaiya.edu,Mudbhatkal,Ninad,Avinash,5,"Logistics and supply chain management, Entrepreneurship Management and Business Planning, French, German, Finance 4.0, Event management, Marketing 4.0, Retail Management, Sales and Distribution Management, Strategic cost management, Direct Tax, HR Accounting and Audit, Performance Management and Career Planning","Theory, Theory, Theory, Theory, Theory, Theory, Theory, Theory, Theory, Theory, Theory, Theory, Theory",Bachelor of Business Administration,31010722050
jhanvi.n@somaiya.edu,Nagaria,Jhanvi,Pankaj,5,"Logistics and supply chain management, Entrepreneurship Management and Business Planning, French, German, Finance 4.0, Event management, Marketing 4.0, Retail Management, Sales and Distribution Management, Strategic cost management, Direct Tax, HR Accounting and Audit, Performance Management and Career Planning","Theory, Theory, Theory, Theory, Theory, Theory, Theory, Theory, Theory, Theory, Theory, Theory, Theory",Bachelor of Business Administration,31010722051
a.naik@somaiya.edu,Naik,Anjali,Bijal,5,"Logistics and supply chain management, Entrepreneurship Management and Business Planning, French, German, Finance 4.0, Event management, Marketing 4.0, Retail Management, Sales and Distribution Management, Strategic cost management, Direct Tax, HR Accounting and Audit, Performance Management and Career Planning","Theory, Theory, Theory, Theory, Theory, Theory, Theory, Theory, Theory, Theory, Theory, Theory, Theory",Bachelor of Business Administration,31010722052
vinay.pagariya@somaiya.edu,Pagariya,Vinay,Dilip,5,"Logistics and supply chain management, Entrepreneurship Management and Business Planning, French, German, Finance 4.0, Event management, Marketing 4.0, Retail Management, Sales and Distribution Management, Strategic cost management, Direct Tax, HR Accounting and Audit, Performance Management and Career Planning","Theory, Theory, Theory, Theory, Theory, Theory, Theory, Theory, Theory, Theory, Theory, Theory, Theory",Bachelor of Business Administration,31010722053
aman.parashar@somaiya.edu,Parashar,Aman,Sameer,5,"Logistics and supply chain management, Entrepreneurship Management and Business Planning, French, German, Finance 4.0, Event management, Marketing 4.0, Retail Management, Sales and Distribution Management, Strategic cost management, Direct Tax, HR Accounting and Audit, Performance Management and Career Planning","Theory, Theory, Theory, Theory, Theory, Theory, Theory, Theory, Theory, Theory, Theory, Theory, Theory",Bachelor of Business Administration,31010722055
mansi.p@somaiya.edu,Parekh,Mansi,Pritesh,5,"Logistics and supply chain management, Entrepreneurship Management and Business Planning, French, German, Finance 4.0, Event management, Marketing 4.0, Retail Management, Sales and Distribution Management, Strategic cost management, Direct Tax, HR Accounting and Audit, Performance Management and Career Planning","Theory, Theory, Theory, Theory, Theory, Theory, Theory, Theory, Theory, Theory, Theory, Theory, Theory",Bachelor of Business Administration,31010722056
nayan.dp@somaiya.edu,Patel,Nayan,Dilip,5,"Logistics and supply chain management, Entrepreneurship Management and Business Planning, French, German, Finance 4.0, Event management, Marketing 4.0, Retail Management, Sales and Distribution Management, Strategic cost management, Direct Tax, HR Accounting and Audit, Performance Management and Career Planning","Theory, Theory, Theory, Theory, Theory, Theory, Theory, Theory, Theory, Theory, Theory, Theory, Theory",Bachelor of Business Administration,31010722058
riya.pathare@somaiya.edu,Pathare,Riya,Ashutosh,5,"Logistics and supply chain management, Entrepreneurship Management and Business Planning, French, German, Finance 4.0, Event management, Marketing 4.0, Retail Management, Sales and Distribution Management, Strategic cost management, Direct Tax, HR Accounting and Audit, Performance Management and Career Planning","Theory, Theory, Theory, Theory, Theory, Theory, Theory, Theory, Theory, Theory, Theory, Theory, Theory",Bachelor of Business Administration,31010722059
vidnyani.p@somaiya.edu,Pawar,Vidnyani,Arvind,5,"Logistics and supply chain management, Entrepreneurship Management and Business Planning, French, German, Finance 4.0, Event management, Marketing 4.0, Retail Management, Sales and Distribution Management, Strategic cost management, Direct Tax, HR Accounting and Audit, Performance Management and Career Planning","Theory, Theory, Theory, Theory, Theory, Theory, Theory, Theory, Theory, Theory, Theory, Theory, Theory",Bachelor of Business Administration,31010722060
kash.raj@somaiya.edu,Raj,Kash,Amit,5,"Logistics and supply chain management, Entrepreneurship Management and Business Planning, French, German, Finance 4.0, Event management, Marketing 4.0, Retail Management, Sales and Distribution Management, Strategic cost management, Direct Tax, HR Accounting and Audit, Performance Management and Career Planning","Theory, Theory, Theory, Theory, Theory, Theory, Theory, Theory, Theory, Theory, Theory, Theory, Theory",Bachelor of Business Administration,31010722062
bhagwansingh.r@somaiya.edu,Rathore,Bhagwan,Singh,5,"Logistics and supply chain management, Entrepreneurship Management and Business Planning, French, German, Finance 4.0, Event management, Marketing 4.0, Retail Management, Sales and Distribution Management, Strategic cost management, Direct Tax, HR Accounting and Audit, Performance Management and Career Planning","Theory, Theory, Theory, Theory, Theory, Theory, Theory, Theory, Theory, Theory, Theory, Theory, Theory",Bachelor of Business Administration,31010722063
bhavya.vs@somaiya.edu,Shah,Bhavya,Vijay,5,"Logistics and supply chain management, Entrepreneurship Management and Business Planning, French, German, Finance 4.0, Event management, Marketing 4.0, Retail Management, Sales and Distribution Management, Strategic cost management, Direct Tax, HR Accounting and Audit, Performance Management and Career Planning","Theory, Theory, Theory, Theory, Theory, Theory, Theory, Theory, Theory, Theory, Theory, Theory, Theory",Bachelor of Business Administration,31010722066
queena.shah@somaiya.edu,Shah,Queena,Hiren,5,"Logistics and supply chain management, Entrepreneurship Management and Business Planning, French, German, Finance 4.0, Event management, Marketing 4.0, Retail Management, Sales and Distribution Management, Strategic cost management, Direct Tax, HR Accounting and Audit, Performance Management and Career Planning","Theory, Theory, Theory, Theory, Theory, Theory, Theory, Theory, Theory, Theory, Theory, Theory, Theory",Bachelor of Business Administration,31010722069
siddh.shah@somaiya.edu,Shah,Siddh,Mayur,5,"Logistics and supply chain management, Entrepreneurship Management and Business Planning, French, German, Finance 4.0, Event management, Marketing 4.0, Retail Management, Sales and Distribution Management, Strategic cost management, Direct Tax, HR Accounting and Audit, Performance Management and Career Planning","Theory, Theory, Theory, Theory, Theory, Theory, Theory, Theory, Theory, Theory, Theory, Theory, Theory",Bachelor of Business Administration,31010722071
abhishek19@somaiya.edu,Sharma,Abhishek,Vinod,5,"Logistics and supply chain management, Entrepreneurship Management and Business Planning, French, German, Finance 4.0, Event management, Marketing 4.0, Retail Management, Sales and Distribution Management, Strategic cost management, Direct Tax, HR Accounting and Audit, Performance Management and Career Planning","Theory, Theory, Theory, Theory, Theory, Theory, Theory, Theory, Theory, Theory, Theory, Theory, Theory",Bachelor of Business Administration,31010722072
harshit.shejpal@somaiya.edu,Shejpal,Harshit,Nitesh,5,"Logistics and supply chain management, Entrepreneurship Management and Business Planning, French, German, Finance 4.0, Event management, Marketing 4.0, Retail Management, Sales and Distribution Management, Strategic cost management, Direct Tax, HR Accounting and Audit, Performance Management and Career Planning","Theory, Theory, Theory, Theory, Theory, Theory, Theory, Theory, Theory, Theory, Theory, Theory, Theory",Bachelor of Business Administration,31010722073
aarav.sheth@somaiya.edu,Sheth,Aarav,Amit,5,"Logistics and supply chain management, Entrepreneurship Management and Business Planning, French, German, Finance 4.0, Event management, Marketing 4.0, Retail Management, Sales and Distribution Management, Strategic cost management, Direct Tax, HR Accounting and Audit, Performance Management and Career Planning","Theory, Theory, Theory, Theory, Theory, Theory, Theory, Theory, Theory, Theory, Theory, Theory, Theory",Bachelor of Business Administration,31010722074
esha.s@somaiya.edu,Shetty,Esha,Rajesh,5,"Logistics and supply chain management, Entrepreneurship Management and Business Planning, French, German, Finance 4.0, Event management, Marketing 4.0, Retail Management, Sales and Distribution Management, Strategic cost management, Direct Tax, HR Accounting and Audit, Performance Management and Career Planning","Theory, Theory, Theory, Theory, Theory, Theory, Theory, Theory, Theory, Theory, Theory, Theory, Theory",Bachelor of Business Administration,31010722076
virag.s@somaiya.edu,Shingavi,Virag,Vijaykumar,5,"Logistics and supply chain management, Entrepreneurship Management and Business Planning, French, German, Finance 4.0, Event management, Marketing 4.0, Retail Management, Sales and Distribution Management, Strategic cost management, Direct Tax, HR Accounting and Audit, Performance Management and Career Planning","Theory, Theory, Theory, Theory, Theory, Theory, Theory, Theory, Theory, Theory, Theory, Theory, Theory",Bachelor of Business Administration,31010722079
tashu.singh@somaiya.edu,Singh,Tashu,Arvind,5,"Logistics and supply chain management, Entrepreneurship Management and Business Planning, French, German, Finance 4.0, Event management, Marketing 4.0, Retail Management, Sales and Distribution Management, Strategic cost management, Direct Tax, HR Accounting and Audit, Performance Management and Career Planning","Theory, Theory, Theory, Theory, Theory, Theory, Theory, Theory, Theory, Theory, Theory, Theory, Theory",Bachelor of Business Administration,31010722081
param.solanki@somaiya.edu,Solanki,Param,Yogesh,5,"Logistics and supply chain management, Entrepreneurship Management and Business Planning, French, German, Finance 4.0, Event management, Marketing 4.0, Retail Management, Sales and Distribution Management, Strategic cost management, Direct Tax, HR Accounting and Audit, Performance Management and Career Planning","Theory, Theory, Theory, Theory, Theory, Theory, Theory, Theory, Theory, Theory, Theory, Theory, Theory",Bachelor of Business Administration,31010722082
khwaish.s@somaiya.edu,Somani,Khwaish,Rakesh,5,"Logistics and supply chain management, Entrepreneurship Management and Business Planning, French, German, Finance 4.0, Event management, Marketing 4.0, Retail Management, Sales and Distribution Management, Strategic cost management, Direct Tax, HR Accounting and Audit, Performance Management and Career Planning","Theory, Theory, Theory, Theory, Theory, Theory, Theory, Theory, Theory, Theory, Theory, Theory, Theory",Bachelor of Business Administration,31010722083
rishi.sonawane@somaiya.edu,Sonawane,Rishi,Sudhir,5,"Logistics and supply chain management, Entrepreneurship Management and Business Planning, French, German, Finance 4.0, Event management, Marketing 4.0, Retail Management, Sales and Distribution Management, Strategic cost management, Direct Tax, HR Accounting and Audit, Performance Management and Career Planning","Theory, Theory, Theory, Theory, Theory, Theory, Theory, Theory, Theory, Theory, Theory, Theory, Theory",Bachelor of Business Administration,31010722084
khushal.s@somaiya.edu,Suthar,Khushal,Dineshkumar,5,"Logistics and supply chain management, Entrepreneurship Management and Business Planning, French, German, Finance 4.0, Event management, Marketing 4.0, Retail Management, Sales and Distribution Management, Strategic cost management, Direct Tax, HR Accounting and Audit, Performance Management and Career Planning","Theory, Theory, Theory, Theory, Theory, Theory, Theory, Theory, Theory, Theory, Theory, Theory, Theory",Bachelor of Business Administration,31010722086
bhumika.yadav@somaiya.edu,Yadav,Bhumika,Rajesh,5,"Logistics and supply chain management, Entrepreneurship Management and Business Planning, French, German, Finance 4.0, Event management, Marketing 4.0, Retail Management, Sales and Distribution Management, Strategic cost management, Direct Tax, HR Accounting and Audit, Performance Management and Career Planning","Theory, Theory, Theory, Theory, Theory, Theory, Theory, Theory, Theory, Theory, Theory, Theory, Theory",Bachelor of Business Administration,31010722090
himanshu.baid@somaiya.edu,Baid,Himanshu,Suresh,5,"Logistics and supply chain management, Entrepreneurship Management and Business Planning, French, German, Finance 4.0, Event management, Marketing 4.0, Retail Management, Sales and Distribution Management, Strategic cost management, Direct Tax, HR Accounting and Audit, Performance Management and Career Planning","Theory, Theory, Theory, Theory, Theory, Theory, Theory, Theory, Theory, Theory, Theory, Theory, Theory",Bachelor of Business Administration,31010722092
kaushal.baid@somaiya.edu,Baid,Kaushal,Surendra,5,"Logistics and supply chain management, Entrepreneurship Management and Business Planning, French, German, Finance 4.0, Event management, Marketing 4.0, Retail Management, Sales and Distribution Management, Strategic cost management, Direct Tax, HR Accounting and Audit, Performance Management and Career Planning","Theory, Theory, Theory, Theory, Theory, Theory, Theory, Theory, Theory, Theory, Theory, Theory, Theory",Bachelor of Business Administration,31010722093
a.bandelkar@somaiya.edu,Bandelkar,Aarushi,Santosh,5,"Logistics and supply chain management, Entrepreneurship Management and Business Planning, French, German, Finance 4.0, Event management, Marketing 4.0, Retail Management, Sales and Distribution Management, Strategic cost management, Direct Tax, HR Accounting and Audit, Performance Management and Career Planning","Theory, Theory, Theory, Theory, Theory, Theory, Theory, Theory, Theory, Theory, Theory, Theory, Theory",Bachelor of Business Administration,31010722094
heet.bhanushali@somaiya.edu,Bhanushali,Heet,Mahesh,5,"Logistics and supply chain management, Entrepreneurship Management and Business Planning, French, German, Finance 4.0, Event management, Marketing 4.0, Retail Management, Sales and Distribution Management, Strategic cost management, Direct Tax, HR Accounting and Audit, Performance Management and Career Planning","Theory, Theory, Theory, Theory, Theory, Theory, Theory, Theory, Theory, Theory, Theory, Theory, Theory",Bachelor of Business Administration,31010722095
l.chaudhari@somaiya.edu,Chaudhari,Lavanya,Sanjay,5,"Logistics and supply chain management, Entrepreneurship Management and Business Planning, French, German, Finance 4.0, Event management, Marketing 4.0, Retail Management, Sales and Distribution Management, Strategic cost management, Direct Tax, HR Accounting and Audit, Performance Management and Career Planning","Theory, Theory, Theory, Theory, Theory, Theory, Theory, Theory, Theory, Theory, Theory, Theory, Theory",Bachelor of Business Administration,31010722097
arpita.hc@somaiya.edu,Chauhan,Arpita,Hitendra,5,"Logistics and supply chain management, Entrepreneurship Management and Business Planning, French, German, Finance 4.0, Event management, Marketing 4.0, Retail Management, Sales and Distribution Management, Strategic cost management, Direct Tax, HR Accounting and Audit, Performance Management and Career Planning","Theory, Theory, Theory, Theory, Theory, Theory, Theory, Theory, Theory, Theory, Theory, Theory, Theory",Bachelor of Business Administration,31010722098
aarya.d@somaiya.edu,Dattani,Aarya,Chintan,5,"Logistics and supply chain management, Entrepreneurship Management and Business Planning, French, German, Finance 4.0, Event management, Marketing 4.0, Retail Management, Sales and Distribution Management, Strategic cost management, Direct Tax, HR Accounting and Audit, Performance Management and Career Planning","Theory, Theory, Theory, Theory, Theory, Theory, Theory, Theory, Theory, Theory, Theory, Theory, Theory",Bachelor of Business Administration,31010722100
tisha.desai@somaiya.edu,Desai,Tisha,Bharatkumar,5,"Logistics and supply chain management, Entrepreneurship Management and Business Planning, French, German, Finance 4.0, Event management, Marketing 4.0, Retail Management, Sales and Distribution Management, Strategic cost management, Direct Tax, HR Accounting and Audit, Performance Management and Career Planning","Theory, Theory, Theory, Theory, Theory, Theory, Theory, Theory, Theory, Theory, Theory, Theory, Theory",Bachelor of Business Administration,31010722101
veer.doshi@somaiya.edu,Doshi,Veer,Ketan,5,"Logistics and supply chain management, Entrepreneurship Management and Business Planning, French, German, Finance 4.0, Event management, Marketing 4.0, Retail Management, Sales and Distribution Management, Strategic cost management, Direct Tax, HR Accounting and Audit, Performance Management and Career Planning","Theory, Theory, Theory, Theory, Theory, Theory, Theory, Theory, Theory, Theory, Theory, Theory, Theory",Bachelor of Business Administration,31010722103
sharmila.d@somaiya.edu,Dubey,Sharmila,Santosh,5,"Logistics and supply chain management, Entrepreneurship Management and Business Planning, French, German, Finance 4.0, Event management, Marketing 4.0, Retail Management, Sales and Distribution Management, Strategic cost management, Direct Tax, HR Accounting and Audit, Performance Management and Career Planning","Theory, Theory, Theory, Theory, Theory, Theory, Theory, Theory, Theory, Theory, Theory, Theory, Theory",Bachelor of Business Administration,31010722104
jui.ghate@somaiya.edu,Ghate,Jui,Mahendra,5,"Logistics and supply chain management, Entrepreneurship Management and Business Planning, French, German, Finance 4.0, Event management, Marketing 4.0, Retail Management, Sales and Distribution Management, Strategic cost management, Direct Tax, HR Accounting and Audit, Performance Management and Career Planning","Theory, Theory, Theory, Theory, Theory, Theory, Theory, Theory, Theory, Theory, Theory, Theory, Theory",Bachelor of Business Administration,31010722106
akshay.j@somaiya.edu,Jain,Akshay,Bhavesh,5,"Logistics and supply chain management, Entrepreneurship Management and Business Planning, French, German, Finance 4.0, Event management, Marketing 4.0, Retail Management, Sales and Distribution Management, Strategic cost management, Direct Tax, HR Accounting and Audit, Performance Management and Career Planning","Theory, Theory, Theory, Theory, Theory, Theory, Theory, Theory, Theory, Theory, Theory, Theory, Theory",Bachelor of Business Administration,31010722109
aryan.j@somaiya.edu,Jain,Aryan,Pushkar,5,"Logistics and supply chain management, Entrepreneurship Management and Business Planning, French, German, Finance 4.0, Event management, Marketing 4.0, Retail Management, Sales and Distribution Management, Strategic cost management, Direct Tax, HR Accounting and Audit, Performance Management and Career Planning","Theory, Theory, Theory, Theory, Theory, Theory, Theory, Theory, Theory, Theory, Theory, Theory, Theory",Bachelor of Business Administration,31010722110
mann.j@somaiya.edu,Jain,Mann,Roshan,5,"Logistics and supply chain management, Entrepreneurship Management and Business Planning, French, German, Finance 4.0, Event management, Marketing 4.0, Retail Management, Sales and Distribution Management, Strategic cost management, Direct Tax, HR Accounting and Audit, Performance Management and Career Planning","Theory, Theory, Theory, Theory, Theory, Theory, Theory, Theory, Theory, Theory, Theory, Theory, Theory",Bachelor of Business Administration,31010722112
soumya.j@somaiya.edu,Jain,Soumya,Bharat,5,"Logistics and supply chain management, Entrepreneurship Management and Business Planning, French, German, Finance 4.0, Event management, Marketing 4.0, Retail Management, Sales and Distribution Management, Strategic cost management, Direct Tax, HR Accounting and Audit, Performance Management and Career Planning","Theory, Theory, Theory, Theory, Theory, Theory, Theory, Theory, Theory, Theory, Theory, Theory, Theory",Bachelor of Business Administration,31010722113
shrey.jogani@somaiya.edu,Jogani,Shrey,Chirag,5,"Logistics and supply chain management, Entrepreneurship Management and Business Planning, French, German, Finance 4.0, Event management, Marketing 4.0, Retail Management, Sales and Distribution Management, Strategic cost management, Direct Tax, HR Accounting and Audit, Performance Management and Career Planning","Theory, Theory, Theory, Theory, Theory, Theory, Theory, Theory, Theory, Theory, Theory, Theory, Theory",Bachelor of Business Administration,31010722115
drashya.j@somaiya.edu,Joshi,Drashya,Tarun,5,"Logistics and supply chain management, Entrepreneurship Management and Business Planning, French, German, Finance 4.0, Event management, Marketing 4.0, Retail Management, Sales and Distribution Management, Strategic cost management, Direct Tax, HR Accounting and Audit, Performance Management and Career Planning","Theory, Theory, Theory, Theory, Theory, Theory, Theory, Theory, Theory, Theory, Theory, Theory, Theory",Bachelor of Business Administration,31010722116
k.joshi@somaiya.edu,Joshi,Khushi,Bharat,5,"Logistics and supply chain management, Entrepreneurship Management and Business Planning, French, German, Finance 4.0, Event management, Marketing 4.0, Retail Management, Sales and Distribution Management, Strategic cost management, Direct Tax, HR Accounting and Audit, Performance Management and Career Planning","Theory, Theory, Theory, Theory, Theory, Theory, Theory, Theory, Theory, Theory, Theory, Theory, Theory",Bachelor of Business Administration,31010722117
anand.krishnanv@somaiya.edu,Krishnan,V,Anand,5,"Logistics and supply chain management, Entrepreneurship Management and Business Planning, French, German, Finance 4.0, Event management, Marketing 4.0, Retail Management, Sales and Distribution Management, Strategic cost management, Direct Tax, HR Accounting and Audit, Performance Management and Career Planning","Theory, Theory, Theory, Theory, Theory, Theory, Theory, Theory, Theory, Theory, Theory, Theory, Theory",Bachelor of Business Administration,31010722118
kenil.mehta@somaiya.edu,Mehta,Kenil,Vimal,5,"Logistics and supply chain management, Entrepreneurship Management and Business Planning, French, German, Finance 4.0, Event management, Marketing 4.0, Retail Management, Sales and Distribution Management, Strategic cost management, Direct Tax, HR Accounting and Audit, Performance Management and Career Planning","Theory, Theory, Theory, Theory, Theory, Theory, Theory, Theory, Theory, Theory, Theory, Theory, Theory",Bachelor of Business Administration,31010722121
h.meisheri@somaiya.edu,Meisheri,Heer,Pomesh,5,"Logistics and supply chain management, Entrepreneurship Management and Business Planning, French, German, Finance 4.0, Event management, Marketing 4.0, Retail Management, Sales and Distribution Management, Strategic cost management, Direct Tax, HR Accounting and Audit, Performance Management and Career Planning","Theory, Theory, Theory, Theory, Theory, Theory, Theory, Theory, Theory, Theory, Theory, Theory, Theory",Bachelor of Business Administration,31010722122
urvisha.m@somaiya.edu,Misra,Urvisha,Pravin,5,"Logistics and supply chain management, Entrepreneurship Management and Business Planning, French, German, Finance 4.0, Event management, Marketing 4.0, Retail Management, Sales and Distribution Management, Strategic cost management, Direct Tax, HR Accounting and Audit, Performance Management and Career Planning","Theory, Theory, Theory, Theory, Theory, Theory, Theory, Theory, Theory, Theory, Theory, Theory, Theory",Bachelor of Business Administration,31010722123
heeta.p@somaiya.edu,Panchal,Heeta,Rajesh,5,"Logistics and supply chain management, Entrepreneurship Management and Business Planning, French, German, Finance 4.0, Event management, Marketing 4.0, Retail Management, Sales and Distribution Management, Strategic cost management, Direct Tax, HR Accounting and Audit, Performance Management and Career Planning","Theory, Theory, Theory, Theory, Theory, Theory, Theory, Theory, Theory, Theory, Theory, Theory, Theory",Bachelor of Business Administration,31010722125
aum.patel@somaiya.edu,Patel,Aum,Kamlesh,5,"Logistics and supply chain management, Entrepreneurship Management and Business Planning, French, German, Finance 4.0, Event management, Marketing 4.0, Retail Management, Sales and Distribution Management, Strategic cost management, Direct Tax, HR Accounting and Audit, Performance Management and Career Planning","Theory, Theory, Theory, Theory, Theory, Theory, Theory, Theory, Theory, Theory, Theory, Theory, Theory",Bachelor of Business Administration,31010722128
patel.bs@somaiya.edu,Patel,Bhavya,Satish,5,"Logistics and supply chain management, Entrepreneurship Management and Business Planning, French, German, Finance 4.0, Event management, Marketing 4.0, Retail Management, Sales and Distribution Management, Strategic cost management, Direct Tax, HR Accounting and Audit, Performance Management and Career Planning","Theory, Theory, Theory, Theory, Theory, Theory, Theory, Theory, Theory, Theory, Theory, Theory, Theory",Bachelor of Business Administration,31010722129
shivam.rajmane@somaiya.edu,Rajmane,Shivam,Sunil,5,"Logistics and supply chain management, Entrepreneurship Management and Business Planning, French, German, Finance 4.0, Event management, Marketing 4.0, Retail Management, Sales and Distribution Management, Strategic cost management, Direct Tax, HR Accounting and Audit, Performance Management and Career Planning","Theory, Theory, Theory, Theory, Theory, Theory, Theory, Theory, Theory, Theory, Theory, Theory, Theory",Bachelor of Business Administration,31010722131
mukund.r@somaiya.edu,Ravariya,Mukund,Mavji,5,"Logistics and supply chain management, Entrepreneurship Management and Business Planning, French, German, Finance 4.0, Event management, Marketing 4.0, Retail Management, Sales and Distribution Management, Strategic cost management, Direct Tax, HR Accounting and Audit, Performance Management and Career Planning","Theory, Theory, Theory, Theory, Theory, Theory, Theory, Theory, Theory, Theory, Theory, Theory, Theory",Bachelor of Business Administration,31010722132
sanghavi.h@somaiya.edu,Sanghavi,Harsh,Rahul,5,"Logistics and supply chain management, Entrepreneurship Management and Business Planning, French, German, Finance 4.0, Event management, Marketing 4.0, Retail Management, Sales and Distribution Management, Strategic cost management, Direct Tax, HR Accounting and Audit, Performance Management and Career Planning","Theory, Theory, Theory, Theory, Theory, Theory, Theory, Theory, Theory, Theory, Theory, Theory, Theory",Bachelor of Business Administration,31010722135
soham21@somaiya.edu,Sawant,Soham,Santosh,5,"Logistics and supply chain management, Entrepreneurship Management and Business Planning, French, German, Finance 4.0, Event management, Marketing 4.0, Retail Management, Sales and Distribution Management, Strategic cost management, Direct Tax, HR Accounting and Audit, Performance Management and Career Planning","Theory, Theory, Theory, Theory, Theory, Theory, Theory, Theory, Theory, Theory, Theory, Theory, Theory",Bachelor of Business Administration,31010722137
krisha.sawla@somaiya.edu,Sawla,Krisha,Hitesh,5,"Logistics and supply chain management, Entrepreneurship Management and Business Planning, French, German, Finance 4.0, Event management, Marketing 4.0, Retail Management, Sales and Distribution Management, Strategic cost management, Direct Tax, HR Accounting and Audit, Performance Management and Career Planning","Theory, Theory, Theory, Theory, Theory, Theory, Theory, Theory, Theory, Theory, Theory, Theory, Theory",Bachelor of Business Administration,31010722138
dhairya.shah@somaiya.edu,Shah,Dhairya,Kartik,5,"Logistics and supply chain management, Entrepreneurship Management and Business Planning, French, German, Finance 4.0, Event management, Marketing 4.0, Retail Management, Sales and Distribution Management, Strategic cost management, Direct Tax, HR Accounting and Audit, Performance Management and Career Planning","Theory, Theory, Theory, Theory, Theory, Theory, Theory, Theory, Theory, Theory, Theory, Theory, Theory",Bachelor of Business Administration,31010722139
heer.ms@somaiya.edu,Shah,Heer,Mayankkumar,5,"Logistics and supply chain management, Entrepreneurship Management and Business Planning, French, German, Finance 4.0, Event management, Marketing 4.0, Retail Management, Sales and Distribution Management, Strategic cost management, Direct Tax, HR Accounting and Audit, Performance Management and Career Planning","Theory, Theory, Theory, Theory, Theory, Theory, Theory, Theory, Theory, Theory, Theory, Theory, Theory",Bachelor of Business Administration,31010722140
meet.hs@somaiya.edu,Shah,Meet,Hemal,5,"Logistics and supply chain management, Entrepreneurship Management and Business Planning, French, German, Finance 4.0, Event management, Marketing 4.0, Retail Management, Sales and Distribution Management, Strategic cost management, Direct Tax, HR Accounting and Audit, Performance Management and Career Planning","Theory, Theory, Theory, Theory, Theory, Theory, Theory, Theory, Theory, Theory, Theory, Theory, Theory",Bachelor of Business Administration,31010722141
rs6@somaiya.edu,Shah,Riya,Umesh,5,"Logistics and supply chain management, Entrepreneurship Management and Business Planning, French, German, Finance 4.0, Event management, Marketing 4.0, Retail Management, Sales and Distribution Management, Strategic cost management, Direct Tax, HR Accounting and Audit, Performance Management and Career Planning","Theory, Theory, Theory, Theory, Theory, Theory, Theory, Theory, Theory, Theory, Theory, Theory, Theory",Bachelor of Business Administration,31010722142
vatsal10@somaiya.edu,Shah,Vatsal,Alpesh,5,"Logistics and supply chain management, Entrepreneurship Management and Business Planning, French, German, Finance 4.0, Event management, Marketing 4.0, Retail Management, Sales and Distribution Management, Strategic cost management, Direct Tax, HR Accounting and Audit, Performance Management and Career Planning","Theory, Theory, Theory, Theory, Theory, Theory, Theory, Theory, Theory, Theory, Theory, Theory, Theory",Bachelor of Business Administration,31010722143
esha.shete@somaiya.edu,Shete,Esha,Samir,5,"Logistics and supply chain management, Entrepreneurship Management and Business Planning, French, German, Finance 4.0, Event management, Marketing 4.0, Retail Management, Sales and Distribution Management, Strategic cost management, Direct Tax, HR Accounting and Audit, Performance Management and Career Planning","Theory, Theory, Theory, Theory, Theory, Theory, Theory, Theory, Theory, Theory, Theory, Theory, Theory",Bachelor of Business Administration,31010722145
khushi.shinde@somaiya.edu,Shinde,Khushi,Jayakar,5,"Logistics and supply chain management, Entrepreneurship Management and Business Planning, French, German, Finance 4.0, Event management, Marketing 4.0, Retail Management, Sales and Distribution Management, Strategic cost management, Direct Tax, HR Accounting and Audit, Performance Management and Career Planning","Theory, Theory, Theory, Theory, Theory, Theory, Theory, Theory, Theory, Theory, Theory, Theory, Theory",Bachelor of Business Administration,31010722147
ansh.shroti@somaiya.edu,Shroti,Ansh,Nandkishor,5,"Logistics and supply chain management, Entrepreneurship Management and Business Planning, French, German, Finance 4.0, Event management, Marketing 4.0, Retail Management, Sales and Distribution Management, Strategic cost management, Direct Tax, HR Accounting and Audit, Performance Management and Career Planning","Theory, Theory, Theory, Theory, Theory, Theory, Theory, Theory, Theory, Theory, Theory, Theory, Theory",Bachelor of Business Administration,31010722148
sridula.s@somaiya.edu,Singh,Sridula,Diwakar,5,"Logistics and supply chain management, Entrepreneurship Management and Business Planning, French, German, Finance 4.0, Event management, Marketing 4.0, Retail Management, Sales and Distribution Management, Strategic cost management, Direct Tax, HR Accounting and Audit, Performance Management and Career Planning","Theory, Theory, Theory, Theory, Theory, Theory, Theory, Theory, Theory, Theory, Theory, Theory, Theory",Bachelor of Business Administration,31010722150
nihar.singhania@somaiya.edu,Singhania,Nihar,Pankaj,5,"Logistics and supply chain management, Entrepreneurship Management and Business Planning, French, German, Finance 4.0, Event management, Marketing 4.0, Retail Management, Sales and Distribution Management, Strategic cost management, Direct Tax, HR Accounting and Audit, Performance Management and Career Planning","Theory, Theory, Theory, Theory, Theory, Theory, Theory, Theory, Theory, Theory, Theory, Theory, Theory",Bachelor of Business Administration,31010722152
milind.thakkar@somaiya.edu,Thakkar,Milind,Kirit,5,"Logistics and supply chain management, Entrepreneurship Management and Business Planning, French, German, Finance 4.0, Event management, Marketing 4.0, Retail Management, Sales and Distribution Management, Strategic cost management, Direct Tax, HR Accounting and Audit, Performance Management and Career Planning","Theory, Theory, Theory, Theory, Theory, Theory, Theory, Theory, Theory, Theory, Theory, Theory, Theory",Bachelor of Business Administration,31010722154
s.thakkar@somaiya.edu,Thakkar,Sakshi,Kaushik,5,"Logistics and supply chain management, Entrepreneurship Management and Business Planning, French, German, Finance 4.0, Event management, Marketing 4.0, Retail Management, Sales and Distribution Management, Strategic cost management, Direct Tax, HR Accounting and Audit, Performance Management and Career Planning","Theory, Theory, Theory, Theory, Theory, Theory, Theory, Theory, Theory, Theory, Theory, Theory, Theory",Bachelor of Business Administration,31010722155
aditi.thamke@somaiya.edu,Thamke,Aditi,Santosh,5,"Logistics and supply chain management, Entrepreneurship Management and Business Planning, French, German, Finance 4.0, Event management, Marketing 4.0, Retail Management, Sales and Distribution Management, Strategic cost management, Direct Tax, HR Accounting and Audit, Performance Management and Career Planning","Theory, Theory, Theory, Theory, Theory, Theory, Theory, Theory, Theory, Theory, Theory, Theory, Theory",Bachelor of Business Administration,31010722156
rimsha.t@somaiya.edu,Tibrewala,Rimsha,Mantu,5,"Logistics and supply chain management, Entrepreneurship Management and Business Planning, French, German, Finance 4.0, Event management, Marketing 4.0, Retail Management, Sales and Distribution Management, Strategic cost management, Direct Tax, HR Accounting and Audit, Performance Management and Career Planning","Theory, Theory, Theory, Theory, Theory, Theory, Theory, Theory, Theory, Theory, Theory, Theory, Theory",Bachelor of Business Administration,31010722157
vinayak.trivedi@somaiya.edu,Trivedi,Vinayak,Ramkishor,5,"Logistics and supply chain management, Entrepreneurship Management and Business Planning, French, German, Finance 4.0, Event management, Marketing 4.0, Retail Management, Sales and Distribution Management, Strategic cost management, Direct Tax, HR Accounting and Audit, Performance Management and Career Planning","Theory, Theory, Theory, Theory, Theory, Theory, Theory, Theory, Theory, Theory, Theory, Theory, Theory",Bachelor of Business Administration,31010722158
monil.u@somaiya.edu,Umrania,Monil,Tushar,5,"Logistics and supply chain management, Entrepreneurship Management and Business Planning, French, German, Finance 4.0, Event management, Marketing 4.0, Retail Management, Sales and Distribution Management, Strategic cost management, Direct Tax, HR Accounting and Audit, Performance Management and Career Planning","Theory, Theory, Theory, Theory, Theory, Theory, Theory, Theory, Theory, Theory, Theory, Theory, Theory",Bachelor of Business Administration,31010722159
soumya.vaishnav@somaiya.edu,Vaishnav,Soumya,Deepak,5,"Logistics and supply chain management, Entrepreneurship Management and Business Planning, French, German, Finance 4.0, Event management, Marketing 4.0, Retail Management, Sales and Distribution Management, Strategic cost management, Direct Tax, HR Accounting and Audit, Performance Management and Career Planning","Theory, Theory, Theory, Theory, Theory, Theory, Theory, Theory, Theory, Theory, Theory, Theory, Theory",Bachelor of Business Administration,31010722162
yash.sv@somaiya.edu,Vora,Yash,Samir,5,"Logistics and supply chain management, Entrepreneurship Management and Business Planning, French, German, Finance 4.0, Event management, Marketing 4.0, Retail Management, Sales and Distribution Management, Strategic cost management, Direct Tax, HR Accounting and Audit, Performance Management and Career Planning","Theory, Theory, Theory, Theory, Theory, Theory, Theory, Theory, Theory, Theory, Theory, Theory, Theory",Bachelor of Business Administration,31010722164
vritika.a@somaiya.edu,Agrawal,Vritika,Nitesh,1,"Principles of Marketing, Corporate accounting, Professional Communication Skill I, Technical Skills for Business, Technical Skills for Business, Fundamentals of Economics, Constitution and Public Policy","Theory, Theory, Theory, Theory, Practical, Theory, Theory",Bachelor of Business Management,31010624002
sonia.arora@somaiya.edu,Arora,Sonia,Kishor,1,"Principles of Marketing, Corporate accounting, Professional Communication Skill I, Technical Skills for Business, Technical Skills for Business, Fundamentals of Economics, Constitution and Public Policy","Theory, Theory, Theory, Theory, Practical, Theory, Theory",Bachelor of Business Management,31010624003
aksh.b@somaiya.edu,Bambhaniya,Aksh,Kamlesh,1,"Principles of Marketing, Corporate accounting, Professional Communication Skill I, Technical Skills for Business, Technical Skills for Business, Fundamentals of Economics, Constitution and Public Policy","Theory, Theory, Theory, Theory, Practical, Theory, Theory",Bachelor of Business Management,31010624005
harshita.bera@somaiya.edu,Bera,Harshita,Pravin,1,"Principles of Marketing, Corporate accounting, Professional Communication Skill I, Technical Skills for Business, Technical Skills for Business, Fundamentals of Economics, Constitution and Public Policy","Theory, Theory, Theory, Theory, Practical, Theory, Theory",Bachelor of Business Management,31010624007
mohanish.b@somaiya.edu,Beri,Mohanish,Sandeep,1,"Principles of Marketing, Corporate accounting, Professional Communication Skill I, Technical Skills for Business, Technical Skills for Business, Fundamentals of Economics, Constitution and Public Policy","Theory, Theory, Theory, Theory, Practical, Theory, Theory",Bachelor of Business Management,31010624008
simran.bhanarkar@somaiya.edu,Bhanarkar,Simran,Pravin,1,"Principles of Marketing, Corporate accounting, Professional Communication Skill I, Technical Skills for Business, Technical Skills for Business, Fundamentals of Economics, Constitution and Public Policy","Theory, Theory, Theory, Theory, Practical, Theory, Theory",Bachelor of Business Management,31010624009
vibhuti.ab@somaiya.edu,Bhanushali,Vibhuti,Anand,1,"Principles of Marketing, Corporate accounting, Professional Communication Skill I, Technical Skills for Business, Technical Skills for Business, Fundamentals of Economics, Constitution and Public Policy","Theory, Theory, Theory, Theory, Practical, Theory, Theory",Bachelor of Business Management,31010624010
akshat.bheda@somaiya.edu,Bheda,Akshat,Ajay,1,"Principles of Marketing, Corporate accounting, Professional Communication Skill I, Technical Skills for Business, Technical Skills for Business, Fundamentals of Economics, Constitution and Public Policy","Theory, Theory, Theory, Theory, Practical, Theory, Theory",Bachelor of Business Management,31010624011
kanish.bohra@somaiya.edu,Bohra,Kanish,Pankaj,1,"Principles of Marketing, Corporate accounting, Professional Communication Skill I, Technical Skills for Business, Technical Skills for Business, Fundamentals of Economics, Constitution and Public Policy","Theory, Theory, Theory, Theory, Practical, Theory, Theory",Bachelor of Business Management,31010624012
p.chandarana@somaiya.edu,Chandarana,Pratik,Jayesh,1,"Principles of Marketing, Corporate accounting, Professional Communication Skill I, Technical Skills for Business, Technical Skills for Business, Fundamentals of Economics, Constitution and Public Policy","Theory, Theory, Theory, Theory, Practical, Theory, Theory",Bachelor of Business Management,31010624013
a.dhandhukiya@somaiya.edu,Dhandhukiya,Avani,Kishor,1,"Principles of Marketing, Corporate accounting, Professional Communication Skill I, Technical Skills for Business, Technical Skills for Business, Fundamentals of Economics, Constitution and Public Policy","Theory, Theory, Theory, Theory, Practical, Theory, Theory",Bachelor of Business Management,31010624015
rashi.d@somaiya.edu,Doshi,Rashi,Parag,1,"Principles of Marketing, Corporate accounting, Professional Communication Skill I, Technical Skills for Business, Technical Skills for Business, Fundamentals of Economics, Constitution and Public Policy","Theory, Theory, Theory, Theory, Practical, Theory, Theory",Bachelor of Business Management,31010624016
tiya.doshi@somaiya.edu,Doshi,Tiya,Chetan,1,"Principles of Marketing, Corporate accounting, Professional Communication Skill I, Technical Skills for Business, Technical Skills for Business, Fundamentals of Economics, Constitution and Public Policy","Theory, Theory, Theory, Theory, Practical, Theory, Theory",Bachelor of Business Management,31010624017
devansh.gada@somaiya.edu,Gada,Devansh,Pravin,1,"Principles of Marketing, Corporate accounting, Professional Communication Skill I, Technical Skills for Business, Technical Skills for Business, Fundamentals of Economics, Constitution and Public Policy","Theory, Theory, Theory, Theory, Practical, Theory, Theory",Bachelor of Business Management,31010624018
dhiren.gami@somaiya.edu,Gami,Dhiren,Mahesh,1,"Principles of Marketing, Corporate accounting, Professional Communication Skill I, Technical Skills for Business, Technical Skills for Business, Fundamentals of Economics, Constitution and Public Policy","Theory, Theory, Theory, Theory, Practical, Theory, Theory",Bachelor of Business Management,31010624019
hetvi.gondalia@somaiya.edu,Gondalia,Hetvi,Sanjiv,1,"Principles of Marketing, Corporate accounting, Professional Communication Skill I, Technical Skills for Business, Technical Skills for Business, Fundamentals of Economics, Constitution and Public Policy","Theory, Theory, Theory, Theory, Practical, Theory, Theory",Bachelor of Business Management,31010624021
lakshita.gundu@somaiya.edu,Gundu,Lakshita,Sanjay,1,"Principles of Marketing, Corporate accounting, Professional Communication Skill I, Technical Skills for Business, Technical Skills for Business, Fundamentals of Economics, Constitution and Public Policy","Theory, Theory, Theory, Theory, Practical, Theory, Theory",Bachelor of Business Management,31010624022
akanksha.gurav@somaiya.edu,Gurav,Akanksha,Santosh,1,"Principles of Marketing, Corporate accounting, Professional Communication Skill I, Technical Skills for Business, Technical Skills for Business, Fundamentals of Economics, Constitution and Public Policy","Theory, Theory, Theory, Theory, Practical, Theory, Theory",Bachelor of Business Management,31010624023
jeel.h@somaiya.edu,Hathiyani,Jeel,Jeram,1,"Principles of Marketing, Corporate accounting, Professional Communication Skill I, Technical Skills for Business, Technical Skills for Business, Fundamentals of Economics, Constitution and Public Policy","Theory, Theory, Theory, Theory, Practical, Theory, Theory",Bachelor of Business Management,31010624024
saziya.hatif@somaiya.edu,Hatif,Saziya,Parvez,1,"Principles of Marketing, Corporate accounting, Professional Communication Skill I, Technical Skills for Business, Technical Skills for Business, Fundamentals of Economics, Constitution and Public Policy","Theory, Theory, Theory, Theory, Practical, Theory, Theory",Bachelor of Business Management,31010624025
bhavya.aj@somaiya.edu,Jain,Bhavya,Arvind,1,"Principles of Marketing, Corporate accounting, Professional Communication Skill I, Technical Skills for Business, Technical Skills for Business, Fundamentals of Economics, Constitution and Public Policy","Theory, Theory, Theory, Theory, Practical, Theory, Theory",Bachelor of Business Management,31010624026
disha.nj@somaiya.edu,Jain,Disha,Nikesh,1,"Principles of Marketing, Corporate accounting, Professional Communication Skill I, Technical Skills for Business, Technical Skills for Business, Fundamentals of Economics, Constitution and Public Policy","Theory, Theory, Theory, Theory, Practical, Theory, Theory",Bachelor of Business Management,31010624027
shreyans.jain@somaiya.edu,Jain,Shreyans,Vinod,1,"Principles of Marketing, Corporate accounting, Professional Communication Skill I, Technical Skills for Business, Technical Skills for Business, Fundamentals of Economics, Constitution and Public Policy","Theory, Theory, Theory, Theory, Practical, Theory, Theory",Bachelor of Business Management,31010624028
smital.jain@somaiya.edu,Jain,Smital,Kishor,1,"Principles of Marketing, Corporate accounting, Professional Communication Skill I, Technical Skills for Business, Technical Skills for Business, Fundamentals of Economics, Constitution and Public Policy","Theory, Theory, Theory, Theory, Practical, Theory, Theory",Bachelor of Business Management,31010624029
yug.aj@somaiya.edu,Jain,Yug,Arvind,1,"Principles of Marketing, Corporate accounting, Professional Communication Skill I, Technical Skills for Business, Technical Skills for Business, Fundamentals of Economics, Constitution and Public Policy","Theory, Theory, Theory, Theory, Practical, Theory, Theory",Bachelor of Business Management,31010624030
dhairya.jakharia@somaiya.edu,Jakharia,Dhairya,Hitesh,1,"Principles of Marketing, Corporate accounting, Professional Communication Skill I, Technical Skills for Business, Technical Skills for Business, Fundamentals of Economics, Constitution and Public Policy","Theory, Theory, Theory, Theory, Practical, Theory, Theory",Bachelor of Business Management,31010624032
v.jivrajka@somaiya.edu,Jivrajka,Vedanshi,Sanjeev,1,"Principles of Marketing, Corporate accounting, Professional Communication Skill I, Technical Skills for Business, Technical Skills for Business, Fundamentals of Economics, Constitution and Public Policy","Theory, Theory, Theory, Theory, Practical, Theory, Theory",Bachelor of Business Management,31010624033
era.joshi@somaiya.edu,Joshi,Era,Nikhil,1,"Principles of Marketing, Corporate accounting, Professional Communication Skill I, Technical Skills for Business, Technical Skills for Business, Fundamentals of Economics, Constitution and Public Policy","Theory, Theory, Theory, Theory, Practical, Theory, Theory",Bachelor of Business Management,31010624034
divyam.kachhara@somaiya.edu,Kachhara,Divyam,Lalit,1,"Principles of Marketing, Corporate accounting, Professional Communication Skill I, Technical Skills for Business, Technical Skills for Business, Fundamentals of Economics, Constitution and Public Policy","Theory, Theory, Theory, Theory, Practical, Theory, Theory",Bachelor of Business Management,31010624035
shaurya.kadav@somaiya.edu,Kadav,Shaurya,Sudhir,1,"Principles of Marketing, Corporate accounting, Professional Communication Skill I, Technical Skills for Business, Technical Skills for Business, Fundamentals of Economics, Constitution and Public Policy","Theory, Theory, Theory, Theory, Practical, Theory, Theory",Bachelor of Business Management,31010624036
aashi.katira@somaiya.edu,Katira,Aashi,Piyush,1,"Principles of Marketing, Corporate accounting, Professional Communication Skill I, Technical Skills for Business, Technical Skills for Business, Fundamentals of Economics, Constitution and Public Policy","Theory, Theory, Theory, Theory, Practical, Theory, Theory",Bachelor of Business Management,31010624037
fareeha.khan@somaiya.edu,Khan,Fareeha,Mohammad,1,"Principles of Marketing, Corporate accounting, Professional Communication Skill I, Technical Skills for Business, Technical Skills for Business, Fundamentals of Economics, Constitution and Public Policy","Theory, Theory, Theory, Theory, Practical, Theory, Theory",Bachelor of Business Management,31010624039
vedant.konure@somaiya.edu,Konure,Vedant,Tanaji,1,"Principles of Marketing, Corporate accounting, Professional Communication Skill I, Technical Skills for Business, Technical Skills for Business, Fundamentals of Economics, Constitution and Public Policy","Theory, Theory, Theory, Theory, Practical, Theory, Theory",Bachelor of Business Management,31010624041
preyansh.k@somaiya.edu,Kotak,Preyansh,Hemal,1,"Principles of Marketing, Corporate accounting, Professional Communication Skill I, Technical Skills for Business, Technical Skills for Business, Fundamentals of Economics, Constitution and Public Policy","Theory, Theory, Theory, Theory, Practical, Theory, Theory",Bachelor of Business Management,31010624042
kavya.kothari@somaiya.edu,Kothari,Kavya,Akshay,1,"Principles of Marketing, Corporate accounting, Professional Communication Skill I, Technical Skills for Business, Technical Skills for Business, Fundamentals of Economics, Constitution and Public Policy","Theory, Theory, Theory, Theory, Practical, Theory, Theory",Bachelor of Business Management,31010624043
lakshya.k@somaiya.edu,Kothari,Lakshya,Chetan,1,"Principles of Marketing, Corporate accounting, Professional Communication Skill I, Technical Skills for Business, Technical Skills for Business, Fundamentals of Economics, Constitution and Public Policy","Theory, Theory, Theory, Theory, Practical, Theory, Theory",Bachelor of Business Management,31010624044
shirisha.k@somaiya.edu,Kuruba,Shirisha,Hanumesh,1,"Principles of Marketing, Corporate accounting, Professional Communication Skill I, Technical Skills for Business, Technical Skills for Business, Fundamentals of Economics, Constitution and Public Policy","Theory, Theory, Theory, Theory, Practical, Theory, Theory",Bachelor of Business Management,31010624046
mantassha.k@somaiya.edu,Kutchi,Mantassha,Mohammed,1,"Principles of Marketing, Corporate accounting, Professional Communication Skill I, Technical Skills for Business, Technical Skills for Business, Fundamentals of Economics, Constitution and Public Policy","Theory, Theory, Theory, Theory, Practical, Theory, Theory",Bachelor of Business Management,31010624047
ritesh.l@somaiya.edu,Landge,Ritesh,Rameshwar,1,"Principles of Marketing, Corporate accounting, Professional Communication Skill I, Technical Skills for Business, Technical Skills for Business, Fundamentals of Economics, Constitution and Public Policy","Theory, Theory, Theory, Theory, Practical, Theory, Theory",Bachelor of Business Management,31010624048
palaak.l@somaiya.edu,Lodaya,Palaak,Devendra,1,"Principles of Marketing, Corporate accounting, Professional Communication Skill I, Technical Skills for Business, Technical Skills for Business, Fundamentals of Economics, Constitution and Public Policy","Theory, Theory, Theory, Theory, Practical, Theory, Theory",Bachelor of Business Management,31010624049
arnav.magar@somaiya.edu,Magar,Arnav,Vasant,1,"Principles of Marketing, Corporate accounting, Professional Communication Skill I, Technical Skills for Business, Technical Skills for Business, Fundamentals of Economics, Constitution and Public Policy","Theory, Theory, Theory, Theory, Practical, Theory, Theory",Bachelor of Business Management,31010624050
revaant.mahipal@somaiya.edu,Mahipal,Revaant,Vijay,1,"Principles of Marketing, Corporate accounting, Professional Communication Skill I, Technical Skills for Business, Technical Skills for Business, Fundamentals of Economics, Constitution and Public Policy","Theory, Theory, Theory, Theory, Practical, Theory, Theory",Bachelor of Business Management,31010624051
navneet.mane@somaiya.edu,Mane,Navneet,Baban,1,"Principles of Marketing, Corporate accounting, Professional Communication Skill I, Technical Skills for Business, Technical Skills for Business, Fundamentals of Economics, Constitution and Public Policy","Theory, Theory, Theory, Theory, Practical, Theory, Theory",Bachelor of Business Management,31010624053
surabhi.mankame@somaiya.edu,Mankame,Surabhi,Pravin,1,"Principles of Marketing, Corporate accounting, Professional Communication Skill I, Technical Skills for Business, Technical Skills for Business, Fundamentals of Economics, Constitution and Public Policy","Theory, Theory, Theory, Theory, Practical, Theory, Theory",Bachelor of Business Management,31010624054
jaimaan.m@somaiya.edu,Mehta,Jaimaan,Pranav,1,"Principles of Marketing, Corporate accounting, Professional Communication Skill I, Technical Skills for Business, Technical Skills for Business, Fundamentals of Economics, Constitution and Public Policy","Theory, Theory, Theory, Theory, Practical, Theory, Theory",Bachelor of Business Management,31010624055
keya.bm@somaiya.edu,Mehta,Keya,Bhavesh,1,"Principles of Marketing, Corporate accounting, Professional Communication Skill I, Technical Skills for Business, Technical Skills for Business, Fundamentals of Economics, Constitution and Public Policy","Theory, Theory, Theory, Theory, Practical, Theory, Theory",Bachelor of Business Management,31010624056
manas.mishra@somaiya.edu,Mishra,Manas,Sanatkumar,1,"Principles of Marketing, Corporate accounting, Professional Communication Skill I, Technical Skills for Business, Technical Skills for Business, Fundamentals of Economics, Constitution and Public Policy","Theory, Theory, Theory, Theory, Practical, Theory, Theory",Bachelor of Business Management,31010624057
mayuri.mohite@somaiya.edu,Mohite,Mayuri,Dinesh,1,"Principles of Marketing, Corporate accounting, Professional Communication Skill I, Technical Skills for Business, Technical Skills for Business, Fundamentals of Economics, Constitution and Public Policy","Theory, Theory, Theory, Theory, Practical, Theory, Theory",Bachelor of Business Management,31010624059
advaith.nair@somaiya.edu,Nair,Advaith,Ramesh,1,"Principles of Marketing, Corporate accounting, Professional Communication Skill I, Technical Skills for Business, Technical Skills for Business, Fundamentals of Economics, Constitution and Public Policy","Theory, Theory, Theory, Theory, Practical, Theory, Theory",Bachelor of Business Management,31010624063
tilak.nayak@somaiya.edu,Nayak,Tilak,Anand,1,"Principles of Marketing, Corporate accounting, Professional Communication Skill I, Technical Skills for Business, Technical Skills for Business, Fundamentals of Economics, Constitution and Public Policy","Theory, Theory, Theory, Theory, Practical, Theory, Theory",Bachelor of Business Management,31010624065
arya.padwal@somaiya.edu,Padwal,Arya,Manish,1,"Principles of Marketing, Corporate accounting, Professional Communication Skill I, Technical Skills for Business, Technical Skills for Business, Fundamentals of Economics, Constitution and Public Policy","Theory, Theory, Theory, Theory, Practical, Theory, Theory",Bachelor of Business Management,31010624067
tanishqa.padyal@somaiya.edu,Padyal,Tanishqa,Shashikant,1,"Principles of Marketing, Corporate accounting, Professional Communication Skill I, Technical Skills for Business, Technical Skills for Business, Fundamentals of Economics, Constitution and Public Policy","Theory, Theory, Theory, Theory, Practical, Theory, Theory",Bachelor of Business Management,31010624068
bhavya.pamecha@somaiya.edu,Pamecha,Bhavya,Paras,1,"Principles of Marketing, Corporate accounting, Professional Communication Skill I, Technical Skills for Business, Technical Skills for Business, Fundamentals of Economics, Constitution and Public Policy","Theory, Theory, Theory, Theory, Practical, Theory, Theory",Bachelor of Business Management,31010624069
om.panda@somaiya.edu,Panda,Om,Nirmalya,1,"Principles of Marketing, Corporate accounting, Professional Communication Skill I, Technical Skills for Business, Technical Skills for Business, Fundamentals of Economics, Constitution and Public Policy","Theory, Theory, Theory, Theory, Practical, Theory, Theory",Bachelor of Business Management,31010624070
samarth.parab@somaiya.edu,Parab,Samarth,Sachin,1,"Principles of Marketing, Corporate accounting, Professional Communication Skill I, Technical Skills for Business, Technical Skills for Business, Fundamentals of Economics, Constitution and Public Policy","Theory, Theory, Theory, Theory, Practical, Theory, Theory",Bachelor of Business Management,31010624071
danesh.p@somaiya.edu,Pastakia,Danesh,Kersi,1,"Principles of Marketing, Corporate accounting, Professional Communication Skill I, Technical Skills for Business, Technical Skills for Business, Fundamentals of Economics, Constitution and Public Policy","Theory, Theory, Theory, Theory, Practical, Theory, Theory",Bachelor of Business Management,31010624072
hhp10@somaiya.edu,Patel,Harsh,Hiren,1,"Principles of Marketing, Corporate accounting, Professional Communication Skill I, Technical Skills for Business, Technical Skills for Business, Fundamentals of Economics, Constitution and Public Policy","Theory, Theory, Theory, Theory, Practical, Theory, Theory",Bachelor of Business Management,31010624073
praneel.patel@somaiya.edu,Patel,Praneel,Rajesh,1,"Principles of Marketing, Corporate accounting, Professional Communication Skill I, Technical Skills for Business, Technical Skills for Business, Fundamentals of Economics, Constitution and Public Policy","Theory, Theory, Theory, Theory, Practical, Theory, Theory",Bachelor of Business Management,31010624074
jaai.patil@somaiya.edu,Patil,Jaai,Chandrakant,1,"Principles of Marketing, Corporate accounting, Professional Communication Skill I, Technical Skills for Business, Technical Skills for Business, Fundamentals of Economics, Constitution and Public Policy","Theory, Theory, Theory, Theory, Practical, Theory, Theory",Bachelor of Business Management,31010624077
sharvin.p@somaiya.edu,Patil,Sharvin,Rajendra,1,"Principles of Marketing, Corporate accounting, Professional Communication Skill I, Technical Skills for Business, Technical Skills for Business, Fundamentals of Economics, Constitution and Public Policy","Theory, Theory, Theory, Theory, Practical, Theory, Theory",Bachelor of Business Management,31010624078
krishna.phadtare@somaiya.edu,Phadtare,Krishna,Shivaji,1,"Principles of Marketing, Corporate accounting, Professional Communication Skill I, Technical Skills for Business, Technical Skills for Business, Fundamentals of Economics, Constitution and Public Policy","Theory, Theory, Theory, Theory, Practical, Theory, Theory",Bachelor of Business Management,31010624079
saikumar.p@somaiya.edu,Poojari,Saikumar,Chandru,1,"Principles of Marketing, Corporate accounting, Professional Communication Skill I, Technical Skills for Business, Technical Skills for Business, Fundamentals of Economics, Constitution and Public Policy","Theory, Theory, Theory, Theory, Practical, Theory, Theory",Bachelor of Business Management,31010624080
riddhi.popat@somaiya.edu,Popat,Riddhi,Mukesh,1,"Principles of Marketing, Corporate accounting, Professional Communication Skill I, Technical Skills for Business, Technical Skills for Business, Fundamentals of Economics, Constitution and Public Policy","Theory, Theory, Theory, Theory, Practical, Theory, Theory",Bachelor of Business Management,31010624081
sreehari.p@somaiya.edu,Prasad,Sreehari,Raghavendra,1,"Principles of Marketing, Corporate accounting, Professional Communication Skill I, Technical Skills for Business, Technical Skills for Business, Fundamentals of Economics, Constitution and Public Policy","Theory, Theory, Theory, Theory, Practical, Theory, Theory",Bachelor of Business Management,31010624082
dhrumin.p@somaiya.edu,Pujara,Dhrumin,Mitesh,1,"Principles of Marketing, Corporate accounting, Professional Communication Skill I, Technical Skills for Business, Technical Skills for Business, Fundamentals of Economics, Constitution and Public Policy","Theory, Theory, Theory, Theory, Practical, Theory, Theory",Bachelor of Business Management,31010624083
tithi.r@somaiya.edu,Raghvani,Tithi,Bhavesh,1,"Principles of Marketing, Corporate accounting, Professional Communication Skill I, Technical Skills for Business, Technical Skills for Business, Fundamentals of Economics, Constitution and Public Policy","Theory, Theory, Theory, Theory, Practical, Theory, Theory",Bachelor of Business Management,31010624084
ishika.rakhecha@somaiya.edu,Rakhecha,Ishika,Rajiv,1,"Principles of Marketing, Corporate accounting, Professional Communication Skill I, Technical Skills for Business, Technical Skills for Business, Fundamentals of Economics, Constitution and Public Policy","Theory, Theory, Theory, Theory, Practical, Theory, Theory",Bachelor of Business Management,31010624085
narendra.r@somaiya.edu,Ravariya,Narendra,Virji,1,"Principles of Marketing, Corporate accounting, Professional Communication Skill I, Technical Skills for Business, Technical Skills for Business, Fundamentals of Economics, Constitution and Public Policy","Theory, Theory, Theory, Theory, Practical, Theory, Theory",Bachelor of Business Management,31010624087
avani.r@somaiya.edu,Raverkar,Avani,Nikhil,1,"Principles of Marketing, Corporate accounting, Professional Communication Skill I, Technical Skills for Business, Technical Skills for Business, Fundamentals of Economics, Constitution and Public Policy","Theory, Theory, Theory, Theory, Practical, Theory, Theory",Bachelor of Business Management,31010624088
aashi.rawat@somaiya.edu,Rawat,Aashi,Dilipsingh,1,"Principles of Marketing, Corporate accounting, Professional Communication Skill I, Technical Skills for Business, Technical Skills for Business, Fundamentals of Economics, Constitution and Public Policy","Theory, Theory, Theory, Theory, Practical, Theory, Theory",Bachelor of Business Management,31010624089
dev.saiyya@somaiya.edu,Saiyya,Dev,Prakash,1,"Principles of Marketing, Corporate accounting, Professional Communication Skill I, Technical Skills for Business, Technical Skills for Business, Fundamentals of Economics, Constitution and Public Policy","Theory, Theory, Theory, Theory, Practical, Theory, Theory",Bachelor of Business Management,31010624090
bhoomi.salvi@somaiya.edu,Salvi,Bhoomi,Arvind,1,"Principles of Marketing, Corporate accounting, Professional Communication Skill I, Technical Skills for Business, Technical Skills for Business, Fundamentals of Economics, Constitution and Public Policy","Theory, Theory, Theory, Theory, Practical, Theory, Theory",Bachelor of Business Management,31010624091
atikshkarthik.s@somaiya.edu,Sangameswaran,Atiksh,Karthik,1,"Principles of Marketing, Corporate accounting, Professional Communication Skill I, Technical Skills for Business, Technical Skills for Business, Fundamentals of Economics, Constitution and Public Policy","Theory, Theory, Theory, Theory, Practical, Theory, Theory",Bachelor of Business Management,31010624092
madhavi.sangani@somaiya.edu,Sangani,Madhavi,Sandeep,1,"Principles of Marketing, Corporate accounting, Professional Communication Skill I, Technical Skills for Business, Technical Skills for Business, Fundamentals of Economics, Constitution and Public Policy","Theory, Theory, Theory, Theory, Practical, Theory, Theory",Bachelor of Business Management,31010624093
prisha.sangoi@somaiya.edu,Sangoi,Prisha,Sameer,1,"Principles of Marketing, Corporate accounting, Professional Communication Skill I, Technical Skills for Business, Technical Skills for Business, Fundamentals of Economics, Constitution and Public Policy","Theory, Theory, Theory, Theory, Practical, Theory, Theory",Bachelor of Business Management,31010624094
aditi.satkar@somaiya.edu,Satkar,Aditi,Bharat,1,"Principles of Marketing, Corporate accounting, Professional Communication Skill I, Technical Skills for Business, Technical Skills for Business, Fundamentals of Economics, Constitution and Public Policy","Theory, Theory, Theory, Theory, Practical, Theory, Theory",Bachelor of Business Management,31010624095
saisha.sawant@somaiya.edu,Sawant,Saisha,Sushil,1,"Principles of Marketing, Corporate accounting, Professional Communication Skill I, Technical Skills for Business, Technical Skills for Business, Fundamentals of Economics, Constitution and Public Policy","Theory, Theory, Theory, Theory, Practical, Theory, Theory",Bachelor of Business Management,31010624096
jks@somaiya.edu,Shah,Jash,Kirti,1,"Principles of Marketing, Corporate accounting, Professional Communication Skill I, Technical Skills for Business, Technical Skills for Business, Fundamentals of Economics, Constitution and Public Policy","Theory, Theory, Theory, Theory, Practical, Theory, Theory",Bachelor of Business Management,31010624097
ghufran.s@somaiya.edu,Shaikh,Ghufran,Sadique,1,"Principles of Marketing, Corporate accounting, Professional Communication Skill I, Technical Skills for Business, Technical Skills for Business, Fundamentals of Economics, Constitution and Public Policy","Theory, Theory, Theory, Theory, Practical, Theory, Theory",Bachelor of Business Management,31010624098
suhaan.s@somaiya.edu,Shetty,Suhaan,Ashok,1,"Principles of Marketing, Corporate accounting, Professional Communication Skill I, Technical Skills for Business, Technical Skills for Business, Fundamentals of Economics, Constitution and Public Policy","Theory, Theory, Theory, Theory, Practical, Theory, Theory",Bachelor of Business Management,31010624100
pcs@somaiya.edu,Shinde,Parth,Chandan,1,"Principles of Marketing, Corporate accounting, Professional Communication Skill I, Technical Skills for Business, Technical Skills for Business, Fundamentals of Economics, Constitution and Public Policy","Theory, Theory, Theory, Theory, Practical, Theory, Theory",Bachelor of Business Management,31010624101
shreeraj.shinde@somaiya.edu,Shinde,Shreeraj,Sangram,1,"Principles of Marketing, Corporate accounting, Professional Communication Skill I, Technical Skills for Business, Technical Skills for Business, Fundamentals of Economics, Constitution and Public Policy","Theory, Theory, Theory, Theory, Practical, Theory, Theory",Bachelor of Business Management,31010624102
soham.shrotri@somaiya.edu,Shrotri,Soham,Mukul,1,"Principles of Marketing, Corporate accounting, Professional Communication Skill I, Technical Skills for Business, Technical Skills for Business, Fundamentals of Economics, Constitution and Public Policy","Theory, Theory, Theory, Theory, Practical, Theory, Theory",Bachelor of Business Management,31010624103
dipesh.singh@somaiya.edu,Singh,Dipesh,Dilip,1,"Principles of Marketing, Corporate accounting, Professional Communication Skill I, Technical Skills for Business, Technical Skills for Business, Fundamentals of Economics, Constitution and Public Policy","Theory, Theory, Theory, Theory, Practical, Theory, Theory",Bachelor of Business Management,31010624104
krish.singh@somaiya.edu,Singh,Krish,Virendra,1,"Principles of Marketing, Corporate accounting, Professional Communication Skill I, Technical Skills for Business, Technical Skills for Business, Fundamentals of Economics, Constitution and Public Policy","Theory, Theory, Theory, Theory, Practical, Theory, Theory",Bachelor of Business Management,31010624106
priyank.singh@somaiya.edu,Singh,Priyank,Alok,1,"Principles of Marketing, Corporate accounting, Professional Communication Skill I, Technical Skills for Business, Technical Skills for Business, Fundamentals of Economics, Constitution and Public Policy","Theory, Theory, Theory, Theory, Practical, Theory, Theory",Bachelor of Business Management,31010624107
aniket.solanki@somaiya.edu,Solanki,Aniket,Rajendra,1,"Principles of Marketing, Corporate accounting, Professional Communication Skill I, Technical Skills for Business, Technical Skills for Business, Fundamentals of Economics, Constitution and Public Policy","Theory, Theory, Theory, Theory, Practical, Theory, Theory",Bachelor of Business Management,31010624108
rashi.suvarna@somaiya.edu,Suvarna,Rashi,Manoj,1,"Principles of Marketing, Corporate accounting, Professional Communication Skill I, Technical Skills for Business, Technical Skills for Business, Fundamentals of Economics, Constitution and Public Policy","Theory, Theory, Theory, Theory, Practical, Theory, Theory",Bachelor of Business Management,31010624109
neha.tamhane@somaiya.edu,Tamhane,Neha,Jaysingh,1,"Principles of Marketing, Corporate accounting, Professional Communication Skill I, Technical Skills for Business, Technical Skills for Business, Fundamentals of Economics, Constitution and Public Policy","Theory, Theory, Theory, Theory, Practical, Theory, Theory",Bachelor of Business Management,31010624110
archita.tank@somaiya.edu,Tank,Archita,Dinesh,1,"Principles of Marketing, Corporate accounting, Professional Communication Skill I, Technical Skills for Business, Technical Skills for Business, Fundamentals of Economics, Constitution and Public Policy","Theory, Theory, Theory, Theory, Practical, Theory, Theory",Bachelor of Business Management,31010624111
harshal.tater@somaiya.edu,Tater,Harshal,Vipin,1,"Principles of Marketing, Corporate accounting, Professional Communication Skill I, Technical Skills for Business, Technical Skills for Business, Fundamentals of Economics, Constitution and Public Policy","Theory, Theory, Theory, Theory, Practical, Theory, Theory",Bachelor of Business Management,31010624112
bhavya.dt@somaiya.edu,Thakkar,Bhavya,Dharmesh,1,"Principles of Marketing, Corporate accounting, Professional Communication Skill I, Technical Skills for Business, Technical Skills for Business, Fundamentals of Economics, Constitution and Public Policy","Theory, Theory, Theory, Theory, Practical, Theory, Theory",Bachelor of Business Management,31010624113
dimple.t@somaiya.edu,Thakkar,Dimple,Jayesh,1,"Principles of Marketing, Corporate accounting, Professional Communication Skill I, Technical Skills for Business, Technical Skills for Business, Fundamentals of Economics, Constitution and Public Policy","Theory, Theory, Theory, Theory, Practical, Theory, Theory",Bachelor of Business Management,31010624114
trisha.t@somaiya.edu,Thakkar,Trisha,Hitesh,1,"Principles of Marketing, Corporate accounting, Professional Communication Skill I, Technical Skills for Business, Technical Skills for Business, Fundamentals of Economics, Constitution and Public Policy","Theory, Theory, Theory, Theory, Practical, Theory, Theory",Bachelor of Business Management,31010624115
ananya.thard@somaiya.edu,Thard,Ananya,Raghunandan,1,"Principles of Marketing, Corporate accounting, Professional Communication Skill I, Technical Skills for Business, Technical Skills for Business, Fundamentals of Economics, Constitution and Public Policy","Theory, Theory, Theory, Theory, Practical, Theory, Theory",Bachelor of Business Management,31010624117
raj.trivedi@somaiya.edu,Trivedi,Raj,Milan,1,"Principles of Marketing, Corporate accounting, Professional Communication Skill I, Technical Skills for Business, Technical Skills for Business, Fundamentals of Economics, Constitution and Public Policy","Theory, Theory, Theory, Theory, Practical, Theory, Theory",Bachelor of Business Management,31010624119
aman.turakhia@somaiya.edu,Turakhia,Aman,Aashish,1,"Principles of Marketing, Corporate accounting, Professional Communication Skill I, Technical Skills for Business, Technical Skills for Business, Fundamentals of Economics, Constitution and Public Policy","Theory, Theory, Theory, Theory, Practical, Theory, Theory",Bachelor of Business Management,31010624120
atharv.vaity@somaiya.edu,Vaity,Atharv,Dilip,1,"Principles of Marketing, Corporate accounting, Professional Communication Skill I, Technical Skills for Business, Technical Skills for Business, Fundamentals of Economics, Constitution and Public Policy","Theory, Theory, Theory, Theory, Practical, Theory, Theory",Bachelor of Business Management,31010624121
ishika.vaity@somaiya.edu,Vaity,Ishika,Jayesh,1,"Principles of Marketing, Corporate accounting, Professional Communication Skill I, Technical Skills for Business, Technical Skills for Business, Fundamentals of Economics, Constitution and Public Policy","Theory, Theory, Theory, Theory, Practical, Theory, Theory",Bachelor of Business Management,31010624122
ishaan.v@somaiya.edu,Velani,Ishaan,Pradeep,1,"Principles of Marketing, Corporate accounting, Professional Communication Skill I, Technical Skills for Business, Technical Skills for Business, Fundamentals of Economics, Constitution and Public Policy","Theory, Theory, Theory, Theory, Practical, Theory, Theory",Bachelor of Business Management,31010624123
alok.verma@somaiya.edu,Verma,Alok,Kumar,1,"Principles of Marketing, Corporate accounting, Professional Communication Skill I, Technical Skills for Business, Technical Skills for Business, Fundamentals of Economics, Constitution and Public Policy","Theory, Theory, Theory, Theory, Practical, Theory, Theory",Bachelor of Business Management,31010624125
k.walavalkar@somaiya.edu,Walavalkar,Khushi,Suryakant,1,"Principles of Marketing, Corporate accounting, Professional Communication Skill I, Technical Skills for Business, Technical Skills for Business, Fundamentals of Economics, Constitution and Public Policy","Theory, Theory, Theory, Theory, Practical, Theory, Theory",Bachelor of Business Management,31010624128
mc1@somaiya.edu,Zahiruddin,Choudhary,Mohd,1,"Principles of Marketing, Corporate accounting, Professional Communication Skill I, Technical Skills for Business, Technical Skills for Business, Fundamentals of Economics, Constitution and Public Policy","Theory, Theory, Theory, Theory, Practical, Theory, Theory",Bachelor of Business Management,31010624129
devansh.gaonkar@somaiya.edu,Gaonkar,Devansh,Sachin,1,"Principles of Marketing, Corporate accounting, Professional Communication Skill I, Technical Skills for Business, Technical Skills for Business, Fundamentals of Economics, Constitution and Public Policy","Theory, Theory, Theory, Theory, Practical, Theory, Theory",Bachelor of Business Management,31010624131
vinay.manodara@somaiya.edu,Manodara,Vinay,Naran,1,"Principles of Marketing, Corporate accounting, Professional Communication Skill I, Technical Skills for Business, Technical Skills for Business, Fundamentals of Economics, Constitution and Public Policy","Theory, Theory, Theory, Theory, Practical, Theory, Theory",Bachelor of Business Management,31010624132
riya.nair@somaiya.edu,Nair,Riya,Mahesh,1,"Principles of Marketing, Corporate accounting, Professional Communication Skill I, Technical Skills for Business, Technical Skills for Business, Fundamentals of Economics, Constitution and Public Policy","Theory, Theory, Theory, Theory, Practical, Theory, Theory",Bachelor of Business Management,31010624134
pawar.sj@somaiya.edu,Pawar,Soham,Jitendra,1,"Principles of Marketing, Corporate accounting, Professional Communication Skill I, Technical Skills for Business, Technical Skills for Business, Fundamentals of Economics, Constitution and Public Policy","Theory, Theory, Theory, Theory, Practical, Theory, Theory",Bachelor of Business Management,31010624135
minal.sakure@somaiya.edu,Sakure,Minal,Kalpesh,1,"Principles of Marketing, Corporate accounting, Professional Communication Skill I, Technical Skills for Business, Technical Skills for Business, Fundamentals of Economics, Constitution and Public Policy","Theory, Theory, Theory, Theory, Practical, Theory, Theory",Bachelor of Business Management,31010624136
swanandi.s@somaiya.edu,Salvi,Swanandi,Prakish,1,"Principles of Marketing, Corporate accounting, Professional Communication Skill I, Technical Skills for Business, Technical Skills for Business, Fundamentals of Economics, Constitution and Public Policy","Theory, Theory, Theory, Theory, Practical, Theory, Theory",Bachelor of Business Management,31010624137
raj26@somaiya.edu,Shah,Raj,Rohit,1,"Principles of Marketing, Corporate accounting, Professional Communication Skill I, Technical Skills for Business, Technical Skills for Business, Fundamentals of Economics, Constitution and Public Policy","Theory, Theory, Theory, Theory, Practical, Theory, Theory",Bachelor of Business Management,31010624138
meet.sharma@somaiya.edu,Sharma,Meet,Ashwinikumar,1,"Principles of Marketing, Corporate accounting, Professional Communication Skill I, Technical Skills for Business, Technical Skills for Business, Fundamentals of Economics, Constitution and Public Policy","Theory, Theory, Theory, Theory, Practical, Theory, Theory",Bachelor of Business Management,31010624139
v.suryavanshi@somaiya.edu,Suryavanshi,Vedant,Shivaji,1,"Principles of Marketing, Corporate accounting, Professional Communication Skill I, Technical Skills for Business, Technical Skills for Business, Fundamentals of Economics, Constitution and Public Policy","Theory, Theory, Theory, Theory, Practical, Theory, Theory",Bachelor of Business Management,31010624141
palakh.vora@somaiya.edu,Vora,Palakh,Milin,1,"Principles of Marketing, Corporate accounting, Professional Communication Skill I, Technical Skills for Business, Technical Skills for Business, Fundamentals of Economics, Constitution and Public Policy","Theory, Theory, Theory, Theory, Practical, Theory, Theory",Bachelor of Business Management,31010624142
vansh.asknani@somaiya.edu,Asknani,Vansh,Sunil,3,"Strategic Management, Consumer Behaviour and Consumer Insights, Advertising & Sales, Management Accounting, Financial Markets and services, Professional Skill III , Event  management","Theory, Theory, Theory, Theory, Theory, Theory, Theory",Bachelor of Business Management,31010623006
aditya.avhad@somaiya.edu,Avhad,Aditya,Hitendra,3,"Strategic Management, Consumer Behaviour and Consumer Insights, Advertising & Sales, Management Accounting, Financial Markets and services, Professional Skill III , Event  management","Theory, Theory, Theory, Theory, Theory, Theory, Theory",Bachelor of Business Management,31010623007
sarathi.b@somaiya.edu,Bahira,Sarathi,Sunil,3,"Strategic Management, Consumer Behaviour and Consumer Insights, Advertising & Sales, Management Accounting, Financial Markets and services, Professional Skill III , Event  management","Theory, Theory, Theory, Theory, Theory, Theory, Theory",Bachelor of Business Management,31010623008
sharvari.barfe@somaiya.edu,Barfe,Sharvari,Prashant,3,"Strategic Management, Consumer Behaviour and Consumer Insights, Advertising & Sales, Management Accounting, Financial Markets and services, Professional Skill III , Event  management","Theory, Theory, Theory, Theory, Theory, Theory, Theory",Bachelor of Business Management,31010623010
hnb2@somaiya.edu,Bhanushali,Harsh,Narayan,3,"Strategic Management, Consumer Behaviour and Consumer Insights, Advertising & Sales, Management Accounting, Financial Markets and services, Professional Skill III , Event  management","Theory, Theory, Theory, Theory, Theory, Theory, Theory",Bachelor of Business Management,31010623013
heer.pb@somaiya.edu,Bhanushali,Heer,Pravin,3,"Strategic Management, Consumer Behaviour and Consumer Insights, Advertising & Sales, Management Accounting, Financial Markets and services, Professional Skill III , Event  management","Theory, Theory, Theory, Theory, Theory, Theory, Theory",Bachelor of Business Management,31010623014
jeel.pb@somaiya.edu,Bhanushali,Jeel,Paresh,3,"Strategic Management, Consumer Behaviour and Consumer Insights, Advertising & Sales, Management Accounting, Financial Markets and services, Professional Skill III , Event  management","Theory, Theory, Theory, Theory, Theory, Theory, Theory",Bachelor of Business Management,31010623015
vrutti.b@somaiya.edu,Bhanushali,Vrutti,Suresh,3,"Strategic Management, Consumer Behaviour and Consumer Insights, Advertising & Sales, Management Accounting, Financial Markets and services, Professional Skill III , Event  management","Theory, Theory, Theory, Theory, Theory, Theory, Theory",Bachelor of Business Management,31010623016
aditi.vb@somaiya.edu,Bhatt,Aditi,Vinayak,3,"Strategic Management, Consumer Behaviour and Consumer Insights, Advertising & Sales, Management Accounting, Financial Markets and services, Professional Skill III , Event  management","Theory, Theory, Theory, Theory, Theory, Theory, Theory",Bachelor of Business Management,31010623017
khushi.bhatt@somaiya.edu,Bhatt,Khushi,Jitin,3,"Strategic Management, Consumer Behaviour and Consumer Insights, Advertising & Sales, Management Accounting, Financial Markets and services, Professional Skill III , Event  management","Theory, Theory, Theory, Theory, Theory, Theory, Theory",Bachelor of Business Management,31010623018
vaspan.bhola@somaiya.edu,Bhola,Vaspan,Firdaus,3,"Strategic Management, Consumer Behaviour and Consumer Insights, Advertising & Sales, Management Accounting, Financial Markets and services, Professional Skill III , Event  management","Theory, Theory, Theory, Theory, Theory, Theory, Theory",Bachelor of Business Management,31010623019
ayan.biswas@somaiya.edu,Biswas,Ayan,Bikash,3,"Strategic Management, Consumer Behaviour and Consumer Insights, Advertising & Sales, Management Accounting, Financial Markets and services, Professional Skill III , Event  management","Theory, Theory, Theory, Theory, Theory, Theory, Theory",Bachelor of Business Management,31010623020
rudra.boricha@somaiya.edu,Boricha,Rudra,Mahesh,3,"Strategic Management, Consumer Behaviour and Consumer Insights, Advertising & Sales, Management Accounting, Financial Markets and services, Professional Skill III , Event  management","Theory, Theory, Theory, Theory, Theory, Theory, Theory",Bachelor of Business Management,31010623021
t.chalke@somaiya.edu,Chalke,Tanvi,Yatin,3,"Strategic Management, Consumer Behaviour and Consumer Insights, Advertising & Sales, Management Accounting, Financial Markets and services, Professional Skill III , Event  management","Theory, Theory, Theory, Theory, Theory, Theory, Theory",Bachelor of Business Management,31010623022
juhi.c@somaiya.edu,Chavan,Juhi,Milind,3,"Strategic Management, Consumer Behaviour and Consumer Insights, Advertising & Sales, Management Accounting, Financial Markets and services, Professional Skill III , Event  management","Theory, Theory, Theory, Theory, Theory, Theory, Theory",Bachelor of Business Management,31010623024
aditi.chitrodia@somaiya.edu,Chitrodia,Aditi,Hiten,3,"Strategic Management, Consumer Behaviour and Consumer Insights, Advertising & Sales, Management Accounting, Financial Markets and services, Professional Skill III , Event  management","Theory, Theory, Theory, Theory, Theory, Theory, Theory",Bachelor of Business Management,31010623026
ruchi.choudhary@somaiya.edu,Choudhary,Ruchi,Talaram,3,"Strategic Management, Consumer Behaviour and Consumer Insights, Advertising & Sales, Management Accounting, Financial Markets and services, Professional Skill III , Event  management","Theory, Theory, Theory, Theory, Theory, Theory, Theory",Bachelor of Business Management,31010623027
sneha.churiwala@somaiya.edu,Churiwala,Sneha,Sunil,3,"Strategic Management, Consumer Behaviour and Consumer Insights, Advertising & Sales, Management Accounting, Financial Markets and services, Professional Skill III , Event  management","Theory, Theory, Theory, Theory, Theory, Theory, Theory",Bachelor of Business Management,31010623028
jiya.dadia@somaiya.edu,Dadia,Jiya,Sagar,3,"Strategic Management, Consumer Behaviour and Consumer Insights, Advertising & Sales, Management Accounting, Financial Markets and services, Professional Skill III , Event  management","Theory, Theory, Theory, Theory, Theory, Theory, Theory",Bachelor of Business Management,31010623029
vedant.dalvi@somaiya.edu,Dalvi,Vedant,Deepak,3,"Strategic Management, Consumer Behaviour and Consumer Insights, Advertising & Sales, Management Accounting, Financial Markets and services, Professional Skill III , Event  management","Theory, Theory, Theory, Theory, Theory, Theory, Theory",Bachelor of Business Management,31010623031
vansh.kd@somaiya.edu,Dedhia,Vansh,Ketan,3,"Strategic Management, Consumer Behaviour and Consumer Insights, Advertising & Sales, Management Accounting, Financial Markets and services, Professional Skill III , Event  management","Theory, Theory, Theory, Theory, Theory, Theory, Theory",Bachelor of Business Management,31010623034
riddhi.doshi5@somaiya.edu,Doshi,Riddhi,Sanjay,3,"Strategic Management, Consumer Behaviour and Consumer Insights, Advertising & Sales, Management Accounting, Financial Markets and services, Professional Skill III , Event  management","Theory, Theory, Theory, Theory, Theory, Theory, Theory",Bachelor of Business Management,31010623036
yug.d@somaiya.edu,Doshi,Yug,Paresh,3,"Strategic Management, Consumer Behaviour and Consumer Insights, Advertising & Sales, Management Accounting, Financial Markets and services, Professional Skill III , Event  management","Theory, Theory, Theory, Theory, Theory, Theory, Theory",Bachelor of Business Management,31010623038
hiren.dubariya@somaiya.edu,Dubariya,Hiren,Ramesh,3,"Strategic Management, Consumer Behaviour and Consumer Insights, Advertising & Sales, Management Accounting, Financial Markets and services, Professional Skill III , Event  management","Theory, Theory, Theory, Theory, Theory, Theory, Theory",Bachelor of Business Management,31010623039
bhavi.furia@somaiya.edu,Furia,Bhavi,Jiten,3,"Strategic Management, Consumer Behaviour and Consumer Insights, Advertising & Sales, Management Accounting, Financial Markets and services, Professional Skill III , Event  management","Theory, Theory, Theory, Theory, Theory, Theory, Theory",Bachelor of Business Management,31010623040
aayush.gadiya@somaiya.edu,Gadiya,Aayush,Manish,3,"Strategic Management, Consumer Behaviour and Consumer Insights, Advertising & Sales, Management Accounting, Financial Markets and services, Professional Skill III , Event  management","Theory, Theory, Theory, Theory, Theory, Theory, Theory",Bachelor of Business Management,31010623041
hasti.hg@somaiya.edu,Gajra,Hasti,Harshad,3,"Strategic Management, Consumer Behaviour and Consumer Insights, Advertising & Sales, Management Accounting, Financial Markets and services, Professional Skill III , Event  management","Theory, Theory, Theory, Theory, Theory, Theory, Theory",Bachelor of Business Management,31010623042
vng1@somaiya.edu,Gala,Vanshika,Navin,3,"Strategic Management, Consumer Behaviour and Consumer Insights, Advertising & Sales, Management Accounting, Financial Markets and services, Professional Skill III , Event  management","Theory, Theory, Theory, Theory, Theory, Theory, Theory",Bachelor of Business Management,31010623045
siddhant.gaonkar@somaiya.edu,Gaonkar,Siddhant,Prashant,3,"Strategic Management, Consumer Behaviour and Consumer Insights, Advertising & Sales, Management Accounting, Financial Markets and services, Professional Skill III , Event  management","Theory, Theory, Theory, Theory, Theory, Theory, Theory",Bachelor of Business Management,31010623049
mayank.gharat@somaiya.edu,Gharat,Mayank,Sandeep,3,"Strategic Management, Consumer Behaviour and Consumer Insights, Advertising & Sales, Management Accounting, Financial Markets and services, Professional Skill III , Event  management","Theory, Theory, Theory, Theory, Theory, Theory, Theory",Bachelor of Business Management,31010623051
gothi.kg@somaiya.edu,Gothi,Khushi,Ghanshyam,3,"Strategic Management, Consumer Behaviour and Consumer Insights, Advertising & Sales, Management Accounting, Financial Markets and services, Professional Skill III , Event  management","Theory, Theory, Theory, Theory, Theory, Theory, Theory",Bachelor of Business Management,31010623053
abhay.kg@somaiya.edu,Gupta,Abhay,Kamlesh,3,"Strategic Management, Consumer Behaviour and Consumer Insights, Advertising & Sales, Management Accounting, Financial Markets and services, Professional Skill III , Event  management","Theory, Theory, Theory, Theory, Theory, Theory, Theory",Bachelor of Business Management,31010623054
mayur.gupta@somaiya.edu,Gupta,Mayur,Manoj,3,"Strategic Management, Consumer Behaviour and Consumer Insights, Advertising & Sales, Management Accounting, Financial Markets and services, Professional Skill III , Event  management","Theory, Theory, Theory, Theory, Theory, Theory, Theory",Bachelor of Business Management,31010623056
prashasti.j@somaiya.edu,Jadhav,Prashasti,Praveen,3,"Strategic Management, Consumer Behaviour and Consumer Insights, Advertising & Sales, Management Accounting, Financial Markets and services, Professional Skill III , Event  management","Theory, Theory, Theory, Theory, Theory, Theory, Theory",Bachelor of Business Management,31010623057
dhruvi.jain@somaiya.edu,Jain,Dhruvi,Vijay,3,"Strategic Management, Consumer Behaviour and Consumer Insights, Advertising & Sales, Management Accounting, Financial Markets and services, Professional Skill III , Event  management","Theory, Theory, Theory, Theory, Theory, Theory, Theory",Bachelor of Business Management,31010623059
krishma.jain@somaiya.edu,Jain,Krishma,Sanjay,3,"Strategic Management, Consumer Behaviour and Consumer Insights, Advertising & Sales, Management Accounting, Financial Markets and services, Professional Skill III , Event  management","Theory, Theory, Theory, Theory, Theory, Theory, Theory",Bachelor of Business Management,31010623060
vanita.jain@somaiya.edu,Jain,Vanita,Hastimal,3,"Strategic Management, Consumer Behaviour and Consumer Insights, Advertising & Sales, Management Accounting, Financial Markets and services, Professional Skill III , Event  management","Theory, Theory, Theory, Theory, Theory, Theory, Theory",Bachelor of Business Management,31010623061
hemant.jaiswar@somaiya.edu,Jaiswar,Hemant,Chandrakesh,3,"Strategic Management, Consumer Behaviour and Consumer Insights, Advertising & Sales, Management Accounting, Financial Markets and services, Professional Skill III , Event  management","Theory, Theory, Theory, Theory, Theory, Theory, Theory",Bachelor of Business Management,31010623063
amira.kamat@somaiya.edu,Kamat,Amira,Kedar,3,"Strategic Management, Consumer Behaviour and Consumer Insights, Advertising & Sales, Management Accounting, Financial Markets and services, Professional Skill III , Event  management","Theory, Theory, Theory, Theory, Theory, Theory, Theory",Bachelor of Business Management,31010623068
navya.kanal@somaiya.edu,Kanal,Navya,Rajeev,3,"Strategic Management, Consumer Behaviour and Consumer Insights, Advertising & Sales, Management Accounting, Financial Markets and services, Professional Skill III , Event  management","Theory, Theory, Theory, Theory, Theory, Theory, Theory",Bachelor of Business Management,31010623070
het.kariya@somaiya.edu,Kariya,Het,Bhavesh,3,"Strategic Management, Consumer Behaviour and Consumer Insights, Advertising & Sales, Management Accounting, Financial Markets and services, Professional Skill III , Event  management","Theory, Theory, Theory, Theory, Theory, Theory, Theory",Bachelor of Business Management,31010623072
shiv.khetia@somaiya.edu,Khetia,Shiv,Jay,3,"Strategic Management, Consumer Behaviour and Consumer Insights, Advertising & Sales, Management Accounting, Financial Markets and services, Professional Skill III , Event  management","Theory, Theory, Theory, Theory, Theory, Theory, Theory",Bachelor of Business Management,31010623075
khushi.kotecha@somaiya.edu,Kotecha,Khushi,Jayesh,3,"Strategic Management, Consumer Behaviour and Consumer Insights, Advertising & Sales, Management Accounting, Financial Markets and services, Professional Skill III , Event  management","Theory, Theory, Theory, Theory, Theory, Theory, Theory",Bachelor of Business Management,31010623076
tanvi.pk@somaiya.edu,Kulkarni,Tanvi,Pankaj,3,"Strategic Management, Consumer Behaviour and Consumer Insights, Advertising & Sales, Management Accounting, Financial Markets and services, Professional Skill III , Event  management","Theory, Theory, Theory, Theory, Theory, Theory, Theory",Bachelor of Business Management,31010623079
weilian.liao@somaiya.edu,Liao,Wei,Lian,3,"Strategic Management, Consumer Behaviour and Consumer Insights, Advertising & Sales, Management Accounting, Financial Markets and services, Professional Skill III , Event  management","Theory, Theory, Theory, Theory, Theory, Theory, Theory",Bachelor of Business Management,31010623080
yash.lund@somaiya.edu,Lund,Yash,Niranjanlal,3,"Strategic Management, Consumer Behaviour and Consumer Insights, Advertising & Sales, Management Accounting, Financial Markets and services, Professional Skill III , Event  management","Theory, Theory, Theory, Theory, Theory, Theory, Theory",Bachelor of Business Management,31010623081
saanji.m@somaiya.edu,Makwana,Saanji,Sanjay,3,"Strategic Management, Consumer Behaviour and Consumer Insights, Advertising & Sales, Management Accounting, Financial Markets and services, Professional Skill III , Event  management","Theory, Theory, Theory, Theory, Theory, Theory, Theory",Bachelor of Business Management,31010623083
kulsum.m@somaiya.edu,Malik,Kulsum,Ummay,3,"Strategic Management, Consumer Behaviour and Consumer Insights, Advertising & Sales, Management Accounting, Financial Markets and services, Professional Skill III , Event  management","Theory, Theory, Theory, Theory, Theory, Theory, Theory",Bachelor of Business Management,31010623084
d.mandaliya@somaiya.edu,Mandaliya,Dhruvin,Pradeep,3,"Strategic Management, Consumer Behaviour and Consumer Insights, Advertising & Sales, Management Accounting, Financial Markets and services, Professional Skill III , Event  management","Theory, Theory, Theory, Theory, Theory, Theory, Theory",Bachelor of Business Management,31010623086
vedin.mantri@somaiya.edu,Mantri,Vedin,Manish,3,"Strategic Management, Consumer Behaviour and Consumer Insights, Advertising & Sales, Management Accounting, Financial Markets and services, Professional Skill III , Event  management","Theory, Theory, Theory, Theory, Theory, Theory, Theory",Bachelor of Business Management,31010623089
mehta.am@somaiya.edu,Mehta,Aagam,Manoj,3,"Strategic Management, Consumer Behaviour and Consumer Insights, Advertising & Sales, Management Accounting, Financial Markets and services, Professional Skill III , Event  management","Theory, Theory, Theory, Theory, Theory, Theory, Theory",Bachelor of Business Management,31010623090
kushal.modi@somaiya.edu,Modi,Kushal,Rupesh,3,"Strategic Management, Consumer Behaviour and Consumer Insights, Advertising & Sales, Management Accounting, Financial Markets and services, Professional Skill III , Event  management","Theory, Theory, Theory, Theory, Theory, Theory, Theory",Bachelor of Business Management,31010623091
chintan.n@somaiya.edu,Nagda,Chintan,Jignesh,3,"Strategic Management, Consumer Behaviour and Consumer Insights, Advertising & Sales, Management Accounting, Financial Markets and services, Professional Skill III , Event  management","Theory, Theory, Theory, Theory, Theory, Theory, Theory",Bachelor of Business Management,31010623093
aarav.nair@somaiya.edu,Nair,Aarav,Santosh,3,"Strategic Management, Consumer Behaviour and Consumer Insights, Advertising & Sales, Management Accounting, Financial Markets and services, Professional Skill III , Event  management","Theory, Theory, Theory, Theory, Theory, Theory, Theory",Bachelor of Business Management,31010623095
sagrika.nair@somaiya.edu,Nair,Sagrika,Sateesh,3,"Strategic Management, Consumer Behaviour and Consumer Insights, Advertising & Sales, Management Accounting, Financial Markets and services, Professional Skill III , Event  management","Theory, Theory, Theory, Theory, Theory, Theory, Theory",Bachelor of Business Management,31010623096
thp@somaiya.edu,Panchal,Tanisha,Hitesh,3,"Strategic Management, Consumer Behaviour and Consumer Insights, Advertising & Sales, Management Accounting, Financial Markets and services, Professional Skill III , Event  management","Theory, Theory, Theory, Theory, Theory, Theory, Theory",Bachelor of Business Management,31010623098
mahek.pandya@somaiya.edu,Pandya,Mahek,Chirag,3,"Strategic Management, Consumer Behaviour and Consumer Insights, Advertising & Sales, Management Accounting, Financial Markets and services, Professional Skill III , Event  management","Theory, Theory, Theory, Theory, Theory, Theory, Theory",Bachelor of Business Management,31010623099
parekh.r@somaiya.edu,Parekh,Riya,Nilay,3,"Strategic Management, Consumer Behaviour and Consumer Insights, Advertising & Sales, Management Accounting, Financial Markets and services, Professional Skill III , Event  management","Theory, Theory, Theory, Theory, Theory, Theory, Theory",Bachelor of Business Management,31010623100
hitayu.patel@somaiya.edu,Patel,Hitayu,Prakash,3,"Strategic Management, Consumer Behaviour and Consumer Insights, Advertising & Sales, Management Accounting, Financial Markets and services, Professional Skill III , Event  management","Theory, Theory, Theory, Theory, Theory, Theory, Theory",Bachelor of Business Management,31010623102
khush06@somaiya.edu,Patel,Khush,Ramesh,3,"Strategic Management, Consumer Behaviour and Consumer Insights, Advertising & Sales, Management Accounting, Financial Markets and services, Professional Skill III , Event  management","Theory, Theory, Theory, Theory, Theory, Theory, Theory",Bachelor of Business Management,31010623103
nakulsingh.p@somaiya.edu,Patil,Nakulsingh,Surendra,3,"Strategic Management, Consumer Behaviour and Consumer Insights, Advertising & Sales, Management Accounting, Financial Markets and services, Professional Skill III , Event  management","Theory, Theory, Theory, Theory, Theory, Theory, Theory",Bachelor of Business Management,31010623105
paris.potdar@somaiya.edu,Potdar,Paris,Anil,3,"Strategic Management, Consumer Behaviour and Consumer Insights, Advertising & Sales, Management Accounting, Financial Markets and services, Professional Skill III , Event  management","Theory, Theory, Theory, Theory, Theory, Theory, Theory",Bachelor of Business Management,31010623108
tanishka.rane@somaiya.edu,Rane,Tanishka,Sudhir,3,"Strategic Management, Consumer Behaviour and Consumer Insights, Advertising & Sales, Management Accounting, Financial Markets and services, Professional Skill III , Event  management","Theory, Theory, Theory, Theory, Theory, Theory, Theory",Bachelor of Business Management,31010623110
ganesh.raut@somaiya.edu,Raut,Ganesh,Raju,3,"Strategic Management, Consumer Behaviour and Consumer Insights, Advertising & Sales, Management Accounting, Financial Markets and services, Professional Skill III , Event  management","Theory, Theory, Theory, Theory, Theory, Theory, Theory",Bachelor of Business Management,31010623111
darshan.raval@somaiya.edu,Raval,Darshan,Hasmukh,3,"Strategic Management, Consumer Behaviour and Consumer Insights, Advertising & Sales, Management Accounting, Financial Markets and services, Professional Skill III , Event  management","Theory, Theory, Theory, Theory, Theory, Theory, Theory",Bachelor of Business Management,31010623112
dipeshsingh.r@somaiya.edu,Rawat,Dipesh,Singh,3,"Strategic Management, Consumer Behaviour and Consumer Insights, Advertising & Sales, Management Accounting, Financial Markets and services, Professional Skill III , Event  management","Theory, Theory, Theory, Theory, Theory, Theory, Theory",Bachelor of Business Management,31010623113
j.sachde@somaiya.edu,Sachde,Jinal,Ajay,3,"Strategic Management, Consumer Behaviour and Consumer Insights, Advertising & Sales, Management Accounting, Financial Markets and services, Professional Skill III , Event  management","Theory, Theory, Theory, Theory, Theory, Theory, Theory",Bachelor of Business Management,31010623114
sakshi.salkar@somaiya.edu,Salkar,Sakshi,Sudhir,3,"Strategic Management, Consumer Behaviour and Consumer Insights, Advertising & Sales, Management Accounting, Financial Markets and services, Professional Skill III , Event  management","Theory, Theory, Theory, Theory, Theory, Theory, Theory",Bachelor of Business Management,31010623116
mahi28@somaiya.edu,Sanghavi,Mahi,Prakash,3,"Strategic Management, Consumer Behaviour and Consumer Insights, Advertising & Sales, Management Accounting, Financial Markets and services, Professional Skill III , Event  management","Theory, Theory, Theory, Theory, Theory, Theory, Theory",Bachelor of Business Management,31010623118
savla.p@somaiya.edu,Savla,Parth,Sanjay,3,"Strategic Management, Consumer Behaviour and Consumer Insights, Advertising & Sales, Management Accounting, Financial Markets and services, Professional Skill III , Event  management","Theory, Theory, Theory, Theory, Theory, Theory, Theory",Bachelor of Business Management,31010623119
swara.sawant@somaiya.edu,Sawant,Swara,Kishore,3,"Strategic Management, Consumer Behaviour and Consumer Insights, Advertising & Sales, Management Accounting, Financial Markets and services, Professional Skill III , Event  management","Theory, Theory, Theory, Theory, Theory, Theory, Theory",Bachelor of Business Management,31010623121
ayush.shah3@somaiya.edu,Shah,Ayush,Dharmesh,3,"Strategic Management, Consumer Behaviour and Consumer Insights, Advertising & Sales, Management Accounting, Financial Markets and services, Professional Skill III , Event  management","Theory, Theory, Theory, Theory, Theory, Theory, Theory",Bachelor of Business Management,31010623122
jash.ns@somaiya.edu,Shah,Jash,Kumar,3,"Strategic Management, Consumer Behaviour and Consumer Insights, Advertising & Sales, Management Accounting, Financial Markets and services, Professional Skill III , Event  management","Theory, Theory, Theory, Theory, Theory, Theory, Theory",Bachelor of Business Management,31010623123
mahek.shah6@somaiya.edu,Shah,Mahek,Atul,3,"Strategic Management, Consumer Behaviour and Consumer Insights, Advertising & Sales, Management Accounting, Financial Markets and services, Professional Skill III , Event  management","Theory, Theory, Theory, Theory, Theory, Theory, Theory",Bachelor of Business Management,31010623125
shah.zs@somaiya.edu,Shah,Zeel,Sachin,3,"Strategic Management, Consumer Behaviour and Consumer Insights, Advertising & Sales, Management Accounting, Financial Markets and services, Professional Skill III , Event  management","Theory, Theory, Theory, Theory, Theory, Theory, Theory",Bachelor of Business Management,31010623126
jayesh.shirke@somaiya.edu,Shirke,Jayesh,Sanjay,3,"Strategic Management, Consumer Behaviour and Consumer Insights, Advertising & Sales, Management Accounting, Financial Markets and services, Professional Skill III , Event  management","Theory, Theory, Theory, Theory, Theory, Theory, Theory",Bachelor of Business Management,31010623128
mohammed.shiyaji@somaiya.edu,Shiyaji,Mohammed,Murtuza,3,"Strategic Management, Consumer Behaviour and Consumer Insights, Advertising & Sales, Management Accounting, Financial Markets and services, Professional Skill III , Event  management","Theory, Theory, Theory, Theory, Theory, Theory, Theory",Bachelor of Business Management,31010623129
a.siddiqui@somaiya.edu,Siddiqui,Adnan,Tufail,3,"Strategic Management, Consumer Behaviour and Consumer Insights, Advertising & Sales, Management Accounting, Financial Markets and services, Professional Skill III , Event  management","Theory, Theory, Theory, Theory, Theory, Theory, Theory",Bachelor of Business Management,31010623130
tanushka.s@somaiya.edu,Singh,Tanushka,Ratandeep,3,"Strategic Management, Consumer Behaviour and Consumer Insights, Advertising & Sales, Management Accounting, Financial Markets and services, Professional Skill III , Event  management","Theory, Theory, Theory, Theory, Theory, Theory, Theory",Bachelor of Business Management,31010623133
bhumika.soni@somaiya.edu,Soni,Bhumika,Lokesh,3,"Strategic Management, Consumer Behaviour and Consumer Insights, Advertising & Sales, Management Accounting, Financial Markets and services, Professional Skill III , Event  management","Theory, Theory, Theory, Theory, Theory, Theory, Theory",Bachelor of Business Management,31010623134
krish.soni@somaiya.edu,Soni,Krish,Ashok,3,"Strategic Management, Consumer Behaviour and Consumer Insights, Advertising & Sales, Management Accounting, Financial Markets and services, Professional Skill III , Event  management","Theory, Theory, Theory, Theory, Theory, Theory, Theory",Bachelor of Business Management,31010623135
yash.tambe@somaiya.edu,Tambe,Yash,Prabhakar,3,"Strategic Management, Consumer Behaviour and Consumer Insights, Advertising & Sales, Management Accounting, Financial Markets and services, Professional Skill III , Event  management","Theory, Theory, Theory, Theory, Theory, Theory, Theory",Bachelor of Business Management,31010623136
shubham.thacker@somaiya.edu,Thacker,Shubham,Nitin,3,"Strategic Management, Consumer Behaviour and Consumer Insights, Advertising & Sales, Management Accounting, Financial Markets and services, Professional Skill III , Event  management","Theory, Theory, Theory, Theory, Theory, Theory, Theory",Bachelor of Business Management,31010623137
sohmi.t@somaiya.edu,Thakkar,Sohmi,Kalpesh,3,"Strategic Management, Consumer Behaviour and Consumer Insights, Advertising & Sales, Management Accounting, Financial Markets and services, Professional Skill III , Event  management","Theory, Theory, Theory, Theory, Theory, Theory, Theory",Bachelor of Business Management,31010623138
vidhi.thakkar@somaiya.edu,Thakkar,Vidhi,Mukesh,3,"Strategic Management, Consumer Behaviour and Consumer Insights, Advertising & Sales, Management Accounting, Financial Markets and services, Professional Skill III , Event  management","Theory, Theory, Theory, Theory, Theory, Theory, Theory",Bachelor of Business Management,31010623139
keya.t@somaiya.edu,Thosani,Keya,Urvish,3,"Strategic Management, Consumer Behaviour and Consumer Insights, Advertising & Sales, Management Accounting, Financial Markets and services, Professional Skill III , Event  management","Theory, Theory, Theory, Theory, Theory, Theory, Theory",Bachelor of Business Management,31010623142
john.v@somaiya.edu,Varghese,John,Tibbu,3,"Strategic Management, Consumer Behaviour and Consumer Insights, Advertising & Sales, Management Accounting, Financial Markets and services, Professional Skill III , Event  management","Theory, Theory, Theory, Theory, Theory, Theory, Theory",Bachelor of Business Management,31010623144
nirmeet.v@somaiya.edu,Vejani,Nirmeet,Deepak,3,"Strategic Management, Consumer Behaviour and Consumer Insights, Advertising & Sales, Management Accounting, Financial Markets and services, Professional Skill III , Event  management","Theory, Theory, Theory, Theory, Theory, Theory, Theory",Bachelor of Business Management,31010623145
devika.vetal@somaiya.edu,Vetal,Devika,Jagdish,3,"Strategic Management, Consumer Behaviour and Consumer Insights, Advertising & Sales, Management Accounting, Financial Markets and services, Professional Skill III , Event  management","Theory, Theory, Theory, Theory, Theory, Theory, Theory",Bachelor of Business Management,31010623146
aryan.vira@somaiya.edu,Vira,Aryan,Pritesh,3,"Strategic Management, Consumer Behaviour and Consumer Insights, Advertising & Sales, Management Accounting, Financial Markets and services, Professional Skill III , Event  management","Theory, Theory, Theory, Theory, Theory, Theory, Theory",Bachelor of Business Management,31010623147
dhruvi.nv@somaiya.edu,Vora,Dhruvi,Nilesh,3,"Strategic Management, Consumer Behaviour and Consumer Insights, Advertising & Sales, Management Accounting, Financial Markets and services, Professional Skill III , Event  management","Theory, Theory, Theory, Theory, Theory, Theory, Theory",Bachelor of Business Management,31010623148
avani.w@somaiya.edu,Wadhwani,Avani,Ravi,3,"Strategic Management, Consumer Behaviour and Consumer Insights, Advertising & Sales, Management Accounting, Financial Markets and services, Professional Skill III , Event  management","Theory, Theory, Theory, Theory, Theory, Theory, Theory",Bachelor of Business Management,31010623149
varsha.yadav@somaiya.edu,Yadav,Varsha,Jaydeep,3,"Strategic Management, Consumer Behaviour and Consumer Insights, Advertising & Sales, Management Accounting, Financial Markets and services, Professional Skill III , Event  management","Theory, Theory, Theory, Theory, Theory, Theory, Theory",Bachelor of Business Management,31010623150
neel.kg@somaiya.edu,Gala,Neel,Kalpesh,3,"Strategic Management, Consumer Behaviour and Consumer Insights, Advertising & Sales, Management Accounting, Financial Markets and services, Professional Skill III , Event  management","Theory, Theory, Theory, Theory, Theory, Theory, Theory",Bachelor of Business Management,31010623152
raj.gorani@somaiya.edu,Gorani,Raj,Vinod,3,"Strategic Management, Consumer Behaviour and Consumer Insights, Advertising & Sales, Management Accounting, Financial Markets and services, Professional Skill III , Event  management","Theory, Theory, Theory, Theory, Theory, Theory, Theory",Bachelor of Business Management,31010623153
krisha20@somaiya.edu,Shah,Krisha,Dipesh,3,"Strategic Management, Consumer Behaviour and Consumer Insights, Advertising & Sales, Management Accounting, Financial Markets and services, Professional Skill III , Event  management","Theory, Theory, Theory, Theory, Theory, Theory, Theory",Bachelor of Business Management,31010623155
tisha.sheth@somaiya.edu,Sheth,Tisha,Himanshu,3,"Strategic Management, Consumer Behaviour and Consumer Insights, Advertising & Sales, Management Accounting, Financial Markets and services, Professional Skill III , Event  management","Theory, Theory, Theory, Theory, Theory, Theory, Theory",Bachelor of Business Management,31010623168
vedant.virkar@somaiya.edu,Virkar,Vedant,Rahul,3,"Strategic Management, Consumer Behaviour and Consumer Insights, Advertising & Sales, Management Accounting, Financial Markets and services, Professional Skill III , Event  management","Theory, Theory, Theory, Theory, Theory, Theory, Theory",Bachelor of Business Management,31010623169
reet.savla@somaiya.edu,Savla,Reet,Rajesh,3,"Strategic Management, Consumer Behaviour and Consumer Insights, Advertising & Sales, Management Accounting, Financial Markets and services, Professional Skill III , Event  management","Theory, Theory, Theory, Theory, Theory, Theory, Theory",Bachelor of Business Management,31010623172
naman.ps@somaiya.edu,Shah,Naman,Prakash,3,"Strategic Management, Consumer Behaviour and Consumer Insights, Advertising & Sales, Management Accounting, Financial Markets and services, Professional Skill III , Event  management","Theory, Theory, Theory, Theory, Theory, Theory, Theory",Bachelor of Business Management,31010623173
atharv.shetty@somaiya.edu,Shetty,Atharv,Anup,3,"Strategic Management, Consumer Behaviour and Consumer Insights, Advertising & Sales, Management Accounting, Financial Markets and services, Professional Skill III , Event  management","Theory, Theory, Theory, Theory, Theory, Theory, Theory",Bachelor of Business Management,31010623174
lavinsingh.l@somaiya.edu,Lubana,Lavin,Singh,3,"Strategic Management, Consumer Behaviour and Consumer Insights, Advertising & Sales, Management Accounting, Financial Markets and services, Professional Skill III , Event  management","Theory, Theory, Theory, Theory, Theory, Theory, Theory",Bachelor of Business Management,31010623177
hiten.m@somaiya.edu,Motwani,Hiten,Mahesh,3,"Strategic Management, Consumer Behaviour and Consumer Insights, Advertising & Sales, Management Accounting, Financial Markets and services, Professional Skill III , Event  management","Theory, Theory, Theory, Theory, Theory, Theory, Theory",Bachelor of Business Management,31010623178
harsh.bt@somaiya.edu,Thakkar,Harsh,Bhavesh,3,"Strategic Management, Consumer Behaviour and Consumer Insights, Advertising & Sales, Management Accounting, Financial Markets and services, Professional Skill III , Event  management","Theory, Theory, Theory, Theory, Theory, Theory, Theory",Bachelor of Business Management,31010623180
v.nanaware@somaiya.edu,Nanaware,Vaishnavi,Sampat,3,"Strategic Management, Consumer Behaviour and Consumer Insights, Advertising & Sales, Management Accounting, Financial Markets and services, Professional Skill III , Event  management","Theory, Theory, Theory, Theory, Theory, Theory, Theory",Bachelor of Business Management,31010623183
priya.bhinda@somaiya.edu,Bhinda,Priya,Ramkrishna,3,"Strategic Management, Consumer Behaviour and Consumer Insights, Advertising & Sales, Management Accounting, Financial Markets and services, Professional Skill III , Event  management","Theory, Theory, Theory, Theory, Theory, Theory, Theory",Bachelor of Business Management,31010623185
nihar.a@somaiya.edu,Agrawal,Nihar,Ajay,5,"Direct Tax, Strategic Financial Management, Risk Management, Portfolio Management, Service Marketing, Media Planning and Management, Tourism Marketing, Customer Relationship Management, Logistics and supply chain management","Theory, Theory, Theory, Theory, Theory, Theory, Theory, Theory, Theory",Bachelor of Business Management,31010622002
r.ahluwalia@somaiya.edu,Ahluwalia,Rishabh,Vijay,5,"Direct Tax, Strategic Financial Management, Risk Management, Portfolio Management, Service Marketing, Media Planning and Management, Tourism Marketing, Customer Relationship Management, Logistics and supply chain management","Theory, Theory, Theory, Theory, Theory, Theory, Theory, Theory, Theory",Bachelor of Business Management,31010622003
angadbirsingh.a@somaiya.edu,Arora,Angadbir,Singh,5,"Direct Tax, Strategic Financial Management, Risk Management, Portfolio Management, Service Marketing, Media Planning and Management, Tourism Marketing, Customer Relationship Management, Logistics and supply chain management","Theory, Theory, Theory, Theory, Theory, Theory, Theory, Theory, Theory",Bachelor of Business Management,31010622004
chanchal.beria@somaiya.edu,Beria,Chanchal,Sandeep,5,"Direct Tax, Strategic Financial Management, Risk Management, Portfolio Management, Service Marketing, Media Planning and Management, Tourism Marketing, Customer Relationship Management, Logistics and supply chain management","Theory, Theory, Theory, Theory, Theory, Theory, Theory, Theory, Theory",Bachelor of Business Management,31010622005
harsh.bhandare@somaiya.edu,Bhandare,Harsh,Gajanan,5,"Direct Tax, Strategic Financial Management, Risk Management, Portfolio Management, Service Marketing, Media Planning and Management, Tourism Marketing, Customer Relationship Management, Logistics and supply chain management","Theory, Theory, Theory, Theory, Theory, Theory, Theory, Theory, Theory",Bachelor of Business Management,31010622006
siddhi.bora@somaiya.edu,Bora,Siddhi,Manoj,5,"Direct Tax, Strategic Financial Management, Risk Management, Portfolio Management, Service Marketing, Media Planning and Management, Tourism Marketing, Customer Relationship Management, Logistics and supply chain management","Theory, Theory, Theory, Theory, Theory, Theory, Theory, Theory, Theory",Bachelor of Business Management,31010622011
prem.c@somaiya.edu,Chaggani,Prem,A,5,"Direct Tax, Strategic Financial Management, Risk Management, Portfolio Management, Service Marketing, Media Planning and Management, Tourism Marketing, Customer Relationship Management, Logistics and supply chain management","Theory, Theory, Theory, Theory, Theory, Theory, Theory, Theory, Theory",Bachelor of Business Management,31010622012
jas.chandan@somaiya.edu,Chandan,Jas,Nirav,5,"Direct Tax, Strategic Financial Management, Risk Management, Portfolio Management, Service Marketing, Media Planning and Management, Tourism Marketing, Customer Relationship Management, Logistics and supply chain management","Theory, Theory, Theory, Theory, Theory, Theory, Theory, Theory, Theory",Bachelor of Business Management,31010622013
rishab.chopra@somaiya.edu,Chopra,Rishab,Sunil,5,"Direct Tax, Strategic Financial Management, Risk Management, Portfolio Management, Service Marketing, Media Planning and Management, Tourism Marketing, Customer Relationship Management, Logistics and supply chain management","Theory, Theory, Theory, Theory, Theory, Theory, Theory, Theory, Theory",Bachelor of Business Management,31010622019
vidhi.chotaliya@somaiya.edu,Chotaliya,Vidhi,Sachin,5,"Direct Tax, Strategic Financial Management, Risk Management, Portfolio Management, Service Marketing, Media Planning and Management, Tourism Marketing, Customer Relationship Management, Logistics and supply chain management","Theory, Theory, Theory, Theory, Theory, Theory, Theory, Theory, Theory",Bachelor of Business Management,31010622020
chanpreetkaur.c@somaiya.edu,Chouhan,Chanpreet,Kaur,5,"Direct Tax, Strategic Financial Management, Risk Management, Portfolio Management, Service Marketing, Media Planning and Management, Tourism Marketing, Customer Relationship Management, Logistics and supply chain management","Theory, Theory, Theory, Theory, Theory, Theory, Theory, Theory, Theory",Bachelor of Business Management,31010622021
vikram.dangi@somaiya.edu,Dangi,Vikram,Padam,5,"Direct Tax, Strategic Financial Management, Risk Management, Portfolio Management, Service Marketing, Media Planning and Management, Tourism Marketing, Customer Relationship Management, Logistics and supply chain management","Theory, Theory, Theory, Theory, Theory, Theory, Theory, Theory, Theory",Bachelor of Business Management,31010622023
shreenivas.d@somaiya.edu,Dani,Shreenivas,Sandeep,5,"Direct Tax, Strategic Financial Management, Risk Management, Portfolio Management, Service Marketing, Media Planning and Management, Tourism Marketing, Customer Relationship Management, Logistics and supply chain management","Theory, Theory, Theory, Theory, Theory, Theory, Theory, Theory, Theory",Bachelor of Business Management,31010622024
darshil.dedhia@somaiya.edu,Dedhia,Darshil,Haresh,5,"Direct Tax, Strategic Financial Management, Risk Management, Portfolio Management, Service Marketing, Media Planning and Management, Tourism Marketing, Customer Relationship Management, Logistics and supply chain management","Theory, Theory, Theory, Theory, Theory, Theory, Theory, Theory, Theory",Bachelor of Business Management,31010622025
urmi.md@somaiya.edu,Doshi,Urmi,Manish,5,"Direct Tax, Strategic Financial Management, Risk Management, Portfolio Management, Service Marketing, Media Planning and Management, Tourism Marketing, Customer Relationship Management, Logistics and supply chain management","Theory, Theory, Theory, Theory, Theory, Theory, Theory, Theory, Theory",Bachelor of Business Management,31010622026
nirag.g@somaiya.edu,Gandhi,Nirag,Vipul,5,"Direct Tax, Strategic Financial Management, Risk Management, Portfolio Management, Service Marketing, Media Planning and Management, Tourism Marketing, Customer Relationship Management, Logistics and supply chain management","Theory, Theory, Theory, Theory, Theory, Theory, Theory, Theory, Theory",Bachelor of Business Management,31010622029
siya.dg@somaiya.edu,Gandhi,Siya,Deven,5,"Direct Tax, Strategic Financial Management, Risk Management, Portfolio Management, Service Marketing, Media Planning and Management, Tourism Marketing, Customer Relationship Management, Logistics and supply chain management","Theory, Theory, Theory, Theory, Theory, Theory, Theory, Theory, Theory",Bachelor of Business Management,31010622030
s.gattani@somaiya.edu,Gattani,Sudhanshu,Pankaj,5,"Direct Tax, Strategic Financial Management, Risk Management, Portfolio Management, Service Marketing, Media Planning and Management, Tourism Marketing, Customer Relationship Management, Logistics and supply chain management","Theory, Theory, Theory, Theory, Theory, Theory, Theory, Theory, Theory",Bachelor of Business Management,31010622031
akshat.ghelani@somaiya.edu,Ghelani,Akshat,Nikhil,5,"Direct Tax, Strategic Financial Management, Risk Management, Portfolio Management, Service Marketing, Media Planning and Management, Tourism Marketing, Customer Relationship Management, Logistics and supply chain management","Theory, Theory, Theory, Theory, Theory, Theory, Theory, Theory, Theory",Bachelor of Business Management,31010622032
rayyan.g@somaiya.edu,Golandaz,Rayyan,Afzal,5,"Direct Tax, Strategic Financial Management, Risk Management, Portfolio Management, Service Marketing, Media Planning and Management, Tourism Marketing, Customer Relationship Management, Logistics and supply chain management","Theory, Theory, Theory, Theory, Theory, Theory, Theory, Theory, Theory",Bachelor of Business Management,31010622034
khushi.tg@somaiya.edu,Gosar,Khushi,Tejas,5,"Direct Tax, Strategic Financial Management, Risk Management, Portfolio Management, Service Marketing, Media Planning and Management, Tourism Marketing, Customer Relationship Management, Logistics and supply chain management","Theory, Theory, Theory, Theory, Theory, Theory, Theory, Theory, Theory",Bachelor of Business Management,31010622035
tirth.gudhka@somaiya.edu,Gudhka,Tirth,Anish,5,"Direct Tax, Strategic Financial Management, Risk Management, Portfolio Management, Service Marketing, Media Planning and Management, Tourism Marketing, Customer Relationship Management, Logistics and supply chain management","Theory, Theory, Theory, Theory, Theory, Theory, Theory, Theory, Theory",Bachelor of Business Management,31010622036
chirag.gundecha@somaiya.edu,Gundecha,Chirag,Vaibhav,5,"Direct Tax, Strategic Financial Management, Risk Management, Portfolio Management, Service Marketing, Media Planning and Management, Tourism Marketing, Customer Relationship Management, Logistics and supply chain management","Theory, Theory, Theory, Theory, Theory, Theory, Theory, Theory, Theory",Bachelor of Business Management,31010622037
akshat.jain1@somaiya.edu,Jain,Akshat,Shailesh,5,"Direct Tax, Strategic Financial Management, Risk Management, Portfolio Management, Service Marketing, Media Planning and Management, Tourism Marketing, Customer Relationship Management, Logistics and supply chain management","Theory, Theory, Theory, Theory, Theory, Theory, Theory, Theory, Theory",Bachelor of Business Management,31010622045
aryan.rj@somaiya.edu,Jain,Aryan,Rajesh,5,"Direct Tax, Strategic Financial Management, Risk Management, Portfolio Management, Service Marketing, Media Planning and Management, Tourism Marketing, Customer Relationship Management, Logistics and supply chain management","Theory, Theory, Theory, Theory, Theory, Theory, Theory, Theory, Theory",Bachelor of Business Management,31010622046
kushal.j@somaiya.edu,Jain,Kushal,Sanjay,5,"Direct Tax, Strategic Financial Management, Risk Management, Portfolio Management, Service Marketing, Media Planning and Management, Tourism Marketing, Customer Relationship Management, Logistics and supply chain management","Theory, Theory, Theory, Theory, Theory, Theory, Theory, Theory, Theory",Bachelor of Business Management,31010622050
lavish.jain@somaiya.edu,Jain,Lavish,Sudhir,5,"Direct Tax, Strategic Financial Management, Risk Management, Portfolio Management, Service Marketing, Media Planning and Management, Tourism Marketing, Customer Relationship Management, Logistics and supply chain management","Theory, Theory, Theory, Theory, Theory, Theory, Theory, Theory, Theory",Bachelor of Business Management,31010622051
a.jaiswal@somaiya.edu,Jaiswal,Ansh,Santosh,5,"Direct Tax, Strategic Financial Management, Risk Management, Portfolio Management, Service Marketing, Media Planning and Management, Tourism Marketing, Customer Relationship Management, Logistics and supply chain management","Theory, Theory, Theory, Theory, Theory, Theory, Theory, Theory, Theory",Bachelor of Business Management,31010622054
heet.kalariya@somaiya.edu,Kalariya,Heet,Narendra,5,"Direct Tax, Strategic Financial Management, Risk Management, Portfolio Management, Service Marketing, Media Planning and Management, Tourism Marketing, Customer Relationship Management, Logistics and supply chain management","Theory, Theory, Theory, Theory, Theory, Theory, Theory, Theory, Theory",Bachelor of Business Management,31010622060
arya.kamble@somaiya.edu,Kamble,Arya,Abhimanyu,5,"Direct Tax, Strategic Financial Management, Risk Management, Portfolio Management, Service Marketing, Media Planning and Management, Tourism Marketing, Customer Relationship Management, Logistics and supply chain management","Theory, Theory, Theory, Theory, Theory, Theory, Theory, Theory, Theory",Bachelor of Business Management,31010622062
dhruvi.kapadia@somaiya.edu,Kapadia,Dhruvi,Jayesh,5,"Direct Tax, Strategic Financial Management, Risk Management, Portfolio Management, Service Marketing, Media Planning and Management, Tourism Marketing, Customer Relationship Management, Logistics and supply chain management","Theory, Theory, Theory, Theory, Theory, Theory, Theory, Theory, Theory",Bachelor of Business Management,31010622063
om.katira@somaiya.edu,Katira,Om,Jayant,5,"Direct Tax, Strategic Financial Management, Risk Management, Portfolio Management, Service Marketing, Media Planning and Management, Tourism Marketing, Customer Relationship Management, Logistics and supply chain management","Theory, Theory, Theory, Theory, Theory, Theory, Theory, Theory, Theory",Bachelor of Business Management,31010622064
sahil.lk@somaiya.edu,Kothari,Sahil,Lalitkumar,5,"Direct Tax, Strategic Financial Management, Risk Management, Portfolio Management, Service Marketing, Media Planning and Management, Tourism Marketing, Customer Relationship Management, Logistics and supply chain management","Theory, Theory, Theory, Theory, Theory, Theory, Theory, Theory, Theory",Bachelor of Business Management,31010622071
hemant.kumbhar@somaiya.edu,Kumbhar,Hemant,Bhagwan,5,"Direct Tax, Strategic Financial Management, Risk Management, Portfolio Management, Service Marketing, Media Planning and Management, Tourism Marketing, Customer Relationship Management, Logistics and supply chain management","Theory, Theory, Theory, Theory, Theory, Theory, Theory, Theory, Theory",Bachelor of Business Management,31010622072
harshita.k@somaiya.edu,Kushwaha,Harshita,Ramapati,5,"Direct Tax, Strategic Financial Management, Risk Management, Portfolio Management, Service Marketing, Media Planning and Management, Tourism Marketing, Customer Relationship Management, Logistics and supply chain management","Theory, Theory, Theory, Theory, Theory, Theory, Theory, Theory, Theory",Bachelor of Business Management,31010622073
ruchie.l@somaiya.edu,Lathia,Ruchie,Prashant,5,"Direct Tax, Strategic Financial Management, Risk Management, Portfolio Management, Service Marketing, Media Planning and Management, Tourism Marketing, Customer Relationship Management, Logistics and supply chain management","Theory, Theory, Theory, Theory, Theory, Theory, Theory, Theory, Theory",Bachelor of Business Management,31010622075
ananya.l@somaiya.edu,Limaye,Ananya,Ashish,5,"Direct Tax, Strategic Financial Management, Risk Management, Portfolio Management, Service Marketing, Media Planning and Management, Tourism Marketing, Customer Relationship Management, Logistics and supply chain management","Theory, Theory, Theory, Theory, Theory, Theory, Theory, Theory, Theory",Bachelor of Business Management,31010622076
palak.lodha@somaiya.edu,Lodha,Palak,Mahesh,5,"Direct Tax, Strategic Financial Management, Risk Management, Portfolio Management, Service Marketing, Media Planning and Management, Tourism Marketing, Customer Relationship Management, Logistics and supply chain management","Theory, Theory, Theory, Theory, Theory, Theory, Theory, Theory, Theory",Bachelor of Business Management,31010622077
shaan.l@somaiya.edu,Lolayekar,Shaan,Sameer,5,"Direct Tax, Strategic Financial Management, Risk Management, Portfolio Management, Service Marketing, Media Planning and Management, Tourism Marketing, Customer Relationship Management, Logistics and supply chain management","Theory, Theory, Theory, Theory, Theory, Theory, Theory, Theory, Theory",Bachelor of Business Management,31010622078
abhishek.mahale@somaiya.edu,Mahale,Abhishek,Pravin,5,"Direct Tax, Strategic Financial Management, Risk Management, Portfolio Management, Service Marketing, Media Planning and Management, Tourism Marketing, Customer Relationship Management, Logistics and supply chain management","Theory, Theory, Theory, Theory, Theory, Theory, Theory, Theory, Theory",Bachelor of Business Management,31010622079
anshita.m@somaiya.edu,Maheshwari,Anshita,Ashok,5,"Direct Tax, Strategic Financial Management, Risk Management, Portfolio Management, Service Marketing, Media Planning and Management, Tourism Marketing, Customer Relationship Management, Logistics and supply chain management","Theory, Theory, Theory, Theory, Theory, Theory, Theory, Theory, Theory",Bachelor of Business Management,31010622080
bhaumik.m@somaiya.edu,Maisheri,Bhaumik,Nayan,5,"Direct Tax, Strategic Financial Management, Risk Management, Portfolio Management, Service Marketing, Media Planning and Management, Tourism Marketing, Customer Relationship Management, Logistics and supply chain management","Theory, Theory, Theory, Theory, Theory, Theory, Theory, Theory, Theory",Bachelor of Business Management,31010622081
dhruv.mane@somaiya.edu,Mane,Dhruv,Milind,5,"Direct Tax, Strategic Financial Management, Risk Management, Portfolio Management, Service Marketing, Media Planning and Management, Tourism Marketing, Customer Relationship Management, Logistics and supply chain management","Theory, Theory, Theory, Theory, Theory, Theory, Theory, Theory, Theory",Bachelor of Business Management,31010622082
anisha.marathe@somaiya.edu,Marathe,Anisha,Anand,5,"Direct Tax, Strategic Financial Management, Risk Management, Portfolio Management, Service Marketing, Media Planning and Management, Tourism Marketing, Customer Relationship Management, Logistics and supply chain management","Theory, Theory, Theory, Theory, Theory, Theory, Theory, Theory, Theory",Bachelor of Business Management,31010622083
pratham.maru@somaiya.edu,Maru,Pratham,Mahesh,5,"Direct Tax, Strategic Financial Management, Risk Management, Portfolio Management, Service Marketing, Media Planning and Management, Tourism Marketing, Customer Relationship Management, Logistics and supply chain management","Theory, Theory, Theory, Theory, Theory, Theory, Theory, Theory, Theory",Bachelor of Business Management,31010622084
dhvani17@somaiya.edu,Mehta,Dhvani,Mehul,5,"Direct Tax, Strategic Financial Management, Risk Management, Portfolio Management, Service Marketing, Media Planning and Management, Tourism Marketing, Customer Relationship Management, Logistics and supply chain management","Theory, Theory, Theory, Theory, Theory, Theory, Theory, Theory, Theory",Bachelor of Business Management,31010622087
kriti.mehta@somaiya.edu,Mehta,Kriti,Pranlal,5,"Direct Tax, Strategic Financial Management, Risk Management, Portfolio Management, Service Marketing, Media Planning and Management, Tourism Marketing, Customer Relationship Management, Logistics and supply chain management","Theory, Theory, Theory, Theory, Theory, Theory, Theory, Theory, Theory",Bachelor of Business Management,31010622088
simin.naik@somaiya.edu,Naik,Simin,Iftekhar,5,"Direct Tax, Strategic Financial Management, Risk Management, Portfolio Management, Service Marketing, Media Planning and Management, Tourism Marketing, Customer Relationship Management, Logistics and supply chain management","Theory, Theory, Theory, Theory, Theory, Theory, Theory, Theory, Theory",Bachelor of Business Management,31010622095
devesh.n@somaiya.edu,Nandanwar,Devesh,Naresh,5,"Direct Tax, Strategic Financial Management, Risk Management, Portfolio Management, Service Marketing, Media Planning and Management, Tourism Marketing, Customer Relationship Management, Logistics and supply chain management","Theory, Theory, Theory, Theory, Theory, Theory, Theory, Theory, Theory",Bachelor of Business Management,31010622096
harsh.pp@somaiya.edu,Pal,Harsh,Parmatmaram,5,"Direct Tax, Strategic Financial Management, Risk Management, Portfolio Management, Service Marketing, Media Planning and Management, Tourism Marketing, Customer Relationship Management, Logistics and supply chain management","Theory, Theory, Theory, Theory, Theory, Theory, Theory, Theory, Theory",Bachelor of Business Management,31010622097
harsh.patel@somaiya.edu,Patel,Harsh,Nilesh,5,"Direct Tax, Strategic Financial Management, Risk Management, Portfolio Management, Service Marketing, Media Planning and Management, Tourism Marketing, Customer Relationship Management, Logistics and supply chain management","Theory, Theory, Theory, Theory, Theory, Theory, Theory, Theory, Theory",Bachelor of Business Management,31010622099
kush.p@somaiya.edu,Patel,Kush,Damodar,5,"Direct Tax, Strategic Financial Management, Risk Management, Portfolio Management, Service Marketing, Media Planning and Management, Tourism Marketing, Customer Relationship Management, Logistics and supply chain management","Theory, Theory, Theory, Theory, Theory, Theory, Theory, Theory, Theory",Bachelor of Business Management,31010622102
soham.mp@somaiya.edu,Patil,Soham,Madhukar,5,"Direct Tax, Strategic Financial Management, Risk Management, Portfolio Management, Service Marketing, Media Planning and Management, Tourism Marketing, Customer Relationship Management, Logistics and supply chain management","Theory, Theory, Theory, Theory, Theory, Theory, Theory, Theory, Theory",Bachelor of Business Management,31010622105
jhalak.p@somaiya.edu,Pavani,Jhalak,Kirti,5,"Direct Tax, Strategic Financial Management, Risk Management, Portfolio Management, Service Marketing, Media Planning and Management, Tourism Marketing, Customer Relationship Management, Logistics and supply chain management","Theory, Theory, Theory, Theory, Theory, Theory, Theory, Theory, Theory",Bachelor of Business Management,31010622106
nirzari.pawar@somaiya.edu,Pawar,Nirzari,Vijay,5,"Direct Tax, Strategic Financial Management, Risk Management, Portfolio Management, Service Marketing, Media Planning and Management, Tourism Marketing, Customer Relationship Management, Logistics and supply chain management","Theory, Theory, Theory, Theory, Theory, Theory, Theory, Theory, Theory",Bachelor of Business Management,31010622107
somil.popat@somaiya.edu,Popat,Somil,Yogesh,5,"Direct Tax, Strategic Financial Management, Risk Management, Portfolio Management, Service Marketing, Media Planning and Management, Tourism Marketing, Customer Relationship Management, Logistics and supply chain management","Theory, Theory, Theory, Theory, Theory, Theory, Theory, Theory, Theory",Bachelor of Business Management,31010622109
dev.pujara@somaiya.edu,Pujara,Dev,Haresh,5,"Direct Tax, Strategic Financial Management, Risk Management, Portfolio Management, Service Marketing, Media Planning and Management, Tourism Marketing, Customer Relationship Management, Logistics and supply chain management","Theory, Theory, Theory, Theory, Theory, Theory, Theory, Theory, Theory",Bachelor of Business Management,31010622111
darshan.rajawat@somaiya.edu,Rajawat,Darshan,Hemant,5,"Direct Tax, Strategic Financial Management, Risk Management, Portfolio Management, Service Marketing, Media Planning and Management, Tourism Marketing, Customer Relationship Management, Logistics and supply chain management","Theory, Theory, Theory, Theory, Theory, Theory, Theory, Theory, Theory",Bachelor of Business Management,31010622113
rakshada.r@somaiya.edu,Rane,Rakshada,Ulhas,5,"Direct Tax, Strategic Financial Management, Risk Management, Portfolio Management, Service Marketing, Media Planning and Management, Tourism Marketing, Customer Relationship Management, Logistics and supply chain management","Theory, Theory, Theory, Theory, Theory, Theory, Theory, Theory, Theory",Bachelor of Business Management,31010622115
sahil.dr@somaiya.edu,Rao,Sahil,Deviprasad,5,"Direct Tax, Strategic Financial Management, Risk Management, Portfolio Management, Service Marketing, Media Planning and Management, Tourism Marketing, Customer Relationship Management, Logistics and supply chain management","Theory, Theory, Theory, Theory, Theory, Theory, Theory, Theory, Theory",Bachelor of Business Management,31010622116
jhanvi.r@somaiya.edu,Rathod,Jhanvi,Vinod,5,"Direct Tax, Strategic Financial Management, Risk Management, Portfolio Management, Service Marketing, Media Planning and Management, Tourism Marketing, Customer Relationship Management, Logistics and supply chain management","Theory, Theory, Theory, Theory, Theory, Theory, Theory, Theory, Theory",Bachelor of Business Management,31010622117
n.salecha@somaiya.edu,Salecha,Neeraj,Kumar,5,"Direct Tax, Strategic Financial Management, Risk Management, Portfolio Management, Service Marketing, Media Planning and Management, Tourism Marketing, Customer Relationship Management, Logistics and supply chain management","Theory, Theory, Theory, Theory, Theory, Theory, Theory, Theory, Theory",Bachelor of Business Management,31010622118
nigam.s@somaiya.edu,Sanghavi,Nigam,Paresh,5,"Direct Tax, Strategic Financial Management, Risk Management, Portfolio Management, Service Marketing, Media Planning and Management, Tourism Marketing, Customer Relationship Management, Logistics and supply chain management","Theory, Theory, Theory, Theory, Theory, Theory, Theory, Theory, Theory",Bachelor of Business Management,31010622119
anishi.shah@somaiya.edu,Shah,Anishi,Dipesh,5,"Direct Tax, Strategic Financial Management, Risk Management, Portfolio Management, Service Marketing, Media Planning and Management, Tourism Marketing, Customer Relationship Management, Logistics and supply chain management","Theory, Theory, Theory, Theory, Theory, Theory, Theory, Theory, Theory",Bachelor of Business Management,31010622122
avi.s@somaiya.edu,Shah,Avi,Nilesh,5,"Direct Tax, Strategic Financial Management, Risk Management, Portfolio Management, Service Marketing, Media Planning and Management, Tourism Marketing, Customer Relationship Management, Logistics and supply chain management","Theory, Theory, Theory, Theory, Theory, Theory, Theory, Theory, Theory",Bachelor of Business Management,31010622123
heet.shah4@somaiya.edu,Shah,Heet,Deepak,5,"Direct Tax, Strategic Financial Management, Risk Management, Portfolio Management, Service Marketing, Media Planning and Management, Tourism Marketing, Customer Relationship Management, Logistics and supply chain management","Theory, Theory, Theory, Theory, Theory, Theory, Theory, Theory, Theory",Bachelor of Business Management,31010622125
nidhi.shah7@somaiya.edu,Shah,Nidhi,Ajay,5,"Direct Tax, Strategic Financial Management, Risk Management, Portfolio Management, Service Marketing, Media Planning and Management, Tourism Marketing, Customer Relationship Management, Logistics and supply chain management","Theory, Theory, Theory, Theory, Theory, Theory, Theory, Theory, Theory",Bachelor of Business Management,31010622127
rvs2@somaiya.edu,Shah,Ronak,Vijay,5,"Direct Tax, Strategic Financial Management, Risk Management, Portfolio Management, Service Marketing, Media Planning and Management, Tourism Marketing, Customer Relationship Management, Logistics and supply chain management","Theory, Theory, Theory, Theory, Theory, Theory, Theory, Theory, Theory",Bachelor of Business Management,31010622128
shubh.ns@somaiya.edu,Shah,Shubh,Nayan,5,"Direct Tax, Strategic Financial Management, Risk Management, Portfolio Management, Service Marketing, Media Planning and Management, Tourism Marketing, Customer Relationship Management, Logistics and supply chain management","Theory, Theory, Theory, Theory, Theory, Theory, Theory, Theory, Theory",Bachelor of Business Management,31010622130
samina.s@somaiya.edu,Shaikh,Samina,Salim,5,"Direct Tax, Strategic Financial Management, Risk Management, Portfolio Management, Service Marketing, Media Planning and Management, Tourism Marketing, Customer Relationship Management, Logistics and supply chain management","Theory, Theory, Theory, Theory, Theory, Theory, Theory, Theory, Theory",Bachelor of Business Management,31010622132
shereen.s@somaiya.edu,Shaikh,Shereen,Hafizullah,5,"Direct Tax, Strategic Financial Management, Risk Management, Portfolio Management, Service Marketing, Media Planning and Management, Tourism Marketing, Customer Relationship Management, Logistics and supply chain management","Theory, Theory, Theory, Theory, Theory, Theory, Theory, Theory, Theory",Bachelor of Business Management,31010622133
trisha22@somaiya.edu,Sharma,Trisha,Vivek,5,"Direct Tax, Strategic Financial Management, Risk Management, Portfolio Management, Service Marketing, Media Planning and Management, Tourism Marketing, Customer Relationship Management, Logistics and supply chain management","Theory, Theory, Theory, Theory, Theory, Theory, Theory, Theory, Theory",Bachelor of Business Management,31010622135
ruchira.shedge@somaiya.edu,Shedge,Ruchira,Shashikant,5,"Direct Tax, Strategic Financial Management, Risk Management, Portfolio Management, Service Marketing, Media Planning and Management, Tourism Marketing, Customer Relationship Management, Logistics and supply chain management","Theory, Theory, Theory, Theory, Theory, Theory, Theory, Theory, Theory",Bachelor of Business Management,31010622136
rushil.shimpi@somaiya.edu,Shimpi,Rushil,Pravin,5,"Direct Tax, Strategic Financial Management, Risk Management, Portfolio Management, Service Marketing, Media Planning and Management, Tourism Marketing, Customer Relationship Management, Logistics and supply chain management","Theory, Theory, Theory, Theory, Theory, Theory, Theory, Theory, Theory",Bachelor of Business Management,31010622138
mohammad.s@somaiya.edu,Siddiqui,Mohammad,Safwan,5,"Direct Tax, Strategic Financial Management, Risk Management, Portfolio Management, Service Marketing, Media Planning and Management, Tourism Marketing, Customer Relationship Management, Logistics and supply chain management","Theory, Theory, Theory, Theory, Theory, Theory, Theory, Theory, Theory",Bachelor of Business Management,31010622140
kirti.singh@somaiya.edu,Singh,Kirti,Santosh,5,"Direct Tax, Strategic Financial Management, Risk Management, Portfolio Management, Service Marketing, Media Planning and Management, Tourism Marketing, Customer Relationship Management, Logistics and supply chain management","Theory, Theory, Theory, Theory, Theory, Theory, Theory, Theory, Theory",Bachelor of Business Management,31010622141
pooja.ms@somaiya.edu,Singh,Pooja,Mangal,5,"Direct Tax, Strategic Financial Management, Risk Management, Portfolio Management, Service Marketing, Media Planning and Management, Tourism Marketing, Customer Relationship Management, Logistics and supply chain management","Theory, Theory, Theory, Theory, Theory, Theory, Theory, Theory, Theory",Bachelor of Business Management,31010622142
kapil.sisodia@somaiya.edu,Sisodia,Kapil,Chetan,5,"Direct Tax, Strategic Financial Management, Risk Management, Portfolio Management, Service Marketing, Media Planning and Management, Tourism Marketing, Customer Relationship Management, Logistics and supply chain management","Theory, Theory, Theory, Theory, Theory, Theory, Theory, Theory, Theory",Bachelor of Business Management,31010622143
ayushi.sonar@somaiya.edu,Sonar,Ayushi,Sunil,5,"Direct Tax, Strategic Financial Management, Risk Management, Portfolio Management, Service Marketing, Media Planning and Management, Tourism Marketing, Customer Relationship Management, Logistics and supply chain management","Theory, Theory, Theory, Theory, Theory, Theory, Theory, Theory, Theory",Bachelor of Business Management,31010622145
sahil.gs@somaiya.edu,Soni,Sahil,Gulab,5,"Direct Tax, Strategic Financial Management, Risk Management, Portfolio Management, Service Marketing, Media Planning and Management, Tourism Marketing, Customer Relationship Management, Logistics and supply chain management","Theory, Theory, Theory, Theory, Theory, Theory, Theory, Theory, Theory",Bachelor of Business Management,31010622146
pracheta.s@somaiya.edu,Supal,Pracheta,Jaidev,5,"Direct Tax, Strategic Financial Management, Risk Management, Portfolio Management, Service Marketing, Media Planning and Management, Tourism Marketing, Customer Relationship Management, Logistics and supply chain management","Theory, Theory, Theory, Theory, Theory, Theory, Theory, Theory, Theory",Bachelor of Business Management,31010622147
rishabh.sureka@somaiya.edu,Sureka,Rishabh,Amit,5,"Direct Tax, Strategic Financial Management, Risk Management, Portfolio Management, Service Marketing, Media Planning and Management, Tourism Marketing, Customer Relationship Management, Logistics and supply chain management","Theory, Theory, Theory, Theory, Theory, Theory, Theory, Theory, Theory",Bachelor of Business Management,31010622149
sahil.suthar@somaiya.edu,Suthar,Sahil,Suresh,5,"Direct Tax, Strategic Financial Management, Risk Management, Portfolio Management, Service Marketing, Media Planning and Management, Tourism Marketing, Customer Relationship Management, Logistics and supply chain management","Theory, Theory, Theory, Theory, Theory, Theory, Theory, Theory, Theory",Bachelor of Business Management,31010622150
riya.tanna@somaiya.edu,Tanna,Riya,Bindesh,5,"Direct Tax, Strategic Financial Management, Risk Management, Portfolio Management, Service Marketing, Media Planning and Management, Tourism Marketing, Customer Relationship Management, Logistics and supply chain management","Theory, Theory, Theory, Theory, Theory, Theory, Theory, Theory, Theory",Bachelor of Business Management,31010622151
kashish.jt@somaiya.edu,Thakkar,Kashish,Jatin,5,"Direct Tax, Strategic Financial Management, Risk Management, Portfolio Management, Service Marketing, Media Planning and Management, Tourism Marketing, Customer Relationship Management, Logistics and supply chain management","Theory, Theory, Theory, Theory, Theory, Theory, Theory, Theory, Theory",Bachelor of Business Management,31010622152
r.thakkar@somaiya.edu,Thakkar,Rahul,Mukesh,5,"Direct Tax, Strategic Financial Management, Risk Management, Portfolio Management, Service Marketing, Media Planning and Management, Tourism Marketing, Customer Relationship Management, Logistics and supply chain management","Theory, Theory, Theory, Theory, Theory, Theory, Theory, Theory, Theory",Bachelor of Business Management,31010622153
disha.trivedi@somaiya.edu,Trivedi,Disha,Rajesh,5,"Direct Tax, Strategic Financial Management, Risk Management, Portfolio Management, Service Marketing, Media Planning and Management, Tourism Marketing, Customer Relationship Management, Logistics and supply chain management","Theory, Theory, Theory, Theory, Theory, Theory, Theory, Theory, Theory",Bachelor of Business Management,31010622154
aditi.umasare@somaiya.edu,Umasare,Aditi,Lavu,5,"Direct Tax, Strategic Financial Management, Risk Management, Portfolio Management, Service Marketing, Media Planning and Management, Tourism Marketing, Customer Relationship Management, Logistics and supply chain management","Theory, Theory, Theory, Theory, Theory, Theory, Theory, Theory, Theory",Bachelor of Business Management,31010622157
haresh.verat@somaiya.edu,Verat,Haresh,Ramesh,5,"Direct Tax, Strategic Financial Management, Risk Management, Portfolio Management, Service Marketing, Media Planning and Management, Tourism Marketing, Customer Relationship Management, Logistics and supply chain management","Theory, Theory, Theory, Theory, Theory, Theory, Theory, Theory, Theory",Bachelor of Business Management,31010622160
pratik.w@somaiya.edu,Warang,Pratik,Rajan,5,"Direct Tax, Strategic Financial Management, Risk Management, Portfolio Management, Service Marketing, Media Planning and Management, Tourism Marketing, Customer Relationship Management, Logistics and supply chain management","Theory, Theory, Theory, Theory, Theory, Theory, Theory, Theory, Theory",Bachelor of Business Management,31010622161
aditya.waykar@somaiya.edu,Waykar,Aditya,Rajendra,5,"Direct Tax, Strategic Financial Management, Risk Management, Portfolio Management, Service Marketing, Media Planning and Management, Tourism Marketing, Customer Relationship Management, Logistics and supply chain management","Theory, Theory, Theory, Theory, Theory, Theory, Theory, Theory, Theory",Bachelor of Business Management,31010622162
riya.yadav@somaiya.edu,Yadav,Riya,Gopi,5,"Direct Tax, Strategic Financial Management, Risk Management, Portfolio Management, Service Marketing, Media Planning and Management, Tourism Marketing, Customer Relationship Management, Logistics and supply chain management","Theory, Theory, Theory, Theory, Theory, Theory, Theory, Theory, Theory",Bachelor of Business Management,31010622163
aishwarya.ag@somaiya.edu,Ghorpade,Aishwarya,Anand,5,"Direct Tax, Strategic Financial Management, Risk Management, Portfolio Management, Service Marketing, Media Planning and Management, Tourism Marketing, Customer Relationship Management, Logistics and supply chain management","Theory, Theory, Theory, Theory, Theory, Theory, Theory, Theory, Theory",Bachelor of Business Management,31010622165
jaineel.patel@somaiya.edu,Patel,Jaineel,Ramesh,5,"Direct Tax, Strategic Financial Management, Risk Management, Portfolio Management, Service Marketing, Media Planning and Management, Tourism Marketing, Customer Relationship Management, Logistics and supply chain management","Theory, Theory, Theory, Theory, Theory, Theory, Theory, Theory, Theory",Bachelor of Business Management,31010622803
dev.agarwal@somaiya.edu,Agarwal,Dev,Sapna,1,"Financial Accounting I, Cost Accounting I, Corporate Finance I, Statistical Techniques and Logical Reasoning , Minor in Tax, Minor in Finance, Professional Communication Skill I, Constitution and Public Policy","Theory, Theory, Theory, Theory, Theory, Theory, Theory, Theory",Bachelor of Commerce (Accounting & Finance),31010224001
shlok.agarwal@somaiya.edu,Agarwal,Shlok,Bipin,1,"Financial Accounting I, Cost Accounting I, Corporate Finance I, Statistical Techniques and Logical Reasoning , Minor in Tax, Minor in Finance, Professional Communication Skill I, Constitution and Public Policy","Theory, Theory, Theory, Theory, Theory, Theory, Theory, Theory",Bachelor of Commerce (Accounting & Finance),31010224002
y.agarwal@somaiya.edu,Agarwal,Yash,Umesh,1,"Financial Accounting I, Cost Accounting I, Corporate Finance I, Statistical Techniques and Logical Reasoning , Minor in Tax, Minor in Finance, Professional Communication Skill I, Constitution and Public Policy","Theory, Theory, Theory, Theory, Theory, Theory, Theory, Theory",Bachelor of Commerce (Accounting & Finance),31010224003
janith.b@somaiya.edu,Barkur,Janith,Suresh,1,"Financial Accounting I, Cost Accounting I, Corporate Finance I, Statistical Techniques and Logical Reasoning , Minor in Tax, Minor in Finance, Professional Communication Skill I, Constitution and Public Policy","Theory, Theory, Theory, Theory, Theory, Theory, Theory, Theory",Bachelor of Commerce (Accounting & Finance),31010224006
santosh.behera@somaiya.edu,Behera,Santosh,Kumar,1,"Financial Accounting I, Cost Accounting I, Corporate Finance I, Statistical Techniques and Logical Reasoning , Minor in Tax, Minor in Finance, Professional Communication Skill I, Constitution and Public Policy","Theory, Theory, Theory, Theory, Theory, Theory, Theory, Theory",Bachelor of Commerce (Accounting & Finance),31010224007
tishya.b@somaiya.edu,Bhanushali,Tishya,Mahendra,1,"Financial Accounting I, Cost Accounting I, Corporate Finance I, Statistical Techniques and Logical Reasoning , Minor in Tax, Minor in Finance, Professional Communication Skill I, Constitution and Public Policy","Theory, Theory, Theory, Theory, Theory, Theory, Theory, Theory",Bachelor of Commerce (Accounting & Finance),31010224008
lavanya.bhoir@somaiya.edu,Bhoir,Lavanya,Rajesh,1,"Financial Accounting I, Cost Accounting I, Corporate Finance I, Statistical Techniques and Logical Reasoning , Minor in Tax, Minor in Finance, Professional Communication Skill I, Constitution and Public Policy","Theory, Theory, Theory, Theory, Theory, Theory, Theory, Theory",Bachelor of Commerce (Accounting & Finance),31010224009
v.chandekar@somaiya.edu,Chandekar,Vishwajit,Jitendra,1,"Financial Accounting I, Cost Accounting I, Corporate Finance I, Statistical Techniques and Logical Reasoning , Minor in Tax, Minor in Finance, Professional Communication Skill I, Constitution and Public Policy","Theory, Theory, Theory, Theory, Theory, Theory, Theory, Theory",Bachelor of Commerce (Accounting & Finance),31010224012
atharva.yc@somaiya.edu,Chavan,Atharva,Yogesh,1,"Financial Accounting I, Cost Accounting I, Corporate Finance I, Statistical Techniques and Logical Reasoning , Minor in Tax, Minor in Finance, Professional Communication Skill I, Constitution and Public Policy","Theory, Theory, Theory, Theory, Theory, Theory, Theory, Theory",Bachelor of Commerce (Accounting & Finance),31010224014
hriday.c@somaiya.edu,Chheda,Hriday,Bhavesh,1,"Financial Accounting I, Cost Accounting I, Corporate Finance I, Statistical Techniques and Logical Reasoning , Minor in Tax, Minor in Finance, Professional Communication Skill I, Constitution and Public Policy","Theory, Theory, Theory, Theory, Theory, Theory, Theory, Theory",Bachelor of Commerce (Accounting & Finance),31010224015
aliasgar.d@somaiya.edu,Dahodwalaa,Aliasgar,Mohammad,1,"Financial Accounting I, Cost Accounting I, Corporate Finance I, Statistical Techniques and Logical Reasoning , Minor in Tax, Minor in Finance, Professional Communication Skill I, Constitution and Public Policy","Theory, Theory, Theory, Theory, Theory, Theory, Theory, Theory",Bachelor of Commerce (Accounting & Finance),31010224016
ujjaini.d@somaiya.edu,Dalvi,Ujjaini,Subhash,1,"Financial Accounting I, Cost Accounting I, Corporate Finance I, Statistical Techniques and Logical Reasoning , Minor in Tax, Minor in Finance, Professional Communication Skill I, Constitution and Public Policy","Theory, Theory, Theory, Theory, Theory, Theory, Theory, Theory",Bachelor of Commerce (Accounting & Finance),31010224017
himanshi.d@somaiya.edu,Dargar,Himanshi,Jitesh,1,"Financial Accounting I, Cost Accounting I, Corporate Finance I, Statistical Techniques and Logical Reasoning , Minor in Tax, Minor in Finance, Professional Communication Skill I, Constitution and Public Policy","Theory, Theory, Theory, Theory, Theory, Theory, Theory, Theory",Bachelor of Commerce (Accounting & Finance),31010224018
p.darji@somaiya.edu,Darji,Parth,Jaswant,1,"Financial Accounting I, Cost Accounting I, Corporate Finance I, Statistical Techniques and Logical Reasoning , Minor in Tax, Minor in Finance, Professional Communication Skill I, Constitution and Public Policy","Theory, Theory, Theory, Theory, Theory, Theory, Theory, Theory",Bachelor of Commerce (Accounting & Finance),31010224019
krish.dhanesha@somaiya.edu,Dhanesha,Krish,Ramesh,1,"Financial Accounting I, Cost Accounting I, Corporate Finance I, Statistical Techniques and Logical Reasoning , Minor in Tax, Minor in Finance, Professional Communication Skill I, Constitution and Public Policy","Theory, Theory, Theory, Theory, Theory, Theory, Theory, Theory",Bachelor of Commerce (Accounting & Finance),31010224020
mayuri.dongre@somaiya.edu,Dongre,Mayuri,Nilesh,1,"Financial Accounting I, Cost Accounting I, Corporate Finance I, Statistical Techniques and Logical Reasoning , Minor in Tax, Minor in Finance, Professional Communication Skill I, Constitution and Public Policy","Theory, Theory, Theory, Theory, Theory, Theory, Theory, Theory",Bachelor of Commerce (Accounting & Finance),31010224021
a.duragkar@somaiya.edu,Duragkar,Anuradha,Sanjay,1,"Financial Accounting I, Cost Accounting I, Corporate Finance I, Statistical Techniques and Logical Reasoning , Minor in Tax, Minor in Finance, Professional Communication Skill I, Constitution and Public Policy","Theory, Theory, Theory, Theory, Theory, Theory, Theory, Theory",Bachelor of Commerce (Accounting & Finance),31010224023
sumedh.rg@somaiya.edu,Gaikwad,Sumedh,Rahul,1,"Financial Accounting I, Cost Accounting I, Corporate Finance I, Statistical Techniques and Logical Reasoning , Minor in Tax, Minor in Finance, Professional Communication Skill I, Constitution and Public Policy","Theory, Theory, Theory, Theory, Theory, Theory, Theory, Theory",Bachelor of Commerce (Accounting & Finance),31010224024
niti.ganatra@somaiya.edu,Ganatra,Niti,Milind,1,"Financial Accounting I, Cost Accounting I, Corporate Finance I, Statistical Techniques and Logical Reasoning , Minor in Tax, Minor in Finance, Professional Communication Skill I, Constitution and Public Policy","Theory, Theory, Theory, Theory, Theory, Theory, Theory, Theory",Bachelor of Commerce (Accounting & Finance),31010224026
aangi.g@somaiya.edu,Gandhi,Aangi,Parag,1,"Financial Accounting I, Cost Accounting I, Corporate Finance I, Statistical Techniques and Logical Reasoning , Minor in Tax, Minor in Finance, Professional Communication Skill I, Constitution and Public Policy","Theory, Theory, Theory, Theory, Theory, Theory, Theory, Theory",Bachelor of Commerce (Accounting & Finance),31010224027
raveena.gehlot@somaiya.edu,Gehlot,Raveena,Shivlal,1,"Financial Accounting I, Cost Accounting I, Corporate Finance I, Statistical Techniques and Logical Reasoning , Minor in Tax, Minor in Finance, Professional Communication Skill I, Constitution and Public Policy","Theory, Theory, Theory, Theory, Theory, Theory, Theory, Theory",Bachelor of Commerce (Accounting & Finance),31010224028
kartavya.gholap@somaiya.edu,Gholap,Kartavya,Sunil,1,"Financial Accounting I, Cost Accounting I, Corporate Finance I, Statistical Techniques and Logical Reasoning , Minor in Tax, Minor in Finance, Professional Communication Skill I, Constitution and Public Policy","Theory, Theory, Theory, Theory, Theory, Theory, Theory, Theory",Bachelor of Commerce (Accounting & Finance),31010224030
sia.gori@somaiya.edu,Gori,Sia,Sachin,1,"Financial Accounting I, Cost Accounting I, Corporate Finance I, Statistical Techniques and Logical Reasoning , Minor in Tax, Minor in Finance, Professional Communication Skill I, Constitution and Public Policy","Theory, Theory, Theory, Theory, Theory, Theory, Theory, Theory",Bachelor of Commerce (Accounting & Finance),31010224031
gehna.gupta@somaiya.edu,Gupta,Gehna,Aditya,1,"Financial Accounting I, Cost Accounting I, Corporate Finance I, Statistical Techniques and Logical Reasoning , Minor in Tax, Minor in Finance, Professional Communication Skill I, Constitution and Public Policy","Theory, Theory, Theory, Theory, Theory, Theory, Theory, Theory",Bachelor of Commerce (Accounting & Finance),31010224033
shweta09@somaiya.edu,Gupta,Shweta,Ashok,1,"Financial Accounting I, Cost Accounting I, Corporate Finance I, Statistical Techniques and Logical Reasoning , Minor in Tax, Minor in Finance, Professional Communication Skill I, Constitution and Public Policy","Theory, Theory, Theory, Theory, Theory, Theory, Theory, Theory",Bachelor of Commerce (Accounting & Finance),31010224034
r.iyer@somaiya.edu,Iyer,Rishi,Sanjay,1,"Financial Accounting I, Cost Accounting I, Corporate Finance I, Statistical Techniques and Logical Reasoning , Minor in Tax, Minor in Finance, Professional Communication Skill I, Constitution and Public Policy","Theory, Theory, Theory, Theory, Theory, Theory, Theory, Theory",Bachelor of Commerce (Accounting & Finance),31010224036
aadi.j@somaiya.edu,Jain,Aadi,Jitu,1,"Financial Accounting I, Cost Accounting I, Corporate Finance I, Statistical Techniques and Logical Reasoning , Minor in Tax, Minor in Finance, Professional Communication Skill I, Constitution and Public Policy","Theory, Theory, Theory, Theory, Theory, Theory, Theory, Theory",Bachelor of Commerce (Accounting & Finance),31010224037
devesh.jj@somaiya.edu,Jain,Devesh,Jayesh,1,"Financial Accounting I, Cost Accounting I, Corporate Finance I, Statistical Techniques and Logical Reasoning , Minor in Tax, Minor in Finance, Professional Communication Skill I, Constitution and Public Policy","Theory, Theory, Theory, Theory, Theory, Theory, Theory, Theory",Bachelor of Commerce (Accounting & Finance),31010224038
gunjal.jain@somaiya.edu,Jain,Gunjal,Jayesh,1,"Financial Accounting I, Cost Accounting I, Corporate Finance I, Statistical Techniques and Logical Reasoning , Minor in Tax, Minor in Finance, Professional Communication Skill I, Constitution and Public Policy","Theory, Theory, Theory, Theory, Theory, Theory, Theory, Theory",Bachelor of Commerce (Accounting & Finance),31010224039
hinal.j@somaiya.edu,Jain,Hinal,Mukesh,1,"Financial Accounting I, Cost Accounting I, Corporate Finance I, Statistical Techniques and Logical Reasoning , Minor in Tax, Minor in Finance, Professional Communication Skill I, Constitution and Public Policy","Theory, Theory, Theory, Theory, Theory, Theory, Theory, Theory",Bachelor of Commerce (Accounting & Finance),31010224040
jainam.dj@somaiya.edu,Jain,Jainam,Devendra,1,"Financial Accounting I, Cost Accounting I, Corporate Finance I, Statistical Techniques and Logical Reasoning , Minor in Tax, Minor in Finance, Professional Communication Skill I, Constitution and Public Policy","Theory, Theory, Theory, Theory, Theory, Theory, Theory, Theory",Bachelor of Commerce (Accounting & Finance),31010224041
kartik.jain@somaiya.edu,Jain,Kartik,Manoj,1,"Financial Accounting I, Cost Accounting I, Corporate Finance I, Statistical Techniques and Logical Reasoning , Minor in Tax, Minor in Finance, Professional Communication Skill I, Constitution and Public Policy","Theory, Theory, Theory, Theory, Theory, Theory, Theory, Theory",Bachelor of Commerce (Accounting & Finance),31010224042
kreena.jain@somaiya.edu,Jain,Kreena,Suresh,1,"Financial Accounting I, Cost Accounting I, Corporate Finance I, Statistical Techniques and Logical Reasoning , Minor in Tax, Minor in Finance, Professional Communication Skill I, Constitution and Public Policy","Theory, Theory, Theory, Theory, Theory, Theory, Theory, Theory",Bachelor of Commerce (Accounting & Finance),31010224043
mukti.jain@somaiya.edu,Jain,Mukti,Chandraprakash,1,"Financial Accounting I, Cost Accounting I, Corporate Finance I, Statistical Techniques and Logical Reasoning , Minor in Tax, Minor in Finance, Professional Communication Skill I, Constitution and Public Policy","Theory, Theory, Theory, Theory, Theory, Theory, Theory, Theory",Bachelor of Commerce (Accounting & Finance),31010224045
priya.jain@somaiya.edu,Jain,Priya,Nilesh,1,"Financial Accounting I, Cost Accounting I, Corporate Finance I, Statistical Techniques and Logical Reasoning , Minor in Tax, Minor in Finance, Professional Communication Skill I, Constitution and Public Policy","Theory, Theory, Theory, Theory, Theory, Theory, Theory, Theory",Bachelor of Commerce (Accounting & Finance),31010224046
tulika.jain@somaiya.edu,Jain,Tulika,Kirtikumar,1,"Financial Accounting I, Cost Accounting I, Corporate Finance I, Statistical Techniques and Logical Reasoning , Minor in Tax, Minor in Finance, Professional Communication Skill I, Constitution and Public Policy","Theory, Theory, Theory, Theory, Theory, Theory, Theory, Theory",Bachelor of Commerce (Accounting & Finance),31010224047
yug.jaiswal@somaiya.edu,Jaiswal,Yug,Rakesh,1,"Financial Accounting I, Cost Accounting I, Corporate Finance I, Statistical Techniques and Logical Reasoning , Minor in Tax, Minor in Finance, Professional Communication Skill I, Constitution and Public Policy","Theory, Theory, Theory, Theory, Theory, Theory, Theory, Theory",Bachelor of Commerce (Accounting & Finance),31010224048
neil.kabra@somaiya.edu,Kabra,Neil,Shailesh,1,"Financial Accounting I, Cost Accounting I, Corporate Finance I, Statistical Techniques and Logical Reasoning , Minor in Tax, Minor in Finance, Professional Communication Skill I, Constitution and Public Policy","Theory, Theory, Theory, Theory, Theory, Theory, Theory, Theory",Bachelor of Commerce (Accounting & Finance),31010224049
manan.kachhara@somaiya.edu,Kachhara,Manan,Pravin,1,"Financial Accounting I, Cost Accounting I, Corporate Finance I, Statistical Techniques and Logical Reasoning , Minor in Tax, Minor in Finance, Professional Communication Skill I, Constitution and Public Policy","Theory, Theory, Theory, Theory, Theory, Theory, Theory, Theory",Bachelor of Commerce (Accounting & Finance),31010224050
mehul.karia@somaiya.edu,Karia,Mehul,Bhavesh,1,"Financial Accounting I, Cost Accounting I, Corporate Finance I, Statistical Techniques and Logical Reasoning , Minor in Tax, Minor in Finance, Professional Communication Skill I, Constitution and Public Policy","Theory, Theory, Theory, Theory, Theory, Theory, Theory, Theory",Bachelor of Commerce (Accounting & Finance),31010224051
altamash.nk@somaiya.edu,Khan,Altamash,Nousad,1,"Financial Accounting I, Cost Accounting I, Corporate Finance I, Statistical Techniques and Logical Reasoning , Minor in Tax, Minor in Finance, Professional Communication Skill I, Constitution and Public Policy","Theory, Theory, Theory, Theory, Theory, Theory, Theory, Theory",Bachelor of Commerce (Accounting & Finance),31010224052
rehan.ik@somaiya.edu,Khan,Rehan,Imran,1,"Financial Accounting I, Cost Accounting I, Corporate Finance I, Statistical Techniques and Logical Reasoning , Minor in Tax, Minor in Finance, Professional Communication Skill I, Constitution and Public Policy","Theory, Theory, Theory, Theory, Theory, Theory, Theory, Theory",Bachelor of Commerce (Accounting & Finance),31010224053
pushpak.k@somaiya.edu,Kolambe,Pushpak,Anil,1,"Financial Accounting I, Cost Accounting I, Corporate Finance I, Statistical Techniques and Logical Reasoning , Minor in Tax, Minor in Finance, Professional Communication Skill I, Constitution and Public Policy","Theory, Theory, Theory, Theory, Theory, Theory, Theory, Theory",Bachelor of Commerce (Accounting & Finance),31010224054
s.kothari@somaiya.edu,Kothari,Siddharth,Mukesh,1,"Financial Accounting I, Cost Accounting I, Corporate Finance I, Statistical Techniques and Logical Reasoning , Minor in Tax, Minor in Finance, Professional Communication Skill I, Constitution and Public Policy","Theory, Theory, Theory, Theory, Theory, Theory, Theory, Theory",Bachelor of Commerce (Accounting & Finance),31010224056
arvind.kumavat@somaiya.edu,Kumavat,Arvind,Bhawarlal,1,"Financial Accounting I, Cost Accounting I, Corporate Finance I, Statistical Techniques and Logical Reasoning , Minor in Tax, Minor in Finance, Professional Communication Skill I, Constitution and Public Policy","Theory, Theory, Theory, Theory, Theory, Theory, Theory, Theory",Bachelor of Commerce (Accounting & Finance),31010224057
ikranoor.k@somaiya.edu,Kureshi,Ikranoor,Iliyas,1,"Financial Accounting I, Cost Accounting I, Corporate Finance I, Statistical Techniques and Logical Reasoning , Minor in Tax, Minor in Finance, Professional Communication Skill I, Constitution and Public Policy","Theory, Theory, Theory, Theory, Theory, Theory, Theory, Theory",Bachelor of Commerce (Accounting & Finance),31010224058
siddharth.majhi@somaiya.edu,Majhi,Siddharth,Ramesh,1,"Financial Accounting I, Cost Accounting I, Corporate Finance I, Statistical Techniques and Logical Reasoning , Minor in Tax, Minor in Finance, Professional Communication Skill I, Constitution and Public Policy","Theory, Theory, Theory, Theory, Theory, Theory, Theory, Theory",Bachelor of Commerce (Accounting & Finance),31010224059
arya.maniar@somaiya.edu,Maniar,Arya,Navin,1,"Financial Accounting I, Cost Accounting I, Corporate Finance I, Statistical Techniques and Logical Reasoning , Minor in Tax, Minor in Finance, Professional Communication Skill I, Constitution and Public Policy","Theory, Theory, Theory, Theory, Theory, Theory, Theory, Theory",Bachelor of Commerce (Accounting & Finance),31010224061
hem.maru@somaiya.edu,Maru,Hem,Jayesh,1,"Financial Accounting I, Cost Accounting I, Corporate Finance I, Statistical Techniques and Logical Reasoning , Minor in Tax, Minor in Finance, Professional Communication Skill I, Constitution and Public Policy","Theory, Theory, Theory, Theory, Theory, Theory, Theory, Theory",Bachelor of Commerce (Accounting & Finance),31010224063
khushi.meghani@somaiya.edu,Meghani,Khushi,Suresh,1,"Financial Accounting I, Cost Accounting I, Corporate Finance I, Statistical Techniques and Logical Reasoning , Minor in Tax, Minor in Finance, Professional Communication Skill I, Constitution and Public Policy","Theory, Theory, Theory, Theory, Theory, Theory, Theory, Theory",Bachelor of Commerce (Accounting & Finance),31010224066
pearl.mehta@somaiya.edu,Mehta,Pearl,Kaushik,1,"Financial Accounting I, Cost Accounting I, Corporate Finance I, Statistical Techniques and Logical Reasoning , Minor in Tax, Minor in Finance, Professional Communication Skill I, Constitution and Public Policy","Theory, Theory, Theory, Theory, Theory, Theory, Theory, Theory",Bachelor of Commerce (Accounting & Finance),31010224067
kimberly.m@somaiya.edu,Menezes,Kimberly,Lourdes,1,"Financial Accounting I, Cost Accounting I, Corporate Finance I, Statistical Techniques and Logical Reasoning , Minor in Tax, Minor in Finance, Professional Communication Skill I, Constitution and Public Policy","Theory, Theory, Theory, Theory, Theory, Theory, Theory, Theory",Bachelor of Commerce (Accounting & Finance),31010224068
dsm@somaiya.edu,Mishra,Dhruv,Sheshmani,1,"Financial Accounting I, Cost Accounting I, Corporate Finance I, Statistical Techniques and Logical Reasoning , Minor in Tax, Minor in Finance, Professional Communication Skill I, Constitution and Public Policy","Theory, Theory, Theory, Theory, Theory, Theory, Theory, Theory",Bachelor of Commerce (Accounting & Finance),31010224069
harshita.mittal@somaiya.edu,Mittal,Harshita,Mittal,1,"Financial Accounting I, Cost Accounting I, Corporate Finance I, Statistical Techniques and Logical Reasoning , Minor in Tax, Minor in Finance, Professional Communication Skill I, Constitution and Public Policy","Theory, Theory, Theory, Theory, Theory, Theory, Theory, Theory",Bachelor of Commerce (Accounting & Finance),31010224071
ananya.nadar@somaiya.edu,Nadar,Ananya,Jayaprakash,1,"Financial Accounting I, Cost Accounting I, Corporate Finance I, Statistical Techniques and Logical Reasoning , Minor in Tax, Minor in Finance, Professional Communication Skill I, Constitution and Public Policy","Theory, Theory, Theory, Theory, Theory, Theory, Theory, Theory",Bachelor of Commerce (Accounting & Finance),31010224072
udipta.nath@somaiya.edu,Nath,Udipta,Manoranjan,1,"Financial Accounting I, Cost Accounting I, Corporate Finance I, Statistical Techniques and Logical Reasoning , Minor in Tax, Minor in Finance, Professional Communication Skill I, Constitution and Public Policy","Theory, Theory, Theory, Theory, Theory, Theory, Theory, Theory",Bachelor of Commerce (Accounting & Finance),31010224074
bhagya.p@somaiya.edu,Patel,Bhagya,Narottam,1,"Financial Accounting I, Cost Accounting I, Corporate Finance I, Statistical Techniques and Logical Reasoning , Minor in Tax, Minor in Finance, Professional Communication Skill I, Constitution and Public Policy","Theory, Theory, Theory, Theory, Theory, Theory, Theory, Theory",Bachelor of Commerce (Accounting & Finance),31010224075
patel.hp@somaiya.edu,Patel,Harsh,Pankaj,1,"Financial Accounting I, Cost Accounting I, Corporate Finance I, Statistical Techniques and Logical Reasoning , Minor in Tax, Minor in Finance, Professional Communication Skill I, Constitution and Public Policy","Theory, Theory, Theory, Theory, Theory, Theory, Theory, Theory",Bachelor of Commerce (Accounting & Finance),31010224076
heer.p@somaiya.edu,Patel,Heer,Yogesh,1,"Financial Accounting I, Cost Accounting I, Corporate Finance I, Statistical Techniques and Logical Reasoning , Minor in Tax, Minor in Finance, Professional Communication Skill I, Constitution and Public Policy","Theory, Theory, Theory, Theory, Theory, Theory, Theory, Theory",Bachelor of Commerce (Accounting & Finance),31010224077
hem.pp@somaiya.edu,Patel,Hem,Pankaj,1,"Financial Accounting I, Cost Accounting I, Corporate Finance I, Statistical Techniques and Logical Reasoning , Minor in Tax, Minor in Finance, Professional Communication Skill I, Constitution and Public Policy","Theory, Theory, Theory, Theory, Theory, Theory, Theory, Theory",Bachelor of Commerce (Accounting & Finance),31010224078
jiah.patel@somaiya.edu,Patel,Jiah,Bipin,1,"Financial Accounting I, Cost Accounting I, Corporate Finance I, Statistical Techniques and Logical Reasoning , Minor in Tax, Minor in Finance, Professional Communication Skill I, Constitution and Public Policy","Theory, Theory, Theory, Theory, Theory, Theory, Theory, Theory",Bachelor of Commerce (Accounting & Finance),31010224079
nomita.patel@somaiya.edu,Patel,Nomita,Mayur,1,"Financial Accounting I, Cost Accounting I, Corporate Finance I, Statistical Techniques and Logical Reasoning , Minor in Tax, Minor in Finance, Professional Communication Skill I, Constitution and Public Policy","Theory, Theory, Theory, Theory, Theory, Theory, Theory, Theory",Bachelor of Commerce (Accounting & Finance),31010224080
ved.yp@somaiya.edu,Patel,Ved,Yogesh,1,"Financial Accounting I, Cost Accounting I, Corporate Finance I, Statistical Techniques and Logical Reasoning , Minor in Tax, Minor in Finance, Professional Communication Skill I, Constitution and Public Policy","Theory, Theory, Theory, Theory, Theory, Theory, Theory, Theory",Bachelor of Commerce (Accounting & Finance),31010224081
aryan.mr@somaiya.edu,Raut,Aryan,Mahesh,1,"Financial Accounting I, Cost Accounting I, Corporate Finance I, Statistical Techniques and Logical Reasoning , Minor in Tax, Minor in Finance, Professional Communication Skill I, Constitution and Public Policy","Theory, Theory, Theory, Theory, Theory, Theory, Theory, Theory",Bachelor of Commerce (Accounting & Finance),31010224083
harshita.r@somaiya.edu,Ravaria,Harshita,Karshan,1,"Financial Accounting I, Cost Accounting I, Corporate Finance I, Statistical Techniques and Logical Reasoning , Minor in Tax, Minor in Finance, Professional Communication Skill I, Constitution and Public Policy","Theory, Theory, Theory, Theory, Theory, Theory, Theory, Theory",Bachelor of Commerce (Accounting & Finance),31010224084
vansh.s@somaiya.edu,Sachade,Vansh,Anil,1,"Financial Accounting I, Cost Accounting I, Corporate Finance I, Statistical Techniques and Logical Reasoning , Minor in Tax, Minor in Finance, Professional Communication Skill I, Constitution and Public Policy","Theory, Theory, Theory, Theory, Theory, Theory, Theory, Theory",Bachelor of Commerce (Accounting & Finance),31010224086
viraal.s@somaiya.edu,Sachade,Viraal,Anil,1,"Financial Accounting I, Cost Accounting I, Corporate Finance I, Statistical Techniques and Logical Reasoning , Minor in Tax, Minor in Finance, Professional Communication Skill I, Constitution and Public Policy","Theory, Theory, Theory, Theory, Theory, Theory, Theory, Theory",Bachelor of Commerce (Accounting & Finance),31010224087
gauri.s@somaiya.edu,Sakpal,Gauri,Mahesh,1,"Financial Accounting I, Cost Accounting I, Corporate Finance I, Statistical Techniques and Logical Reasoning , Minor in Tax, Minor in Finance, Professional Communication Skill I, Constitution and Public Policy","Theory, Theory, Theory, Theory, Theory, Theory, Theory, Theory",Bachelor of Commerce (Accounting & Finance),31010224088
deep.saraogi@somaiya.edu,Saraogi,Deep,Ashok,1,"Financial Accounting I, Cost Accounting I, Corporate Finance I, Statistical Techniques and Logical Reasoning , Minor in Tax, Minor in Finance, Professional Communication Skill I, Constitution and Public Policy","Theory, Theory, Theory, Theory, Theory, Theory, Theory, Theory",Bachelor of Commerce (Accounting & Finance),31010224090
hasti.s@somaiya.edu,Savla,Hasti,Yatin,1,"Financial Accounting I, Cost Accounting I, Corporate Finance I, Statistical Techniques and Logical Reasoning , Minor in Tax, Minor in Finance, Professional Communication Skill I, Constitution and Public Policy","Theory, Theory, Theory, Theory, Theory, Theory, Theory, Theory",Bachelor of Commerce (Accounting & Finance),31010224091
aesha.shah@somaiya.edu,Shah,Aesha,Viral,1,"Financial Accounting I, Cost Accounting I, Corporate Finance I, Statistical Techniques and Logical Reasoning , Minor in Tax, Minor in Finance, Professional Communication Skill I, Constitution and Public Policy","Theory, Theory, Theory, Theory, Theory, Theory, Theory, Theory",Bachelor of Commerce (Accounting & Finance),31010224092
meet.gs@somaiya.edu,Shah,Meet,Girish,1,"Financial Accounting I, Cost Accounting I, Corporate Finance I, Statistical Techniques and Logical Reasoning , Minor in Tax, Minor in Finance, Professional Communication Skill I, Constitution and Public Policy","Theory, Theory, Theory, Theory, Theory, Theory, Theory, Theory",Bachelor of Commerce (Accounting & Finance),31010224093
nidhi.shah@somaiya.edu,Shah,Nidhi,Dipesh,1,"Financial Accounting I, Cost Accounting I, Corporate Finance I, Statistical Techniques and Logical Reasoning , Minor in Tax, Minor in Finance, Professional Communication Skill I, Constitution and Public Policy","Theory, Theory, Theory, Theory, Theory, Theory, Theory, Theory",Bachelor of Commerce (Accounting & Finance),31010224094
ras@somaiya.edu,Shah,Rishi,Ashwin,1,"Financial Accounting I, Cost Accounting I, Corporate Finance I, Statistical Techniques and Logical Reasoning , Minor in Tax, Minor in Finance, Professional Communication Skill I, Constitution and Public Policy","Theory, Theory, Theory, Theory, Theory, Theory, Theory, Theory",Bachelor of Commerce (Accounting & Finance),31010224095
vps@somaiya.edu,Shah,Vidhi,Pintu,1,"Financial Accounting I, Cost Accounting I, Corporate Finance I, Statistical Techniques and Logical Reasoning , Minor in Tax, Minor in Finance, Professional Communication Skill I, Constitution and Public Policy","Theory, Theory, Theory, Theory, Theory, Theory, Theory, Theory",Bachelor of Commerce (Accounting & Finance),31010224096
yashvi.shah3@somaiya.edu,Shah,Yashvi,Mehul,1,"Financial Accounting I, Cost Accounting I, Corporate Finance I, Statistical Techniques and Logical Reasoning , Minor in Tax, Minor in Finance, Professional Communication Skill I, Constitution and Public Policy","Theory, Theory, Theory, Theory, Theory, Theory, Theory, Theory",Bachelor of Commerce (Accounting & Finance),31010224097
gaurav.shetty@somaiya.edu,Shetty,Gaurav,Sudhakar,1,"Financial Accounting I, Cost Accounting I, Corporate Finance I, Statistical Techniques and Logical Reasoning , Minor in Tax, Minor in Finance, Professional Communication Skill I, Constitution and Public Policy","Theory, Theory, Theory, Theory, Theory, Theory, Theory, Theory",Bachelor of Commerce (Accounting & Finance),31010224098
ayush.shinde1@somaiya.edu,Shinde,Ayush,Dinesh,1,"Financial Accounting I, Cost Accounting I, Corporate Finance I, Statistical Techniques and Logical Reasoning , Minor in Tax, Minor in Finance, Professional Communication Skill I, Constitution and Public Policy","Theory, Theory, Theory, Theory, Theory, Theory, Theory, Theory",Bachelor of Commerce (Accounting & Finance),31010224099
bhargav.shinde@somaiya.edu,Shinde,Bhargav,Atul,1,"Financial Accounting I, Cost Accounting I, Corporate Finance I, Statistical Techniques and Logical Reasoning , Minor in Tax, Minor in Finance, Professional Communication Skill I, Constitution and Public Policy","Theory, Theory, Theory, Theory, Theory, Theory, Theory, Theory",Bachelor of Commerce (Accounting & Finance),31010224100
sbs3@somaiya.edu,Shinde,Sakshi,Balasaheb,1,"Financial Accounting I, Cost Accounting I, Corporate Finance I, Statistical Techniques and Logical Reasoning , Minor in Tax, Minor in Finance, Professional Communication Skill I, Constitution and Public Policy","Theory, Theory, Theory, Theory, Theory, Theory, Theory, Theory",Bachelor of Commerce (Accounting & Finance),31010224101
solanki.mh@somaiya.edu,Solanki,Manav,Himmat,1,"Financial Accounting I, Cost Accounting I, Corporate Finance I, Statistical Techniques and Logical Reasoning , Minor in Tax, Minor in Finance, Professional Communication Skill I, Constitution and Public Policy","Theory, Theory, Theory, Theory, Theory, Theory, Theory, Theory",Bachelor of Commerce (Accounting & Finance),31010224104
jeet.at@somaiya.edu,Thakkar,Jeet,Ashish,1,"Financial Accounting I, Cost Accounting I, Corporate Finance I, Statistical Techniques and Logical Reasoning , Minor in Tax, Minor in Finance, Professional Communication Skill I, Constitution and Public Policy","Theory, Theory, Theory, Theory, Theory, Theory, Theory, Theory",Bachelor of Commerce (Accounting & Finance),31010224105
shlok.kt@somaiya.edu,Thakkar,Shlok,Kashyap,1,"Financial Accounting I, Cost Accounting I, Corporate Finance I, Statistical Techniques and Logical Reasoning , Minor in Tax, Minor in Finance, Professional Communication Skill I, Constitution and Public Policy","Theory, Theory, Theory, Theory, Theory, Theory, Theory, Theory",Bachelor of Commerce (Accounting & Finance),31010224106
nidhi.turakhia@somaiya.edu,Turakhia,Nidhi,Viral,1,"Financial Accounting I, Cost Accounting I, Corporate Finance I, Statistical Techniques and Logical Reasoning , Minor in Tax, Minor in Finance, Professional Communication Skill I, Constitution and Public Policy","Theory, Theory, Theory, Theory, Theory, Theory, Theory, Theory",Bachelor of Commerce (Accounting & Finance),31010224107
vihaan.ule@somaiya.edu,Ule,Vihaan,Nitin,1,"Financial Accounting I, Cost Accounting I, Corporate Finance I, Statistical Techniques and Logical Reasoning , Minor in Tax, Minor in Finance, Professional Communication Skill I, Constitution and Public Policy","Theory, Theory, Theory, Theory, Theory, Theory, Theory, Theory",Bachelor of Commerce (Accounting & Finance),31010224108
urvil.v@somaiya.edu,Vadsola,Urvil,Narendra,1,"Financial Accounting I, Cost Accounting I, Corporate Finance I, Statistical Techniques and Logical Reasoning , Minor in Tax, Minor in Finance, Professional Communication Skill I, Constitution and Public Policy","Theory, Theory, Theory, Theory, Theory, Theory, Theory, Theory",Bachelor of Commerce (Accounting & Finance),31010224109
ayush.vaity@somaiya.edu,Vaity,Ayush,Mahendra,1,"Financial Accounting I, Cost Accounting I, Corporate Finance I, Statistical Techniques and Logical Reasoning , Minor in Tax, Minor in Finance, Professional Communication Skill I, Constitution and Public Policy","Theory, Theory, Theory, Theory, Theory, Theory, Theory, Theory",Bachelor of Commerce (Accounting & Finance),31010224110
hardik.vaviya@somaiya.edu,Vaviya,Hardik,Vashran,1,"Financial Accounting I, Cost Accounting I, Corporate Finance I, Statistical Techniques and Logical Reasoning , Minor in Tax, Minor in Finance, Professional Communication Skill I, Constitution and Public Policy","Theory, Theory, Theory, Theory, Theory, Theory, Theory, Theory",Bachelor of Commerce (Accounting & Finance),31010224111
r.vora@somaiya.edu,Vora,Riya,Parag,1,"Financial Accounting I, Cost Accounting I, Corporate Finance I, Statistical Techniques and Logical Reasoning , Minor in Tax, Minor in Finance, Professional Communication Skill I, Constitution and Public Policy","Theory, Theory, Theory, Theory, Theory, Theory, Theory, Theory",Bachelor of Commerce (Accounting & Finance),31010224112
manav.w@somaiya.edu,Waghmare,Manav,Satish,1,"Financial Accounting I, Cost Accounting I, Corporate Finance I, Statistical Techniques and Logical Reasoning , Minor in Tax, Minor in Finance, Professional Communication Skill I, Constitution and Public Policy","Theory, Theory, Theory, Theory, Theory, Theory, Theory, Theory",Bachelor of Commerce (Accounting & Finance),31010224113
khp1@somaiya.edu,Patel,Krishna,Haresh,1,"Financial Accounting I, Cost Accounting I, Corporate Finance I, Statistical Techniques and Logical Reasoning , Minor in Tax, Minor in Finance, Professional Communication Skill I, Constitution and Public Policy","Theory, Theory, Theory, Theory, Theory, Theory, Theory, Theory",Bachelor of Commerce (Accounting & Finance),31010224116
teesha.sejpal@somaiya.edu,Sejpal,Teesha,Hitesh,1,"Financial Accounting I, Cost Accounting I, Corporate Finance I, Statistical Techniques and Logical Reasoning , Minor in Tax, Minor in Finance, Professional Communication Skill I, Constitution and Public Policy","Theory, Theory, Theory, Theory, Theory, Theory, Theory, Theory",Bachelor of Commerce (Accounting & Finance),31010224117
vida.jain@somaiya.edu,Jain,Vida,Mukesh,1,"Financial Accounting I, Cost Accounting I, Corporate Finance I, Statistical Techniques and Logical Reasoning , Minor in Tax, Minor in Finance, Professional Communication Skill I, Constitution and Public Policy","Theory, Theory, Theory, Theory, Theory, Theory, Theory, Theory",Bachelor of Commerce (Accounting & Finance),31010224119
krisha.kothari@somaiya.edu,Kothari,Krisha,Lalitkumar,1,"Financial Accounting I, Cost Accounting I, Corporate Finance I, Statistical Techniques and Logical Reasoning , Minor in Tax, Minor in Finance, Professional Communication Skill I, Constitution and Public Policy","Theory, Theory, Theory, Theory, Theory, Theory, Theory, Theory",Bachelor of Commerce (Accounting & Finance),31010224121
sweetykumari.s@somaiya.edu,Saw,Sweety,Kumari,1,"Financial Accounting I, Cost Accounting I, Corporate Finance I, Statistical Techniques and Logical Reasoning , Minor in Tax, Minor in Finance, Professional Communication Skill I, Constitution and Public Policy","Theory, Theory, Theory, Theory, Theory, Theory, Theory, Theory",Bachelor of Commerce (Accounting & Finance),31010224124
sejal.sawant@somaiya.edu,Sawant,Sejal,Vijay,1,"Financial Accounting I, Cost Accounting I, Corporate Finance I, Statistical Techniques and Logical Reasoning , Minor in Tax, Minor in Finance, Professional Communication Skill I, Constitution and Public Policy","Theory, Theory, Theory, Theory, Theory, Theory, Theory, Theory",Bachelor of Commerce (Accounting & Finance),31010224125
rohit.sy@somaiya.edu,Yadav,Rohit,Surendra,1,"Financial Accounting I, Cost Accounting I, Corporate Finance I, Statistical Techniques and Logical Reasoning , Minor in Tax, Minor in Finance, Professional Communication Skill I, Constitution and Public Policy","Theory, Theory, Theory, Theory, Theory, Theory, Theory, Theory",Bachelor of Commerce (Accounting & Finance),31010224126
drashti.a@somaiya.edu,Anawadia,Drashti,Nilesh,3,"Taxation I, Cost and Management Accounting , Corporate Accounting I , Cost and Management Accounting, Professional Communication Skill III, Equity and Debt Markets, Strategic Management, Corporate Accounting I, Equity and Debt Market","Theory, Theory, Theory, Theory, Theory, Theory, Theory, Theory, Theory",Bachelor of Commerce (Accounting & Finance),31010223001
diya.anchan@somaiya.edu,Anchan,Diya,Ashok,3,"Taxation I, Cost and Management Accounting , Corporate Accounting I , Cost and Management Accounting, Professional Communication Skill III, Equity and Debt Markets, Strategic Management, Corporate Accounting I, Equity and Debt Market","Theory, Theory, Theory, Theory, Theory, Theory, Theory, Theory, Theory",Bachelor of Commerce (Accounting & Finance),31010223002
kinjal.bangera@somaiya.edu,Bangera,Kinjal,Vittalkumar,3,"Taxation I, Cost and Management Accounting , Corporate Accounting I , Cost and Management Accounting, Professional Communication Skill III, Equity and Debt Markets, Strategic Management, Corporate Accounting I, Equity and Debt Market","Theory, Theory, Theory, Theory, Theory, Theory, Theory, Theory, Theory",Bachelor of Commerce (Accounting & Finance),31010223003
harsidhi.b@somaiya.edu,Bhadra,Harsidhi,Valji,3,"Taxation I, Cost and Management Accounting , Corporate Accounting I , Cost and Management Accounting, Professional Communication Skill III, Equity and Debt Markets, Strategic Management, Corporate Accounting I, Equity and Debt Market","Theory, Theory, Theory, Theory, Theory, Theory, Theory, Theory, Theory",Bachelor of Commerce (Accounting & Finance),31010223004
malhar.b@somaiya.edu,Bhalerao,Malhar,Sanjay,3,"Taxation I, Cost and Management Accounting , Corporate Accounting I , Cost and Management Accounting, Professional Communication Skill III, Equity and Debt Markets, Strategic Management, Corporate Accounting I, Equity and Debt Market","Theory, Theory, Theory, Theory, Theory, Theory, Theory, Theory, Theory",Bachelor of Commerce (Accounting & Finance),31010223005
aarya.vb@somaiya.edu,Bhanushali,Aarya,Vasant,3,"Taxation I, Cost and Management Accounting , Corporate Accounting I , Cost and Management Accounting, Professional Communication Skill III, Equity and Debt Markets, Strategic Management, Corporate Accounting I, Equity and Debt Market","Theory, Theory, Theory, Theory, Theory, Theory, Theory, Theory, Theory",Bachelor of Commerce (Accounting & Finance),31010223006
mohit.bhanushali@somaiya.edu,Bhanushali,Mohit,Pankaj,3,"Taxation I, Cost and Management Accounting , Corporate Accounting I , Cost and Management Accounting, Professional Communication Skill III, Equity and Debt Markets, Strategic Management, Corporate Accounting I, Equity and Debt Market","Theory, Theory, Theory, Theory, Theory, Theory, Theory, Theory, Theory",Bachelor of Commerce (Accounting & Finance),31010223007
purva.bhostekar@somaiya.edu,Bhostekar,Purva,Uttam,3,"Taxation I, Cost and Management Accounting , Corporate Accounting I , Cost and Management Accounting, Professional Communication Skill III, Equity and Debt Markets, Strategic Management, Corporate Accounting I, Equity and Debt Market","Theory, Theory, Theory, Theory, Theory, Theory, Theory, Theory, Theory",Bachelor of Commerce (Accounting & Finance),31010223009
vc1@somaiya.edu,Chauhan,Vidhika,Vijaysingh,3,"Taxation I, Cost and Management Accounting , Corporate Accounting I , Cost and Management Accounting, Professional Communication Skill III, Equity and Debt Markets, Strategic Management, Corporate Accounting I, Equity and Debt Market","Theory, Theory, Theory, Theory, Theory, Theory, Theory, Theory, Theory",Bachelor of Commerce (Accounting & Finance),31010223012
dhwani.chhajed@somaiya.edu,Chhajed,Dhwani,Rajendrakumar,3,"Taxation I, Cost and Management Accounting , Corporate Accounting I , Cost and Management Accounting, Professional Communication Skill III, Equity and Debt Markets, Strategic Management, Corporate Accounting I, Equity and Debt Market","Theory, Theory, Theory, Theory, Theory, Theory, Theory, Theory, Theory",Bachelor of Commerce (Accounting & Finance),31010223013
meet.dedhia3@somaiya.edu,Dedhia,Meet,Nilesh,3,"Taxation I, Cost and Management Accounting , Corporate Accounting I , Cost and Management Accounting, Professional Communication Skill III, Equity and Debt Markets, Strategic Management, Corporate Accounting I, Equity and Debt Market","Theory, Theory, Theory, Theory, Theory, Theory, Theory, Theory, Theory",Bachelor of Commerce (Accounting & Finance),31010223015
randeep.d@somaiya.edu,Dhillon,Randeep,Omkar,3,"Taxation I, Cost and Management Accounting , Corporate Accounting I , Cost and Management Accounting, Professional Communication Skill III, Equity and Debt Markets, Strategic Management, Corporate Accounting I, Equity and Debt Market","Theory, Theory, Theory, Theory, Theory, Theory, Theory, Theory, Theory",Bachelor of Commerce (Accounting & Finance),31010223016
rashi.dhokia@somaiya.edu,Dhokia,Rashi,Girish,3,"Taxation I, Cost and Management Accounting , Corporate Accounting I , Cost and Management Accounting, Professional Communication Skill III, Equity and Debt Markets, Strategic Management, Corporate Accounting I, Equity and Debt Market","Theory, Theory, Theory, Theory, Theory, Theory, Theory, Theory, Theory",Bachelor of Commerce (Accounting & Finance),31010223017
hrd@somaiya.edu,Doshi,Harshil,Ravi,3,"Taxation I, Cost and Management Accounting , Corporate Accounting I , Cost and Management Accounting, Professional Communication Skill III, Equity and Debt Markets, Strategic Management, Corporate Accounting I, Equity and Debt Market","Theory, Theory, Theory, Theory, Theory, Theory, Theory, Theory, Theory",Bachelor of Commerce (Accounting & Finance),31010223018
meet.gajjar@somaiya.edu,Gajjar,Meet,Bimal,3,"Taxation I, Cost and Management Accounting , Corporate Accounting I , Cost and Management Accounting, Professional Communication Skill III, Equity and Debt Markets, Strategic Management, Corporate Accounting I, Equity and Debt Market","Theory, Theory, Theory, Theory, Theory, Theory, Theory, Theory, Theory",Bachelor of Commerce (Accounting & Finance),31010223021
kinjal.godhania@somaiya.edu,Godhania,Kinjal,Vijay,3,"Taxation I, Cost and Management Accounting , Corporate Accounting I , Cost and Management Accounting, Professional Communication Skill III, Equity and Debt Markets, Strategic Management, Corporate Accounting I, Equity and Debt Market","Theory, Theory, Theory, Theory, Theory, Theory, Theory, Theory, Theory",Bachelor of Commerce (Accounting & Finance),31010223023
gosrani.rm@somaiya.edu,Gosrani,Rashi,Mehul,3,"Taxation I, Cost and Management Accounting , Corporate Accounting I , Cost and Management Accounting, Professional Communication Skill III, Equity and Debt Markets, Strategic Management, Corporate Accounting I, Equity and Debt Market","Theory, Theory, Theory, Theory, Theory, Theory, Theory, Theory, Theory",Bachelor of Commerce (Accounting & Finance),31010223024
aankita.g@somaiya.edu,Gupta,Aankita,Ashapal,3,"Taxation I, Cost and Management Accounting , Corporate Accounting I , Cost and Management Accounting, Professional Communication Skill III, Equity and Debt Markets, Strategic Management, Corporate Accounting I, Equity and Debt Market","Theory, Theory, Theory, Theory, Theory, Theory, Theory, Theory, Theory",Bachelor of Commerce (Accounting & Finance),31010223026
ang@somaiya.edu,Gupta,Aditya,Naresh,3,"Taxation I, Cost and Management Accounting , Corporate Accounting I , Cost and Management Accounting, Professional Communication Skill III, Equity and Debt Markets, Strategic Management, Corporate Accounting I, Equity and Debt Market","Theory, Theory, Theory, Theory, Theory, Theory, Theory, Theory, Theory",Bachelor of Commerce (Accounting & Finance),31010223027
dhruv.sh@somaiya.edu,Haria,Dhruv,Sandip,3,"Taxation I, Cost and Management Accounting , Corporate Accounting I , Cost and Management Accounting, Professional Communication Skill III, Equity and Debt Markets, Strategic Management, Corporate Accounting I, Equity and Debt Market","Theory, Theory, Theory, Theory, Theory, Theory, Theory, Theory, Theory",Bachelor of Commerce (Accounting & Finance),31010223028
shravani.sj@somaiya.edu,Jadhav,Shravani,Sagar,3,"Taxation I, Cost and Management Accounting , Corporate Accounting I , Cost and Management Accounting, Professional Communication Skill III, Equity and Debt Markets, Strategic Management, Corporate Accounting I, Equity and Debt Market","Theory, Theory, Theory, Theory, Theory, Theory, Theory, Theory, Theory",Bachelor of Commerce (Accounting & Finance),31010223032
yash.jagadale@somaiya.edu,Jagadale,Yash,Shyam,3,"Taxation I, Cost and Management Accounting , Corporate Accounting I , Cost and Management Accounting, Professional Communication Skill III, Equity and Debt Markets, Strategic Management, Corporate Accounting I, Equity and Debt Market","Theory, Theory, Theory, Theory, Theory, Theory, Theory, Theory, Theory",Bachelor of Commerce (Accounting & Finance),31010223033
akshata.jagasia@somaiya.edu,Jagasia,Akshata,Bharat,3,"Taxation I, Cost and Management Accounting , Corporate Accounting I , Cost and Management Accounting, Professional Communication Skill III, Equity and Debt Markets, Strategic Management, Corporate Accounting I, Equity and Debt Market","Theory, Theory, Theory, Theory, Theory, Theory, Theory, Theory, Theory",Bachelor of Commerce (Accounting & Finance),31010223034
bhoomi.sj@somaiya.edu,Jain,Bhoomi,Sanjay,3,"Taxation I, Cost and Management Accounting , Corporate Accounting I , Cost and Management Accounting, Professional Communication Skill III, Equity and Debt Markets, Strategic Management, Corporate Accounting I, Equity and Debt Market","Theory, Theory, Theory, Theory, Theory, Theory, Theory, Theory, Theory",Bachelor of Commerce (Accounting & Finance),31010223036
kavish.hj@somaiya.edu,Jain,Kavish,Hasmukh,3,"Taxation I, Cost and Management Accounting , Corporate Accounting I , Cost and Management Accounting, Professional Communication Skill III, Equity and Debt Markets, Strategic Management, Corporate Accounting I, Equity and Debt Market","Theory, Theory, Theory, Theory, Theory, Theory, Theory, Theory, Theory",Bachelor of Commerce (Accounting & Finance),31010223038
raj.sj@somaiya.edu,Jain,Raj,Sanjay,3,"Taxation I, Cost and Management Accounting , Corporate Accounting I , Cost and Management Accounting, Professional Communication Skill III, Equity and Debt Markets, Strategic Management, Corporate Accounting I, Equity and Debt Market","Theory, Theory, Theory, Theory, Theory, Theory, Theory, Theory, Theory",Bachelor of Commerce (Accounting & Finance),31010223041
rhythm.j@somaiya.edu,Jain,Rhythm,Vijay,3,"Taxation I, Cost and Management Accounting , Corporate Accounting I , Cost and Management Accounting, Professional Communication Skill III, Equity and Debt Markets, Strategic Management, Corporate Accounting I, Equity and Debt Market","Theory, Theory, Theory, Theory, Theory, Theory, Theory, Theory, Theory",Bachelor of Commerce (Accounting & Finance),31010223042
zeal.jain@somaiya.edu,Jain,Zeal,Pankaj,3,"Taxation I, Cost and Management Accounting , Corporate Accounting I , Cost and Management Accounting, Professional Communication Skill III, Equity and Debt Markets, Strategic Management, Corporate Accounting I, Equity and Debt Market","Theory, Theory, Theory, Theory, Theory, Theory, Theory, Theory, Theory",Bachelor of Commerce (Accounting & Finance),31010223045
mansi.jaiswar@somaiya.edu,Jaiswar,Mansi,Santosh,3,"Taxation I, Cost and Management Accounting , Corporate Accounting I , Cost and Management Accounting, Professional Communication Skill III, Equity and Debt Markets, Strategic Management, Corporate Accounting I, Equity and Debt Market","Theory, Theory, Theory, Theory, Theory, Theory, Theory, Theory, Theory",Bachelor of Commerce (Accounting & Finance),31010223046
jishnav.k@somaiya.edu,Karia,Jishnav,Nishant,3,"Taxation I, Cost and Management Accounting , Corporate Accounting I , Cost and Management Accounting, Professional Communication Skill III, Equity and Debt Markets, Strategic Management, Corporate Accounting I, Equity and Debt Market","Theory, Theory, Theory, Theory, Theory, Theory, Theory, Theory, Theory",Bachelor of Commerce (Accounting & Finance),31010223048
fakhar.k@somaiya.edu,Kasmani,Fakhar,Anwar,3,"Taxation I, Cost and Management Accounting , Corporate Accounting I , Cost and Management Accounting, Professional Communication Skill III, Equity and Debt Markets, Strategic Management, Corporate Accounting I, Equity and Debt Market","Theory, Theory, Theory, Theory, Theory, Theory, Theory, Theory, Theory",Bachelor of Commerce (Accounting & Finance),31010223049
saanvi.khamitkar@somaiya.edu,Khamitkar,Saanvi,Mahesh,3,"Taxation I, Cost and Management Accounting , Corporate Accounting I , Cost and Management Accounting, Professional Communication Skill III, Equity and Debt Markets, Strategic Management, Corporate Accounting I, Equity and Debt Market","Theory, Theory, Theory, Theory, Theory, Theory, Theory, Theory, Theory",Bachelor of Commerce (Accounting & Finance),31010223052
kvina.l@somaiya.edu,Lakhani,Kvina,Tushar,3,"Taxation I, Cost and Management Accounting , Corporate Accounting I , Cost and Management Accounting, Professional Communication Skill III, Equity and Debt Markets, Strategic Management, Corporate Accounting I, Equity and Debt Market","Theory, Theory, Theory, Theory, Theory, Theory, Theory, Theory, Theory",Bachelor of Commerce (Accounting & Finance),31010223054
bhavaya.m@somaiya.edu,Maheshwari,Bhavaya,Bhupesh,3,"Taxation I, Cost and Management Accounting , Corporate Accounting I , Cost and Management Accounting, Professional Communication Skill III, Equity and Debt Markets, Strategic Management, Corporate Accounting I, Equity and Debt Market","Theory, Theory, Theory, Theory, Theory, Theory, Theory, Theory, Theory",Bachelor of Commerce (Accounting & Finance),31010223056
tarun.makwana@somaiya.edu,Makwana,Tarun,Deepak,3,"Taxation I, Cost and Management Accounting , Corporate Accounting I , Cost and Management Accounting, Professional Communication Skill III, Equity and Debt Markets, Strategic Management, Corporate Accounting I, Equity and Debt Market","Theory, Theory, Theory, Theory, Theory, Theory, Theory, Theory, Theory",Bachelor of Commerce (Accounting & Finance),31010223057
ganesh.malhi@somaiya.edu,Malhi,Ganesh,Shankar,3,"Taxation I, Cost and Management Accounting , Corporate Accounting I , Cost and Management Accounting, Professional Communication Skill III, Equity and Debt Markets, Strategic Management, Corporate Accounting I, Equity and Debt Market","Theory, Theory, Theory, Theory, Theory, Theory, Theory, Theory, Theory",Bachelor of Commerce (Accounting & Finance),31010223058
devanshi.dm@somaiya.edu,Mehta,Devanshi,Devendra,3,"Taxation I, Cost and Management Accounting , Corporate Accounting I , Cost and Management Accounting, Professional Communication Skill III, Equity and Debt Markets, Strategic Management, Corporate Accounting I, Equity and Debt Market","Theory, Theory, Theory, Theory, Theory, Theory, Theory, Theory, Theory",Bachelor of Commerce (Accounting & Finance),31010223061
krisha.km@somaiya.edu,Mehta,Krisha,Kapil,3,"Taxation I, Cost and Management Accounting , Corporate Accounting I , Cost and Management Accounting, Professional Communication Skill III, Equity and Debt Markets, Strategic Management, Corporate Accounting I, Equity and Debt Market","Theory, Theory, Theory, Theory, Theory, Theory, Theory, Theory, Theory",Bachelor of Commerce (Accounting & Finance),31010223062
manav.mehta3@somaiya.edu,Mehta,Manav,Sachin,3,"Taxation I, Cost and Management Accounting , Corporate Accounting I , Cost and Management Accounting, Professional Communication Skill III, Equity and Debt Markets, Strategic Management, Corporate Accounting I, Equity and Debt Market","Theory, Theory, Theory, Theory, Theory, Theory, Theory, Theory, Theory",Bachelor of Commerce (Accounting & Finance),31010223063
mehta.sj@somaiya.edu,Mehta,Sakshi,Jatin,3,"Taxation I, Cost and Management Accounting , Corporate Accounting I , Cost and Management Accounting, Professional Communication Skill III, Equity and Debt Markets, Strategic Management, Corporate Accounting I, Equity and Debt Market","Theory, Theory, Theory, Theory, Theory, Theory, Theory, Theory, Theory",Bachelor of Commerce (Accounting & Finance),31010223064
ishan.modi@somaiya.edu,Modi,Ishan,Mahesh,3,"Taxation I, Cost and Management Accounting , Corporate Accounting I , Cost and Management Accounting, Professional Communication Skill III, Equity and Debt Markets, Strategic Management, Corporate Accounting I, Equity and Debt Market","Theory, Theory, Theory, Theory, Theory, Theory, Theory, Theory, Theory",Bachelor of Commerce (Accounting & Finance),31010223065
ansari.mohdfahim@somaiya.edu,Ansari,Saminaz,Mohammed,3,"Taxation I, Cost and Management Accounting , Corporate Accounting I , Cost and Management Accounting, Professional Communication Skill III, Equity and Debt Markets, Strategic Management, Corporate Accounting I, Equity and Debt Market","Theory, Theory, Theory, Theory, Theory, Theory, Theory, Theory, Theory",Bachelor of Commerce (Accounting & Finance),31010223066
ansarikaifinaz.m@somaiya.edu,Ansari,Kaifinaz,Mohd,3,"Taxation I, Cost and Management Accounting , Corporate Accounting I , Cost and Management Accounting, Professional Communication Skill III, Equity and Debt Markets, Strategic Management, Corporate Accounting I, Equity and Debt Market","Theory, Theory, Theory, Theory, Theory, Theory, Theory, Theory, Theory",Bachelor of Commerce (Accounting & Finance),31010223067
krrish.nadar@somaiya.edu,Nadar,Krrish,Satyakumar,3,"Taxation I, Cost and Management Accounting , Corporate Accounting I , Cost and Management Accounting, Professional Communication Skill III, Equity and Debt Markets, Strategic Management, Corporate Accounting I, Equity and Debt Market","Theory, Theory, Theory, Theory, Theory, Theory, Theory, Theory, Theory",Bachelor of Commerce (Accounting & Finance),31010223069
vansh.nagda@somaiya.edu,Nagda,Vansh,Rohan,3,"Taxation I, Cost and Management Accounting , Corporate Accounting I , Cost and Management Accounting, Professional Communication Skill III, Equity and Debt Markets, Strategic Management, Corporate Accounting I, Equity and Debt Market","Theory, Theory, Theory, Theory, Theory, Theory, Theory, Theory, Theory",Bachelor of Commerce (Accounting & Finance),31010223070
paramveer.p@somaiya.edu,Pabla,Paramveer,Singh,3,"Taxation I, Cost and Management Accounting , Corporate Accounting I , Cost and Management Accounting, Professional Communication Skill III, Equity and Debt Markets, Strategic Management, Corporate Accounting I, Equity and Debt Market","Theory, Theory, Theory, Theory, Theory, Theory, Theory, Theory, Theory",Bachelor of Commerce (Accounting & Finance),31010223073
niharika.pai@somaiya.edu,Pai,Niharika,Nitin,3,"Taxation I, Cost and Management Accounting , Corporate Accounting I , Cost and Management Accounting, Professional Communication Skill III, Equity and Debt Markets, Strategic Management, Corporate Accounting I, Equity and Debt Market","Theory, Theory, Theory, Theory, Theory, Theory, Theory, Theory, Theory",Bachelor of Commerce (Accounting & Finance),31010223074
jatan.p@somaiya.edu,Pandya,Jatan,Vipul,3,"Taxation I, Cost and Management Accounting , Corporate Accounting I , Cost and Management Accounting, Professional Communication Skill III, Equity and Debt Markets, Strategic Management, Corporate Accounting I, Equity and Debt Market","Theory, Theory, Theory, Theory, Theory, Theory, Theory, Theory, Theory",Bachelor of Commerce (Accounting & Finance),31010223076
patel.da@somaiya.edu,Patel,Dheer,Anil,3,"Taxation I, Cost and Management Accounting , Corporate Accounting I , Cost and Management Accounting, Professional Communication Skill III, Equity and Debt Markets, Strategic Management, Corporate Accounting I, Equity and Debt Market","Theory, Theory, Theory, Theory, Theory, Theory, Theory, Theory, Theory",Bachelor of Commerce (Accounting & Finance),31010223078
hvp4@somaiya.edu,Patel,Harsh,Vasant,3,"Taxation I, Cost and Management Accounting , Corporate Accounting I , Cost and Management Accounting, Professional Communication Skill III, Equity and Debt Markets, Strategic Management, Corporate Accounting I, Equity and Debt Market","Theory, Theory, Theory, Theory, Theory, Theory, Theory, Theory, Theory",Bachelor of Commerce (Accounting & Finance),31010223079
arna.patil@somaiya.edu,Patil,Arna,Nikhil,3,"Taxation I, Cost and Management Accounting , Corporate Accounting I , Cost and Management Accounting, Professional Communication Skill III, Equity and Debt Markets, Strategic Management, Corporate Accounting I, Equity and Debt Market","Theory, Theory, Theory, Theory, Theory, Theory, Theory, Theory, Theory",Bachelor of Commerce (Accounting & Finance),31010223080
madhura21@somaiya.edu,Patil,Madhura,Shrikant,3,"Taxation I, Cost and Management Accounting , Corporate Accounting I , Cost and Management Accounting, Professional Communication Skill III, Equity and Debt Markets, Strategic Management, Corporate Accounting I, Equity and Debt Market","Theory, Theory, Theory, Theory, Theory, Theory, Theory, Theory, Theory",Bachelor of Commerce (Accounting & Finance),31010223081
ashvit.rai@somaiya.edu,Rai,Ashvit,Ganesh,3,"Taxation I, Cost and Management Accounting , Corporate Accounting I , Cost and Management Accounting, Professional Communication Skill III, Equity and Debt Markets, Strategic Management, Corporate Accounting I, Equity and Debt Market","Theory, Theory, Theory, Theory, Theory, Theory, Theory, Theory, Theory",Bachelor of Commerce (Accounting & Finance),31010223084
divya.rai@somaiya.edu,Rai,Divya,Kumar,3,"Taxation I, Cost and Management Accounting , Corporate Accounting I , Cost and Management Accounting, Professional Communication Skill III, Equity and Debt Markets, Strategic Management, Corporate Accounting I, Equity and Debt Market","Theory, Theory, Theory, Theory, Theory, Theory, Theory, Theory, Theory",Bachelor of Commerce (Accounting & Finance),31010223085
aaryamann.r@somaiya.edu,Rajawat,Aaryamann,Manoj,3,"Taxation I, Cost and Management Accounting , Corporate Accounting I , Cost and Management Accounting, Professional Communication Skill III, Equity and Debt Markets, Strategic Management, Corporate Accounting I, Equity and Debt Market","Theory, Theory, Theory, Theory, Theory, Theory, Theory, Theory, Theory",Bachelor of Commerce (Accounting & Finance),31010223086
s.ranjansinha@somaiya.edu,Ranjan,Sinha,Shivani,3,"Taxation I, Cost and Management Accounting , Corporate Accounting I , Cost and Management Accounting, Professional Communication Skill III, Equity and Debt Markets, Strategic Management, Corporate Accounting I, Equity and Debt Market","Theory, Theory, Theory, Theory, Theory, Theory, Theory, Theory, Theory",Bachelor of Commerce (Accounting & Finance),31010223088
anshul.rao@somaiya.edu,Rao,Anshul,Singh,3,"Taxation I, Cost and Management Accounting , Corporate Accounting I , Cost and Management Accounting, Professional Communication Skill III, Equity and Debt Markets, Strategic Management, Corporate Accounting I, Equity and Debt Market","Theory, Theory, Theory, Theory, Theory, Theory, Theory, Theory, Theory",Bachelor of Commerce (Accounting & Finance),31010223089
varun.ratnani@somaiya.edu,Ratnani,Varun,Hasan,3,"Taxation I, Cost and Management Accounting , Corporate Accounting I , Cost and Management Accounting, Professional Communication Skill III, Equity and Debt Markets, Strategic Management, Corporate Accounting I, Equity and Debt Market","Theory, Theory, Theory, Theory, Theory, Theory, Theory, Theory, Theory",Bachelor of Commerce (Accounting & Finance),31010223090
kanak.rawat@somaiya.edu,Rawat,Kanak,Ravikumar,3,"Taxation I, Cost and Management Accounting , Corporate Accounting I , Cost and Management Accounting, Professional Communication Skill III, Equity and Debt Markets, Strategic Management, Corporate Accounting I, Equity and Debt Market","Theory, Theory, Theory, Theory, Theory, Theory, Theory, Theory, Theory",Bachelor of Commerce (Accounting & Finance),31010223091
yukti.sachde@somaiya.edu,Sachde,Yukti,Kamlesh,3,"Taxation I, Cost and Management Accounting , Corporate Accounting I , Cost and Management Accounting, Professional Communication Skill III, Equity and Debt Markets, Strategic Management, Corporate Accounting I, Equity and Debt Market","Theory, Theory, Theory, Theory, Theory, Theory, Theory, Theory, Theory",Bachelor of Commerce (Accounting & Finance),31010223092
meet.sanghavi@somaiya.edu,Sanghavi,Meet,Chirag,3,"Taxation I, Cost and Management Accounting , Corporate Accounting I , Cost and Management Accounting, Professional Communication Skill III, Equity and Debt Markets, Strategic Management, Corporate Accounting I, Equity and Debt Market","Theory, Theory, Theory, Theory, Theory, Theory, Theory, Theory, Theory",Bachelor of Commerce (Accounting & Finance),31010223093
palak.sanghavi@somaiya.edu,Sanghavi,Palak,Nilesh,3,"Taxation I, Cost and Management Accounting , Corporate Accounting I , Cost and Management Accounting, Professional Communication Skill III, Equity and Debt Markets, Strategic Management, Corporate Accounting I, Equity and Debt Market","Theory, Theory, Theory, Theory, Theory, Theory, Theory, Theory, Theory",Bachelor of Commerce (Accounting & Finance),31010223094
harlliv.s@somaiya.edu,Sehra,Harlliv,Singh,3,"Taxation I, Cost and Management Accounting , Corporate Accounting I , Cost and Management Accounting, Professional Communication Skill III, Equity and Debt Markets, Strategic Management, Corporate Accounting I, Equity and Debt Market","Theory, Theory, Theory, Theory, Theory, Theory, Theory, Theory, Theory",Bachelor of Commerce (Accounting & Finance),31010223095
kavya.ms@somaiya.edu,Shah,Kavya,Manish,3,"Taxation I, Cost and Management Accounting , Corporate Accounting I , Cost and Management Accounting, Professional Communication Skill III, Equity and Debt Markets, Strategic Management, Corporate Accounting I, Equity and Debt Market","Theory, Theory, Theory, Theory, Theory, Theory, Theory, Theory, Theory",Bachelor of Commerce (Accounting & Finance),31010223098
shah.gn@somaiya.edu,Shah,Gaurav,Nilesh,3,"Taxation I, Cost and Management Accounting , Corporate Accounting I , Cost and Management Accounting, Professional Communication Skill III, Equity and Debt Markets, Strategic Management, Corporate Accounting I, Equity and Debt Market","Theory, Theory, Theory, Theory, Theory, Theory, Theory, Theory, Theory",Bachelor of Commerce (Accounting & Finance),31010223100
arya.bs@somaiya.edu,Shah,Lapasia,Arya,3,"Taxation I, Cost and Management Accounting , Corporate Accounting I , Cost and Management Accounting, Professional Communication Skill III, Equity and Debt Markets, Strategic Management, Corporate Accounting I, Equity and Debt Market","Theory, Theory, Theory, Theory, Theory, Theory, Theory, Theory, Theory",Bachelor of Commerce (Accounting & Finance),31010223101
azim.s@somaiya.edu,Shaikh,Azim,Ashfaque,3,"Taxation I, Cost and Management Accounting , Corporate Accounting I , Cost and Management Accounting, Professional Communication Skill III, Equity and Debt Markets, Strategic Management, Corporate Accounting I, Equity and Debt Market","Theory, Theory, Theory, Theory, Theory, Theory, Theory, Theory, Theory",Bachelor of Commerce (Accounting & Finance),31010223102
aditi.shelke@somaiya.edu,Shelke,Aditi,Shivaji,3,"Taxation I, Cost and Management Accounting , Corporate Accounting I , Cost and Management Accounting, Professional Communication Skill III, Equity and Debt Markets, Strategic Management, Corporate Accounting I, Equity and Debt Market","Theory, Theory, Theory, Theory, Theory, Theory, Theory, Theory, Theory",Bachelor of Commerce (Accounting & Finance),31010223105
darsh.shethia@somaiya.edu,Shethia,Darsh,Vipesh,3,"Taxation I, Cost and Management Accounting , Corporate Accounting I , Cost and Management Accounting, Professional Communication Skill III, Equity and Debt Markets, Strategic Management, Corporate Accounting I, Equity and Debt Market","Theory, Theory, Theory, Theory, Theory, Theory, Theory, Theory, Theory",Bachelor of Commerce (Accounting & Finance),31010223106
aksh.singh@somaiya.edu,Singh,Aksh,Sujay,3,"Taxation I, Cost and Management Accounting , Corporate Accounting I , Cost and Management Accounting, Professional Communication Skill III, Equity and Debt Markets, Strategic Management, Corporate Accounting I, Equity and Debt Market","Theory, Theory, Theory, Theory, Theory, Theory, Theory, Theory, Theory",Bachelor of Commerce (Accounting & Finance),31010223107
singh.dr@somaiya.edu,Singh,Diya,Ravi,3,"Taxation I, Cost and Management Accounting , Corporate Accounting I , Cost and Management Accounting, Professional Communication Skill III, Equity and Debt Markets, Strategic Management, Corporate Accounting I, Equity and Debt Market","Theory, Theory, Theory, Theory, Theory, Theory, Theory, Theory, Theory",Bachelor of Commerce (Accounting & Finance),31010223108
harsh.ts@somaiya.edu,Singh,Harsh,Tekbahadur,3,"Taxation I, Cost and Management Accounting , Corporate Accounting I , Cost and Management Accounting, Professional Communication Skill III, Equity and Debt Markets, Strategic Management, Corporate Accounting I, Equity and Debt Market","Theory, Theory, Theory, Theory, Theory, Theory, Theory, Theory, Theory",Bachelor of Commerce (Accounting & Finance),31010223109
harshal.singh@somaiya.edu,Singh,Harshal,Sanjay,3,"Taxation I, Cost and Management Accounting , Corporate Accounting I , Cost and Management Accounting, Professional Communication Skill III, Equity and Debt Markets, Strategic Management, Corporate Accounting I, Equity and Debt Market","Theory, Theory, Theory, Theory, Theory, Theory, Theory, Theory, Theory",Bachelor of Commerce (Accounting & Finance),31010223110
trisha.suvarna@somaiya.edu,Suvarna,Trisha,Vishwanath,3,"Taxation I, Cost and Management Accounting , Corporate Accounting I , Cost and Management Accounting, Professional Communication Skill III, Equity and Debt Markets, Strategic Management, Corporate Accounting I, Equity and Debt Market","Theory, Theory, Theory, Theory, Theory, Theory, Theory, Theory, Theory",Bachelor of Commerce (Accounting & Finance),31010223112
aditya.upadhyay@somaiya.edu,Upadhyay,Aditya,Surendrakumar,3,"Taxation I, Cost and Management Accounting , Corporate Accounting I , Cost and Management Accounting, Professional Communication Skill III, Equity and Debt Markets, Strategic Management, Corporate Accounting I, Equity and Debt Market","Theory, Theory, Theory, Theory, Theory, Theory, Theory, Theory, Theory",Bachelor of Commerce (Accounting & Finance),31010223116
mahek.vatiya@somaiya.edu,Vatiya,Mahek,Velji,3,"Taxation I, Cost and Management Accounting , Corporate Accounting I , Cost and Management Accounting, Professional Communication Skill III, Equity and Debt Markets, Strategic Management, Corporate Accounting I, Equity and Debt Market","Theory, Theory, Theory, Theory, Theory, Theory, Theory, Theory, Theory",Bachelor of Commerce (Accounting & Finance),31010223117
mehek.wahan@somaiya.edu,Wahan,Mehek,Kaur,3,"Taxation I, Cost and Management Accounting , Corporate Accounting I , Cost and Management Accounting, Professional Communication Skill III, Equity and Debt Markets, Strategic Management, Corporate Accounting I, Equity and Debt Market","Theory, Theory, Theory, Theory, Theory, Theory, Theory, Theory, Theory",Bachelor of Commerce (Accounting & Finance),31010223118
khushi.yadav@somaiya.edu,Yadav,Khushi,Rajkumar,3,"Taxation I, Cost and Management Accounting , Corporate Accounting I , Cost and Management Accounting, Professional Communication Skill III, Equity and Debt Markets, Strategic Management, Corporate Accounting I, Equity and Debt Market","Theory, Theory, Theory, Theory, Theory, Theory, Theory, Theory, Theory",Bachelor of Commerce (Accounting & Finance),31010223119
yana.yadav@somaiya.edu,Yadav,Yana,Anil,3,"Taxation I, Cost and Management Accounting , Corporate Accounting I , Cost and Management Accounting, Professional Communication Skill III, Equity and Debt Markets, Strategic Management, Corporate Accounting I, Equity and Debt Market","Theory, Theory, Theory, Theory, Theory, Theory, Theory, Theory, Theory",Bachelor of Commerce (Accounting & Finance),31010223120
h.dhrangdhariya@somaiya.edu,Dhrangdhariya,Hiral,Paresh,3,"Taxation I, Cost and Management Accounting , Corporate Accounting I , Cost and Management Accounting, Professional Communication Skill III, Equity and Debt Markets, Strategic Management, Corporate Accounting I, Equity and Debt Market","Theory, Theory, Theory, Theory, Theory, Theory, Theory, Theory, Theory",Bachelor of Commerce (Accounting & Finance),31010223123
r.patelchaudhary@somaiya.edu,Patel,Chaudhary,Riya,3,"Taxation I, Cost and Management Accounting , Corporate Accounting I , Cost and Management Accounting, Professional Communication Skill III, Equity and Debt Markets, Strategic Management, Corporate Accounting I, Equity and Debt Market","Theory, Theory, Theory, Theory, Theory, Theory, Theory, Theory, Theory",Bachelor of Commerce (Accounting & Finance),31010223128
harsh.ambetkar@somaiya.edu,Ambetkar,Harsh,Pratibha,3,"Taxation I, Cost and Management Accounting , Corporate Accounting I , Cost and Management Accounting, Professional Communication Skill III, Equity and Debt Markets, Strategic Management, Corporate Accounting I, Equity and Debt Market","Theory, Theory, Theory, Theory, Theory, Theory, Theory, Theory, Theory",Bachelor of Commerce (Accounting & Finance),31010223129
tanvi.phapale@somaiya.edu,Phapale,Tanvi,Eknath,3,"Taxation I, Cost and Management Accounting , Corporate Accounting I , Cost and Management Accounting, Professional Communication Skill III, Equity and Debt Markets, Strategic Management, Corporate Accounting I, Equity and Debt Market","Theory, Theory, Theory, Theory, Theory, Theory, Theory, Theory, Theory",Bachelor of Commerce (Accounting & Finance),31010223130
jetra03@somaiya.edu,Panchal,Jetra,Kamlesh,3,"Taxation I, Cost and Management Accounting , Corporate Accounting I , Cost and Management Accounting, Professional Communication Skill III, Equity and Debt Markets, Strategic Management, Corporate Accounting I, Equity and Debt Market","Theory, Theory, Theory, Theory, Theory, Theory, Theory, Theory, Theory",Bachelor of Commerce (Accounting & Finance),31010223131
dhs@somaiya.edu,Shah,Diya,Hiren,3,"Taxation I, Cost and Management Accounting , Corporate Accounting I , Cost and Management Accounting, Professional Communication Skill III, Equity and Debt Markets, Strategic Management, Corporate Accounting I, Equity and Debt Market","Theory, Theory, Theory, Theory, Theory, Theory, Theory, Theory, Theory",Bachelor of Commerce (Accounting & Finance),31010223132
jiya.makhija@somaiya.edu,Makhija,Jiya,Ramesh,3,"Taxation I, Cost and Management Accounting , Corporate Accounting I , Cost and Management Accounting, Professional Communication Skill III, Equity and Debt Markets, Strategic Management, Corporate Accounting I, Equity and Debt Market","Theory, Theory, Theory, Theory, Theory, Theory, Theory, Theory, Theory",Bachelor of Commerce (Accounting & Finance),31010223134
varun.gowda@somaiya.edu,Gowda,Varun,Hemchandra,3,"Taxation I, Cost and Management Accounting , Corporate Accounting I , Cost and Management Accounting, Professional Communication Skill III, Equity and Debt Markets, Strategic Management, Corporate Accounting I, Equity and Debt Market","Theory, Theory, Theory, Theory, Theory, Theory, Theory, Theory, Theory",Bachelor of Commerce (Accounting & Finance),31010223135
dolly.adesara@somaiya.edu,Adesara,Dolly,Hemant,5,"Corporate Accounting III, Cost and Management Accounting III, Direct Tax II, Research Methodology , Corporate Accounting, Financial Management II, Strategic Management","Theory, Theory, Theory, Theory, Theory, Theory, Theory",Bachelor of Commerce (Accounting & Finance),31010222002
k.agarwal@somaiya.edu,Agarwal,Khushi,Rajesh,5,"Corporate Accounting III, Cost and Management Accounting III, Direct Tax II, Research Methodology , Corporate Accounting, Financial Management II, Strategic Management","Theory, Theory, Theory, Theory, Theory, Theory, Theory",Bachelor of Commerce (Accounting & Finance),31010222003
srushti.b@somaiya.edu,Ballal,Srushti,Shrirang,5,"Corporate Accounting III, Cost and Management Accounting III, Direct Tax II, Research Methodology , Corporate Accounting, Financial Management II, Strategic Management","Theory, Theory, Theory, Theory, Theory, Theory, Theory",Bachelor of Commerce (Accounting & Finance),31010222005
aasha.bhatia@somaiya.edu,Bhatia,Aasha,Kirankumar,5,"Corporate Accounting III, Cost and Management Accounting III, Direct Tax II, Research Methodology , Corporate Accounting, Financial Management II, Strategic Management","Theory, Theory, Theory, Theory, Theory, Theory, Theory",Bachelor of Commerce (Accounting & Finance),31010222007
siddhi.bhivagaje@somaiya.edu,Bhivagaje,Siddhi,Chetan,5,"Corporate Accounting III, Cost and Management Accounting III, Direct Tax II, Research Methodology , Corporate Accounting, Financial Management II, Strategic Management","Theory, Theory, Theory, Theory, Theory, Theory, Theory",Bachelor of Commerce (Accounting & Finance),31010222009
seya.c@somaiya.edu,Chaulkar,Seya,Keren,5,"Corporate Accounting III, Cost and Management Accounting III, Direct Tax II, Research Methodology , Corporate Accounting, Financial Management II, Strategic Management","Theory, Theory, Theory, Theory, Theory, Theory, Theory",Bachelor of Commerce (Accounting & Finance),31010222012
yc@somaiya.edu,Chheda,Yashvi,Haresh,5,"Corporate Accounting III, Cost and Management Accounting III, Direct Tax II, Research Methodology , Corporate Accounting, Financial Management II, Strategic Management","Theory, Theory, Theory, Theory, Theory, Theory, Theory",Bachelor of Commerce (Accounting & Finance),31010222013
zinkal.c@somaiya.edu,Chheda,Zinkal,Vipul,5,"Corporate Accounting III, Cost and Management Accounting III, Direct Tax II, Research Methodology , Corporate Accounting, Financial Management II, Strategic Management","Theory, Theory, Theory, Theory, Theory, Theory, Theory",Bachelor of Commerce (Accounting & Finance),31010222014
isha.dadhich@somaiya.edu,Dadhich,Isha,Anil,5,"Corporate Accounting III, Cost and Management Accounting III, Direct Tax II, Research Methodology , Corporate Accounting, Financial Management II, Strategic Management","Theory, Theory, Theory, Theory, Theory, Theory, Theory",Bachelor of Commerce (Accounting & Finance),31010222015
nagesh.d@somaiya.edu,Dasoni,Nagesh,Vikram,5,"Corporate Accounting III, Cost and Management Accounting III, Direct Tax II, Research Methodology , Corporate Accounting, Financial Management II, Strategic Management","Theory, Theory, Theory, Theory, Theory, Theory, Theory",Bachelor of Commerce (Accounting & Finance),31010222016
heta.doshi@somaiya.edu,Doshi,Heta,Mayurbhai,5,"Corporate Accounting III, Cost and Management Accounting III, Direct Tax II, Research Methodology , Corporate Accounting, Financial Management II, Strategic Management","Theory, Theory, Theory, Theory, Theory, Theory, Theory",Bachelor of Commerce (Accounting & Finance),31010222019
divyashree.g@somaiya.edu,Gadge,Divyashree,Sushil,5,"Corporate Accounting III, Cost and Management Accounting III, Direct Tax II, Research Methodology , Corporate Accounting, Financial Management II, Strategic Management","Theory, Theory, Theory, Theory, Theory, Theory, Theory",Bachelor of Commerce (Accounting & Finance),31010222021
nihal.gangar@somaiya.edu,Gangar,Nihal,Jay,5,"Corporate Accounting III, Cost and Management Accounting III, Direct Tax II, Research Methodology , Corporate Accounting, Financial Management II, Strategic Management","Theory, Theory, Theory, Theory, Theory, Theory, Theory",Bachelor of Commerce (Accounting & Finance),31010222023
khushi.g@somaiya.edu,Gupta,Khushi,Jitendra,5,"Corporate Accounting III, Cost and Management Accounting III, Direct Tax II, Research Methodology , Corporate Accounting, Financial Management II, Strategic Management","Theory, Theory, Theory, Theory, Theory, Theory, Theory",Bachelor of Commerce (Accounting & Finance),31010222024
daksh.gurav@somaiya.edu,Gurav,Daksh,Dinesh,5,"Corporate Accounting III, Cost and Management Accounting III, Direct Tax II, Research Methodology , Corporate Accounting, Financial Management II, Strategic Management","Theory, Theory, Theory, Theory, Theory, Theory, Theory",Bachelor of Commerce (Accounting & Finance),31010222025
salma.h@somaiya.edu,Hembram,Salma,Salkhu,5,"Corporate Accounting III, Cost and Management Accounting III, Direct Tax II, Research Methodology , Corporate Accounting, Financial Management II, Strategic Management","Theory, Theory, Theory, Theory, Theory, Theory, Theory",Bachelor of Commerce (Accounting & Finance),31010222027
darsh.j@somaiya.edu,Jain,Darsh,Jitendra,5,"Corporate Accounting III, Cost and Management Accounting III, Direct Tax II, Research Methodology , Corporate Accounting, Financial Management II, Strategic Management","Theory, Theory, Theory, Theory, Theory, Theory, Theory",Bachelor of Commerce (Accounting & Finance),31010222028
piyush.bj@somaiya.edu,Jain,Piyush,Babulal,5,"Corporate Accounting III, Cost and Management Accounting III, Direct Tax II, Research Methodology , Corporate Accounting, Financial Management II, Strategic Management","Theory, Theory, Theory, Theory, Theory, Theory, Theory",Bachelor of Commerce (Accounting & Finance),31010222031
preet.sj@somaiya.edu,Jain,Preet,Shripal,5,"Corporate Accounting III, Cost and Management Accounting III, Direct Tax II, Research Methodology , Corporate Accounting, Financial Management II, Strategic Management","Theory, Theory, Theory, Theory, Theory, Theory, Theory",Bachelor of Commerce (Accounting & Finance),31010222032
tisha.pj@somaiya.edu,Jain,Tisha,Praveen,5,"Corporate Accounting III, Cost and Management Accounting III, Direct Tax II, Research Methodology , Corporate Accounting, Financial Management II, Strategic Management","Theory, Theory, Theory, Theory, Theory, Theory, Theory",Bachelor of Commerce (Accounting & Finance),31010222033
arya23@somaiya.edu,Joshi,Arya,Amit,5,"Corporate Accounting III, Cost and Management Accounting III, Direct Tax II, Research Methodology , Corporate Accounting, Financial Management II, Strategic Management","Theory, Theory, Theory, Theory, Theory, Theory, Theory",Bachelor of Commerce (Accounting & Finance),31010222034
meet.kadam@somaiya.edu,Kadam,Meet,Pradeep,5,"Corporate Accounting III, Cost and Management Accounting III, Direct Tax II, Research Methodology , Corporate Accounting, Financial Management II, Strategic Management","Theory, Theory, Theory, Theory, Theory, Theory, Theory",Bachelor of Commerce (Accounting & Finance),31010222035
hasti.lalan@somaiya.edu,Lalan,Hasti,Paresh,5,"Corporate Accounting III, Cost and Management Accounting III, Direct Tax II, Research Methodology , Corporate Accounting, Financial Management II, Strategic Management","Theory, Theory, Theory, Theory, Theory, Theory, Theory",Bachelor of Commerce (Accounting & Finance),31010222041
pinisha.l@somaiya.edu,Lalani,Pinisha,Aminali,5,"Corporate Accounting III, Cost and Management Accounting III, Direct Tax II, Research Methodology , Corporate Accounting, Financial Management II, Strategic Management","Theory, Theory, Theory, Theory, Theory, Theory, Theory",Bachelor of Commerce (Accounting & Finance),31010222042
nemish.l@somaiya.edu,Lathia,Nemish,Yogesh,5,"Corporate Accounting III, Cost and Management Accounting III, Direct Tax II, Research Methodology , Corporate Accounting, Financial Management II, Strategic Management","Theory, Theory, Theory, Theory, Theory, Theory, Theory",Bachelor of Commerce (Accounting & Finance),31010222043
tirth.limani@somaiya.edu,Limani,Tirth,Ashwin,5,"Corporate Accounting III, Cost and Management Accounting III, Direct Tax II, Research Methodology , Corporate Accounting, Financial Management II, Strategic Management","Theory, Theory, Theory, Theory, Theory, Theory, Theory",Bachelor of Commerce (Accounting & Finance),31010222044
shivam.marwade@somaiya.edu,Marwade,Shivam,Rajesh,5,"Corporate Accounting III, Cost and Management Accounting III, Direct Tax II, Research Methodology , Corporate Accounting, Financial Management II, Strategic Management","Theory, Theory, Theory, Theory, Theory, Theory, Theory",Bachelor of Commerce (Accounting & Finance),31010222046
kalpesh.mhatre@somaiya.edu,Mhatre,Kalpesh,Dadaji,5,"Corporate Accounting III, Cost and Management Accounting III, Direct Tax II, Research Methodology , Corporate Accounting, Financial Management II, Strategic Management","Theory, Theory, Theory, Theory, Theory, Theory, Theory",Bachelor of Commerce (Accounting & Finance),31010222047
yadnesh.mori@somaiya.edu,Mori,Yadnesh,Kantibhai,5,"Corporate Accounting III, Cost and Management Accounting III, Direct Tax II, Research Methodology , Corporate Accounting, Financial Management II, Strategic Management","Theory, Theory, Theory, Theory, Theory, Theory, Theory",Bachelor of Commerce (Accounting & Finance),31010222048
janak.p@somaiya.edu,Patel,Janak,Shankar,5,"Corporate Accounting III, Cost and Management Accounting III, Direct Tax II, Research Methodology , Corporate Accounting, Financial Management II, Strategic Management","Theory, Theory, Theory, Theory, Theory, Theory, Theory",Bachelor of Commerce (Accounting & Finance),31010222053
samir.p@somaiya.edu,Premani,Samir,Riyaz,5,"Corporate Accounting III, Cost and Management Accounting III, Direct Tax II, Research Methodology , Corporate Accounting, Financial Management II, Strategic Management","Theory, Theory, Theory, Theory, Theory, Theory, Theory",Bachelor of Commerce (Accounting & Finance),31010222056
soniya.raj@somaiya.edu,Raj,Soniya,Devraj,5,"Corporate Accounting III, Cost and Management Accounting III, Direct Tax II, Research Methodology , Corporate Accounting, Financial Management II, Strategic Management","Theory, Theory, Theory, Theory, Theory, Theory, Theory",Bachelor of Commerce (Accounting & Finance),31010222057
siddhesh.rao@somaiya.edu,Rao,Siddhesh,Venkatagiri,5,"Corporate Accounting III, Cost and Management Accounting III, Direct Tax II, Research Methodology , Corporate Accounting, Financial Management II, Strategic Management","Theory, Theory, Theory, Theory, Theory, Theory, Theory",Bachelor of Commerce (Accounting & Finance),31010222059
yash.reddy@somaiya.edu,Reddy,Yash,Sanjiv,5,"Corporate Accounting III, Cost and Management Accounting III, Direct Tax II, Research Methodology , Corporate Accounting, Financial Management II, Strategic Management","Theory, Theory, Theory, Theory, Theory, Theory, Theory",Bachelor of Commerce (Accounting & Finance),31010222061
nirav.revankar@somaiya.edu,Revankar,Nirav,Hemant,5,"Corporate Accounting III, Cost and Management Accounting III, Direct Tax II, Research Methodology , Corporate Accounting, Financial Management II, Strategic Management","Theory, Theory, Theory, Theory, Theory, Theory, Theory",Bachelor of Commerce (Accounting & Finance),31010222062
arya02@somaiya.edu,Shah,Arya,Amitkumar,5,"Corporate Accounting III, Cost and Management Accounting III, Direct Tax II, Research Methodology , Corporate Accounting, Financial Management II, Strategic Management","Theory, Theory, Theory, Theory, Theory, Theory, Theory",Bachelor of Commerce (Accounting & Finance),31010222064
hks2@somaiya.edu,Shah,Harsh,Ketan,5,"Corporate Accounting III, Cost and Management Accounting III, Direct Tax II, Research Methodology , Corporate Accounting, Financial Management II, Strategic Management","Theory, Theory, Theory, Theory, Theory, Theory, Theory",Bachelor of Commerce (Accounting & Finance),31010222065
anindya.s@somaiya.edu,Shetty,Anindya,Rathnakar,5,"Corporate Accounting III, Cost and Management Accounting III, Direct Tax II, Research Methodology , Corporate Accounting, Financial Management II, Strategic Management","Theory, Theory, Theory, Theory, Theory, Theory, Theory",Bachelor of Commerce (Accounting & Finance),31010222068
ansh.shetty@somaiya.edu,Shetty,Ansh,Devraj,5,"Corporate Accounting III, Cost and Management Accounting III, Direct Tax II, Research Methodology , Corporate Accounting, Financial Management II, Strategic Management","Theory, Theory, Theory, Theory, Theory, Theory, Theory",Bachelor of Commerce (Accounting & Finance),31010222069
nandakishore.s@somaiya.edu,Shetty,Nandakishore,Ramanand,5,"Corporate Accounting III, Cost and Management Accounting III, Direct Tax II, Research Methodology , Corporate Accounting, Financial Management II, Strategic Management","Theory, Theory, Theory, Theory, Theory, Theory, Theory",Bachelor of Commerce (Accounting & Finance),31010222070
j.shinde@somaiya.edu,Shinde,Janhavi,Abhimanyu,5,"Corporate Accounting III, Cost and Management Accounting III, Direct Tax II, Research Methodology , Corporate Accounting, Financial Management II, Strategic Management","Theory, Theory, Theory, Theory, Theory, Theory, Theory",Bachelor of Commerce (Accounting & Finance),31010222071
akshat.js@somaiya.edu,Singh,Akshat,Jeetendra,5,"Corporate Accounting III, Cost and Management Accounting III, Direct Tax II, Research Methodology , Corporate Accounting, Financial Management II, Strategic Management","Theory, Theory, Theory, Theory, Theory, Theory, Theory",Bachelor of Commerce (Accounting & Finance),31010222073
aqsa.tambe@somaiya.edu,Tambe,Aqsa,Ibrahim,5,"Corporate Accounting III, Cost and Management Accounting III, Direct Tax II, Research Methodology , Corporate Accounting, Financial Management II, Strategic Management","Theory, Theory, Theory, Theory, Theory, Theory, Theory",Bachelor of Commerce (Accounting & Finance),31010222078
rig.thacker@somaiya.edu,Thacker,Rig,Alpesh,5,"Corporate Accounting III, Cost and Management Accounting III, Direct Tax II, Research Methodology , Corporate Accounting, Financial Management II, Strategic Management","Theory, Theory, Theory, Theory, Theory, Theory, Theory",Bachelor of Commerce (Accounting & Finance),31010222079
kashyap.t@somaiya.edu,Thakker,Kashyap,Sanjay,5,"Corporate Accounting III, Cost and Management Accounting III, Direct Tax II, Research Methodology , Corporate Accounting, Financial Management II, Strategic Management","Theory, Theory, Theory, Theory, Theory, Theory, Theory",Bachelor of Commerce (Accounting & Finance),31010222080
mouli.upadhyay@somaiya.edu,Upadhyay,Mouli,Vikram,5,"Corporate Accounting III, Cost and Management Accounting III, Direct Tax II, Research Methodology , Corporate Accounting, Financial Management II, Strategic Management","Theory, Theory, Theory, Theory, Theory, Theory, Theory",Bachelor of Commerce (Accounting & Finance),31010222081
a.vaidya@somaiya.edu,Vaidya,Amogh,Shrikrishna,5,"Corporate Accounting III, Cost and Management Accounting III, Direct Tax II, Research Methodology , Corporate Accounting, Financial Management II, Strategic Management","Theory, Theory, Theory, Theory, Theory, Theory, Theory",Bachelor of Commerce (Accounting & Finance),31010222082
vidhi01@somaiya.edu,Jain,Vidhi,Sanjay,5,"Corporate Accounting III, Cost and Management Accounting III, Direct Tax II, Research Methodology , Corporate Accounting, Financial Management II, Strategic Management","Theory, Theory, Theory, Theory, Theory, Theory, Theory",Bachelor of Commerce (Accounting & Finance),31010222086
kripa.ps@somaiya.edu,Shah,Kripa,Prashant,5,"Corporate Accounting III, Cost and Management Accounting III, Direct Tax II, Research Methodology , Corporate Accounting, Financial Management II, Strategic Management","Theory, Theory, Theory, Theory, Theory, Theory, Theory",Bachelor of Commerce (Accounting & Finance),31010222088
gandhar.tamhane@somaiya.edu,Tamhane,Gandhar,Nilesh,5,"Corporate Accounting III, Cost and Management Accounting III, Direct Tax II, Research Methodology , Corporate Accounting, Financial Management II, Strategic Management","Theory, Theory, Theory, Theory, Theory, Theory, Theory",Bachelor of Commerce (Accounting & Finance),31010222089
dev.nagaria@somaiya.edu,Nagaria,Dev,Mukesh,5,"Corporate Accounting III, Cost and Management Accounting III, Direct Tax II, Research Methodology , Corporate Accounting, Financial Management II, Strategic Management","Theory, Theory, Theory, Theory, Theory, Theory, Theory",Bachelor of Commerce (Accounting & Finance),31010222090
manav.chheda@somaiya.edu,Chheda,Manav,Ritesh,5,"Corporate Accounting III, Cost and Management Accounting III , International Taxation , Direct Tax II, Research Methodology","Theory, Theory, Theory, Theory, Theory",Bachelor of Commerce (Accounting & Finance) Honour,31010322002
nandini.garg@somaiya.edu,Garg,Nandini,Nitin,5,"Corporate Accounting III, Cost and Management Accounting III , International Taxation , Direct Tax II, Research Methodology","Theory, Theory, Theory, Theory, Theory",Bachelor of Commerce (Accounting & Finance) Honour,31010322004
rohan.jadhav@somaiya.edu,Jadhav,Rohan,Sunil,5,"Corporate Accounting III, Cost and Management Accounting III , International Taxation , Direct Tax II, Research Methodology","Theory, Theory, Theory, Theory, Theory",Bachelor of Commerce (Accounting & Finance) Honour,31010322006
leyan.kotian@somaiya.edu,Kotian,Leyan,Rajesh,5,"Corporate Accounting III, Cost and Management Accounting III , International Taxation , Direct Tax II, Research Methodology","Theory, Theory, Theory, Theory, Theory",Bachelor of Commerce (Accounting & Finance) Honour,31010322008
prachi.lodha@somaiya.edu,Lodha,Prachi,Sanjay,5,"Corporate Accounting III, Cost and Management Accounting III , International Taxation , Direct Tax II, Research Methodology","Theory, Theory, Theory, Theory, Theory",Bachelor of Commerce (Accounting & Finance) Honour,31010322010
mehek.m@somaiya.edu,Meghani,Mehek,Bhavesh,5,"Corporate Accounting III, Cost and Management Accounting III , International Taxation , Direct Tax II, Research Methodology","Theory, Theory, Theory, Theory, Theory",Bachelor of Commerce (Accounting & Finance) Honour,31010322011
aaditi.more@somaiya.edu,More,Aaditi,Suresh,5,"Corporate Accounting III, Cost and Management Accounting III , International Taxation , Direct Tax II, Research Methodology","Theory, Theory, Theory, Theory, Theory",Bachelor of Commerce (Accounting & Finance) Honour,31010322012
a.nair@somaiya.edu,Nair,Aditya,Sudhir,5,"Corporate Accounting III, Cost and Management Accounting III , International Taxation , Direct Tax II, Research Methodology","Theory, Theory, Theory, Theory, Theory",Bachelor of Commerce (Accounting & Finance) Honour,31010322014
maitree.p@somaiya.edu,Parekh,Maitree,Atul,5,"Corporate Accounting III, Cost and Management Accounting III , International Taxation , Direct Tax II, Research Methodology","Theory, Theory, Theory, Theory, Theory",Bachelor of Commerce (Accounting & Finance) Honour,31010322016
pratham.hp@somaiya.edu,Parekh,Pratham,Hemant,5,"Corporate Accounting III, Cost and Management Accounting III , International Taxation , Direct Tax II, Research Methodology","Theory, Theory, Theory, Theory, Theory",Bachelor of Commerce (Accounting & Finance) Honour,31010322017
saakshi.s@somaiya.edu,Shetye,Saakshi,Dinesh,5,"Corporate Accounting III, Cost and Management Accounting III , International Taxation , Direct Tax II, Research Methodology","Theory, Theory, Theory, Theory, Theory",Bachelor of Commerce (Accounting & Finance) Honour,31010322024
khushi.shikne@somaiya.edu,Shikne,Khushi,Ramesh,5,"Corporate Accounting III, Cost and Management Accounting III , International Taxation , Direct Tax II, Research Methodology","Theory, Theory, Theory, Theory, Theory",Bachelor of Commerce (Accounting & Finance) Honour,31010322025
ayush12@somaiya.edu,Singh,Ayush,Rajesh,5,"Corporate Accounting III, Cost and Management Accounting III , International Taxation , Direct Tax II, Research Methodology","Theory, Theory, Theory, Theory, Theory",Bachelor of Commerce (Accounting & Finance) Honour,31010322027
at2@somaiya.edu,Tiwari,Aditya,Subhash,5,"Corporate Accounting III, Cost and Management Accounting III , International Taxation , Direct Tax II, Research Methodology","Theory, Theory, Theory, Theory, Theory",Bachelor of Commerce (Accounting & Finance) Honour,31010322028
bhargav.t@somaiya.edu,Trivedi,Bhargav,Bhavesh,5,"Corporate Accounting III, Cost and Management Accounting III , International Taxation , Direct Tax II, Research Methodology","Theory, Theory, Theory, Theory, Theory",Bachelor of Commerce (Accounting & Finance) Honour,31010322029
dhairya.visaria@somaiya.edu,Visaria,Dhairya,Dipesh,5,"Corporate Accounting III, Cost and Management Accounting III , International Taxation , Direct Tax II, Research Methodology","Theory, Theory, Theory, Theory, Theory",Bachelor of Commerce (Accounting & Finance) Honour,31010322030
anshu.netani@somaiya.edu,Netani,Anshu,Rakeshkumar,5,"Corporate Accounting III, Cost and Management Accounting III , International Taxation , Direct Tax II, Research Methodology","Theory, Theory, Theory, Theory, Theory",Bachelor of Commerce (Accounting & Finance) Honour,31010322035
aryan.bakre@somaiya.edu,Bakre,Aryan,Sachin,5,"Corporate Accounting III, Cost and Management Accounting III , International Taxation , Direct Tax II, Research Methodology","Theory, Theory, Theory, Theory, Theory",Bachelor of Commerce (Accounting & Finance) Honour,31010322037
tisha.kj@somaiya.edu,Jain,Tisha,Kumar,5,"Corporate Accounting III, Cost and Management Accounting III , International Taxation , Direct Tax II, Research Methodology","Theory, Theory, Theory, Theory, Theory",Bachelor of Commerce (Accounting & Finance) Honour,31010322038
faiq.antulay@somaiya.edu,Antulay,Faiq,Ahmed,3,"Mutual Fund Management , Accounting for Bankers, Strategic Management, Digital Banking , Computer Application in Business, Professional Communication Skills - III, Minor in Banking -  Digital Banking ","Theory, Theory, Theory, Theory, Practical, Theory, Theory",Bachelor of Commerce (Banking & Finance),31010523001
ayush.bagul@somaiya.edu,Bagul,Ayush,Kiran,3,"Mutual Fund Management , Accounting for Bankers, Strategic Management, Digital Banking , Computer Application in Business, Professional Communication Skills - III, Minor in Banking -  Digital Banking ","Theory, Theory, Theory, Theory, Practical, Theory, Theory",Bachelor of Commerce (Banking & Finance),31010523002
harshit.handa@somaiya.edu,Handa,Harshit,Mohit,3,"Mutual Fund Management , Accounting for Bankers, Strategic Management, Digital Banking , Computer Application in Business, Professional Communication Skills - III, Minor in Banking -  Digital Banking ","Theory, Theory, Theory, Theory, Practical, Theory, Theory",Bachelor of Commerce (Banking & Finance),31010523006
durva.maniar@somaiya.edu,Maniar,Durva,Hemang,3,"Mutual Fund Management , Accounting for Bankers, Strategic Management, Digital Banking , Computer Application in Business, Professional Communication Skills - III, Minor in Banking -  Digital Banking ","Theory, Theory, Theory, Theory, Practical, Theory, Theory",Bachelor of Commerce (Banking & Finance),31010523008
kritikaa.p@somaiya.edu,Pillai,Kritikaa,Anil,3,"Mutual Fund Management , Accounting for Bankers, Strategic Management, Digital Banking , Computer Application in Business, Professional Communication Skills - III, Minor in Banking -  Digital Banking ","Theory, Theory, Theory, Theory, Practical, Theory, Theory",Bachelor of Commerce (Banking & Finance),31010523010
bhumi.singh@somaiya.edu,Singh,Bhumi,Rajkumar,3,"Mutual Fund Management , Accounting for Bankers, Strategic Management, Digital Banking , Computer Application in Business, Professional Communication Skills - III, Minor in Banking -  Digital Banking ","Theory, Theory, Theory, Theory, Practical, Theory, Theory",Bachelor of Commerce (Banking & Finance),31010523012
jainam.tank@somaiya.edu,Tank,Jainam,Rajesh,3,"Mutual Fund Management , Accounting for Bankers, Strategic Management, Digital Banking , Computer Application in Business, Professional Communication Skills - III, Minor in Banking -  Digital Banking ","Theory, Theory, Theory, Theory, Practical, Theory, Theory",Bachelor of Commerce (Banking & Finance),31010523014
r.vengurlekar@somaiya.edu,Vengurlekar,Rahul,Ravi,3,"Mutual Fund Management , Accounting for Bankers, Strategic Management, Digital Banking , Computer Application in Business, Professional Communication Skills - III, Minor in Banking -  Digital Banking ","Theory, Theory, Theory, Theory, Practical, Theory, Theory",Bachelor of Commerce (Banking & Finance),31010523016
heer.nakrani@somaiya.edu,Nakrani,Heer,Jayesh,3,"Mutual Fund Management , Accounting for Bankers, Strategic Management, Digital Banking , Computer Application in Business, Professional Communication Skills - III, Minor in Banking -  Digital Banking ","Theory, Theory, Theory, Theory, Practical, Theory, Theory",Bachelor of Commerce (Banking & Finance),31010523019
shlok.gangwani@somaiya.edu,Gangwani,Shlok,Santosh,3,"Mutual Fund Management , Accounting for Bankers, Strategic Management, Digital Banking , Computer Application in Business, Professional Communication Skills - III, Minor in Banking -  Digital Banking ","Theory, Theory, Theory, Theory, Practical, Theory, Theory",Bachelor of Commerce (Banking & Finance),31010523023
pallavi.a@somaiya.edu,Aynikunnan,Pallavi,Ranadas,5,"International Banking & Finance , Management Accounting , Reserach Methodology , Marketing of Financial Services ","Theory, Theory, Theory, Theory",Bachelor of Commerce (Banking & Finance),31010522001
m.bhanushali@somaiya.edu,Bhanushali,Mahek,Nanji,5,"International Banking & Finance , Management Accounting , Reserach Methodology , Marketing of Financial Services ","Theory, Theory, Theory, Theory",Bachelor of Commerce (Banking & Finance),31010522002
armaan.gandhi@somaiya.edu,Gandhi,Armaan,Faisal,5,"International Banking & Finance , Management Accounting , Reserach Methodology , Marketing of Financial Services ","Theory, Theory, Theory, Theory",Bachelor of Commerce (Banking & Finance),31010522004
lakshita.g@somaiya.edu,Gupta,Lakshita,Narendra,5,"International Banking & Finance , Management Accounting , Reserach Methodology , Marketing of Financial Services ","Theory, Theory, Theory, Theory",Bachelor of Commerce (Banking & Finance),31010522007
jain.jd@somaiya.edu,Jain,Jayesh,Dharmendra,5,"International Banking & Finance , Management Accounting , Reserach Methodology , Marketing of Financial Services ","Theory, Theory, Theory, Theory",Bachelor of Commerce (Banking & Finance),31010522008
mehreen.khan@somaiya.edu,Khan,Mehreen,Fatima,5,"International Banking & Finance , Management Accounting , Reserach Methodology , Marketing of Financial Services ","Theory, Theory, Theory, Theory",Bachelor of Commerce (Banking & Finance),31010522010
shafaq.khan@somaiya.edu,Khan,Shafaq,Mohd,5,"International Banking & Finance , Management Accounting , Reserach Methodology , Marketing of Financial Services ","Theory, Theory, Theory, Theory",Bachelor of Commerce (Banking & Finance),31010522011
yukta.khatri@somaiya.edu,Khatri,Yukta,Navin,5,"International Banking & Finance , Management Accounting , Reserach Methodology , Marketing of Financial Services ","Theory, Theory, Theory, Theory",Bachelor of Commerce (Banking & Finance),31010522012
rutuja.mane@somaiya.edu,Mane,Rutuja,Kishor,5,"International Banking & Finance , Management Accounting , Reserach Methodology , Marketing of Financial Services ","Theory, Theory, Theory, Theory",Bachelor of Commerce (Banking & Finance),31010522013
nyasa.pandit@somaiya.edu,Pandit,Nyasa,Samir,5,"International Banking & Finance , Management Accounting , Reserach Methodology , Marketing of Financial Services ","Theory, Theory, Theory, Theory",Bachelor of Commerce (Banking & Finance),31010522015
aadesh.shah@somaiya.edu,Shah,Aadesh,Rajendra,5,"International Banking & Finance , Management Accounting , Reserach Methodology , Marketing of Financial Services ","Theory, Theory, Theory, Theory",Bachelor of Commerce (Banking & Finance),31010522018
sarah.ps@somaiya.edu,Shah,Sarah,Pradeep,5,"International Banking & Finance , Management Accounting , Reserach Methodology , Marketing of Financial Services ","Theory, Theory, Theory, Theory",Bachelor of Commerce (Banking & Finance),31010522019
devasmita.t@somaiya.edu,Tripathy,Devasmita,Debendra,5,"International Banking & Finance , Management Accounting , Reserach Methodology , Marketing of Financial Services ","Theory, Theory, Theory, Theory",Bachelor of Commerce (Banking & Finance),31010522021
ritik.varun@somaiya.edu,Varun,Ritik,Peshkar,5,"International Banking & Finance , Management Accounting , Reserach Methodology , Marketing of Financial Services ","Theory, Theory, Theory, Theory",Bachelor of Commerce (Banking & Finance),31010522022
mourvi.barve@somaiya.edu,Barve,Mourvi,Naresh,5,"International Banking & Finance , Management Accounting , Reserach Methodology , Marketing of Financial Services ","Theory, Theory, Theory, Theory",Bachelor of Commerce (Banking & Finance),31010522024
kkunsh.a@somaiya.edu,Acharya,Kkunsh,Ajay,3,"Fixed Income Securities, Equity Market, Corporate Finance, Professional Communication Skills, Research Methodology, Strategic Management","Theory, Theory, Theory, Theory, Theory, Theory",Bachelor of Commerce (Financial Markets),31010423001
vishal.adhainge@somaiya.edu,Adhainge,Vishal,Anil,3,"Fixed Income Securities, Equity Market, Corporate Finance, Professional Communication Skills, Research Methodology, Strategic Management","Theory, Theory, Theory, Theory, Theory, Theory",Bachelor of Commerce (Financial Markets),31010423002
himali.a@somaiya.edu,Ambaliya,Himali,Chetanbhai,3,"Fixed Income Securities, Equity Market, Corporate Finance, Professional Communication Skills, Research Methodology, Strategic Management","Theory, Theory, Theory, Theory, Theory, Theory",Bachelor of Commerce (Financial Markets),31010423003
ayush.badola@somaiya.edu,Badola,Ayush,Ashok,3,"Fixed Income Securities, Equity Market, Corporate Finance, Professional Communication Skills, Research Methodology, Strategic Management","Theory, Theory, Theory, Theory, Theory, Theory",Bachelor of Commerce (Financial Markets),31010423004
grishma.boricha@somaiya.edu,Boricha,Grishma,Rajesh,3,"Fixed Income Securities, Equity Market, Corporate Finance, Professional Communication Skills, Research Methodology, Strategic Management","Theory, Theory, Theory, Theory, Theory, Theory",Bachelor of Commerce (Financial Markets),31010423005
chheda.mp@somaiya.edu,Chheda,Moksh,Paras,3,"Fixed Income Securities, Equity Market, Corporate Finance, Professional Communication Skills, Research Methodology, Strategic Management","Theory, Theory, Theory, Theory, Theory, Theory",Bachelor of Commerce (Financial Markets),31010423007
jolly.d@somaiya.edu,Dalsaniya,Jolly,Kalpesh,3,"Fixed Income Securities, Equity Market, Corporate Finance, Professional Communication Skills, Research Methodology, Strategic Management","Theory, Theory, Theory, Theory, Theory, Theory",Bachelor of Commerce (Financial Markets),31010423008
kavya.dedhia@somaiya.edu,Dedhia,Kavya,Mehul,3,"Fixed Income Securities, Equity Market, Corporate Finance, Professional Communication Skills, Research Methodology, Strategic Management","Theory, Theory, Theory, Theory, Theory, Theory",Bachelor of Commerce (Financial Markets),31010423010
dev.gada@somaiya.edu,Gada,Dev,Arvind,3,"Fixed Income Securities, Equity Market, Corporate Finance, Professional Communication Skills, Research Methodology, Strategic Management","Theory, Theory, Theory, Theory, Theory, Theory",Bachelor of Commerce (Financial Markets),31010423012
gada.dt@somaiya.edu,Gada,Dheer,Tapan,3,"Fixed Income Securities, Equity Market, Corporate Finance, Professional Communication Skills, Research Methodology, Strategic Management","Theory, Theory, Theory, Theory, Theory, Theory",Bachelor of Commerce (Financial Markets),31010423013
akshat10@somaiya.edu,Gala,Akshat,Sanjay,3,"Fixed Income Securities, Equity Market, Corporate Finance, Professional Communication Skills, Research Methodology, Strategic Management","Theory, Theory, Theory, Theory, Theory, Theory",Bachelor of Commerce (Financial Markets),31010423014
jash.pg@somaiya.edu,Gala,Jash,Paresh,3,"Fixed Income Securities, Equity Market, Corporate Finance, Professional Communication Skills, Research Methodology, Strategic Management","Theory, Theory, Theory, Theory, Theory, Theory",Bachelor of Commerce (Financial Markets),31010423015
yatha.gala@somaiya.edu,Gala,Yatha,Kamlesh,3,"Fixed Income Securities, Equity Market, Corporate Finance, Professional Communication Skills, Research Methodology, Strategic Management","Theory, Theory, Theory, Theory, Theory, Theory",Bachelor of Commerce (Financial Markets),31010423017
harsh.gandhi3@somaiya.edu,Gandhi,Harsh,Paresh,3,"Fixed Income Securities, Equity Market, Corporate Finance, Professional Communication Skills, Research Methodology, Strategic Management","Theory, Theory, Theory, Theory, Theory, Theory",Bachelor of Commerce (Financial Markets),31010423018
chinmay.gatkal@somaiya.edu,Gatkal,Chinmay,Ullhas,3,"Fixed Income Securities, Equity Market, Corporate Finance, Professional Communication Skills, Research Methodology, Strategic Management","Theory, Theory, Theory, Theory, Theory, Theory",Bachelor of Commerce (Financial Markets),31010423019
manthan.mg@somaiya.edu,Goda,Manthan,Manish,3,"Fixed Income Securities, Equity Market, Corporate Finance, Professional Communication Skills, Research Methodology, Strategic Management","Theory, Theory, Theory, Theory, Theory, Theory",Bachelor of Commerce (Financial Markets),31010423020
h.gori@somaiya.edu,Gori,Het,Rajesh,3,"Fixed Income Securities, Equity Market, Corporate Finance, Professional Communication Skills, Research Methodology, Strategic Management","Theory, Theory, Theory, Theory, Theory, Theory",Bachelor of Commerce (Financial Markets),31010423021
romit.hingu@somaiya.edu,Hingu,Romit,Vipul,3,"Fixed Income Securities, Equity Market, Corporate Finance, Professional Communication Skills, Research Methodology, Strategic Management","Theory, Theory, Theory, Theory, Theory, Theory",Bachelor of Commerce (Financial Markets),31010423025
avirat.jain@somaiya.edu,Jain,Avirat,Raksha,3,"Fixed Income Securities, Equity Market, Corporate Finance, Professional Communication Skills, Research Methodology, Strategic Management","Theory, Theory, Theory, Theory, Theory, Theory",Bachelor of Commerce (Financial Markets),31010423026
om.cj@somaiya.edu,Jaiswal,Om,Chandukishore,3,"Fixed Income Securities, Equity Market, Corporate Finance, Professional Communication Skills, Research Methodology, Strategic Management","Theory, Theory, Theory, Theory, Theory, Theory",Bachelor of Commerce (Financial Markets),31010423027
omie.jaiswal@somaiya.edu,Jaiswal,Omie,Ratan,3,"Fixed Income Securities, Equity Market, Corporate Finance, Professional Communication Skills, Research Methodology, Strategic Management","Theory, Theory, Theory, Theory, Theory, Theory",Bachelor of Commerce (Financial Markets),31010423028
r.jobanputra@somaiya.edu,Jobanputra,Riya,Dharmesh,3,"Fixed Income Securities, Equity Market, Corporate Finance, Professional Communication Skills, Research Methodology, Strategic Management","Theory, Theory, Theory, Theory, Theory, Theory",Bachelor of Commerce (Financial Markets),31010423030
yashraj.j@somaiya.edu,Joshi,Yashraj,Shyamal,3,"Fixed Income Securities, Equity Market, Corporate Finance, Professional Communication Skills, Research Methodology, Strategic Management","Theory, Theory, Theory, Theory, Theory, Theory",Bachelor of Commerce (Financial Markets),31010423031
s.kenia@somaiya.edu,Kenia,Soham,Amit,3,"Fixed Income Securities, Equity Market, Corporate Finance, Professional Communication Skills, Research Methodology, Strategic Management","Theory, Theory, Theory, Theory, Theory, Theory",Bachelor of Commerce (Financial Markets),31010423033
soumya.k@somaiya.edu,Kerkar,Soumya,Yogesh,3,"Fixed Income Securities, Equity Market, Corporate Finance, Professional Communication Skills, Research Methodology, Strategic Management","Theory, Theory, Theory, Theory, Theory, Theory",Bachelor of Commerce (Financial Markets),31010423034
vivek.limbani@somaiya.edu,Limbani,Vivek,Bipin,3,"Fixed Income Securities, Equity Market, Corporate Finance, Professional Communication Skills, Research Methodology, Strategic Management","Theory, Theory, Theory, Theory, Theory, Theory",Bachelor of Commerce (Financial Markets),31010423037
yash.vl@somaiya.edu,Lodaya,Yash,Vipul,3,"Fixed Income Securities, Equity Market, Corporate Finance, Professional Communication Skills, Research Methodology, Strategic Management","Theory, Theory, Theory, Theory, Theory, Theory",Bachelor of Commerce (Financial Markets),31010423038
omkar.malshetty@somaiya.edu,Malshetty,Omkar,Manoj,3,"Fixed Income Securities, Equity Market, Corporate Finance, Professional Communication Skills, Research Methodology, Strategic Management","Theory, Theory, Theory, Theory, Theory, Theory",Bachelor of Commerce (Financial Markets),31010423039
mustansir.m@somaiya.edu,Mehsari,Mustansir,Quresh,3,"Fixed Income Securities, Equity Market, Corporate Finance, Professional Communication Skills, Research Methodology, Strategic Management","Theory, Theory, Theory, Theory, Theory, Theory",Bachelor of Commerce (Financial Markets),31010423040
om.modi@somaiya.edu,Modi,Om,Sanjay,3,"Fixed Income Securities, Equity Market, Corporate Finance, Professional Communication Skills, Research Methodology, Strategic Management","Theory, Theory, Theory, Theory, Theory, Theory",Bachelor of Commerce (Financial Markets),31010423041
kush.nagrecha@somaiya.edu,Nagrecha,Kush,Atul,3,"Fixed Income Securities, Equity Market, Corporate Finance, Professional Communication Skills, Research Methodology, Strategic Management","Theory, Theory, Theory, Theory, Theory, Theory",Bachelor of Commerce (Financial Markets),31010423043
tarak.p@somaiya.edu,Panchani,Tarak,Ramesh,3,"Fixed Income Securities, Equity Market, Corporate Finance, Professional Communication Skills, Research Methodology, Strategic Management","Theory, Theory, Theory, Theory, Theory, Theory",Bachelor of Commerce (Financial Markets),31010423045
meet.patel8@somaiya.edu,Patel,Meet,Tejas,3,"Fixed Income Securities, Equity Market, Corporate Finance, Professional Communication Skills, Research Methodology, Strategic Management","Theory, Theory, Theory, Theory, Theory, Theory",Bachelor of Commerce (Financial Markets),31010423047
vidhi.patel6@somaiya.edu,Patel,Vidhi,Ajay,3,"Fixed Income Securities, Equity Market, Corporate Finance, Professional Communication Skills, Research Methodology, Strategic Management","Theory, Theory, Theory, Theory, Theory, Theory",Bachelor of Commerce (Financial Markets),31010423050
ritvik.patra@somaiya.edu,Patra,Ritvik,Kumar,3,"Fixed Income Securities, Equity Market, Corporate Finance, Professional Communication Skills, Research Methodology, Strategic Management","Theory, Theory, Theory, Theory, Theory, Theory",Bachelor of Commerce (Financial Markets),31010423051
abhijit.r@somaiya.edu,Rajpurohit,Abhijit,Arjun,3,"Fixed Income Securities, Equity Market, Corporate Finance, Professional Communication Skills, Research Methodology, Strategic Management","Theory, Theory, Theory, Theory, Theory, Theory",Bachelor of Commerce (Financial Markets),31010423053
pujan.rambhia@somaiya.edu,Rambhia,Pujan,Vipul,3,"Fixed Income Securities, Equity Market, Corporate Finance, Professional Communication Skills, Research Methodology, Strategic Management","Theory, Theory, Theory, Theory, Theory, Theory",Bachelor of Commerce (Financial Markets),31010423054
tvisha.rawal@somaiya.edu,Rawal,Tvisha,Kshitij,3,"Fixed Income Securities, Equity Market, Corporate Finance, Professional Communication Skills, Research Methodology, Strategic Management","Theory, Theory, Theory, Theory, Theory, Theory",Bachelor of Commerce (Financial Markets),31010423055
sushil.sahu@somaiya.edu,Sahu,Sushil,Santosh,3,"Fixed Income Securities, Equity Market, Corporate Finance, Professional Communication Skills, Research Methodology, Strategic Management","Theory, Theory, Theory, Theory, Theory, Theory",Bachelor of Commerce (Financial Markets),31010423056
arahum.shah@somaiya.edu,Shah,Arahum,Dipen,3,"Fixed Income Securities, Equity Market, Corporate Finance, Professional Communication Skills, Research Methodology, Strategic Management","Theory, Theory, Theory, Theory, Theory, Theory",Bachelor of Commerce (Financial Markets),31010423057
druhi.shah@somaiya.edu,Shah,Druhi,Ketan,3,"Fixed Income Securities, Equity Market, Corporate Finance, Professional Communication Skills, Research Methodology, Strategic Management","Theory, Theory, Theory, Theory, Theory, Theory",Bachelor of Commerce (Financial Markets),31010423058
jhalak.sheth@somaiya.edu,Sheth,Jhalak,Kamlesh,3,"Fixed Income Securities, Equity Market, Corporate Finance, Professional Communication Skills, Research Methodology, Strategic Management","Theory, Theory, Theory, Theory, Theory, Theory",Bachelor of Commerce (Financial Markets),31010423062
shrey.s@somaiya.edu,Sheth,Shrey,Smitesh,3,"Fixed Income Securities, Equity Market, Corporate Finance, Professional Communication Skills, Research Methodology, Strategic Management","Theory, Theory, Theory, Theory, Theory, Theory",Bachelor of Commerce (Financial Markets),31010423063
swaraaj.s@somaiya.edu,Shinde,Swaraaj,Rajesh,3,"Fixed Income Securities, Equity Market, Corporate Finance, Professional Communication Skills, Research Methodology, Strategic Management","Theory, Theory, Theory, Theory, Theory, Theory",Bachelor of Commerce (Financial Markets),31010423064
prasun.singh@somaiya.edu,Singh,Prasun,Ravi,3,"Fixed Income Securities, Equity Market, Corporate Finance, Professional Communication Skills, Research Methodology, Strategic Management","Theory, Theory, Theory, Theory, Theory, Theory",Bachelor of Commerce (Financial Markets),31010423065
viraj.us@somaiya.edu,Singh,Viraj,Udaybhan,3,"Fixed Income Securities, Equity Market, Corporate Finance, Professional Communication Skills, Research Methodology, Strategic Management","Theory, Theory, Theory, Theory, Theory, Theory",Bachelor of Commerce (Financial Markets),31010423066
ayush.sonar@somaiya.edu,Sonar,Ayush,Mangesh,3,"Fixed Income Securities, Equity Market, Corporate Finance, Professional Communication Skills, Research Methodology, Strategic Management","Theory, Theory, Theory, Theory, Theory, Theory",Bachelor of Commerce (Financial Markets),31010423068
jeevan.t@somaiya.edu,Trivedi,Jeevan,Deepak,3,"Fixed Income Securities, Equity Market, Corporate Finance, Professional Communication Skills, Research Methodology, Strategic Management","Theory, Theory, Theory, Theory, Theory, Theory",Bachelor of Commerce (Financial Markets),31010423070
rivaan.sv@somaiya.edu,Veera,Rivaan,Sapneel,3,"Fixed Income Securities, Equity Market, Corporate Finance, Professional Communication Skills, Research Methodology, Strategic Management","Theory, Theory, Theory, Theory, Theory, Theory",Bachelor of Commerce (Financial Markets),31010423071
bhoomi.v@somaiya.edu,Viseria,Bhoomi,Deepak,3,"Fixed Income Securities, Equity Market, Corporate Finance, Professional Communication Skills, Research Methodology, Strategic Management","Theory, Theory, Theory, Theory, Theory, Theory",Bachelor of Commerce (Financial Markets),31010423072
atharva.walkar@somaiya.edu,Walkar,Atharva,Kiran,3,"Fixed Income Securities, Equity Market, Corporate Finance, Professional Communication Skills, Research Methodology, Strategic Management","Theory, Theory, Theory, Theory, Theory, Theory",Bachelor of Commerce (Financial Markets),31010423074
shriyash.w@somaiya.edu,Wani,Shriyash,Kishor,3,"Fixed Income Securities, Equity Market, Corporate Finance, Professional Communication Skills, Research Methodology, Strategic Management","Theory, Theory, Theory, Theory, Theory, Theory",Bachelor of Commerce (Financial Markets),31010423075
rithik.bhatnagar@somaiya.edu,Bhatnagar,Rithik,Ashish,3,"Fixed Income Securities, Equity Market, Corporate Finance, Professional Communication Skills, Research Methodology, Strategic Management","Theory, Theory, Theory, Theory, Theory, Theory",Bachelor of Commerce (Financial Markets),31010423081
nikunj.t@somaiya.edu,Tapdia,Nikunj,Nitin,3,"Fixed Income Securities, Equity Market, Corporate Finance, Professional Communication Skills, Research Methodology, Strategic Management","Theory, Theory, Theory, Theory, Theory, Theory",Bachelor of Commerce (Financial Markets),31010423083
jinal.lodaya@somaiya.edu,Lodaya,Jinal,Devendra,3,"Fixed Income Securities, Equity Market, Corporate Finance, Professional Communication Skills, Research Methodology, Strategic Management","Theory, Theory, Theory, Theory, Theory, Theory",Bachelor of Commerce (Financial Markets),31010423085
karan.maru@somaiya.edu,Maru,Karan,Naresh,3,"Fixed Income Securities, Equity Market, Corporate Finance, Professional Communication Skills, Research Methodology, Strategic Management","Theory, Theory, Theory, Theory, Theory, Theory",Bachelor of Commerce (Financial Markets),31010423086
kabir.b@somaiya.edu,Bhanushali,Kabir,Vijay,3,"Fixed Income Securities, Equity Market, Corporate Finance, Professional Communication Skills, Research Methodology, Strategic Management","Theory, Theory, Theory, Theory, Theory, Theory",Bachelor of Commerce (Financial Markets),31010423088
ubeid.s@somaiya.edu,Siddique,Ubeid,Javed,3,"Fixed Income Securities, Equity Market, Corporate Finance, Professional Communication Skills, Research Methodology, Strategic Management","Theory, Theory, Theory, Theory, Theory, Theory",Bachelor of Commerce (Financial Markets),31010423090
siddh.js@somaiya.edu,Shah,Siddh,Jayesh,3,"Fixed Income Securities, Equity Market, Corporate Finance, Professional Communication Skills, Research Methodology, Strategic Management","Theory, Theory, Theory, Theory, Theory, Theory",Bachelor of Commerce (Financial Markets),31010423091
omkar.gadhave@somaiya.edu,Gadhave,Omkar,Mangesh,3,"Fixed Income Securities, Equity Market, Corporate Finance, Professional Communication Skills, Research Methodology, Strategic Management","Theory, Theory, Theory, Theory, Theory, Theory",Bachelor of Commerce (Financial Markets),31010423093
sharma.mk@somaiya.edu,Sharma,Manav,Kishan,3,"Fixed Income Securities, Equity Market, Corporate Finance, Professional Communication Skills, Research Methodology, Strategic Management","Theory, Theory, Theory, Theory, Theory, Theory",Bachelor of Commerce (Financial Markets),31010423094
asmi.mishra@somaiya.edu,Mishra,Asmi,Manoj,5,"Direct Taxation, Introduction to Fintech, Technical Analysis, Research Methodology, Derivative Market, Marketing in Financial Service","Theory, Theory, Theory, Theory, Theory, Theory",Bachelor of Commerce (Financial Markets),31010421098
aashna.ajmera@somaiya.edu,Ajmera,Aashna,Bipin,5,"Direct Taxation, Introduction to Fintech, Technical Analysis, Research Methodology, Derivative Market, Marketing in Financial Service","Theory, Theory, Theory, Theory, Theory, Theory",Bachelor of Commerce (Financial Markets),31010422001
sarthak.bagwe@somaiya.edu,Bagwe,Sarthak,Bhaskar,5,"Direct Taxation, Introduction to Fintech, Technical Analysis, Research Methodology, Derivative Market, Marketing in Financial Service","Theory, Theory, Theory, Theory, Theory, Theory",Bachelor of Commerce (Financial Markets),31010422002
harsh.bhagat@somaiya.edu,Bhagat,Harsh,Chhaganlal,5,"Direct Taxation, Introduction to Fintech, Technical Analysis, Research Methodology, Derivative Market, Marketing in Financial Service","Theory, Theory, Theory, Theory, Theory, Theory",Bachelor of Commerce (Financial Markets),31010422003
pooja.bhanushali@somaiya.edu,Bhanushali,Pooja,Deepak,5,"Direct Taxation, Introduction to Fintech, Technical Analysis, Research Methodology, Derivative Market, Marketing in Financial Service","Theory, Theory, Theory, Theory, Theory, Theory",Bachelor of Commerce (Financial Markets),31010422004
preet.jb@somaiya.edu,Bhanushali,Preet,Jimmy,5,"Direct Taxation, Introduction to Fintech, Technical Analysis, Research Methodology, Derivative Market, Marketing in Financial Service","Theory, Theory, Theory, Theory, Theory, Theory",Bachelor of Commerce (Financial Markets),31010422005
namrata.c@somaiya.edu,Chandwani,Namrata,Sanjay,5,"Direct Taxation, Introduction to Fintech, Technical Analysis, Research Methodology, Derivative Market, Marketing in Financial Service","Theory, Theory, Theory, Theory, Theory, Theory",Bachelor of Commerce (Financial Markets),31010422007
dixit.chaudhary@somaiya.edu,Chaudhary,Dixit,Ramji,5,"Direct Taxation, Introduction to Fintech, Technical Analysis, Research Methodology, Derivative Market, Marketing in Financial Service","Theory, Theory, Theory, Theory, Theory, Theory",Bachelor of Commerce (Financial Markets),31010422008
devesh.c@somaiya.edu,Chettiar,Devesh,Santosh,5,"Direct Taxation, Introduction to Fintech, Technical Analysis, Research Methodology, Derivative Market, Marketing in Financial Service","Theory, Theory, Theory, Theory, Theory, Theory",Bachelor of Commerce (Financial Markets),31010422011
aashi.c@somaiya.edu,Chheda,Aashi,Mahesh,5,"Direct Taxation, Introduction to Fintech, Technical Analysis, Research Methodology, Derivative Market, Marketing in Financial Service","Theory, Theory, Theory, Theory, Theory, Theory",Bachelor of Commerce (Financial Markets),31010422012
riya.chotaliya@somaiya.edu,Chotaliya,Riya,Manish,5,"Direct Taxation, Introduction to Fintech, Technical Analysis, Research Methodology, Derivative Market, Marketing in Financial Service","Theory, Theory, Theory, Theory, Theory, Theory",Bachelor of Commerce (Financial Markets),31010422013
a.dikholkar@somaiya.edu,Dikholkar,Atharva,Anil,5,"Direct Taxation, Introduction to Fintech, Technical Analysis, Research Methodology, Derivative Market, Marketing in Financial Service","Theory, Theory, Theory, Theory, Theory, Theory",Bachelor of Commerce (Financial Markets),31010422016
aashna.doshi@somaiya.edu,Doshi,Aashna,Mehul,5,"Direct Taxation, Introduction to Fintech, Technical Analysis, Research Methodology, Derivative Market, Marketing in Financial Service","Theory, Theory, Theory, Theory, Theory, Theory",Bachelor of Commerce (Financial Markets),31010422018
stuti.hd@somaiya.edu,Doshi,Stuti,Hemanshu,5,"Direct Taxation, Introduction to Fintech, Technical Analysis, Research Methodology, Derivative Market, Marketing in Financial Service","Theory, Theory, Theory, Theory, Theory, Theory",Bachelor of Commerce (Financial Markets),31010422019
keenan.f@somaiya.edu,Fernandes,Keenan,Jude,5,"Direct Taxation, Introduction to Fintech, Technical Analysis, Research Methodology, Derivative Market, Marketing in Financial Service","Theory, Theory, Theory, Theory, Theory, Theory",Bachelor of Commerce (Financial Markets),31010422020
jenik.gada@somaiya.edu,Gada,Jenik,Nipesh,5,"Direct Taxation, Introduction to Fintech, Technical Analysis, Research Methodology, Derivative Market, Marketing in Financial Service","Theory, Theory, Theory, Theory, Theory, Theory",Bachelor of Commerce (Financial Markets),31010422023
aditya.goda@somaiya.edu,Goda,Aditya,Rajesh,5,"Direct Taxation, Introduction to Fintech, Technical Analysis, Research Methodology, Derivative Market, Marketing in Financial Service","Theory, Theory, Theory, Theory, Theory, Theory",Bachelor of Commerce (Financial Markets),31010422024
darshil.gosar@somaiya.edu,Gosar,Darshil,Kapil,5,"Direct Taxation, Introduction to Fintech, Technical Analysis, Research Methodology, Derivative Market, Marketing in Financial Service","Theory, Theory, Theory, Theory, Theory, Theory",Bachelor of Commerce (Financial Markets),31010422025
jadhav.pp@somaiya.edu,Jadhav,Pratham,Pradeep,5,"Direct Taxation, Introduction to Fintech, Technical Analysis, Research Methodology, Derivative Market, Marketing in Financial Service","Theory, Theory, Theory, Theory, Theory, Theory",Bachelor of Commerce (Financial Markets),31010422027
gitaansh.j@somaiya.edu,Jaggi,Gitaansh,Deepak,5,"Direct Taxation, Introduction to Fintech, Technical Analysis, Research Methodology, Derivative Market, Marketing in Financial Service","Theory, Theory, Theory, Theory, Theory, Theory",Bachelor of Commerce (Financial Markets),31010422028
aayush.jain@somaiya.edu,Jain,Aayush,Rakesh,5,"Direct Taxation, Introduction to Fintech, Technical Analysis, Research Methodology, Derivative Market, Marketing in Financial Service","Theory, Theory, Theory, Theory, Theory, Theory",Bachelor of Commerce (Financial Markets),31010422029
aditya.bj@somaiya.edu,Jain,Aditya,Bhikamchand,5,"Direct Taxation, Introduction to Fintech, Technical Analysis, Research Methodology, Derivative Market, Marketing in Financial Service","Theory, Theory, Theory, Theory, Theory, Theory",Bachelor of Commerce (Financial Markets),31010422030
mayank.dj@somaiya.edu,Jain,Mayank,Dinesh,5,"Direct Taxation, Introduction to Fintech, Technical Analysis, Research Methodology, Derivative Market, Marketing in Financial Service","Theory, Theory, Theory, Theory, Theory, Theory",Bachelor of Commerce (Financial Markets),31010422032
rishi.pj@somaiya.edu,Jain,Rishi,Pankaj,5,"Direct Taxation, Introduction to Fintech, Technical Analysis, Research Methodology, Derivative Market, Marketing in Financial Service","Theory, Theory, Theory, Theory, Theory, Theory",Bachelor of Commerce (Financial Markets),31010422033
sakshi.kakka@somaiya.edu,Kakka,Sakshi,Bhachu,5,"Direct Taxation, Introduction to Fintech, Technical Analysis, Research Methodology, Derivative Market, Marketing in Financial Service","Theory, Theory, Theory, Theory, Theory, Theory",Bachelor of Commerce (Financial Markets),31010422038
archit.kamat@somaiya.edu,Kamat,Archit,Abhijeet,5,"Direct Taxation, Introduction to Fintech, Technical Analysis, Research Methodology, Derivative Market, Marketing in Financial Service","Theory, Theory, Theory, Theory, Theory, Theory",Bachelor of Commerce (Financial Markets),31010422040
zainab.kapadi@somaiya.edu,Kapadi,Zainab,Zamir,5,"Direct Taxation, Introduction to Fintech, Technical Analysis, Research Methodology, Derivative Market, Marketing in Financial Service","Theory, Theory, Theory, Theory, Theory, Theory",Bachelor of Commerce (Financial Markets),31010422041
soha.khan@somaiya.edu,Khan,Soha,Shahbaz,5,"Direct Taxation, Introduction to Fintech, Technical Analysis, Research Methodology, Derivative Market, Marketing in Financial Service","Theory, Theory, Theory, Theory, Theory, Theory",Bachelor of Commerce (Financial Markets),31010422042
niramay.khimasia@somaiya.edu,Khimasia,Niramay,Jaideep,5,"Direct Taxation, Introduction to Fintech, Technical Analysis, Research Methodology, Derivative Market, Marketing in Financial Service","Theory, Theory, Theory, Theory, Theory, Theory",Bachelor of Commerce (Financial Markets),31010422043
vivek.khona@somaiya.edu,Khona,Vivek,Vipin,5,"Direct Taxation, Introduction to Fintech, Technical Analysis, Research Methodology, Derivative Market, Marketing in Financial Service","Theory, Theory, Theory, Theory, Theory, Theory",Bachelor of Commerce (Financial Markets),31010422044
anirudh.kolleri@somaiya.edu,Kolleri,Anirudh,Pratish,5,"Direct Taxation, Introduction to Fintech, Technical Analysis, Research Methodology, Derivative Market, Marketing in Financial Service","Theory, Theory, Theory, Theory, Theory, Theory",Bachelor of Commerce (Financial Markets),31010422046
harsika.k@somaiya.edu,Kothari,Harsika,Mahendra,5,"Direct Taxation, Introduction to Fintech, Technical Analysis, Research Methodology, Derivative Market, Marketing in Financial Service","Theory, Theory, Theory, Theory, Theory, Theory",Bachelor of Commerce (Financial Markets),31010422047
prince.lalani@somaiya.edu,Lalani,Prince,Aminali,5,"Direct Taxation, Introduction to Fintech, Technical Analysis, Research Methodology, Derivative Market, Marketing in Financial Service","Theory, Theory, Theory, Theory, Theory, Theory",Bachelor of Commerce (Financial Markets),31010422050
khushi.lamba@somaiya.edu,Lamba,Khushi,Amit,5,"Direct Taxation, Introduction to Fintech, Technical Analysis, Research Methodology, Derivative Market, Marketing in Financial Service","Theory, Theory, Theory, Theory, Theory, Theory",Bachelor of Commerce (Financial Markets),31010422051
dishita.makwana@somaiya.edu,Makwana,Dishita,Ketan,5,"Direct Taxation, Introduction to Fintech, Technical Analysis, Research Methodology, Derivative Market, Marketing in Financial Service","Theory, Theory, Theory, Theory, Theory, Theory",Bachelor of Commerce (Financial Markets),31010422053
shravani.malhar@somaiya.edu,Malhar,Shravani,Dattatray,5,"Direct Taxation, Introduction to Fintech, Technical Analysis, Research Methodology, Derivative Market, Marketing in Financial Service","Theory, Theory, Theory, Theory, Theory, Theory",Bachelor of Commerce (Financial Markets),31010422054
mane.rs@somaiya.edu,Mane,Rahul,Sandeep,5,"Direct Taxation, Introduction to Fintech, Technical Analysis, Research Methodology, Derivative Market, Marketing in Financial Service","Theory, Theory, Theory, Theory, Theory, Theory",Bachelor of Commerce (Financial Markets),31010422055
varun.matta@somaiya.edu,Matta,Varun,Visava,5,"Direct Taxation, Introduction to Fintech, Technical Analysis, Research Methodology, Derivative Market, Marketing in Financial Service","Theory, Theory, Theory, Theory, Theory, Theory",Bachelor of Commerce (Financial Markets),31010422056
mehta.vm@somaiya.edu,Mehta,Vatsal,Milan,5,"Direct Taxation, Introduction to Fintech, Technical Analysis, Research Methodology, Derivative Market, Marketing in Financial Service","Theory, Theory, Theory, Theory, Theory, Theory",Bachelor of Commerce (Financial Markets),31010422057
kashish.motharia@somaiya.edu,Motharia,Kashish,Bhavesh,5,"Direct Taxation, Introduction to Fintech, Technical Analysis, Research Methodology, Derivative Market, Marketing in Financial Service","Theory, Theory, Theory, Theory, Theory, Theory",Bachelor of Commerce (Financial Markets),31010422059
jhanvi.panchal@somaiya.edu,Panchal,Jhanvi,Pankaj,5,"Direct Taxation, Introduction to Fintech, Technical Analysis, Research Methodology, Derivative Market, Marketing in Financial Service","Theory, Theory, Theory, Theory, Theory, Theory",Bachelor of Commerce (Financial Markets),31010422061
sahil.rp@somaiya.edu,Patel,Sahil,Ramesh,5,"Direct Taxation, Introduction to Fintech, Technical Analysis, Research Methodology, Derivative Market, Marketing in Financial Service","Theory, Theory, Theory, Theory, Theory, Theory",Bachelor of Commerce (Financial Markets),31010422063
samarth19@somaiya.edu,Patel,Samarth,Vinod,5,"Direct Taxation, Introduction to Fintech, Technical Analysis, Research Methodology, Derivative Market, Marketing in Financial Service","Theory, Theory, Theory, Theory, Theory, Theory",Bachelor of Commerce (Financial Markets),31010422064
tanay.kp@somaiya.edu,Patel,Tanay,Kirit,5,"Direct Taxation, Introduction to Fintech, Technical Analysis, Research Methodology, Derivative Market, Marketing in Financial Service","Theory, Theory, Theory, Theory, Theory, Theory",Bachelor of Commerce (Financial Markets),31010422066
vedant.salekar@somaiya.edu,Salekar,Vedant,Santosh,5,"Direct Taxation, Introduction to Fintech, Technical Analysis, Research Methodology, Derivative Market, Marketing in Financial Service","Theory, Theory, Theory, Theory, Theory, Theory",Bachelor of Commerce (Financial Markets),31010422068
arya.savla@somaiya.edu,Savla,Arya,Dhiren,5,"Direct Taxation, Introduction to Fintech, Technical Analysis, Research Methodology, Derivative Market, Marketing in Financial Service","Theory, Theory, Theory, Theory, Theory, Theory",Bachelor of Commerce (Financial Markets),31010422070
dipansh.shah@somaiya.edu,Shah,Dipansh,Kaushik,5,"Direct Taxation, Introduction to Fintech, Technical Analysis, Research Methodology, Derivative Market, Marketing in Financial Service","Theory, Theory, Theory, Theory, Theory, Theory",Bachelor of Commerce (Financial Markets),31010422071
hardik31@somaiya.edu,Shah,Hardik,Sunil,5,"Direct Taxation, Introduction to Fintech, Technical Analysis, Research Methodology, Derivative Market, Marketing in Financial Service","Theory, Theory, Theory, Theory, Theory, Theory",Bachelor of Commerce (Financial Markets),31010422072
pearl.shah@somaiya.edu,Shah,Pearl,Dhiren,5,"Direct Taxation, Introduction to Fintech, Technical Analysis, Research Methodology, Derivative Market, Marketing in Financial Service","Theory, Theory, Theory, Theory, Theory, Theory",Bachelor of Commerce (Financial Markets),31010422073
ganesh.shinde@somaiya.edu,Shinde,Ganesh,Vilas,5,"Direct Taxation, Introduction to Fintech, Technical Analysis, Research Methodology, Derivative Market, Marketing in Financial Service","Theory, Theory, Theory, Theory, Theory, Theory",Bachelor of Commerce (Financial Markets),31010422079
thakkar.m@somaiya.edu,Thakkar,Meet,Mukesh,5,"Direct Taxation, Introduction to Fintech, Technical Analysis, Research Methodology, Derivative Market, Marketing in Financial Service","Theory, Theory, Theory, Theory, Theory, Theory",Bachelor of Commerce (Financial Markets),31010422082
tanish.thakkar@somaiya.edu,Thakkar,Tanish,Sunil,5,"Direct Taxation, Introduction to Fintech, Technical Analysis, Research Methodology, Derivative Market, Marketing in Financial Service","Theory, Theory, Theory, Theory, Theory, Theory",Bachelor of Commerce (Financial Markets),31010422083
dhir.t@somaiya.edu,Thakker,Dhir,Vinesh,5,"Direct Taxation, Introduction to Fintech, Technical Analysis, Research Methodology, Derivative Market, Marketing in Financial Service","Theory, Theory, Theory, Theory, Theory, Theory",Bachelor of Commerce (Financial Markets),31010422084
dhruvi.unarkat@somaiya.edu,Unarkat,Dhruvi,Rajesh,5,"Direct Taxation, Introduction to Fintech, Technical Analysis, Research Methodology, Derivative Market, Marketing in Financial Service","Theory, Theory, Theory, Theory, Theory, Theory",Bachelor of Commerce (Financial Markets),31010422087
om.vaidya@somaiya.edu,Vaidya,Om,Santosh,5,"Direct Taxation, Introduction to Fintech, Technical Analysis, Research Methodology, Derivative Market, Marketing in Financial Service","Theory, Theory, Theory, Theory, Theory, Theory",Bachelor of Commerce (Financial Markets),31010422088
jasika.vig@somaiya.edu,Vig,Jasika,Kaur,5,"Direct Taxation, Introduction to Fintech, Technical Analysis, Research Methodology, Derivative Market, Marketing in Financial Service","Theory, Theory, Theory, Theory, Theory, Theory",Bachelor of Commerce (Financial Markets),31010422089
y.wani@somaiya.edu,Wani,Yash,Vidyadhar,5,"Direct Taxation, Introduction to Fintech, Technical Analysis, Research Methodology, Derivative Market, Marketing in Financial Service","Theory, Theory, Theory, Theory, Theory, Theory",Bachelor of Commerce (Financial Markets),31010422090
dhairya.raval@somaiya.edu,Raval,Dhairya,Kalpesh,5,"Direct Taxation, Introduction to Fintech, Technical Analysis, Research Methodology, Derivative Market, Marketing in Financial Service","Theory, Theory, Theory, Theory, Theory, Theory",Bachelor of Commerce (Financial Markets),31010422091
vaishnavi.np@somaiya.edu,Patil,Vaishnavi,Narendra,5,"Direct Taxation, Introduction to Fintech, Technical Analysis, Research Methodology, Derivative Market, Marketing in Financial Service","Theory, Theory, Theory, Theory, Theory, Theory",Bachelor of Commerce (Financial Markets),31010422094
sara.kurian@somaiya.edu,Kurian,Sara,Iype,3,"corporate accounting, Direct Taxation, Professional Communication skills - 3, Statistics - II, Digital Marketing, Company Law","Theory, Theory, Theory, Theory, Theory, Theory",Bachelor of Commerce (Specialization in Data Science),31017623003
shreya.dp@somaiya.edu,Parab,Shreya,Devendra,3,"corporate accounting, Direct Taxation, Professional Communication skills - 3, Statistics - II, Digital Marketing, Company Law","Theory, Theory, Theory, Theory, Theory, Theory",Bachelor of Commerce (Specialization in Data Science),31017623004
maitri.vp@somaiya.edu,Patel,Maitri,Vipulkumar,3,"corporate accounting, Direct Taxation, Professional Communication skills - 3, Statistics - II, Digital Marketing, Company Law","Theory, Theory, Theory, Theory, Theory, Theory",Bachelor of Commerce (Specialization in Data Science),31017623006
vishrut.raut@somaiya.edu,Raut,Vishrut,Sandeep,3,"corporate accounting, Direct Taxation, Professional Communication skills - 3, Statistics - II, Digital Marketing, Company Law","Theory, Theory, Theory, Theory, Theory, Theory",Bachelor of Commerce (Specialization in Data Science),31017623007
shah.dd@somaiya.edu,Shah,Dhruv,Dhiren,3,"corporate accounting, Direct Taxation, Professional Communication skills - 3, Statistics - II, Digital Marketing, Company Law","Theory, Theory, Theory, Theory, Theory, Theory",Bachelor of Commerce (Specialization in Data Science),31017623009
aryan.hv@somaiya.edu,Vora,Aryan,Hitesh,3,"corporate accounting, Direct Taxation, Professional Communication skills - 3, Statistics - II, Digital Marketing, Company Law","Theory, Theory, Theory, Theory, Theory, Theory",Bachelor of Commerce (Specialization in Data Science),31017623013
sujal.agre@somaiya.edu,Agre,Sujal,Zumbarlal,1,"Principles of Algorithms and Programming, Principles of Algorithms and Programming, Digital Computer Fundamentals, Digital Computer Fundamentals, Organizational Behaviour","Theory, Practical, Theory, Practical, Practical",Bachelor of Computer Applications,31011224001
devika.bhave@somaiya.edu,Bhave,Devika,Kedar,1,"Principles of Algorithms and Programming, Principles of Algorithms and Programming, Digital Computer Fundamentals, Digital Computer Fundamentals, Organizational Behaviour","Theory, Practical, Theory, Practical, Practical",Bachelor of Computer Applications,31011224003
amod.bhosale@somaiya.edu,Bhosale,Amod,Mahesh,1,"Principles of Algorithms and Programming, Principles of Algorithms and Programming, Digital Computer Fundamentals, Digital Computer Fundamentals, Organizational Behaviour","Theory, Practical, Theory, Practical, Practical",Bachelor of Computer Applications,31011224004
manasi.bhutra@somaiya.edu,Bhutra,Manasi,Sharad,1,"Principles of Algorithms and Programming, Principles of Algorithms and Programming, Digital Computer Fundamentals, Digital Computer Fundamentals, Organizational Behaviour","Theory, Practical, Theory, Practical, Practical",Bachelor of Computer Applications,31011224005
sujal.bishnoi@somaiya.edu,Bishnoi,Sujal,Savlaram,1,"Principles of Algorithms and Programming, Principles of Algorithms and Programming, Digital Computer Fundamentals, Digital Computer Fundamentals, Organizational Behaviour","Theory, Practical, Theory, Practical, Practical",Bachelor of Computer Applications,31011224006
vansh.chandan@somaiya.edu,Chandan,Vansh,Rajesh,1,"Principles of Algorithms and Programming, Principles of Algorithms and Programming, Digital Computer Fundamentals, Digital Computer Fundamentals, Organizational Behaviour","Theory, Practical, Theory, Practical, Practical",Bachelor of Computer Applications,31011224007
bhoomi.chavan@somaiya.edu,Chavan,Bhoomi,Sandeep,1,"Principles of Algorithms and Programming, Principles of Algorithms and Programming, Digital Computer Fundamentals, Digital Computer Fundamentals, Organizational Behaviour","Theory, Practical, Theory, Practical, Practical",Bachelor of Computer Applications,31011224008
zeke.colaco@somaiya.edu,Colaco,Zeke,Andre,1,"Principles of Algorithms and Programming, Principles of Algorithms and Programming, Digital Computer Fundamentals, Digital Computer Fundamentals, Organizational Behaviour","Theory, Practical, Theory, Practical, Practical",Bachelor of Computer Applications,31011224009
tresha.c@somaiya.edu,Crocker,Tresha,Serena,1,"Principles of Algorithms and Programming, Principles of Algorithms and Programming, Digital Computer Fundamentals, Digital Computer Fundamentals, Organizational Behaviour","Theory, Practical, Theory, Practical, Practical",Bachelor of Computer Applications,31011224010
aaron.sd@somaiya.edu,Dmello,Aaron,Showan,1,"Principles of Algorithms and Programming, Principles of Algorithms and Programming, Digital Computer Fundamentals, Digital Computer Fundamentals, Organizational Behaviour","Theory, Practical, Theory, Practical, Practical",Bachelor of Computer Applications,31011224011
nishra.doshi@somaiya.edu,Doshi,Nishra,Mehul,1,"Principles of Algorithms and Programming, Principles of Algorithms and Programming, Digital Computer Fundamentals, Digital Computer Fundamentals, Organizational Behaviour","Theory, Practical, Theory, Practical, Practical",Bachelor of Computer Applications,31011224012
khushal.dubey@somaiya.edu,Dubey,Khushal,Ramchandra,1,"Principles of Algorithms and Programming, Principles of Algorithms and Programming, Digital Computer Fundamentals, Digital Computer Fundamentals, Organizational Behaviour","Theory, Practical, Theory, Practical, Practical",Bachelor of Computer Applications,31011224013
dhreev.gala@somaiya.edu,Gala,Dhreev,Manoj,1,"Principles of Algorithms and Programming, Principles of Algorithms and Programming, Digital Computer Fundamentals, Digital Computer Fundamentals, Organizational Behaviour","Theory, Practical, Theory, Practical, Practical",Bachelor of Computer Applications,31011224014
kevin.gandhi@somaiya.edu,Gandhi,Kevin,Ankit,1,"Principles of Algorithms and Programming, Principles of Algorithms and Programming, Digital Computer Fundamentals, Digital Computer Fundamentals, Organizational Behaviour","Theory, Practical, Theory, Practical, Practical",Bachelor of Computer Applications,31011224015
tejas.ghag@somaiya.edu,Ghag,Tejas,Rajesh,1,"Principles of Algorithms and Programming, Principles of Algorithms and Programming, Digital Computer Fundamentals, Digital Computer Fundamentals, Organizational Behaviour","Theory, Practical, Theory, Practical, Practical",Bachelor of Computer Applications,31011224016
allexa.g@somaiya.edu,Gonsalves,Allexa,Allan,1,"Principles of Algorithms and Programming, Principles of Algorithms and Programming, Digital Computer Fundamentals, Digital Computer Fundamentals, Organizational Behaviour","Theory, Practical, Theory, Practical, Practical",Bachelor of Computer Applications,31011224017
gargi.gore@somaiya.edu,Gore,Gargi,Gajanan,1,"Principles of Algorithms and Programming, Principles of Algorithms and Programming, Digital Computer Fundamentals, Digital Computer Fundamentals, Organizational Behaviour","Theory, Practical, Theory, Practical, Practical",Bachelor of Computer Applications,31011224018
saara.g@somaiya.edu,Gouse,Mohammad,Saara,1,"Principles of Algorithms and Programming, Principles of Algorithms and Programming, Digital Computer Fundamentals, Digital Computer Fundamentals, Organizational Behaviour","Theory, Practical, Theory, Practical, Practical",Bachelor of Computer Applications,31011224019
riddhi.gujaran@somaiya.edu,Gujaran,Riddhi,Veerendra,1,"Principles of Algorithms and Programming, Principles of Algorithms and Programming, Digital Computer Fundamentals, Digital Computer Fundamentals, Organizational Behaviour","Theory, Practical, Theory, Practical, Practical",Bachelor of Computer Applications,31011224020
dhananjay.gupta@somaiya.edu,Gupta,Dhananjay,Suryakant,1,"Principles of Algorithms and Programming, Principles of Algorithms and Programming, Digital Computer Fundamentals, Digital Computer Fundamentals, Organizational Behaviour","Theory, Practical, Theory, Practical, Practical",Bachelor of Computer Applications,31011224021
gautam.dg@somaiya.edu,Gupta,Gautam,Dinesh,1,"Principles of Algorithms and Programming, Principles of Algorithms and Programming, Digital Computer Fundamentals, Digital Computer Fundamentals, Organizational Behaviour","Theory, Practical, Theory, Practical, Practical",Bachelor of Computer Applications,31011224022
prem06@somaiya.edu,Gupta,Prem,Sanjay,1,"Principles of Algorithms and Programming, Principles of Algorithms and Programming, Digital Computer Fundamentals, Digital Computer Fundamentals, Organizational Behaviour","Theory, Practical, Theory, Practical, Practical",Bachelor of Computer Applications,31011224023
shrikant.i@somaiya.edu,Ingle,Shrikant,Prashant,1,"Principles of Algorithms and Programming, Principles of Algorithms and Programming, Digital Computer Fundamentals, Digital Computer Fundamentals, Organizational Behaviour","Theory, Practical, Theory, Practical, Practical",Bachelor of Computer Applications,31011224024
gunjan.i@somaiya.edu,Israni,Gunjan,Pankaj,1,"Principles of Algorithms and Programming, Principles of Algorithms and Programming, Digital Computer Fundamentals, Digital Computer Fundamentals, Organizational Behaviour","Theory, Practical, Theory, Practical, Practical",Bachelor of Computer Applications,31011224025
navya.iyer@somaiya.edu,Iyer,Navya,Hariharan,1,"Principles of Algorithms and Programming, Principles of Algorithms and Programming, Digital Computer Fundamentals, Digital Computer Fundamentals, Organizational Behaviour","Theory, Practical, Theory, Practical, Practical",Bachelor of Computer Applications,31011224026
akshay.nj@somaiya.edu,Jadhav,Akshay,Nitin,1,"Principles of Algorithms and Programming, Principles of Algorithms and Programming, Digital Computer Fundamentals, Digital Computer Fundamentals, Organizational Behaviour","Theory, Practical, Theory, Practical, Practical",Bachelor of Computer Applications,31011224027
kirti.j@somaiya.edu,Jadhav,Kirti,Subhash,1,"Principles of Algorithms and Programming, Principles of Algorithms and Programming, Digital Computer Fundamentals, Digital Computer Fundamentals, Organizational Behaviour","Theory, Practical, Theory, Practical, Practical",Bachelor of Computer Applications,31011224028
vidhi.jadhav@somaiya.edu,Jadhav,Vidhi,Dilip,1,"Principles of Algorithms and Programming, Principles of Algorithms and Programming, Digital Computer Fundamentals, Digital Computer Fundamentals, Organizational Behaviour","Theory, Practical, Theory, Practical, Practical",Bachelor of Computer Applications,31011224029
ishan.vj@somaiya.edu,Jain,Ishan,Vinod,1,"Principles of Algorithms and Programming, Principles of Algorithms and Programming, Digital Computer Fundamentals, Digital Computer Fundamentals, Organizational Behaviour","Theory, Practical, Theory, Practical, Practical",Bachelor of Computer Applications,31011224030
ishika.dj@somaiya.edu,Jain,Ishika,Deepak,1,"Principles of Algorithms and Programming, Principles of Algorithms and Programming, Digital Computer Fundamentals, Digital Computer Fundamentals, Organizational Behaviour","Theory, Practical, Theory, Practical, Practical",Bachelor of Computer Applications,31011224031
aarya15@somaiya.edu,Kadam,Aarya,Sambhaji,1,"Principles of Algorithms and Programming, Principles of Algorithms and Programming, Digital Computer Fundamentals, Digital Computer Fundamentals, Organizational Behaviour","Theory, Practical, Theory, Practical, Practical",Bachelor of Computer Applications,31011224033
chandrahas.k@somaiya.edu,Karabuja,Chandrahas,Jagan,1,"Principles of Algorithms and Programming, Principles of Algorithms and Programming, Digital Computer Fundamentals, Digital Computer Fundamentals, Organizational Behaviour","Theory, Practical, Theory, Practical, Practical",Bachelor of Computer Applications,31011224034
neel.kasar@somaiya.edu,Kasar,Neel,Uttam,1,"Principles of Algorithms and Programming, Principles of Algorithms and Programming, Digital Computer Fundamentals, Digital Computer Fundamentals, Organizational Behaviour","Theory, Practical, Theory, Practical, Practical",Bachelor of Computer Applications,31011224035
siddhi.k@somaiya.edu,Kasurde,Siddhi,Pradeep,1,"Principles of Algorithms and Programming, Principles of Algorithms and Programming, Digital Computer Fundamentals, Digital Computer Fundamentals, Organizational Behaviour","Theory, Practical, Theory, Practical, Practical",Bachelor of Computer Applications,31011224036
sahnawaz.k@somaiya.edu,Khan,Sahnawaz,Azim,1,"Principles of Algorithms and Programming, Principles of Algorithms and Programming, Digital Computer Fundamentals, Digital Computer Fundamentals, Organizational Behaviour","Theory, Practical, Theory, Practical, Practical",Bachelor of Computer Applications,31011224037
parth.khetia@somaiya.edu,Khetia,Parth,Pankaj,1,"Principles of Algorithms and Programming, Principles of Algorithms and Programming, Digital Computer Fundamentals, Digital Computer Fundamentals, Organizational Behaviour","Theory, Practical, Theory, Practical, Practical",Bachelor of Computer Applications,31011224038
murali.k@somaiya.edu,Krishna,M,Murali,1,"Principles of Algorithms and Programming, Principles of Algorithms and Programming, Digital Computer Fundamentals, Digital Computer Fundamentals, Organizational Behaviour","Theory, Practical, Theory, Practical, Practical",Bachelor of Computer Applications,31011224039
sai.malusare@somaiya.edu,Malusare,Sai,Sandeep,1,"Principles of Algorithms and Programming, Principles of Algorithms and Programming, Digital Computer Fundamentals, Digital Computer Fundamentals, Organizational Behaviour","Theory, Practical, Theory, Practical, Practical",Bachelor of Computer Applications,31011224040
elizabeth.mehta@somaiya.edu,Mehta,Elizabeth,Shailesh,1,"Principles of Algorithms and Programming, Principles of Algorithms and Programming, Digital Computer Fundamentals, Digital Computer Fundamentals, Organizational Behaviour","Theory, Practical, Theory, Practical, Practical",Bachelor of Computer Applications,31011224041
diksha.more@somaiya.edu,More,Diksha,Dilip,1,"Principles of Algorithms and Programming, Principles of Algorithms and Programming, Digital Computer Fundamentals, Digital Computer Fundamentals, Organizational Behaviour","Theory, Practical, Theory, Practical, Practical",Bachelor of Computer Applications,31011224042
kaushal.m@somaiya.edu,Mundada,Kaushal,Satish,1,"Principles of Algorithms and Programming, Principles of Algorithms and Programming, Digital Computer Fundamentals, Digital Computer Fundamentals, Organizational Behaviour","Theory, Practical, Theory, Practical, Practical",Bachelor of Computer Applications,31011224043
muskan.nagpal@somaiya.edu,Nagpal,Muskan,Amar,1,"Principles of Algorithms and Programming, Principles of Algorithms and Programming, Digital Computer Fundamentals, Digital Computer Fundamentals, Organizational Behaviour","Theory, Practical, Theory, Practical, Practical",Bachelor of Computer Applications,31011224044
mahi.pandya@somaiya.edu,Pandya,Mahi,Tejas,1,"Principles of Algorithms and Programming, Principles of Algorithms and Programming, Digital Computer Fundamentals, Digital Computer Fundamentals, Organizational Behaviour","Theory, Practical, Theory, Practical, Practical",Bachelor of Computer Applications,31011224046
v.parmanand@somaiya.edu,Parmanand,Vaishali,Sachin,1,"Principles of Algorithms and Programming, Principles of Algorithms and Programming, Digital Computer Fundamentals, Digital Computer Fundamentals, Organizational Behaviour","Theory, Practical, Theory, Practical, Practical",Bachelor of Computer Applications,31011224047
dharmik.ap@somaiya.edu,Parmar,Dharmik,Atulbhai,1,"Principles of Algorithms and Programming, Principles of Algorithms and Programming, Digital Computer Fundamentals, Digital Computer Fundamentals, Organizational Behaviour","Theory, Practical, Theory, Practical, Practical",Bachelor of Computer Applications,31011224048
isha.patankar@somaiya.edu,Patankar,Isha,Sachin,1,"Principles of Algorithms and Programming, Principles of Algorithms and Programming, Digital Computer Fundamentals, Digital Computer Fundamentals, Organizational Behaviour","Theory, Practical, Theory, Practical, Practical",Bachelor of Computer Applications,31011224049
rugved.puranik@somaiya.edu,Puranik,Rugved,Uday,1,"Principles of Algorithms and Programming, Principles of Algorithms and Programming, Digital Computer Fundamentals, Digital Computer Fundamentals, Organizational Behaviour","Theory, Practical, Theory, Practical, Practical",Bachelor of Computer Applications,31011224050
aavez.q@somaiya.edu,Qureshi,Aavez,Nasir,1,"Principles of Algorithms and Programming, Principles of Algorithms and Programming, Digital Computer Fundamentals, Digital Computer Fundamentals, Organizational Behaviour","Theory, Practical, Theory, Practical, Practical",Bachelor of Computer Applications,31011224051
dhwani.r@somaiya.edu,Rajpurohit,Dhwani,Jitendra,1,"Principles of Algorithms and Programming, Principles of Algorithms and Programming, Digital Computer Fundamentals, Digital Computer Fundamentals, Organizational Behaviour","Theory, Practical, Theory, Practical, Practical",Bachelor of Computer Applications,31011224052
shravani.ranpise@somaiya.edu,Ranpise,Shravani,Ganesh,1,"Principles of Algorithms and Programming, Principles of Algorithms and Programming, Digital Computer Fundamentals, Digital Computer Fundamentals, Organizational Behaviour","Theory, Practical, Theory, Practical, Practical",Bachelor of Computer Applications,31011224053
ahad.shaikh@somaiya.edu,Shaikh,Ahad,Fazlurrahman,1,"Principles of Algorithms and Programming, Principles of Algorithms and Programming, Digital Computer Fundamentals, Digital Computer Fundamentals, Organizational Behaviour","Theory, Practical, Theory, Practical, Practical",Bachelor of Computer Applications,31011224057
daniya.s@somaiya.edu,Shaikh,Daniya,Irfan,1,"Principles of Algorithms and Programming, Principles of Algorithms and Programming, Digital Computer Fundamentals, Digital Computer Fundamentals, Organizational Behaviour","Theory, Practical, Theory, Practical, Practical",Bachelor of Computer Applications,31011224058
amartya.s@somaiya.edu,Shetty,Amartya,Sanjay,1,"Principles of Algorithms and Programming, Principles of Algorithms and Programming, Digital Computer Fundamentals, Digital Computer Fundamentals, Organizational Behaviour","Theory, Practical, Theory, Practical, Practical",Bachelor of Computer Applications,31011224059
saanvi.shetty@somaiya.edu,Shetty,Saanvi,Prabhakar,1,"Principles of Algorithms and Programming, Principles of Algorithms and Programming, Digital Computer Fundamentals, Digital Computer Fundamentals, Organizational Behaviour","Theory, Practical, Theory, Practical, Practical",Bachelor of Computer Applications,31011224060
krupa.shinde@somaiya.edu,Shinde,Krupa,Raju,1,"Principles of Algorithms and Programming, Principles of Algorithms and Programming, Digital Computer Fundamentals, Digital Computer Fundamentals, Organizational Behaviour","Theory, Practical, Theory, Practical, Practical",Bachelor of Computer Applications,31011224061
manav.shirali@somaiya.edu,Shirali,Manav,Samir,1,"Principles of Algorithms and Programming, Principles of Algorithms and Programming, Digital Computer Fundamentals, Digital Computer Fundamentals, Organizational Behaviour","Theory, Practical, Theory, Practical, Practical",Bachelor of Computer Applications,31011224062
chhavi.singh@somaiya.edu,Singh,Chhavi,Swatantra,1,"Principles of Algorithms and Programming, Principles of Algorithms and Programming, Digital Computer Fundamentals, Digital Computer Fundamentals, Organizational Behaviour","Theory, Practical, Theory, Practical, Practical",Bachelor of Computer Applications,31011224063
rewa.suroth@somaiya.edu,Suroth,Rewa,Singh,1,"Principles of Algorithms and Programming, Principles of Algorithms and Programming, Digital Computer Fundamentals, Digital Computer Fundamentals, Organizational Behaviour","Theory, Practical, Theory, Practical, Practical",Bachelor of Computer Applications,31011224065
jiah.syed@somaiya.edu,Syed,Jiah,Javed,1,"Principles of Algorithms and Programming, Principles of Algorithms and Programming, Digital Computer Fundamentals, Digital Computer Fundamentals, Organizational Behaviour","Theory, Practical, Theory, Practical, Practical",Bachelor of Computer Applications,31011224066
manish.st@somaiya.edu,Thakkar,Manish,Sachin,1,"Principles of Algorithms and Programming, Principles of Algorithms and Programming, Digital Computer Fundamentals, Digital Computer Fundamentals, Organizational Behaviour","Theory, Practical, Theory, Practical, Practical",Bachelor of Computer Applications,31011224067
kkt@somaiya.edu,Thakur,Khushi,Kishore,1,"Principles of Algorithms and Programming, Principles of Algorithms and Programming, Digital Computer Fundamentals, Digital Computer Fundamentals, Organizational Behaviour","Theory, Practical, Theory, Practical, Practical",Bachelor of Computer Applications,31011224068
tejas.tholar@somaiya.edu,Tholar,Tejas,Mahesh,1,"Principles of Algorithms and Programming, Principles of Algorithms and Programming, Digital Computer Fundamentals, Digital Computer Fundamentals, Organizational Behaviour","Theory, Practical, Theory, Practical, Practical",Bachelor of Computer Applications,31011224069
vinit.u@somaiya.edu,Uttnoori,Vinit,Rajesh,1,"Principles of Algorithms and Programming, Principles of Algorithms and Programming, Digital Computer Fundamentals, Digital Computer Fundamentals, Organizational Behaviour","Theory, Practical, Theory, Practical, Practical",Bachelor of Computer Applications,31011224070
insha.v@somaiya.edu,Vadsariya,Insha,Barkatali,1,"Principles of Algorithms and Programming, Principles of Algorithms and Programming, Digital Computer Fundamentals, Digital Computer Fundamentals, Organizational Behaviour","Theory, Practical, Theory, Practical, Practical",Bachelor of Computer Applications,31011224071
dhruva.v@somaiya.edu,Velhankar,Dhruva,Deodatta,1,"Principles of Algorithms and Programming, Principles of Algorithms and Programming, Digital Computer Fundamentals, Digital Computer Fundamentals, Organizational Behaviour","Theory, Practical, Theory, Practical, Practical",Bachelor of Computer Applications,31011224072
a.vengurlekar@somaiya.edu,Vengurlekar,Aayush,Gopal,1,"Principles of Algorithms and Programming, Principles of Algorithms and Programming, Digital Computer Fundamentals, Digital Computer Fundamentals, Organizational Behaviour","Theory, Practical, Theory, Practical, Practical",Bachelor of Computer Applications,31011224073
anshita.sv@somaiya.edu,Vishwakarma,Anshita,Shailendra,1,"Principles of Algorithms and Programming, Principles of Algorithms and Programming, Digital Computer Fundamentals, Digital Computer Fundamentals, Organizational Behaviour","Theory, Practical, Theory, Practical, Practical",Bachelor of Computer Applications,31011224074
afifa.waghu@somaiya.edu,Waghu,Afifa,Siraj,1,"Principles of Algorithms and Programming, Principles of Algorithms and Programming, Digital Computer Fundamentals, Digital Computer Fundamentals, Organizational Behaviour","Theory, Practical, Theory, Practical, Practical",Bachelor of Computer Applications,31011224075
tanay.surve@somaiya.edu,Surve,Tanay,Sachin,1,"Principles of Algorithms and Programming, Principles of Algorithms and Programming, Digital Computer Fundamentals, Digital Computer Fundamentals, Organizational Behaviour","Theory, Practical, Theory, Practical, Practical",Bachelor of Computer Applications,31011224076
parisha.vasa@somaiya.edu,Vasa,Parisha,Sanjay,1,"Principles of Algorithms and Programming, Principles of Algorithms and Programming, Digital Computer Fundamentals, Digital Computer Fundamentals, Organizational Behaviour","Theory, Practical, Theory, Practical, Practical",Bachelor of Computer Applications,31011224077
mohdareeb.a@somaiya.edu,Ansari,Mohd,Areeb,3,"Database Management System, Database Management System, Operating System, Operating System, Python Programming, Python Programming, Elements of Statistics, Elements of Statistics, Arduino Programming, Arduino Programming","Theory, Practical, Theory, Practical, Theory, Practical, Theory, Practical, Theory, Practical",Bachelor of Computer Applications,31011223001
moksh.bafna@somaiya.edu,Bafna,Moksh,Dilip,3,"Database Management System, Database Management System, Operating System, Operating System, Python Programming, Python Programming, Elements of Statistics, Elements of Statistics, Arduino Programming, Arduino Programming","Theory, Practical, Theory, Practical, Theory, Practical, Theory, Practical, Theory, Practical",Bachelor of Computer Applications,31011223002
ruchi.b@somaiya.edu,Barbhaya,Ruchi,Nilesh,3,"Database Management System, Database Management System, Operating System, Operating System, Python Programming, Python Programming, Elements of Statistics, Elements of Statistics, Arduino Programming, Arduino Programming","Theory, Practical, Theory, Practical, Theory, Practical, Theory, Practical, Theory, Practical",Bachelor of Computer Applications,31011223003
kritika.behal@somaiya.edu,Behal,Kritika,Vinith,3,"Database Management System, Database Management System, Operating System, Operating System, Python Programming, Python Programming, Elements of Statistics, Elements of Statistics, Arduino Programming, Arduino Programming","Theory, Practical, Theory, Practical, Theory, Practical, Theory, Practical, Theory, Practical",Bachelor of Computer Applications,31011223005
dhruv.bb@somaiya.edu,Bhanushali,Dhruv,Bhavesh,3,"Database Management System, Database Management System, Operating System, Operating System, Python Programming, Python Programming, Elements of Statistics, Elements of Statistics, Arduino Programming, Arduino Programming","Theory, Practical, Theory, Practical, Theory, Practical, Theory, Practical, Theory, Practical",Bachelor of Computer Applications,31011223006
himanshu.bhopi@somaiya.edu,Bhopi,Himanshu,Vijay,3,"Database Management System, Database Management System, Operating System, Operating System, Python Programming, Python Programming, Elements of Statistics, Elements of Statistics, Arduino Programming, Arduino Programming","Theory, Practical, Theory, Practical, Theory, Practical, Theory, Practical, Theory, Practical",Bachelor of Computer Applications,31011223007
gauri.chandel@somaiya.edu,Chandel,Gauri,Jitendra,3,"Database Management System, Database Management System, Operating System, Operating System, Python Programming, Python Programming, Elements of Statistics, Elements of Statistics, Arduino Programming, Arduino Programming","Theory, Practical, Theory, Practical, Theory, Practical, Theory, Practical, Theory, Practical",Bachelor of Computer Applications,31011223008
kalpesh.ac@somaiya.edu,Chavan,Kalpesh,Avinash,3,"Database Management System, Database Management System, Operating System, Operating System, Python Programming, Python Programming, Elements of Statistics, Elements of Statistics, Arduino Programming, Arduino Programming","Theory, Practical, Theory, Practical, Theory, Practical, Theory, Practical, Theory, Practical",Bachelor of Computer Applications,31011223009
vedant.pc@somaiya.edu,Chavan,Vedant,Prakash,3,"Database Management System, Database Management System, Operating System, Operating System, Python Programming, Python Programming, Elements of Statistics, Elements of Statistics, Arduino Programming, Arduino Programming","Theory, Practical, Theory, Practical, Theory, Practical, Theory, Practical, Theory, Practical",Bachelor of Computer Applications,31011223010
vinayak.c@somaiya.edu,Chavan,Vinayak,Maruti,3,"Database Management System, Database Management System, Operating System, Operating System, Python Programming, Python Programming, Elements of Statistics, Elements of Statistics, Arduino Programming, Arduino Programming","Theory, Practical, Theory, Practical, Theory, Practical, Theory, Practical, Theory, Practical",Bachelor of Computer Applications,31011223011
aditi.chawla@somaiya.edu,Chawla,Aditi,Mahesh,3,"Database Management System, Database Management System, Operating System, Operating System, Python Programming, Python Programming, Elements of Statistics, Elements of Statistics, Arduino Programming, Arduino Programming","Theory, Practical, Theory, Practical, Theory, Practical, Theory, Practical, Theory, Practical",Bachelor of Computer Applications,31011223012
nayan.c@somaiya.edu,Chellani,Nayan,Rahul,3,"Database Management System, Database Management System, Operating System, Operating System, Python Programming, Python Programming, Elements of Statistics, Elements of Statistics, Arduino Programming, Arduino Programming","Theory, Practical, Theory, Practical, Theory, Practical, Theory, Practical, Theory, Practical",Bachelor of Computer Applications,31011223013
abhay.deshmukh@somaiya.edu,Deshmukh,Abhay,Govind,3,"Database Management System, Database Management System, Operating System, Operating System, Python Programming, Python Programming, Elements of Statistics, Elements of Statistics, Arduino Programming, Arduino Programming","Theory, Practical, Theory, Practical, Theory, Practical, Theory, Practical, Theory, Practical",Bachelor of Computer Applications,31011223014
swain.dsilva@somaiya.edu,Dsilva,Swain,Sujeet,3,"Database Management System, Database Management System, Operating System, Operating System, Python Programming, Python Programming, Elements of Statistics, Elements of Statistics, Arduino Programming, Arduino Programming","Theory, Practical, Theory, Practical, Theory, Practical, Theory, Practical, Theory, Practical",Bachelor of Computer Applications,31011223016
erika.dsouza@somaiya.edu,Dsouza,Erika,Merlin,3,"Database Management System, Database Management System, Operating System, Operating System, Python Programming, Python Programming, Elements of Statistics, Elements of Statistics, Arduino Programming, Arduino Programming","Theory, Practical, Theory, Practical, Theory, Practical, Theory, Practical, Theory, Practical",Bachelor of Computer Applications,31011223017
pratik.dg@somaiya.edu,Gaikwad,Pratik,Dnyaneshwar,3,"Database Management System, Database Management System, Operating System, Operating System, Python Programming, Python Programming, Elements of Statistics, Elements of Statistics, Arduino Programming, Arduino Programming","Theory, Practical, Theory, Practical, Theory, Practical, Theory, Practical, Theory, Practical",Bachelor of Computer Applications,31011223019
grishma.gudhka@somaiya.edu,Gudhka,Grishma,Mitesh,3,"Database Management System, Database Management System, Operating System, Operating System, Python Programming, Python Programming, Elements of Statistics, Elements of Statistics, Arduino Programming, Arduino Programming","Theory, Practical, Theory, Practical, Theory, Practical, Theory, Practical, Theory, Practical",Bachelor of Computer Applications,31011223021
urmi.h@somaiya.edu,Hindlekar,Urmi,Hrishikesh,3,"Database Management System, Database Management System, Operating System, Operating System, Python Programming, Python Programming, Elements of Statistics, Elements of Statistics, Arduino Programming, Arduino Programming","Theory, Practical, Theory, Practical, Theory, Practical, Theory, Practical, Theory, Practical",Bachelor of Computer Applications,31011223022
shruti.iyer@somaiya.edu,Iyer,Shruti,Saiprasad,3,"Database Management System, Database Management System, Operating System, Operating System, Python Programming, Python Programming, Elements of Statistics, Elements of Statistics, Arduino Programming, Arduino Programming","Theory, Practical, Theory, Practical, Theory, Practical, Theory, Practical, Theory, Practical",Bachelor of Computer Applications,31011223024
jadhav.ss@somaiya.edu,Jadhav,Sahil,Sunil,3,"Database Management System, Database Management System, Operating System, Operating System, Python Programming, Python Programming, Elements of Statistics, Elements of Statistics, Arduino Programming, Arduino Programming","Theory, Practical, Theory, Practical, Theory, Practical, Theory, Practical, Theory, Practical",Bachelor of Computer Applications,31011223025
mann.jadwani@somaiya.edu,Jadwani,Mann,Pawan,3,"Database Management System, Database Management System, Operating System, Operating System, Python Programming, Python Programming, Elements of Statistics, Elements of Statistics, Arduino Programming, Arduino Programming","Theory, Practical, Theory, Practical, Theory, Practical, Theory, Practical, Theory, Practical",Bachelor of Computer Applications,31011223026
daksh.aj@somaiya.edu,Jain,Daksh,Alpesh,3,"Database Management System, Database Management System, Operating System, Operating System, Python Programming, Python Programming, Elements of Statistics, Elements of Statistics, Arduino Programming, Arduino Programming","Theory, Practical, Theory, Practical, Theory, Practical, Theory, Practical, Theory, Practical",Bachelor of Computer Applications,31011223028
iyj@somaiya.edu,Jain,Ishika,Yogesh,3,"Database Management System, Database Management System, Operating System, Operating System, Python Programming, Python Programming, Elements of Statistics, Elements of Statistics, Arduino Programming, Arduino Programming","Theory, Practical, Theory, Practical, Theory, Practical, Theory, Practical, Theory, Practical",Bachelor of Computer Applications,31011223029
vansh.sj@somaiya.edu,Jain,Vansh,Satish,3,"Database Management System, Database Management System, Operating System, Operating System, Python Programming, Python Programming, Elements of Statistics, Elements of Statistics, Arduino Programming, Arduino Programming","Theory, Practical, Theory, Practical, Theory, Practical, Theory, Practical, Theory, Practical",Bachelor of Computer Applications,31011223030
palak.kadam@somaiya.edu,Kadam,Palak,Rakesh,3,"Database Management System, Database Management System, Operating System, Operating System, Python Programming, Python Programming, Elements of Statistics, Elements of Statistics, Arduino Programming, Arduino Programming","Theory, Practical, Theory, Practical, Theory, Practical, Theory, Practical, Theory, Practical",Bachelor of Computer Applications,31011223031
kashaf.k@somaiya.edu,Khanbande,Kashaf,Meeran,3,"Database Management System, Database Management System, Operating System, Operating System, Python Programming, Python Programming, Elements of Statistics, Elements of Statistics, Arduino Programming, Arduino Programming","Theory, Practical, Theory, Practical, Theory, Practical, Theory, Practical, Theory, Practical",Bachelor of Computer Applications,31011223034
manas.kolaskar@somaiya.edu,Kolaskar,Manas,Manoj,3,"Database Management System, Database Management System, Operating System, Operating System, Python Programming, Python Programming, Elements of Statistics, Elements of Statistics, Arduino Programming, Arduino Programming","Theory, Practical, Theory, Practical, Theory, Practical, Theory, Practical, Theory, Practical",Bachelor of Computer Applications,31011223036
yash.lad@somaiya.edu,Lad,Yash,Kishor,3,"Database Management System, Database Management System, Operating System, Operating System, Python Programming, Python Programming, Elements of Statistics, Elements of Statistics, Arduino Programming, Arduino Programming","Theory, Practical, Theory, Practical, Theory, Practical, Theory, Practical, Theory, Practical",Bachelor of Computer Applications,31011223037
aayush.l@somaiya.edu,Lahane,Aayush,Rajesh,3,"Database Management System, Database Management System, Operating System, Operating System, Python Programming, Python Programming, Elements of Statistics, Elements of Statistics, Arduino Programming, Arduino Programming","Theory, Practical, Theory, Practical, Theory, Practical, Theory, Practical, Theory, Practical",Bachelor of Computer Applications,31011223038
ameya.mejari@somaiya.edu,Mejari,Ameya,Anup,3,"Database Management System, Database Management System, Operating System, Operating System, Python Programming, Python Programming, Elements of Statistics, Elements of Statistics, Arduino Programming, Arduino Programming","Theory, Practical, Theory, Practical, Theory, Practical, Theory, Practical, Theory, Practical",Bachelor of Computer Applications,31011223040
tanvi.misar@somaiya.edu,Misar,Tanvi,Deepak,3,"Database Management System, Database Management System, Operating System, Operating System, Python Programming, Python Programming, Elements of Statistics, Elements of Statistics, Arduino Programming, Arduino Programming","Theory, Practical, Theory, Practical, Theory, Practical, Theory, Practical, Theory, Practical",Bachelor of Computer Applications,31011223041
a.mithbavkar@somaiya.edu,Mithbavkar,Atharva,Ashish,3,"Database Management System, Database Management System, Operating System, Operating System, Python Programming, Python Programming, Elements of Statistics, Elements of Statistics, Arduino Programming, Arduino Programming","Theory, Practical, Theory, Practical, Theory, Practical, Theory, Practical, Theory, Practical",Bachelor of Computer Applications,31011223042
krish.nagrecha@somaiya.edu,Nagrecha,Krish,Atul,3,"Database Management System, Database Management System, Operating System, Operating System, Python Programming, Python Programming, Elements of Statistics, Elements of Statistics, Arduino Programming, Arduino Programming","Theory, Practical, Theory, Practical, Theory, Practical, Theory, Practical, Theory, Practical",Bachelor of Computer Applications,31011223043
khadeeja.n@somaiya.edu,Nore,Khadeeja,Mohammed,3,"Database Management System, Database Management System, Operating System, Operating System, Python Programming, Python Programming, Elements of Statistics, Elements of Statistics, Arduino Programming, Arduino Programming","Theory, Practical, Theory, Practical, Theory, Practical, Theory, Practical, Theory, Practical",Bachelor of Computer Applications,31011223047
aryan.ap@somaiya.edu,Patil,Aryan,Arun,3,"Database Management System, Database Management System, Operating System, Operating System, Python Programming, Python Programming, Elements of Statistics, Elements of Statistics, Arduino Programming, Arduino Programming","Theory, Practical, Theory, Practical, Theory, Practical, Theory, Practical, Theory, Practical",Bachelor of Computer Applications,31011223049
aryan.np@somaiya.edu,Patil,Aryan,Naresh,3,"Database Management System, Database Management System, Operating System, Operating System, Python Programming, Python Programming, Elements of Statistics, Elements of Statistics, Arduino Programming, Arduino Programming","Theory, Practical, Theory, Practical, Theory, Practical, Theory, Practical, Theory, Practical",Bachelor of Computer Applications,31011223050
pawar.k@somaiya.edu,Pawar,Komal,Sandeep,3,"Database Management System, Database Management System, Operating System, Operating System, Python Programming, Python Programming, Elements of Statistics, Elements of Statistics, Arduino Programming, Arduino Programming","Theory, Practical, Theory, Practical, Theory, Practical, Theory, Practical, Theory, Practical",Bachelor of Computer Applications,31011223051
maurishka.p@somaiya.edu,Pereira,Maurishka,Conrad,3,"Database Management System, Database Management System, Operating System, Operating System, Python Programming, Python Programming, Elements of Statistics, Elements of Statistics, Arduino Programming, Arduino Programming","Theory, Practical, Theory, Practical, Theory, Practical, Theory, Practical, Theory, Practical",Bachelor of Computer Applications,31011223052
kimaya.p@somaiya.edu,Pewekar,Kimaya,Kedar,3,"Database Management System, Database Management System, Operating System, Operating System, Python Programming, Python Programming, Elements of Statistics, Elements of Statistics, Arduino Programming, Arduino Programming","Theory, Practical, Theory, Practical, Theory, Practical, Theory, Practical, Theory, Practical",Bachelor of Computer Applications,31011223053
sanjaykumar.p@somaiya.edu,Purohit,Sanjaykumar,Babulal,3,"Database Management System, Database Management System, Operating System, Operating System, Python Programming, Python Programming, Elements of Statistics, Elements of Statistics, Arduino Programming, Arduino Programming","Theory, Practical, Theory, Practical, Theory, Practical, Theory, Practical, Theory, Practical",Bachelor of Computer Applications,31011223054
abbas.rangwala@somaiya.edu,Rangwala,Abbas,Murtuza,3,"Database Management System, Database Management System, Operating System, Operating System, Python Programming, Python Programming, Elements of Statistics, Elements of Statistics, Arduino Programming, Arduino Programming","Theory, Practical, Theory, Practical, Theory, Practical, Theory, Practical, Theory, Practical",Bachelor of Computer Applications,31011223055
kanak.rekhi@somaiya.edu,Rekhi,Kanak,Kanwaljeet,3,"Database Management System, Database Management System, Operating System, Operating System, Python Programming, Python Programming, Elements of Statistics, Elements of Statistics, Arduino Programming, Arduino Programming","Theory, Practical, Theory, Practical, Theory, Practical, Theory, Practical, Theory, Practical",Bachelor of Computer Applications,31011223057
pradnya.samant@somaiya.edu,Samant,Pradnya,Raghuvir,3,"Database Management System, Database Management System, Operating System, Operating System, Python Programming, Python Programming, Elements of Statistics, Elements of Statistics, Arduino Programming, Arduino Programming","Theory, Practical, Theory, Practical, Theory, Practical, Theory, Practical, Theory, Practical",Bachelor of Computer Applications,31011223058
mihika.sawant@somaiya.edu,Sawant,Mihika,Vikas,3,"Database Management System, Database Management System, Operating System, Operating System, Python Programming, Python Programming, Elements of Statistics, Elements of Statistics, Arduino Programming, Arduino Programming","Theory, Practical, Theory, Practical, Theory, Practical, Theory, Practical, Theory, Practical",Bachelor of Computer Applications,31011223059
saloni.ds@somaiya.edu,Sawant,Saloni,Dinesh,3,"Database Management System, Database Management System, Operating System, Operating System, Python Programming, Python Programming, Elements of Statistics, Elements of Statistics, Arduino Programming, Arduino Programming","Theory, Practical, Theory, Practical, Theory, Practical, Theory, Practical, Theory, Practical",Bachelor of Computer Applications,31011223060
sarthak11@somaiya.edu,Shah,Sarthak,Sameer,3,"Database Management System, Database Management System, Operating System, Operating System, Python Programming, Python Programming, Elements of Statistics, Elements of Statistics, Arduino Programming, Arduino Programming","Theory, Practical, Theory, Practical, Theory, Practical, Theory, Practical, Theory, Practical",Bachelor of Computer Applications,31011223062
anam.shaikh4@somaiya.edu,Shaikh,Anam,Anwar,3,"Database Management System, Database Management System, Operating System, Operating System, Python Programming, Python Programming, Elements of Statistics, Elements of Statistics, Arduino Programming, Arduino Programming","Theory, Practical, Theory, Practical, Theory, Practical, Theory, Practical, Theory, Practical",Bachelor of Computer Applications,31011223063
ishaan.shetty@somaiya.edu,Shetty,Ishaan,Sunil,3,"Database Management System, Database Management System, Operating System, Operating System, Python Programming, Python Programming, Elements of Statistics, Elements of Statistics, Arduino Programming, Arduino Programming","Theory, Practical, Theory, Practical, Theory, Practical, Theory, Practical, Theory, Practical",Bachelor of Computer Applications,31011223064
janhavi.shigwan@somaiya.edu,Shigwan,Janhavi,Prashant,3,"Database Management System, Database Management System, Operating System, Operating System, Python Programming, Python Programming, Elements of Statistics, Elements of Statistics, Arduino Programming, Arduino Programming","Theory, Practical, Theory, Practical, Theory, Practical, Theory, Practical, Theory, Practical",Bachelor of Computer Applications,31011223065
rishit.singh@somaiya.edu,Singh,Rishit,Rajkumar,3,"Database Management System, Database Management System, Operating System, Operating System, Python Programming, Python Programming, Elements of Statistics, Elements of Statistics, Arduino Programming, Arduino Programming","Theory, Practical, Theory, Practical, Theory, Practical, Theory, Practical, Theory, Practical",Bachelor of Computer Applications,31011223067
heet.solanki@somaiya.edu,Solanki,Heet,Pravin,3,"Database Management System, Database Management System, Operating System, Operating System, Python Programming, Python Programming, Elements of Statistics, Elements of Statistics, Arduino Programming, Arduino Programming","Theory, Practical, Theory, Practical, Theory, Practical, Theory, Practical, Theory, Practical",Bachelor of Computer Applications,31011223068
dev.surve@somaiya.edu,Surve,Dev,Deepak,3,"Database Management System, Database Management System, Operating System, Operating System, Python Programming, Python Programming, Elements of Statistics, Elements of Statistics, Arduino Programming, Arduino Programming","Theory, Practical, Theory, Practical, Theory, Practical, Theory, Practical, Theory, Practical",Bachelor of Computer Applications,31011223069
shifa.syed@somaiya.edu,Syed,Shifa,Shoeb,3,"Database Management System, Database Management System, Operating System, Operating System, Python Programming, Python Programming, Elements of Statistics, Elements of Statistics, Arduino Programming, Arduino Programming","Theory, Practical, Theory, Practical, Theory, Practical, Theory, Practical, Theory, Practical",Bachelor of Computer Applications,31011223070
paurnima.t@somaiya.edu,Thakur,Paurnima,Pratap,3,"Database Management System, Database Management System, Operating System, Operating System, Python Programming, Python Programming, Elements of Statistics, Elements of Statistics, Arduino Programming, Arduino Programming","Theory, Practical, Theory, Practical, Theory, Practical, Theory, Practical, Theory, Practical",Bachelor of Computer Applications,31011223071
sohan.thakur@somaiya.edu,Thakur,Sohan,Bharat,3,"Database Management System, Database Management System, Operating System, Operating System, Python Programming, Python Programming, Elements of Statistics, Elements of Statistics, Arduino Programming, Arduino Programming","Theory, Practical, Theory, Practical, Theory, Practical, Theory, Practical, Theory, Practical",Bachelor of Computer Applications,31011223072
v.tilada@somaiya.edu,Tilada,Vinay,Mahendra,3,"Database Management System, Database Management System, Operating System, Operating System, Python Programming, Python Programming, Elements of Statistics, Elements of Statistics, Arduino Programming, Arduino Programming","Theory, Practical, Theory, Practical, Theory, Practical, Theory, Practical, Theory, Practical",Bachelor of Computer Applications,31011223073
atharva.udiaver@somaiya.edu,Udiaver,Atharva,Advait,3,"Database Management System, Database Management System, Operating System, Operating System, Python Programming, Python Programming, Elements of Statistics, Elements of Statistics, Arduino Programming, Arduino Programming","Theory, Practical, Theory, Practical, Theory, Practical, Theory, Practical, Theory, Practical",Bachelor of Computer Applications,31011223074
aswin.van@somaiya.edu,Van,Aswin,Nanji,3,"Database Management System, Database Management System, Operating System, Operating System, Python Programming, Python Programming, Elements of Statistics, Elements of Statistics, Arduino Programming, Arduino Programming","Theory, Practical, Theory, Practical, Theory, Practical, Theory, Practical, Theory, Practical",Bachelor of Computer Applications,31011223076
ronak.varma@somaiya.edu,Varma,Ronak,Anil,3,"Database Management System, Database Management System, Operating System, Operating System, Python Programming, Python Programming, Elements of Statistics, Elements of Statistics, Arduino Programming, Arduino Programming","Theory, Practical, Theory, Practical, Theory, Practical, Theory, Practical, Theory, Practical",Bachelor of Computer Applications,31011223077
suyash.yadav@somaiya.edu,Yadav,Suyash,Tejas,3,"Database Management System, Database Management System, Operating System, Operating System, Python Programming, Python Programming, Elements of Statistics, Elements of Statistics, Arduino Programming, Arduino Programming","Theory, Practical, Theory, Practical, Theory, Practical, Theory, Practical, Theory, Practical",Bachelor of Computer Applications,31011223079
vedh.patil@somaiya.edu,Patil,Vedh,Sujit,3,"Database Management System, Database Management System, Operating System, Operating System, Python Programming, Python Programming, Elements of Statistics, Elements of Statistics, Arduino Programming, Arduino Programming","Theory, Practical, Theory, Practical, Theory, Practical, Theory, Practical, Theory, Practical",Bachelor of Computer Applications,31011223082
sarang.b@somaiya.edu,Bhandari,Sarang,Sameer,3,"Database Management System, Database Management System, Operating System, Operating System, Python Programming, Python Programming, Elements of Statistics, Elements of Statistics, Arduino Programming, Arduino Programming","Theory, Practical, Theory, Practical, Theory, Practical, Theory, Practical, Theory, Practical",Bachelor of Computer Applications,31011223084
ronak.agarwal@somaiya.edu,Agarwal,Ronak,Radheyshyam,5,"Software Project Management, Software Project Management, Artificial Intelligence and Machine Learning, Artificial Intelligence and Machine Learning, MERN Stack, MERN Stack, Cloud Computing, Cloud Computing","Theory, Practical, Theory, Practical, Theory, Practical, Theory, Practical",Bachelor of Computer Applications,31011222001
arpita.bhat@somaiya.edu,Bhat,Arpita,Rahul,5,"Software Project Management, Software Project Management, Artificial Intelligence and Machine Learning, Artificial Intelligence and Machine Learning, MERN Stack, MERN Stack, Cloud Computing, Cloud Computing","Theory, Practical, Theory, Practical, Theory, Practical, Theory, Practical",Bachelor of Computer Applications,31011222003
akhil.bitra@somaiya.edu,Bitra,Akhil,Veeranarayana,5,"Software Project Management, Software Project Management, Artificial Intelligence and Machine Learning, Artificial Intelligence and Machine Learning, MERN Stack, MERN Stack, Cloud Computing, Cloud Computing","Theory, Practical, Theory, Practical, Theory, Practical, Theory, Practical",Bachelor of Computer Applications,31011222004
dpc@somaiya.edu,Chaurasiya,Dinesh,Prem,5,"Software Project Management, Software Project Management, Artificial Intelligence and Machine Learning, Artificial Intelligence and Machine Learning, MERN Stack, MERN Stack, Cloud Computing, Cloud Computing","Theory, Practical, Theory, Practical, Theory, Practical, Theory, Practical",Bachelor of Computer Applications,31011222006
shreyas.c@somaiya.edu,Chavan,Shreyas,Vidyadhar,5,"Software Project Management, Software Project Management, Artificial Intelligence and Machine Learning, Artificial Intelligence and Machine Learning, MERN Stack, MERN Stack, Cloud Computing, Cloud Computing","Theory, Practical, Theory, Practical, Theory, Practical, Theory, Practical",Bachelor of Computer Applications,31011222007
shradha.das@somaiya.edu,Das,Shradha,Saroj,5,"Software Project Management, Software Project Management, Artificial Intelligence and Machine Learning, Artificial Intelligence and Machine Learning, MERN Stack, MERN Stack, Cloud Computing, Cloud Computing","Theory, Practical, Theory, Practical, Theory, Practical, Theory, Practical",Bachelor of Computer Applications,31011222008
dhruv.dinda@somaiya.edu,Dinda,Dhruv,Swapan,5,"Software Project Management, Software Project Management, Artificial Intelligence and Machine Learning, Artificial Intelligence and Machine Learning, MERN Stack, MERN Stack, Cloud Computing, Cloud Computing","Theory, Practical, Theory, Practical, Theory, Practical, Theory, Practical",Bachelor of Computer Applications,31011222009
divya.dukhande@somaiya.edu,Dukhande,Divya,Rajendra,5,"Software Project Management, Software Project Management, Artificial Intelligence and Machine Learning, Artificial Intelligence and Machine Learning, MERN Stack, MERN Stack, Cloud Computing, Cloud Computing","Theory, Practical, Theory, Practical, Theory, Practical, Theory, Practical",Bachelor of Computer Applications,31011222010
ria.gawde@somaiya.edu,Gawde,Ria,Jitendra,5,"Software Project Management, Software Project Management, Artificial Intelligence and Machine Learning, Artificial Intelligence and Machine Learning, MERN Stack, MERN Stack, Cloud Computing, Cloud Computing","Theory, Practical, Theory, Practical, Theory, Practical, Theory, Practical",Bachelor of Computer Applications,31011222012
m.ghag@somaiya.edu,Ghag,Mitali,Liladhar,5,"Software Project Management, Software Project Management, Artificial Intelligence and Machine Learning, Artificial Intelligence and Machine Learning, MERN Stack, MERN Stack, Cloud Computing, Cloud Computing","Theory, Practical, Theory, Practical, Theory, Practical, Theory, Practical",Bachelor of Computer Applications,31011222013
aniket.ghanekar@somaiya.edu,Ghanekar,Aniket,Ramakant,5,"Software Project Management, Software Project Management, Artificial Intelligence and Machine Learning, Artificial Intelligence and Machine Learning, MERN Stack, MERN Stack, Cloud Computing, Cloud Computing","Theory, Practical, Theory, Practical, Theory, Practical, Theory, Practical",Bachelor of Computer Applications,31011222014
durgaprasad.g@somaiya.edu,Golanakonda,Durgaprasad,Swami,5,"Software Project Management, Software Project Management, Artificial Intelligence and Machine Learning, Artificial Intelligence and Machine Learning, MERN Stack, MERN Stack, Cloud Computing, Cloud Computing","Theory, Practical, Theory, Practical, Theory, Practical, Theory, Practical",Bachelor of Computer Applications,31011222017
khushi.ag@somaiya.edu,Gupta,Khushi,Amit,5,"Software Project Management, Software Project Management, Artificial Intelligence and Machine Learning, Artificial Intelligence and Machine Learning, MERN Stack, MERN Stack, Cloud Computing, Cloud Computing","Theory, Practical, Theory, Practical, Theory, Practical, Theory, Practical",Bachelor of Computer Applications,31011222019
tushar.hasule@somaiya.edu,Hasule,Tushar,Hanumant,5,"Software Project Management, Software Project Management, Artificial Intelligence and Machine Learning, Artificial Intelligence and Machine Learning, MERN Stack, MERN Stack, Cloud Computing, Cloud Computing","Theory, Practical, Theory, Practical, Theory, Practical, Theory, Practical",Bachelor of Computer Applications,31011222020
iyaz.isani@somaiya.edu,Isani,Iyaz,Imtiyaz,5,"Software Project Management, Software Project Management, Artificial Intelligence and Machine Learning, Artificial Intelligence and Machine Learning, MERN Stack, MERN Stack, Cloud Computing, Cloud Computing","Theory, Practical, Theory, Practical, Theory, Practical, Theory, Practical",Bachelor of Computer Applications,31011222023
lalit.kadam@somaiya.edu,Kadam,Lalit,Satish,5,"Software Project Management, Software Project Management, Artificial Intelligence and Machine Learning, Artificial Intelligence and Machine Learning, MERN Stack, MERN Stack, Cloud Computing, Cloud Computing","Theory, Practical, Theory, Practical, Theory, Practical, Theory, Practical",Bachelor of Computer Applications,31011222027
mohammedsaadiq.k@somaiya.edu,Khan,Mohammed,Saadiq,5,"Software Project Management, Software Project Management, Artificial Intelligence and Machine Learning, Artificial Intelligence and Machine Learning, MERN Stack, MERN Stack, Cloud Computing, Cloud Computing","Theory, Practical, Theory, Practical, Theory, Practical, Theory, Practical",Bachelor of Computer Applications,31011222030
soham.khare@somaiya.edu,Khare,Soham,Vijay,5,"Software Project Management, Software Project Management, Artificial Intelligence and Machine Learning, Artificial Intelligence and Machine Learning, MERN Stack, MERN Stack, Cloud Computing, Cloud Computing","Theory, Practical, Theory, Practical, Theory, Practical, Theory, Practical",Bachelor of Computer Applications,31011222032
m.kothari@somaiya.edu,Kothari,Moksha,Bharat,5,"Software Project Management, Software Project Management, Artificial Intelligence and Machine Learning, Artificial Intelligence and Machine Learning, MERN Stack, MERN Stack, Cloud Computing, Cloud Computing","Theory, Practical, Theory, Practical, Theory, Practical, Theory, Practical",Bachelor of Computer Applications,31011222033
kashish.kukreja@somaiya.edu,Kukreja,Kashish,Bhisham,5,"Software Project Management, Software Project Management, Artificial Intelligence and Machine Learning, Artificial Intelligence and Machine Learning, MERN Stack, MERN Stack, Cloud Computing, Cloud Computing","Theory, Practical, Theory, Practical, Theory, Practical, Theory, Practical",Bachelor of Computer Applications,31011222034
v.lad@somaiya.edu,Lad,Vedant,Anant,5,"Software Project Management, Software Project Management, Artificial Intelligence and Machine Learning, Artificial Intelligence and Machine Learning, MERN Stack, MERN Stack, Cloud Computing, Cloud Computing","Theory, Practical, Theory, Practical, Theory, Practical, Theory, Practical",Bachelor of Computer Applications,31011222035
roshni.mall@somaiya.edu,Mall,Roshni,Hemant,5,"Software Project Management, Software Project Management, Artificial Intelligence and Machine Learning, Artificial Intelligence and Machine Learning, MERN Stack, MERN Stack, Cloud Computing, Cloud Computing","Theory, Practical, Theory, Practical, Theory, Practical, Theory, Practical",Bachelor of Computer Applications,31011222037
hussain.mantri@somaiya.edu,Mantri,Hussain,Zaahidh,5,"Software Project Management, Software Project Management, Artificial Intelligence and Machine Learning, Artificial Intelligence and Machine Learning, MERN Stack, MERN Stack, Cloud Computing, Cloud Computing","Theory, Practical, Theory, Practical, Theory, Practical, Theory, Practical",Bachelor of Computer Applications,31011222038
j.mehta@somaiya.edu,Mehta,Jay,Abhay,5,"Software Project Management, Software Project Management, Artificial Intelligence and Machine Learning, Artificial Intelligence and Machine Learning, MERN Stack, MERN Stack, Cloud Computing, Cloud Computing","Theory, Practical, Theory, Practical, Theory, Practical, Theory, Practical",Bachelor of Computer Applications,31011222040
tamanna.mulani@somaiya.edu,Mulani,Tamanna,Iqbal,5,"Software Project Management, Software Project Management, Artificial Intelligence and Machine Learning, Artificial Intelligence and Machine Learning, MERN Stack, MERN Stack, Cloud Computing, Cloud Computing","Theory, Practical, Theory, Practical, Theory, Practical, Theory, Practical",Bachelor of Computer Applications,31011222041
mohammed.mustafa@somaiya.edu,Mohammed,Mustafa,Mohammad,5,"Software Project Management, Software Project Management, Artificial Intelligence and Machine Learning, Artificial Intelligence and Machine Learning, MERN Stack, MERN Stack, Cloud Computing, Cloud Computing","Theory, Practical, Theory, Practical, Theory, Practical, Theory, Practical",Bachelor of Computer Applications,31011222042
tanuv.nair@somaiya.edu,Nair,Tanuv,Murali,5,"Software Project Management, Software Project Management, Artificial Intelligence and Machine Learning, Artificial Intelligence and Machine Learning, MERN Stack, MERN Stack, Cloud Computing, Cloud Computing","Theory, Practical, Theory, Practical, Theory, Practical, Theory, Practical",Bachelor of Computer Applications,31011222043
manisha.negi@somaiya.edu,Negi,Manisha,Ramesh,5,"Software Project Management, Software Project Management, Artificial Intelligence and Machine Learning, Artificial Intelligence and Machine Learning, MERN Stack, MERN Stack, Cloud Computing, Cloud Computing","Theory, Practical, Theory, Practical, Theory, Practical, Theory, Practical",Bachelor of Computer Applications,31011222044
ebrahim.p@somaiya.edu,Panvelwala,Ibbrahim,Murtaza,5,"Software Project Management, Software Project Management, Artificial Intelligence and Machine Learning, Artificial Intelligence and Machine Learning, MERN Stack, MERN Stack, Cloud Computing, Cloud Computing","Theory, Practical, Theory, Practical, Theory, Practical, Theory, Practical",Bachelor of Computer Applications,31011222045
yash.sp@somaiya.edu,Parab,Yash,Sunil,5,"Software Project Management, Software Project Management, Artificial Intelligence and Machine Learning, Artificial Intelligence and Machine Learning, MERN Stack, MERN Stack, Cloud Computing, Cloud Computing","Theory, Practical, Theory, Practical, Theory, Practical, Theory, Practical",Bachelor of Computer Applications,31011222046
daniela.p@somaiya.edu,Pereira,Daniela,Dwayne,5,"Software Project Management, Software Project Management, Artificial Intelligence and Machine Learning, Artificial Intelligence and Machine Learning, MERN Stack, MERN Stack, Cloud Computing, Cloud Computing","Theory, Practical, Theory, Practical, Theory, Practical, Theory, Practical",Bachelor of Computer Applications,31011222049
sahil.phadtare@somaiya.edu,Phadtare,Sahil,Dattatray,5,"Software Project Management, Software Project Management, Artificial Intelligence and Machine Learning, Artificial Intelligence and Machine Learning, MERN Stack, MERN Stack, Cloud Computing, Cloud Computing","Theory, Practical, Theory, Practical, Theory, Practical, Theory, Practical",Bachelor of Computer Applications,31011222050
thushar.p@somaiya.edu,Poojary,Thushar,Vidyananda,5,"Software Project Management, Software Project Management, Artificial Intelligence and Machine Learning, Artificial Intelligence and Machine Learning, MERN Stack, MERN Stack, Cloud Computing, Cloud Computing","Theory, Practical, Theory, Practical, Theory, Practical, Theory, Practical",Bachelor of Computer Applications,31011222052
smit.potkar@somaiya.edu,Potkar,Smit,Shekhar,5,"Software Project Management, Software Project Management, Artificial Intelligence and Machine Learning, Artificial Intelligence and Machine Learning, MERN Stack, MERN Stack, Cloud Computing, Cloud Computing","Theory, Practical, Theory, Practical, Theory, Practical, Theory, Practical",Bachelor of Computer Applications,31011222053
ankit.samal@somaiya.edu,Samal,Ankit,Krushna,5,"Software Project Management, Software Project Management, Artificial Intelligence and Machine Learning, Artificial Intelligence and Machine Learning, MERN Stack, MERN Stack, Cloud Computing, Cloud Computing","Theory, Practical, Theory, Practical, Theory, Practical, Theory, Practical",Bachelor of Computer Applications,31011222057
a.sanap@somaiya.edu,Sanap,Aditya,Abhay,5,"Software Project Management, Software Project Management, Artificial Intelligence and Machine Learning, Artificial Intelligence and Machine Learning, MERN Stack, MERN Stack, Cloud Computing, Cloud Computing","Theory, Practical, Theory, Practical, Theory, Practical, Theory, Practical",Bachelor of Computer Applications,31011222058
ishika.sarang@somaiya.edu,Sarang,Ishika,Atul,5,"Software Project Management, Software Project Management, Artificial Intelligence and Machine Learning, Artificial Intelligence and Machine Learning, MERN Stack, MERN Stack, Cloud Computing, Cloud Computing","Theory, Practical, Theory, Practical, Theory, Practical, Theory, Practical",Bachelor of Computer Applications,31011222059
khushi13@somaiya.edu,Shah,Khushi,Jaydeep,5,"Software Project Management, Software Project Management, Artificial Intelligence and Machine Learning, Artificial Intelligence and Machine Learning, MERN Stack, MERN Stack, Cloud Computing, Cloud Computing","Theory, Practical, Theory, Practical, Theory, Practical, Theory, Practical",Bachelor of Computer Applications,31011222061
lamaan.s@somaiya.edu,Shaikh,Lamaan,Kayum,5,"Software Project Management, Software Project Management, Artificial Intelligence and Machine Learning, Artificial Intelligence and Machine Learning, MERN Stack, MERN Stack, Cloud Computing, Cloud Computing","Theory, Practical, Theory, Practical, Theory, Practical, Theory, Practical",Bachelor of Computer Applications,31011222062
noorfatima.s@somaiya.edu,Shaikh,Noor,Fatima,5,"Software Project Management, Software Project Management, Artificial Intelligence and Machine Learning, Artificial Intelligence and Machine Learning, MERN Stack, MERN Stack, Cloud Computing, Cloud Computing","Theory, Practical, Theory, Practical, Theory, Practical, Theory, Practical",Bachelor of Computer Applications,31011222064
p.shinde@somaiya.edu,Shinde,Priyanka,Duryodhan,5,"Software Project Management, Software Project Management, Artificial Intelligence and Machine Learning, Artificial Intelligence and Machine Learning, MERN Stack, MERN Stack, Cloud Computing, Cloud Computing","Theory, Practical, Theory, Practical, Theory, Practical, Theory, Practical",Bachelor of Computer Applications,31011222066
vighnesh.ks@somaiya.edu,Shinde,Vighnesh,Kiran,5,"Software Project Management, Software Project Management, Artificial Intelligence and Machine Learning, Artificial Intelligence and Machine Learning, MERN Stack, MERN Stack, Cloud Computing, Cloud Computing","Theory, Practical, Theory, Practical, Theory, Practical, Theory, Practical",Bachelor of Computer Applications,31011222067
singh.aa@somaiya.edu,Singh,Anjali,Anilkumar,5,"Software Project Management, Software Project Management, Artificial Intelligence and Machine Learning, Artificial Intelligence and Machine Learning, MERN Stack, MERN Stack, Cloud Computing, Cloud Computing","Theory, Practical, Theory, Practical, Theory, Practical, Theory, Practical",Bachelor of Computer Applications,31011222069
chaitanya.t@somaiya.edu,Thatte,Chaitanya,Sanjay,5,"Software Project Management, Software Project Management, Artificial Intelligence and Machine Learning, Artificial Intelligence and Machine Learning, MERN Stack, MERN Stack, Cloud Computing, Cloud Computing","Theory, Practical, Theory, Practical, Theory, Practical, Theory, Practical",Bachelor of Computer Applications,31011222075
riya.upadhyay@somaiya.edu,Upadhyay,Riya,Ratnakar,5,"Software Project Management, Software Project Management, Artificial Intelligence and Machine Learning, Artificial Intelligence and Machine Learning, MERN Stack, MERN Stack, Cloud Computing, Cloud Computing","Theory, Practical, Theory, Practical, Theory, Practical, Theory, Practical",Bachelor of Computer Applications,31011222077
harsh.vaidya@somaiya.edu,Vaidya,Harsh,Rahul,5,"Software Project Management, Software Project Management, Artificial Intelligence and Machine Learning, Artificial Intelligence and Machine Learning, MERN Stack, MERN Stack, Cloud Computing, Cloud Computing","Theory, Practical, Theory, Practical, Theory, Practical, Theory, Practical",Bachelor of Computer Applications,31011222079
ammar.vanu@somaiya.edu,Vanu,Ammar,Mohammad,5,"Software Project Management, Software Project Management, Artificial Intelligence and Machine Learning, Artificial Intelligence and Machine Learning, MERN Stack, MERN Stack, Cloud Computing, Cloud Computing","Theory, Practical, Theory, Practical, Theory, Practical, Theory, Practical",Bachelor of Computer Applications,31011222081
aman.yadav@somaiya.edu,Yadav,Aman,Ashok,5,"Software Project Management, Software Project Management, Artificial Intelligence and Machine Learning, Artificial Intelligence and Machine Learning, MERN Stack, MERN Stack, Cloud Computing, Cloud Computing","Theory, Practical, Theory, Practical, Theory, Practical, Theory, Practical",Bachelor of Computer Applications,31011222084
pawan.yadav@somaiya.edu,Yadav,Pawan,Jugal,5,"Software Project Management, Software Project Management, Artificial Intelligence and Machine Learning, Artificial Intelligence and Machine Learning, MERN Stack, MERN Stack, Cloud Computing, Cloud Computing","Theory, Practical, Theory, Practical, Theory, Practical, Theory, Practical",Bachelor of Computer Applications,31011222085
suhana.yadav@somaiya.edu,Yadav,Suhana,Rajesh,5,"Software Project Management, Software Project Management, Artificial Intelligence and Machine Learning, Artificial Intelligence and Machine Learning, MERN Stack, MERN Stack, Cloud Computing, Cloud Computing","Theory, Practical, Theory, Practical, Theory, Practical, Theory, Practical",Bachelor of Computer Applications,31011222086
divyashree.a@somaiya.edu,Ajmera,Divyashree,Hitesh,1,"Biochemistry-I, CELL BIOLOGY 1, Chemistry I, Role of Computers in Biology, Microbiology 1, Biochemistry 1, CELL BIOLOGY 1, Chemistry I, Role of Computers in Biology, Microbiology 1","Theory, Theory, Theory, Theory, Theory, Practical, Practical, Practical, Practical, Practical",Bachelor of Science (Biotechnology),31011324001
mahwish.a@somaiya.edu,Ansari,Mahwish,Mohammed,1,"Biochemistry-I, CELL BIOLOGY 1, Chemistry I, Role of Computers in Biology, Microbiology 1, Biochemistry 1, CELL BIOLOGY 1, Chemistry I, Role of Computers in Biology, Microbiology 1","Theory, Theory, Theory, Theory, Theory, Practical, Practical, Practical, Practical, Practical",Bachelor of Science (Biotechnology),31011324002
m.ashtamkar@somaiya.edu,Ashtamkar,Madhura,Kumar,1,"Biochemistry-I, CELL BIOLOGY 1, Chemistry I, Role of Computers in Biology, Microbiology 1, Biochemistry 1, CELL BIOLOGY 1, Chemistry I, Role of Computers in Biology, Microbiology 1","Theory, Theory, Theory, Theory, Theory, Practical, Practical, Practical, Practical, Practical",Bachelor of Science (Biotechnology),31011324003
disha.bagal@somaiya.edu,Bagal,Disha,Nitin,1,"Biochemistry-I, CELL BIOLOGY 1, Chemistry I, Role of Computers in Biology, Microbiology 1, Biochemistry 1, CELL BIOLOGY 1, Chemistry I, Role of Computers in Biology, Microbiology 1","Theory, Theory, Theory, Theory, Theory, Practical, Practical, Practical, Practical, Practical",Bachelor of Science (Biotechnology),31011324004
sneha.hb@somaiya.edu,Bhanushali,Sneha,Heena,1,"Biochemistry-I, CELL BIOLOGY 1, Chemistry I, Role of Computers in Biology, Microbiology 1, Biochemistry 1, CELL BIOLOGY 1, Chemistry I, Role of Computers in Biology, Microbiology 1","Theory, Theory, Theory, Theory, Theory, Practical, Practical, Practical, Practical, Practical",Bachelor of Science (Biotechnology),31011324005
aditi.gawhale@somaiya.edu,Gawhale,Aditi,Radheshyam,1,"Biochemistry-I, CELL BIOLOGY 1, Chemistry I, Role of Computers in Biology, Microbiology 1, Biochemistry 1, CELL BIOLOGY 1, Chemistry I, Role of Computers in Biology, Microbiology 1","Theory, Theory, Theory, Theory, Theory, Practical, Practical, Practical, Practical, Practical",Bachelor of Science (Biotechnology),31011324007
madhavi.gupta@somaiya.edu,Gupta,Madhavi,Lal,1,"Biochemistry-I, CELL BIOLOGY 1, Chemistry I, Role of Computers in Biology, Microbiology 1, Biochemistry 1, CELL BIOLOGY 1, Chemistry I, Role of Computers in Biology, Microbiology 1","Theory, Theory, Theory, Theory, Theory, Practical, Practical, Practical, Practical, Practical",Bachelor of Science (Biotechnology),31011324008
tanish.ag@somaiya.edu,Gupta,Tanish,Anand,1,"Biochemistry-I, CELL BIOLOGY 1, Chemistry I, Role of Computers in Biology, Microbiology 1, Biochemistry 1, CELL BIOLOGY 1, Chemistry I, Role of Computers in Biology, Microbiology 1","Theory, Theory, Theory, Theory, Theory, Practical, Practical, Practical, Practical, Practical",Bachelor of Science (Biotechnology),31011324009
vaishnavi.vg@somaiya.edu,Gurav,Vaishnavi,Vilas,1,"Biochemistry-I, CELL BIOLOGY 1, Chemistry I, Role of Computers in Biology, Microbiology 1, Biochemistry 1, CELL BIOLOGY 1, Chemistry I, Role of Computers in Biology, Microbiology 1","Theory, Theory, Theory, Theory, Theory, Practical, Practical, Practical, Practical, Practical",Bachelor of Science (Biotechnology),31011324011
yosha.jain@somaiya.edu,Jain,Yosha,Hemant,1,"Biochemistry-I, CELL BIOLOGY 1, Chemistry I, Role of Computers in Biology, Microbiology 1, Biochemistry 1, CELL BIOLOGY 1, Chemistry I, Role of Computers in Biology, Microbiology 1","Theory, Theory, Theory, Theory, Theory, Practical, Practical, Practical, Practical, Practical",Bachelor of Science (Biotechnology),31011324012
shailja.j@somaiya.edu,Jaiswar,Shailja,Anil,1,"Biochemistry-I, CELL BIOLOGY 1, Chemistry I, Role of Computers in Biology, Microbiology 1, Biochemistry 1, CELL BIOLOGY 1, Chemistry I, Role of Computers in Biology, Microbiology 1","Theory, Theory, Theory, Theory, Theory, Practical, Practical, Practical, Practical, Practical",Bachelor of Science (Biotechnology),31011324013
shifa.m@somaiya.edu,Mansuri,Shifa,Ismail,1,"Biochemistry-I, CELL BIOLOGY 1, Chemistry I, Role of Computers in Biology, Microbiology 1, Biochemistry 1, CELL BIOLOGY 1, Chemistry I, Role of Computers in Biology, Microbiology 1","Theory, Theory, Theory, Theory, Theory, Practical, Practical, Practical, Practical, Practical",Bachelor of Science (Biotechnology),31011324015
faateema.m@somaiya.edu,Mukri,Faateema,Mohamad,1,"Biochemistry-I, CELL BIOLOGY 1, Chemistry I, Role of Computers in Biology, Microbiology 1, Biochemistry 1, CELL BIOLOGY 1, Chemistry I, Role of Computers in Biology, Microbiology 1","Theory, Theory, Theory, Theory, Theory, Practical, Practical, Practical, Practical, Practical",Bachelor of Science (Biotechnology),31011324018
swayam.n@somaiya.edu,Nagwekar,Swayam,Sushil,1,"Biochemistry-I, CELL BIOLOGY 1, Chemistry I, Role of Computers in Biology, Microbiology 1, Biochemistry 1, CELL BIOLOGY 1, Chemistry I, Role of Computers in Biology, Microbiology 1","Theory, Theory, Theory, Theory, Theory, Practical, Practical, Practical, Practical, Practical",Bachelor of Science (Biotechnology),31011324020
yogesh.negi@somaiya.edu,Negi,Yogesh,Singh,1,"Biochemistry-I, CELL BIOLOGY 1, Chemistry I, Role of Computers in Biology, Microbiology 1, Biochemistry 1, CELL BIOLOGY 1, Chemistry I, Role of Computers in Biology, Microbiology 1","Theory, Theory, Theory, Theory, Theory, Practical, Practical, Practical, Practical, Practical",Bachelor of Science (Biotechnology),31011324021
lavanya.sp@somaiya.edu,Parab,Lavanya,Sandip,1,"Biochemistry-I, CELL BIOLOGY 1, Chemistry I, Role of Computers in Biology, Microbiology 1, Biochemistry 1, CELL BIOLOGY 1, Chemistry I, Role of Computers in Biology, Microbiology 1","Theory, Theory, Theory, Theory, Theory, Practical, Practical, Practical, Practical, Practical",Bachelor of Science (Biotechnology),31011324022
angela.r@somaiya.edu,Robert,Angela,Mario,1,"Biochemistry-I, CELL BIOLOGY 1, Chemistry I, Role of Computers in Biology, Microbiology 1, Biochemistry 1, CELL BIOLOGY 1, Chemistry I, Role of Computers in Biology, Microbiology 1","Theory, Theory, Theory, Theory, Theory, Practical, Practical, Practical, Practical, Practical",Bachelor of Science (Biotechnology),31011324023
mariyamkhatoon.i@somaiya.edu,Sayyed,Mariyam,Ilyas,1,"Biochemistry-I, CELL BIOLOGY 1, Chemistry I, Role of Computers in Biology, Microbiology 1, Biochemistry 1, CELL BIOLOGY 1, Chemistry I, Role of Computers in Biology, Microbiology 1","Theory, Theory, Theory, Theory, Theory, Practical, Practical, Practical, Practical, Practical",Bachelor of Science (Biotechnology),31011324026
diya.shah7@somaiya.edu,Shah,Diya,Shyam,1,"Biochemistry-I, CELL BIOLOGY 1, Chemistry I, Role of Computers in Biology, Microbiology 1, Biochemistry 1, CELL BIOLOGY 1, Chemistry I, Role of Computers in Biology, Microbiology 1","Theory, Theory, Theory, Theory, Theory, Practical, Practical, Practical, Practical, Practical",Bachelor of Science (Biotechnology),31011324027
afreen.ls@somaiya.edu,Shaikh,Afreen,Lutful,1,"Biochemistry-I, CELL BIOLOGY 1, Chemistry I, Role of Computers in Biology, Microbiology 1, Biochemistry 1, CELL BIOLOGY 1, Chemistry I, Role of Computers in Biology, Microbiology 1","Theory, Theory, Theory, Theory, Theory, Practical, Practical, Practical, Practical, Practical",Bachelor of Science (Biotechnology),31011324028
vighnesh.shetty@somaiya.edu,Shetty,Vighnesh,Vishwanath,1,"Biochemistry-I, CELL BIOLOGY 1, Chemistry I, Role of Computers in Biology, Microbiology 1, Biochemistry 1, CELL BIOLOGY 1, Chemistry I, Role of Computers in Biology, Microbiology 1","Theory, Theory, Theory, Theory, Theory, Practical, Practical, Practical, Practical, Practical",Bachelor of Science (Biotechnology),31011324029
aditi.thorat@somaiya.edu,Thorat,Aditi,Sanjay,1,"Biochemistry-I, CELL BIOLOGY 1, Chemistry I, Role of Computers in Biology, Microbiology 1, Biochemistry 1, CELL BIOLOGY 1, Chemistry I, Role of Computers in Biology, Microbiology 1","Theory, Theory, Theory, Theory, Theory, Practical, Practical, Practical, Practical, Practical",Bachelor of Science (Biotechnology),31011324032
atharv.vartak@somaiya.edu,Vartak,Atharv,Atul,1,"Biochemistry-I, CELL BIOLOGY 1, Chemistry I, Role of Computers in Biology, Microbiology 1, Biochemistry 1, CELL BIOLOGY 1, Chemistry I, Role of Computers in Biology, Microbiology 1","Theory, Theory, Theory, Theory, Theory, Practical, Practical, Practical, Practical, Practical",Bachelor of Science (Biotechnology),31011324033
akshatha.y@somaiya.edu,Yerrapalli,Akshatha,Sunil,1,"Biochemistry-I, CELL BIOLOGY 1, Chemistry I, Role of Computers in Biology, Microbiology 1, Biochemistry 1, CELL BIOLOGY 1, Chemistry I, Role of Computers in Biology, Microbiology 1","Theory, Theory, Theory, Theory, Theory, Practical, Practical, Practical, Practical, Practical",Bachelor of Science (Biotechnology),31011324034
lopa.t@somaiya.edu,Talegaonkar,Lopa,Vidyadhar,1,"Biochemistry-I, CELL BIOLOGY 1, Chemistry I, Role of Computers in Biology, Microbiology 1, Biochemistry 1, CELL BIOLOGY 1, Chemistry I, Role of Computers in Biology, Microbiology 1","Theory, Theory, Theory, Theory, Theory, Practical, Practical, Practical, Practical, Practical",Bachelor of Science (Biotechnology),31011324035
avniravi.b@somaiya.edu,Bommakanti,Avni,Ravi,1,"Biochemistry-I, CELL BIOLOGY 1, Chemistry I, Role of Computers in Biology, Microbiology 1, Biochemistry 1, CELL BIOLOGY 1, Chemistry I, Role of Computers in Biology, Microbiology 1","Theory, Theory, Theory, Theory, Theory, Practical, Practical, Practical, Practical, Practical",Bachelor of Science (Biotechnology),31011324036
atharva.vankit@somaiya.edu,Vankit,Atharva,Vishwanath,1,"Biochemistry-I, CELL BIOLOGY 1, Chemistry I, Role of Computers in Biology, Microbiology 1, Biochemistry 1, CELL BIOLOGY 1, Chemistry I, Role of Computers in Biology, Microbiology 1","Theory, Theory, Theory, Theory, Theory, Practical, Practical, Practical, Practical, Practical",Bachelor of Science (Biotechnology),31011324037
priya.c@somaiya.edu,Chauhan,Priya,Singh,3,"Cellular metabolism 1, Genetics and Molecular Biology-I, Basic Bioanalytical Techniques, Cellular metabolism 1, Genetics and Molecular Biology-I, Basic Bioanalytical Techniques, Basics of Plant and Animal Tissue Culture, Basics of Plant and Animal Tissue Culture, Environmental Pollution and Bioethics, Genomic sequence analysis, Genomic sequence analysis","Theory, Theory, Theory, Practical, Practical, Practical, Theory, Practical, Theory, Theory, Practical",Bachelor of Science (Biotechnology),31011323001
roshini.a@somaiya.edu,Addagatla,Roshini,Radhakishan,3,"Cellular metabolism 1, Genetics and Molecular Biology-I, Basic Bioanalytical Techniques, Cellular metabolism 1, Genetics and Molecular Biology-I, Basic Bioanalytical Techniques, Basics of Plant and Animal Tissue Culture, Basics of Plant and Animal Tissue Culture, Environmental Pollution and Bioethics, Genomic sequence analysis, Genomic sequence analysis","Theory, Theory, Theory, Practical, Practical, Practical, Theory, Practical, Theory, Theory, Practical",Bachelor of Science (Biotechnology),31011323002
kavya.banga@somaiya.edu,Banga,Kavya,Chandrahas,3,"Cellular metabolism 1, Genetics and Molecular Biology-I, Basic Bioanalytical Techniques, Cellular metabolism 1, Genetics and Molecular Biology-I, Basic Bioanalytical Techniques, Basics of Plant and Animal Tissue Culture, Basics of Plant and Animal Tissue Culture, Environmental Pollution and Bioethics, Genomic sequence analysis, Genomic sequence analysis","Theory, Theory, Theory, Practical, Practical, Practical, Theory, Practical, Theory, Theory, Practical",Bachelor of Science (Biotechnology),31011323004
mitali.bhalekar@somaiya.edu,Bhalekar,Mitali,Dinesh,3,"Cellular metabolism 1, Genetics and Molecular Biology-I, Basic Bioanalytical Techniques, Cellular metabolism 1, Genetics and Molecular Biology-I, Basic Bioanalytical Techniques, Basics of Plant and Animal Tissue Culture, Basics of Plant and Animal Tissue Culture, Environmental Pollution and Bioethics, Genomic sequence analysis, Genomic sequence analysis","Theory, Theory, Theory, Practical, Practical, Practical, Theory, Practical, Theory, Theory, Practical",Bachelor of Science (Biotechnology),31011323005
siddhi.bhise@somaiya.edu,Bhise,Siddhi,Sanjay,3,"Cellular metabolism 1, Genetics and Molecular Biology-I, Basic Bioanalytical Techniques, Cellular metabolism 1, Genetics and Molecular Biology-I, Basic Bioanalytical Techniques, Basics of Plant and Animal Tissue Culture, Basics of Plant and Animal Tissue Culture, Environmental Pollution and Bioethics, Genomic sequence analysis, Genomic sequence analysis","Theory, Theory, Theory, Practical, Practical, Practical, Theory, Practical, Theory, Theory, Practical",Bachelor of Science (Biotechnology),31011323006
subhojit.das@somaiya.edu,Das,Subhojit,Indrajit,3,"Cellular metabolism 1, Genetics and Molecular Biology-I, Basic Bioanalytical Techniques, Cellular metabolism 1, Genetics and Molecular Biology-I, Basic Bioanalytical Techniques, Basics of Plant and Animal Tissue Culture, Basics of Plant and Animal Tissue Culture, Environmental Pollution and Bioethics, Genomic sequence analysis, Genomic sequence analysis","Theory, Theory, Theory, Practical, Practical, Practical, Theory, Practical, Theory, Theory, Practical",Bachelor of Science (Biotechnology),31011323007
shivam.dave@somaiya.edu,Dave,Shivam,Dharmendrabhai,3,"Cellular metabolism 1, Genetics and Molecular Biology-I, Basic Bioanalytical Techniques, Cellular metabolism 1, Genetics and Molecular Biology-I, Basic Bioanalytical Techniques, Basics of Plant and Animal Tissue Culture, Basics of Plant and Animal Tissue Culture, Environmental Pollution and Bioethics, Genomic sequence analysis, Genomic sequence analysis","Theory, Theory, Theory, Practical, Practical, Practical, Theory, Practical, Theory, Theory, Practical",Bachelor of Science (Biotechnology),31011323008
priyank.fj@somaiya.edu,Jain,Priyank,Fatehchand,3,"Cellular metabolism 1, Genetics and Molecular Biology-I, Basic Bioanalytical Techniques, Cellular metabolism 1, Genetics and Molecular Biology-I, Basic Bioanalytical Techniques, Basics of Plant and Animal Tissue Culture, Basics of Plant and Animal Tissue Culture, Environmental Pollution and Bioethics, Genomic sequence analysis, Genomic sequence analysis","Theory, Theory, Theory, Practical, Practical, Practical, Theory, Practical, Theory, Theory, Practical",Bachelor of Science (Biotechnology),31011323012
sakshi.joshi@somaiya.edu,Joshi,Sakshi,Keyur,3,"Cellular metabolism 1, Genetics and Molecular Biology-I, Basic Bioanalytical Techniques, Cellular metabolism 1, Genetics and Molecular Biology-I, Basic Bioanalytical Techniques, Basics of Plant and Animal Tissue Culture, Basics of Plant and Animal Tissue Culture, Environmental Pollution and Bioethics, Genomic sequence analysis, Genomic sequence analysis","Theory, Theory, Theory, Practical, Practical, Practical, Theory, Practical, Theory, Theory, Practical",Bachelor of Science (Biotechnology),31011323014
swarangi.mhaskar@somaiya.edu,Mhaskar,Swarangi,Uttam,3,"Cellular metabolism 1, Genetics and Molecular Biology-I, Basic Bioanalytical Techniques, Cellular metabolism 1, Genetics and Molecular Biology-I, Basic Bioanalytical Techniques, Basics of Plant and Animal Tissue Culture, Basics of Plant and Animal Tissue Culture, Environmental Pollution and Bioethics, Genomic sequence analysis, Genomic sequence analysis","Theory, Theory, Theory, Practical, Practical, Practical, Theory, Practical, Theory, Theory, Practical",Bachelor of Science (Biotechnology),31011323015
nishika.mishra@somaiya.edu,Mishra,Nishika,Ratnesh,3,"Cellular metabolism 1, Genetics and Molecular Biology-I, Basic Bioanalytical Techniques, Cellular metabolism 1, Genetics and Molecular Biology-I, Basic Bioanalytical Techniques, Basics of Plant and Animal Tissue Culture, Basics of Plant and Animal Tissue Culture, Environmental Pollution and Bioethics, Genomic sequence analysis, Genomic sequence analysis","Theory, Theory, Theory, Practical, Practical, Practical, Theory, Practical, Theory, Theory, Practical",Bachelor of Science (Biotechnology),31011323017
panchal.ys@somaiya.edu,Panchal,Yash,Sanjaykumar,3,"Cellular metabolism 1, Genetics and Molecular Biology-I, Basic Bioanalytical Techniques, Cellular metabolism 1, Genetics and Molecular Biology-I, Basic Bioanalytical Techniques, Basics of Plant and Animal Tissue Culture, Basics of Plant and Animal Tissue Culture, Environmental Pollution and Bioethics, Genomic sequence analysis, Genomic sequence analysis","Theory, Theory, Theory, Practical, Practical, Practical, Theory, Practical, Theory, Theory, Practical",Bachelor of Science (Biotechnology),31011323019
srishti.patnaik@somaiya.edu,Patnaik,Srishti,Bisweswar,3,"Cellular metabolism 1, Genetics and Molecular Biology-I, Basic Bioanalytical Techniques, Cellular metabolism 1, Genetics and Molecular Biology-I, Basic Bioanalytical Techniques, Basics of Plant and Animal Tissue Culture, Basics of Plant and Animal Tissue Culture, Environmental Pollution and Bioethics, Genomic sequence analysis, Genomic sequence analysis","Theory, Theory, Theory, Practical, Practical, Practical, Theory, Practical, Theory, Theory, Practical",Bachelor of Science (Biotechnology),31011323022
vishwa.prajapati@somaiya.edu,Prajapati,Vishwa,Kishor,3,"Cellular metabolism 1, Genetics and Molecular Biology-I, Basic Bioanalytical Techniques, Cellular metabolism 1, Genetics and Molecular Biology-I, Basic Bioanalytical Techniques, Basics of Plant and Animal Tissue Culture, Basics of Plant and Animal Tissue Culture, Environmental Pollution and Bioethics, Genomic sequence analysis, Genomic sequence analysis","Theory, Theory, Theory, Practical, Practical, Practical, Theory, Practical, Theory, Theory, Practical",Bachelor of Science (Biotechnology),31011323023
kavya.rao@somaiya.edu,Rao,Kavya,Ravindra,3,"Cellular metabolism 1, Genetics and Molecular Biology-I, Basic Bioanalytical Techniques, Cellular metabolism 1, Genetics and Molecular Biology-I, Basic Bioanalytical Techniques, Basics of Plant and Animal Tissue Culture, Basics of Plant and Animal Tissue Culture, Environmental Pollution and Bioethics, Genomic sequence analysis, Genomic sequence analysis","Theory, Theory, Theory, Practical, Practical, Practical, Theory, Practical, Theory, Theory, Practical",Bachelor of Science (Biotechnology),31011323024
mayra.redij@somaiya.edu,Redij,Mayra,Priti,3,"Cellular metabolism 1, Genetics and Molecular Biology-I, Basic Bioanalytical Techniques, Cellular metabolism 1, Genetics and Molecular Biology-I, Basic Bioanalytical Techniques, Basics of Plant and Animal Tissue Culture, Basics of Plant and Animal Tissue Culture, Environmental Pollution and Bioethics, Genomic sequence analysis, Genomic sequence analysis","Theory, Theory, Theory, Practical, Practical, Practical, Theory, Practical, Theory, Theory, Practical",Bachelor of Science (Biotechnology),31011323025
neharika.s@somaiya.edu,Sawant,Neharika,Avinash,3,"Cellular metabolism 1, Genetics and Molecular Biology-I, Basic Bioanalytical Techniques, Cellular metabolism 1, Genetics and Molecular Biology-I, Basic Bioanalytical Techniques, Basics of Plant and Animal Tissue Culture, Basics of Plant and Animal Tissue Culture, Environmental Pollution and Bioethics, Genomic sequence analysis, Genomic sequence analysis","Theory, Theory, Theory, Practical, Practical, Practical, Theory, Practical, Theory, Theory, Practical",Bachelor of Science (Biotechnology),31011323027
tanay.more@somaiya.edu,More,Tanay,Nitin,3,"Cellular metabolism 1, Genetics and Molecular Biology-I, Basic Bioanalytical Techniques, Cellular metabolism 1, Genetics and Molecular Biology-I, Basic Bioanalytical Techniques, Basics of Plant and Animal Tissue Culture, Basics of Plant and Animal Tissue Culture, Environmental Pollution and Bioethics, Genomic sequence analysis, Genomic sequence analysis","Theory, Theory, Theory, Practical, Practical, Practical, Theory, Practical, Theory, Theory, Practical",Bachelor of Science (Biotechnology),31011323033
adithyababu.m@somaiya.edu,Marar,Adithya,Babu,3,"Cellular metabolism 1, Genetics and Molecular Biology-I, Basic Bioanalytical Techniques, Cellular metabolism 1, Genetics and Molecular Biology-I, Basic Bioanalytical Techniques, Basics of Plant and Animal Tissue Culture, Basics of Plant and Animal Tissue Culture, Environmental Pollution and Bioethics, Genomic sequence analysis, Genomic sequence analysis","Theory, Theory, Theory, Practical, Practical, Practical, Theory, Practical, Theory, Theory, Practical",Bachelor of Science (Biotechnology),31011323034
shuban.d@somaiya.edu,Dhoble,Shuban,Prashant,3,"Cellular metabolism 1, Genetics and Molecular Biology-I, Basic Bioanalytical Techniques, Cellular metabolism 1, Genetics and Molecular Biology-I, Basic Bioanalytical Techniques, Basics of Plant and Animal Tissue Culture, Basics of Plant and Animal Tissue Culture, Environmental Pollution and Bioethics, Genomic sequence analysis, Genomic sequence analysis","Theory, Theory, Theory, Practical, Practical, Practical, Theory, Practical, Theory, Theory, Practical",Bachelor of Science (Biotechnology),31011323035
sharvari.tawade@somaiya.edu,Tawade,Sharvari,Sandeep,3,"Cellular metabolism 1, Genetics and Molecular Biology-I, Basic Bioanalytical Techniques, Cellular metabolism 1, Genetics and Molecular Biology-I, Basic Bioanalytical Techniques, Basics of Plant and Animal Tissue Culture, Basics of Plant and Animal Tissue Culture, Environmental Pollution and Bioethics, Genomic sequence analysis, Genomic sequence analysis","Theory, Theory, Theory, Practical, Practical, Practical, Theory, Practical, Theory, Theory, Practical",Bachelor of Science (Biotechnology),31011323036
diya.ashar@somaiya.edu,Ashar,Diya,Shailesh,5,"Bioprocess technology, Recombinant DNA technology, Recombinant DNA technology, Bioprocess technology, Plant_ Agriculture and Animal Biotechnology , Food Biotechnology , Plant_ Agriculture and Animal Biotechnology , Food Biotechnology","Theory, Theory, Practical, Practical, Theory, Theory, Practical, Practical",Bachelor of Science (Biotechnology),31011322001
tanvi.ayachit@somaiya.edu,Ayachit,Tanvi,Anand,5,"Bioprocess technology, Recombinant DNA technology, Recombinant DNA technology, Bioprocess technology, Plant_ Agriculture and Animal Biotechnology , Food Biotechnology , Plant_ Agriculture and Animal Biotechnology , Food Biotechnology","Theory, Theory, Practical, Practical, Theory, Theory, Practical, Practical",Bachelor of Science (Biotechnology),31011322002
nisha.bora@somaiya.edu,Bora,Nisha,Lalit,5,"Bioprocess technology, Recombinant DNA technology, Recombinant DNA technology, Bioprocess technology, Plant_ Agriculture and Animal Biotechnology , Food Biotechnology , Plant_ Agriculture and Animal Biotechnology , Food Biotechnology","Theory, Theory, Practical, Practical, Theory, Theory, Practical, Practical",Bachelor of Science (Biotechnology),31011322003
vratesh.c@somaiya.edu,Chettiyar,Vratesh,Dharmaraj,5,"Bioprocess technology, Recombinant DNA technology, Recombinant DNA technology, Bioprocess technology, Plant_ Agriculture and Animal Biotechnology , Food Biotechnology , Plant_ Agriculture and Animal Biotechnology , Food Biotechnology","Theory, Theory, Practical, Practical, Theory, Theory, Practical, Practical",Bachelor of Science (Biotechnology),31011322004
deep.dholu@somaiya.edu,Dholu,Deep,Vinod,5,"Bioprocess technology, Recombinant DNA technology, Recombinant DNA technology, Bioprocess technology, Plant_ Agriculture and Animal Biotechnology , Food Biotechnology , Plant_ Agriculture and Animal Biotechnology , Food Biotechnology","Theory, Theory, Practical, Practical, Theory, Theory, Practical, Practical",Bachelor of Science (Biotechnology),31011322007
shreya.ghate@somaiya.edu,Ghate,Shreya,Prakash,5,"Bioprocess technology, Recombinant DNA technology, Recombinant DNA technology, Bioprocess technology, Plant_ Agriculture and Animal Biotechnology , Food Biotechnology , Plant_ Agriculture and Animal Biotechnology , Food Biotechnology","Theory, Theory, Practical, Practical, Theory, Theory, Practical, Practical",Bachelor of Science (Biotechnology),31011322010
shruti.ghate@somaiya.edu,Ghate,Shruti,Prakash,5,"Bioprocess technology, Recombinant DNA technology, Recombinant DNA technology, Bioprocess technology, Plant_ Agriculture and Animal Biotechnology , Food Biotechnology , Plant_ Agriculture and Animal Biotechnology , Food Biotechnology","Theory, Theory, Practical, Practical, Theory, Theory, Practical, Practical",Bachelor of Science (Biotechnology),31011322011
sanskruthi.j@somaiya.edu,Jagadesh,Sanskruti,Jagadesh,5,"Bioprocess technology, Recombinant DNA technology, Recombinant DNA technology, Bioprocess technology, Plant_ Agriculture and Animal Biotechnology , Food Biotechnology , Plant_ Agriculture and Animal Biotechnology , Food Biotechnology","Theory, Theory, Practical, Practical, Theory, Theory, Practical, Practical",Bachelor of Science (Biotechnology),31011322014
nitika.joshi@somaiya.edu,Joshi,Nitika,Pramod,5,"Bioprocess technology, Recombinant DNA technology, Recombinant DNA technology, Bioprocess technology, Plant_ Agriculture and Animal Biotechnology , Food Biotechnology , Plant_ Agriculture and Animal Biotechnology , Food Biotechnology","Theory, Theory, Practical, Practical, Theory, Theory, Practical, Practical",Bachelor of Science (Biotechnology),31011322016
saniya.khan@somaiya.edu,Khan,Saniya,Mehboob,5,"Bioprocess technology, Recombinant DNA technology, Recombinant DNA technology, Bioprocess technology, Plant_ Agriculture and Animal Biotechnology , Food Biotechnology , Plant_ Agriculture and Animal Biotechnology , Food Biotechnology","Theory, Theory, Practical, Practical, Theory, Theory, Practical, Practical",Bachelor of Science (Biotechnology),31011322018
sohan.k@somaiya.edu,Kulkarni,Sohan,Sushil,5,"Bioprocess technology, Recombinant DNA technology, Recombinant DNA technology, Bioprocess technology, Plant_ Agriculture and Animal Biotechnology , Food Biotechnology , Plant_ Agriculture and Animal Biotechnology , Food Biotechnology","Theory, Theory, Practical, Practical, Theory, Theory, Practical, Practical",Bachelor of Science (Biotechnology),31011322020
sunetra.sm@somaiya.edu,Mukherjee,Sunetra,Soumitra,5,"Bioprocess technology, Recombinant DNA technology, Recombinant DNA technology, Bioprocess technology, Plant_ Agriculture and Animal Biotechnology , Food Biotechnology , Plant_ Agriculture and Animal Biotechnology , Food Biotechnology","Theory, Theory, Practical, Practical, Theory, Theory, Practical, Practical",Bachelor of Science (Biotechnology),31011322024
aditya.nadar@somaiya.edu,Nadar,Aditya,Kartiklingam,5,"Bioprocess technology, Recombinant DNA technology, Recombinant DNA technology, Bioprocess technology, Plant_ Agriculture and Animal Biotechnology , Food Biotechnology , Plant_ Agriculture and Animal Biotechnology , Food Biotechnology","Theory, Theory, Practical, Practical, Theory, Theory, Practical, Practical",Bachelor of Science (Biotechnology),31011322025
samiksha.naik@somaiya.edu,Naik,Samiksha,Rupesh,5,"Bioprocess technology, Recombinant DNA technology, Recombinant DNA technology, Bioprocess technology, Plant_ Agriculture and Animal Biotechnology , Food Biotechnology , Plant_ Agriculture and Animal Biotechnology , Food Biotechnology","Theory, Theory, Practical, Practical, Theory, Theory, Practical, Practical",Bachelor of Science (Biotechnology),31011322026
tisha.parekh@somaiya.edu,Parekh,Tisha,Amitkumar,5,"Bioprocess technology, Recombinant DNA technology, Recombinant DNA technology, Bioprocess technology, Plant_ Agriculture and Animal Biotechnology , Food Biotechnology , Plant_ Agriculture and Animal Biotechnology , Food Biotechnology","Theory, Theory, Practical, Practical, Theory, Theory, Practical, Practical",Bachelor of Science (Biotechnology),31011322029
ketana.r@somaiya.edu,Ramgade,Ketana,Shankar,5,"Bioprocess technology, Recombinant DNA technology, Recombinant DNA technology, Bioprocess technology, Plant_ Agriculture and Animal Biotechnology , Food Biotechnology , Plant_ Agriculture and Animal Biotechnology , Food Biotechnology","Theory, Theory, Practical, Practical, Theory, Theory, Practical, Practical",Bachelor of Science (Biotechnology),31011322031
sanjana.s@somaiya.edu,Sawant,Sanjana,Santosh,5,"Bioprocess technology, Recombinant DNA technology, Recombinant DNA technology, Bioprocess technology, Plant_ Agriculture and Animal Biotechnology , Food Biotechnology , Plant_ Agriculture and Animal Biotechnology , Food Biotechnology","Theory, Theory, Practical, Practical, Theory, Theory, Practical, Practical",Bachelor of Science (Biotechnology),31011322033
kavit.shah@somaiya.edu,Shah,Kavit,Devang,5,"Bioprocess technology, Recombinant DNA technology, Recombinant DNA technology, Bioprocess technology, Plant_ Agriculture and Animal Biotechnology , Food Biotechnology , Plant_ Agriculture and Animal Biotechnology , Food Biotechnology","Theory, Theory, Practical, Practical, Theory, Theory, Practical, Practical",Bachelor of Science (Biotechnology),31011322034
sneha.sharma@somaiya.edu,Sharma,Sneha,Rajnikant,5,"Bioprocess technology, Recombinant DNA technology, Recombinant DNA technology, Bioprocess technology, Plant_ Agriculture and Animal Biotechnology , Food Biotechnology , Plant_ Agriculture and Animal Biotechnology , Food Biotechnology","Theory, Theory, Practical, Practical, Theory, Theory, Practical, Practical",Bachelor of Science (Biotechnology),31011322038
suchita.ds@somaiya.edu,Suryawanshi,Suchita,Dharmaraj,5,"Bioprocess technology, Recombinant DNA technology, Recombinant DNA technology, Bioprocess technology, Plant_ Agriculture and Animal Biotechnology , Food Biotechnology , Plant_ Agriculture and Animal Biotechnology , Food Biotechnology","Theory, Theory, Practical, Practical, Theory, Theory, Practical, Practical",Bachelor of Science (Biotechnology),31011322039
sumit01@somaiya.edu,Tripathi,Sumit,Subhash,5,"Bioprocess technology, Recombinant DNA technology, Recombinant DNA technology, Bioprocess technology, Plant_ Agriculture and Animal Biotechnology , Food Biotechnology , Plant_ Agriculture and Animal Biotechnology , Food Biotechnology","Theory, Theory, Practical, Practical, Theory, Theory, Practical, Practical",Bachelor of Science (Biotechnology),31011322040
akanksha.vikhare@somaiya.edu,Vikhare,Akanksha,Subhashchandra,5,"Bioprocess technology, Recombinant DNA technology, Recombinant DNA technology, Bioprocess technology, Plant_ Agriculture and Animal Biotechnology , Food Biotechnology , Plant_ Agriculture and Animal Biotechnology , Food Biotechnology","Theory, Theory, Practical, Practical, Theory, Theory, Practical, Practical",Bachelor of Science (Biotechnology),31011322041
kashmira.g@somaiya.edu,Ghate,Kashmira,Prakash,5,"Bioprocess technology, Recombinant DNA technology, Recombinant DNA technology, Bioprocess technology, Plant_ Agriculture and Animal Biotechnology , Food Biotechnology , Plant_ Agriculture and Animal Biotechnology , Food Biotechnology","Theory, Theory, Practical, Practical, Theory, Theory, Practical, Practical",Bachelor of Science (Biotechnology),31011322042
shirley.r@somaiya.edu,Ramle,Shirley,Dinesh,5,"Bioprocess technology, Recombinant DNA technology, Recombinant DNA technology, Bioprocess technology, Plant_ Agriculture and Animal Biotechnology , Food Biotechnology , Plant_ Agriculture and Animal Biotechnology , Food Biotechnology","Theory, Theory, Practical, Practical, Theory, Theory, Practical, Practical",Bachelor of Science (Biotechnology),31011322044
suhani.sp@somaiya.edu,Patel,Suhani,Shailesh,5,"Bioprocess technology, Recombinant DNA technology, Recombinant DNA technology, Bioprocess technology, Plant_ Agriculture and Animal Biotechnology , Food Biotechnology , Plant_ Agriculture and Animal Biotechnology , Food Biotechnology","Theory, Theory, Practical, Practical, Theory, Theory, Practical, Practical",Bachelor of Science (Biotechnology),31011322049
priya.bhowmick@somaiya.edu,Bhowmick,Priya,Siddharta,5,"Data Mining and adaptive Business Intelligence, Information and Network Security, Information and Network Security, Software Testing and Quality Assurance, Software Testing and Quality Assurance, PL/SQL and NoSQL Databases, PL/SQL and NoSQL Databases, Artificial Intelligence, Artificial Intelligence, Data visualization & Analysis in Python, Data visualization & Analysis in Python, Data Mining and Adaptive Business Intelligence","Theory, Theory, Practical, Theory, Practical, Theory, Practical, Theory, Practical, Theory, Practical, Practical",Bachelor of Science (Computer Science),31011122005
j.bokoliya@somaiya.edu,Bokoliya,Jitendra,Shyamlal,5,"Data Mining and adaptive Business Intelligence, Information and Network Security, Information and Network Security, Software Testing and Quality Assurance, Software Testing and Quality Assurance, PL/SQL and NoSQL Databases, PL/SQL and NoSQL Databases, Artificial Intelligence, Artificial Intelligence, Data visualization & Analysis in Python, Data visualization & Analysis in Python, Data Mining and Adaptive Business Intelligence","Theory, Theory, Practical, Theory, Practical, Theory, Practical, Theory, Practical, Theory, Practical, Practical",Bachelor of Science (Computer Science),31011122006
shreya.c@somaiya.edu,Chalse,Shreya,Uday,5,"Data Mining and adaptive Business Intelligence, Information and Network Security, Information and Network Security, Software Testing and Quality Assurance, Software Testing and Quality Assurance, PL/SQL and NoSQL Databases, PL/SQL and NoSQL Databases, Artificial Intelligence, Artificial Intelligence, Data visualization & Analysis in Python, Data visualization & Analysis in Python, Data Mining and Adaptive Business Intelligence","Theory, Theory, Practical, Theory, Practical, Theory, Practical, Theory, Practical, Theory, Practical, Practical",Bachelor of Science (Computer Science),31011122007
aman.chauhan@somaiya.edu,Chauhan,Aman,Mahajan,5,"Data Mining and adaptive Business Intelligence, Information and Network Security, Information and Network Security, Software Testing and Quality Assurance, Software Testing and Quality Assurance, PL/SQL and NoSQL Databases, PL/SQL and NoSQL Databases, Artificial Intelligence, Artificial Intelligence, Data visualization & Analysis in Python, Data visualization & Analysis in Python, Data Mining and Adaptive Business Intelligence","Theory, Theory, Practical, Theory, Practical, Theory, Practical, Theory, Practical, Theory, Practical, Practical",Bachelor of Science (Computer Science),31011122008
anup.chauhan@somaiya.edu,Chauhan,Anup,Lalbahadur,5,"Data Mining and adaptive Business Intelligence, Information and Network Security, Information and Network Security, Software Testing and Quality Assurance, Software Testing and Quality Assurance, PL/SQL and NoSQL Databases, PL/SQL and NoSQL Databases, Artificial Intelligence, Artificial Intelligence, Data visualization & Analysis in Python, Data visualization & Analysis in Python, Data Mining and Adaptive Business Intelligence","Theory, Theory, Practical, Theory, Practical, Theory, Practical, Theory, Practical, Theory, Practical, Practical",Bachelor of Science (Computer Science),31011122009
sakshi.kc@somaiya.edu,Chauhan,Sakshi,Kunwar,5,"Data Mining and adaptive Business Intelligence, Information and Network Security, Information and Network Security, Software Testing and Quality Assurance, Software Testing and Quality Assurance, PL/SQL and NoSQL Databases, PL/SQL and NoSQL Databases, Artificial Intelligence, Artificial Intelligence, Data visualization & Analysis in Python, Data visualization & Analysis in Python, Data Mining and Adaptive Business Intelligence","Theory, Theory, Practical, Theory, Practical, Theory, Practical, Theory, Practical, Theory, Practical, Practical",Bachelor of Science (Computer Science),31011122011
shreya.chauhan@somaiya.edu,Chauhan,Shreya,Sanjeev,5,"Data Mining and adaptive Business Intelligence, Information and Network Security, Information and Network Security, Software Testing and Quality Assurance, Software Testing and Quality Assurance, PL/SQL and NoSQL Databases, PL/SQL and NoSQL Databases, Artificial Intelligence, Artificial Intelligence, Data visualization & Analysis in Python, Data visualization & Analysis in Python, Data Mining and Adaptive Business Intelligence","Theory, Theory, Practical, Theory, Practical, Theory, Practical, Theory, Practical, Theory, Practical, Practical",Bachelor of Science (Computer Science),31011122012
chauhan.v@somaiya.edu,Chauhan,Vishal,Prakash,5,"Data Mining and adaptive Business Intelligence, Information and Network Security, Information and Network Security, Software Testing and Quality Assurance, Software Testing and Quality Assurance, PL/SQL and NoSQL Databases, PL/SQL and NoSQL Databases, Artificial Intelligence, Artificial Intelligence, Data visualization & Analysis in Python, Data visualization & Analysis in Python, Data Mining and Adaptive Business Intelligence","Theory, Theory, Practical, Theory, Practical, Theory, Practical, Theory, Practical, Theory, Practical, Practical",Bachelor of Science (Computer Science),31011122013
soham.c@somaiya.edu,Chodanekar,Soham,Dinesh,5,"Data Mining and adaptive Business Intelligence, Information and Network Security, Information and Network Security, Software Testing and Quality Assurance, Software Testing and Quality Assurance, PL/SQL and NoSQL Databases, PL/SQL and NoSQL Databases, Artificial Intelligence, Artificial Intelligence, Data visualization & Analysis in Python, Data visualization & Analysis in Python, Data Mining and Adaptive Business Intelligence","Theory, Theory, Practical, Theory, Practical, Theory, Practical, Theory, Practical, Theory, Practical, Practical",Bachelor of Science (Computer Science),31011122015
saurabh.c@somaiya.edu,Chopade,Saurabh,Santosh,5,"Data Mining and adaptive Business Intelligence, Information and Network Security, Information and Network Security, Software Testing and Quality Assurance, Software Testing and Quality Assurance, PL/SQL and NoSQL Databases, PL/SQL and NoSQL Databases, Artificial Intelligence, Artificial Intelligence, Data visualization & Analysis in Python, Data visualization & Analysis in Python, Data Mining and Adaptive Business Intelligence","Theory, Theory, Practical, Theory, Practical, Theory, Practical, Theory, Practical, Theory, Practical, Practical",Bachelor of Science (Computer Science),31011122016
omi.chopda@somaiya.edu,Chopda,Omi,Prakash,5,"Data Mining and adaptive Business Intelligence, Information and Network Security, Information and Network Security, Software Testing and Quality Assurance, Software Testing and Quality Assurance, PL/SQL and NoSQL Databases, PL/SQL and NoSQL Databases, Artificial Intelligence, Artificial Intelligence, Data visualization & Analysis in Python, Data visualization & Analysis in Python, Data Mining and Adaptive Business Intelligence","Theory, Theory, Practical, Theory, Practical, Theory, Practical, Theory, Practical, Theory, Practical, Practical",Bachelor of Science (Computer Science),31011122017
romy.dsouza@somaiya.edu,D'Souza,Romy,Francis,5,"Data Mining and adaptive Business Intelligence, Information and Network Security, Information and Network Security, Software Testing and Quality Assurance, Software Testing and Quality Assurance, PL/SQL and NoSQL Databases, PL/SQL and NoSQL Databases, Artificial Intelligence, Artificial Intelligence, Data visualization & Analysis in Python, Data visualization & Analysis in Python, Data Mining and Adaptive Business Intelligence","Theory, Theory, Practical, Theory, Practical, Theory, Practical, Theory, Practical, Theory, Practical, Practical",Bachelor of Science (Computer Science),31011122019
harshada.dalvi@somaiya.edu,Dalvi,Harshada,Prashant,5,"Data Mining and adaptive Business Intelligence, Information and Network Security, Information and Network Security, Software Testing and Quality Assurance, Software Testing and Quality Assurance, PL/SQL and NoSQL Databases, PL/SQL and NoSQL Databases, Artificial Intelligence, Artificial Intelligence, Data visualization & Analysis in Python, Data visualization & Analysis in Python, Data Mining and Adaptive Business Intelligence","Theory, Theory, Practical, Theory, Practical, Theory, Practical, Theory, Practical, Theory, Practical, Practical",Bachelor of Science (Computer Science),31011122020
sahil.dhum@somaiya.edu,Dhum,Sahil,Shyamkumar,5,"Data Mining and adaptive Business Intelligence, Information and Network Security, Information and Network Security, Software Testing and Quality Assurance, Software Testing and Quality Assurance, PL/SQL and NoSQL Databases, PL/SQL and NoSQL Databases, Artificial Intelligence, Artificial Intelligence, Data visualization & Analysis in Python, Data visualization & Analysis in Python, Data Mining and Adaptive Business Intelligence","Theory, Theory, Practical, Theory, Practical, Theory, Practical, Theory, Practical, Theory, Practical, Practical",Bachelor of Science (Computer Science),31011122023
nishi.dubey@somaiya.edu,Dubey,Nishi,Satishdhar,5,"Data Mining and adaptive Business Intelligence, Information and Network Security, Information and Network Security, Software Testing and Quality Assurance, Software Testing and Quality Assurance, PL/SQL and NoSQL Databases, PL/SQL and NoSQL Databases, Artificial Intelligence, Artificial Intelligence, Data visualization & Analysis in Python, Data visualization & Analysis in Python, Data Mining and Adaptive Business Intelligence","Theory, Theory, Practical, Theory, Practical, Theory, Practical, Theory, Practical, Theory, Practical, Practical",Bachelor of Science (Computer Science),31011122024
dhruv.gangurde@somaiya.edu,Gangurde,Dhruv,Dipesh,5,"Data Mining and adaptive Business Intelligence, Information and Network Security, Information and Network Security, Software Testing and Quality Assurance, Software Testing and Quality Assurance, PL/SQL and NoSQL Databases, PL/SQL and NoSQL Databases, Artificial Intelligence, Artificial Intelligence, Data visualization & Analysis in Python, Data visualization & Analysis in Python, Data Mining and Adaptive Business Intelligence","Theory, Theory, Practical, Theory, Practical, Theory, Practical, Theory, Practical, Theory, Practical, Practical",Bachelor of Science (Computer Science),31011122026
shraman.g@somaiya.edu,Gaware,Shraman,Kamal,5,"Data Mining and adaptive Business Intelligence, Information and Network Security, Information and Network Security, Software Testing and Quality Assurance, Software Testing and Quality Assurance, PL/SQL and NoSQL Databases, PL/SQL and NoSQL Databases, Artificial Intelligence, Artificial Intelligence, Data visualization & Analysis in Python, Data visualization & Analysis in Python, Data Mining and Adaptive Business Intelligence","Theory, Theory, Practical, Theory, Practical, Theory, Practical, Theory, Practical, Theory, Practical, Practical",Bachelor of Science (Computer Science),31011122027
trisha.gundeti@somaiya.edu,Gundeti,Trisha,Shrihari,5,"Data Mining and adaptive Business Intelligence, Information and Network Security, Information and Network Security, Software Testing and Quality Assurance, Software Testing and Quality Assurance, PL/SQL and NoSQL Databases, PL/SQL and NoSQL Databases, Artificial Intelligence, Artificial Intelligence, Data visualization & Analysis in Python, Data visualization & Analysis in Python, Data Mining and Adaptive Business Intelligence","Theory, Theory, Practical, Theory, Practical, Theory, Practical, Theory, Practical, Theory, Practical, Practical",Bachelor of Science (Computer Science),31011122029
sarthak.bg@somaiya.edu,Gupta,Sarthak,Bhalchandra,5,"Data Mining and adaptive Business Intelligence, Information and Network Security, Information and Network Security, Software Testing and Quality Assurance, Software Testing and Quality Assurance, PL/SQL and NoSQL Databases, PL/SQL and NoSQL Databases, Artificial Intelligence, Artificial Intelligence, Data visualization & Analysis in Python, Data visualization & Analysis in Python, Data Mining and Adaptive Business Intelligence","Theory, Theory, Practical, Theory, Practical, Theory, Practical, Theory, Practical, Theory, Practical, Practical",Bachelor of Science (Computer Science),31011122030
ekta.vg@somaiya.edu,Gupta,Ekta,Vijay,5,"Data Mining and adaptive Business Intelligence, Information and Network Security, Information and Network Security, Software Testing and Quality Assurance, Software Testing and Quality Assurance, PL/SQL and NoSQL Databases, PL/SQL and NoSQL Databases, Artificial Intelligence, Artificial Intelligence, Data visualization & Analysis in Python, Data visualization & Analysis in Python, Data Mining and Adaptive Business Intelligence","Theory, Theory, Practical, Theory, Practical, Theory, Practical, Theory, Practical, Theory, Practical, Practical",Bachelor of Science (Computer Science),31011122031
shreya.hotwani@somaiya.edu,Hotwani,Shreya,Shankar,5,"Data Mining and adaptive Business Intelligence, Information and Network Security, Information and Network Security, Software Testing and Quality Assurance, Software Testing and Quality Assurance, PL/SQL and NoSQL Databases, PL/SQL and NoSQL Databases, Artificial Intelligence, Artificial Intelligence, Data visualization & Analysis in Python, Data visualization & Analysis in Python, Data Mining and Adaptive Business Intelligence","Theory, Theory, Practical, Theory, Practical, Theory, Practical, Theory, Practical, Theory, Practical, Practical",Bachelor of Science (Computer Science),31011122032
jadhav.nn@somaiya.edu,Jadhav,Nikhil,Nilesh,5,"Data Mining and adaptive Business Intelligence, Information and Network Security, Information and Network Security, Software Testing and Quality Assurance, Software Testing and Quality Assurance, PL/SQL and NoSQL Databases, PL/SQL and NoSQL Databases, Artificial Intelligence, Artificial Intelligence, Data visualization & Analysis in Python, Data visualization & Analysis in Python, Data Mining and Adaptive Business Intelligence","Theory, Theory, Practical, Theory, Practical, Theory, Practical, Theory, Practical, Theory, Practical, Practical",Bachelor of Science (Computer Science),31011122033
moksh.aj@somaiya.edu,Jain,Moksh,Ajay,5,"Data Mining and adaptive Business Intelligence, Information and Network Security, Information and Network Security, Software Testing and Quality Assurance, Software Testing and Quality Assurance, PL/SQL and NoSQL Databases, PL/SQL and NoSQL Databases, Artificial Intelligence, Artificial Intelligence, Data visualization & Analysis in Python, Data visualization & Analysis in Python, Data Mining and Adaptive Business Intelligence","Theory, Theory, Practical, Theory, Practical, Theory, Practical, Theory, Practical, Theory, Practical, Practical",Bachelor of Science (Computer Science),31011122034
tarun.joshi@somaiya.edu,Joshi,Tarun,Sohanlal,5,"Data Mining and adaptive Business Intelligence, Information and Network Security, Information and Network Security, Software Testing and Quality Assurance, Software Testing and Quality Assurance, PL/SQL and NoSQL Databases, PL/SQL and NoSQL Databases, Artificial Intelligence, Artificial Intelligence, Data visualization & Analysis in Python, Data visualization & Analysis in Python, Data Mining and Adaptive Business Intelligence","Theory, Theory, Practical, Theory, Practical, Theory, Practical, Theory, Practical, Theory, Practical, Practical",Bachelor of Science (Computer Science),31011122036
gauri.kangle@somaiya.edu,Kangle,Gauri,Bhushan,5,"Data Mining and adaptive Business Intelligence, Information and Network Security, Information and Network Security, Software Testing and Quality Assurance, Software Testing and Quality Assurance, PL/SQL and NoSQL Databases, PL/SQL and NoSQL Databases, Artificial Intelligence, Artificial Intelligence, Data visualization & Analysis in Python, Data visualization & Analysis in Python, Data Mining and Adaptive Business Intelligence","Theory, Theory, Practical, Theory, Practical, Theory, Practical, Theory, Practical, Theory, Practical, Practical",Bachelor of Science (Computer Science),31011122039
yash.karekar@somaiya.edu,Karekar,Yash,Ramesh,5,"Data Mining and adaptive Business Intelligence, Information and Network Security, Information and Network Security, Software Testing and Quality Assurance, Software Testing and Quality Assurance, PL/SQL and NoSQL Databases, PL/SQL and NoSQL Databases, Artificial Intelligence, Artificial Intelligence, Data visualization & Analysis in Python, Data visualization & Analysis in Python, Data Mining and Adaptive Business Intelligence","Theory, Theory, Practical, Theory, Practical, Theory, Practical, Theory, Practical, Theory, Practical, Practical",Bachelor of Science (Computer Science),31011122041
aayush.khade@somaiya.edu,Khade,Aayush,Jayesh,5,"Data Mining and adaptive Business Intelligence, Information and Network Security, Information and Network Security, Software Testing and Quality Assurance, Software Testing and Quality Assurance, PL/SQL and NoSQL Databases, PL/SQL and NoSQL Databases, Artificial Intelligence, Artificial Intelligence, Data visualization & Analysis in Python, Data visualization & Analysis in Python, Data Mining and Adaptive Business Intelligence","Theory, Theory, Practical, Theory, Practical, Theory, Practical, Theory, Practical, Theory, Practical, Practical",Bachelor of Science (Computer Science),31011122043
ifaa.khan@somaiya.edu,Khan,Ifaa,Ashfaq,5,"Data Mining and adaptive Business Intelligence, Information and Network Security, Information and Network Security, Software Testing and Quality Assurance, Software Testing and Quality Assurance, PL/SQL and NoSQL Databases, PL/SQL and NoSQL Databases, Artificial Intelligence, Artificial Intelligence, Data visualization & Analysis in Python, Data visualization & Analysis in Python, Data Mining and Adaptive Business Intelligence","Theory, Theory, Practical, Theory, Practical, Theory, Practical, Theory, Practical, Theory, Practical, Practical",Bachelor of Science (Computer Science),31011122045
ananya.khandkar@somaiya.edu,Khandkar,Ananya,Nitin,5,"Data Mining and adaptive Business Intelligence, Information and Network Security, Information and Network Security, Software Testing and Quality Assurance, Software Testing and Quality Assurance, PL/SQL and NoSQL Databases, PL/SQL and NoSQL Databases, Artificial Intelligence, Artificial Intelligence, Data visualization & Analysis in Python, Data visualization & Analysis in Python, Data Mining and Adaptive Business Intelligence","Theory, Theory, Practical, Theory, Practical, Theory, Practical, Theory, Practical, Theory, Practical, Practical",Bachelor of Science (Computer Science),31011122046
pranav.matondkar@somaiya.edu,Matondkar,Pranav,Prasad,5,"Data Mining and adaptive Business Intelligence, Information and Network Security, Information and Network Security, Software Testing and Quality Assurance, Software Testing and Quality Assurance, PL/SQL and NoSQL Databases, PL/SQL and NoSQL Databases, Artificial Intelligence, Artificial Intelligence, Data visualization & Analysis in Python, Data visualization & Analysis in Python, Data Mining and Adaptive Business Intelligence","Theory, Theory, Practical, Theory, Practical, Theory, Practical, Theory, Practical, Theory, Practical, Practical",Bachelor of Science (Computer Science),31011122050
nandini.m@somaiya.edu,Menon,Nandini,Rajesh,5,"Data Mining and adaptive Business Intelligence, Information and Network Security, Information and Network Security, Software Testing and Quality Assurance, Software Testing and Quality Assurance, PL/SQL and NoSQL Databases, PL/SQL and NoSQL Databases, Artificial Intelligence, Artificial Intelligence, Data visualization & Analysis in Python, Data visualization & Analysis in Python, Data Mining and Adaptive Business Intelligence","Theory, Theory, Practical, Theory, Practical, Theory, Practical, Theory, Practical, Theory, Practical, Practical",Bachelor of Science (Computer Science),31011122052
shreya.mohane@somaiya.edu,Mohane,Shreya,Siddharth,5,"Data Mining and adaptive Business Intelligence, Information and Network Security, Information and Network Security, Software Testing and Quality Assurance, Software Testing and Quality Assurance, PL/SQL and NoSQL Databases, PL/SQL and NoSQL Databases, Artificial Intelligence, Artificial Intelligence, Data visualization & Analysis in Python, Data visualization & Analysis in Python, Data Mining and Adaptive Business Intelligence","Theory, Theory, Practical, Theory, Practical, Theory, Practical, Theory, Practical, Theory, Practical, Practical",Bachelor of Science (Computer Science),31011122053
abhishek.lm@somaiya.edu,Mudaliyar,Abhishek,Lingamurthy,5,"Data Mining and adaptive Business Intelligence, Information and Network Security, Information and Network Security, Software Testing and Quality Assurance, Software Testing and Quality Assurance, PL/SQL and NoSQL Databases, PL/SQL and NoSQL Databases, Artificial Intelligence, Artificial Intelligence, Data visualization & Analysis in Python, Data visualization & Analysis in Python, Data Mining and Adaptive Business Intelligence","Theory, Theory, Practical, Theory, Practical, Theory, Practical, Theory, Practical, Theory, Practical, Practical",Bachelor of Science (Computer Science),31011122055
mrunmayee.o@somaiya.edu,Ovhal,Mrunmayee,Gautam,5,"Data Mining and adaptive Business Intelligence, Information and Network Security, Information and Network Security, Software Testing and Quality Assurance, Software Testing and Quality Assurance, PL/SQL and NoSQL Databases, PL/SQL and NoSQL Databases, Artificial Intelligence, Artificial Intelligence, Data visualization & Analysis in Python, Data visualization & Analysis in Python, Data Mining and Adaptive Business Intelligence","Theory, Theory, Practical, Theory, Practical, Theory, Practical, Theory, Practical, Theory, Practical, Practical",Bachelor of Science (Computer Science),31011122058
rahul.mp@somaiya.edu,Pal,Rahul,Maharajdin,5,"Data Mining and adaptive Business Intelligence, Information and Network Security, Information and Network Security, Software Testing and Quality Assurance, Software Testing and Quality Assurance, PL/SQL and NoSQL Databases, PL/SQL and NoSQL Databases, Artificial Intelligence, Artificial Intelligence, Data visualization & Analysis in Python, Data visualization & Analysis in Python, Data Mining and Adaptive Business Intelligence","Theory, Theory, Practical, Theory, Practical, Theory, Practical, Theory, Practical, Theory, Practical, Practical",Bachelor of Science (Computer Science),31011122059
patil.k@somaiya.edu,Patil,Kunal,Ravindra,5,"Data Mining and adaptive Business Intelligence, Information and Network Security, Information and Network Security, Software Testing and Quality Assurance, Software Testing and Quality Assurance, PL/SQL and NoSQL Databases, PL/SQL and NoSQL Databases, Artificial Intelligence, Artificial Intelligence, Data visualization & Analysis in Python, Data visualization & Analysis in Python, Data Mining and Adaptive Business Intelligence","Theory, Theory, Practical, Theory, Practical, Theory, Practical, Theory, Practical, Theory, Practical, Practical",Bachelor of Science (Computer Science),31011122061
rohit27@somaiya.edu,Patil,Rohit,Vijay,5,"Data Mining and adaptive Business Intelligence, Information and Network Security, Information and Network Security, Software Testing and Quality Assurance, Software Testing and Quality Assurance, PL/SQL and NoSQL Databases, PL/SQL and NoSQL Databases, Artificial Intelligence, Artificial Intelligence, Data visualization & Analysis in Python, Data visualization & Analysis in Python, Data Mining and Adaptive Business Intelligence","Theory, Theory, Practical, Theory, Practical, Theory, Practical, Theory, Practical, Theory, Practical, Practical",Bachelor of Science (Computer Science),31011122062
shridhar.patil@somaiya.edu,Patil,Shridhar,Deepak,5,"Data Mining and adaptive Business Intelligence, Information and Network Security, Information and Network Security, Software Testing and Quality Assurance, Software Testing and Quality Assurance, PL/SQL and NoSQL Databases, PL/SQL and NoSQL Databases, Artificial Intelligence, Artificial Intelligence, Data visualization & Analysis in Python, Data visualization & Analysis in Python, Data Mining and Adaptive Business Intelligence","Theory, Theory, Practical, Theory, Practical, Theory, Practical, Theory, Practical, Theory, Practical, Practical",Bachelor of Science (Computer Science),31011122063
sujal.bp@somaiya.edu,Patil,Sujal,Bahadur,5,"Data Mining and adaptive Business Intelligence, Information and Network Security, Information and Network Security, Software Testing and Quality Assurance, Software Testing and Quality Assurance, PL/SQL and NoSQL Databases, PL/SQL and NoSQL Databases, Artificial Intelligence, Artificial Intelligence, Data visualization & Analysis in Python, Data visualization & Analysis in Python, Data Mining and Adaptive Business Intelligence","Theory, Theory, Practical, Theory, Practical, Theory, Practical, Theory, Practical, Theory, Practical, Practical",Bachelor of Science (Computer Science),31011122064
n.pedgulkar@somaiya.edu,Pedgulkar,Nishant,Hemant,5,"Data Mining and adaptive Business Intelligence, Information and Network Security, Information and Network Security, Software Testing and Quality Assurance, Software Testing and Quality Assurance, PL/SQL and NoSQL Databases, PL/SQL and NoSQL Databases, Artificial Intelligence, Artificial Intelligence, Data visualization & Analysis in Python, Data visualization & Analysis in Python, Data Mining and Adaptive Business Intelligence","Theory, Theory, Practical, Theory, Practical, Theory, Practical, Theory, Practical, Theory, Practical, Practical",Bachelor of Science (Computer Science),31011122065
kanishka.p@somaiya.edu,Pillai,Kanishka,Gopakumar,5,"Data Mining and adaptive Business Intelligence, Information and Network Security, Information and Network Security, Software Testing and Quality Assurance, Software Testing and Quality Assurance, PL/SQL and NoSQL Databases, PL/SQL and NoSQL Databases, Artificial Intelligence, Artificial Intelligence, Data visualization & Analysis in Python, Data visualization & Analysis in Python, Data Mining and Adaptive Business Intelligence","Theory, Theory, Practical, Theory, Practical, Theory, Practical, Theory, Practical, Theory, Practical, Practical",Bachelor of Science (Computer Science),31011122067
sagarika.pradhan@somaiya.edu,Pradhan,Sagarika,Pitabas,5,"Data Mining and adaptive Business Intelligence, Information and Network Security, Information and Network Security, Software Testing and Quality Assurance, Software Testing and Quality Assurance, PL/SQL and NoSQL Databases, PL/SQL and NoSQL Databases, Artificial Intelligence, Artificial Intelligence, Data visualization & Analysis in Python, Data visualization & Analysis in Python, Data Mining and Adaptive Business Intelligence","Theory, Theory, Practical, Theory, Practical, Theory, Practical, Theory, Practical, Theory, Practical, Practical",Bachelor of Science (Computer Science),31011122068
omkar.rahate@somaiya.edu,Rahate,Omkar,Sharad,5,"Data Mining and adaptive Business Intelligence, Information and Network Security, Information and Network Security, Software Testing and Quality Assurance, Software Testing and Quality Assurance, PL/SQL and NoSQL Databases, PL/SQL and NoSQL Databases, Artificial Intelligence, Artificial Intelligence, Data visualization & Analysis in Python, Data visualization & Analysis in Python, Data Mining and Adaptive Business Intelligence","Theory, Theory, Practical, Theory, Practical, Theory, Practical, Theory, Practical, Theory, Practical, Practical",Bachelor of Science (Computer Science),31011122069
mahesh.sahu@somaiya.edu,Sahu,Mahesh,Kailash,5,"Data Mining and adaptive Business Intelligence, Information and Network Security, Information and Network Security, Software Testing and Quality Assurance, Software Testing and Quality Assurance, PL/SQL and NoSQL Databases, PL/SQL and NoSQL Databases, Artificial Intelligence, Artificial Intelligence, Data visualization & Analysis in Python, Data visualization & Analysis in Python, Data Mining and Adaptive Business Intelligence","Theory, Theory, Practical, Theory, Practical, Theory, Practical, Theory, Practical, Theory, Practical, Practical",Bachelor of Science (Computer Science),31011122071
sds@somaiya.edu,Sahu,Shubham,Digambar,5,"Data Mining and adaptive Business Intelligence, Information and Network Security, Information and Network Security, Software Testing and Quality Assurance, Software Testing and Quality Assurance, PL/SQL and NoSQL Databases, PL/SQL and NoSQL Databases, Artificial Intelligence, Artificial Intelligence, Data visualization & Analysis in Python, Data visualization & Analysis in Python, Data Mining and Adaptive Business Intelligence","Theory, Theory, Practical, Theory, Practical, Theory, Practical, Theory, Practical, Theory, Practical, Practical",Bachelor of Science (Computer Science),31011122072
rucha.sankhe@somaiya.edu,Sankhe,Rucha,Rajesh,5,"Data Mining and adaptive Business Intelligence, Information and Network Security, Information and Network Security, Software Testing and Quality Assurance, Software Testing and Quality Assurance, PL/SQL and NoSQL Databases, PL/SQL and NoSQL Databases, Artificial Intelligence, Artificial Intelligence, Data visualization & Analysis in Python, Data visualization & Analysis in Python, Data Mining and Adaptive Business Intelligence","Theory, Theory, Practical, Theory, Practical, Theory, Practical, Theory, Practical, Theory, Practical, Practical",Bachelor of Science (Computer Science),31011122073
nachiket.sarode@somaiya.edu,Sarode,Nachiket,Sujit,5,"Data Mining and adaptive Business Intelligence, Information and Network Security, Information and Network Security, Software Testing and Quality Assurance, Software Testing and Quality Assurance, PL/SQL and NoSQL Databases, PL/SQL and NoSQL Databases, Artificial Intelligence, Artificial Intelligence, Data visualization & Analysis in Python, Data visualization & Analysis in Python, Data Mining and Adaptive Business Intelligence","Theory, Theory, Practical, Theory, Practical, Theory, Practical, Theory, Practical, Theory, Practical, Practical",Bachelor of Science (Computer Science),31011122074
iqra.meraj@somaiya.edu,Siddique,Iqra,Meraj,5,"Data Mining and adaptive Business Intelligence, Information and Network Security, Information and Network Security, Software Testing and Quality Assurance, Software Testing and Quality Assurance, PL/SQL and NoSQL Databases, PL/SQL and NoSQL Databases, Artificial Intelligence, Artificial Intelligence, Data visualization & Analysis in Python, Data visualization & Analysis in Python, Data Mining and Adaptive Business Intelligence","Theory, Theory, Practical, Theory, Practical, Theory, Practical, Theory, Practical, Theory, Practical, Practical",Bachelor of Science (Computer Science),31011122079
sharada.shenoy@somaiya.edu,Shenoy,Sharada,Shashidar,5,"Data Mining and adaptive Business Intelligence, Information and Network Security, Information and Network Security, Software Testing and Quality Assurance, Software Testing and Quality Assurance, PL/SQL and NoSQL Databases, PL/SQL and NoSQL Databases, Artificial Intelligence, Artificial Intelligence, Data visualization & Analysis in Python, Data visualization & Analysis in Python, Data Mining and Adaptive Business Intelligence","Theory, Theory, Practical, Theory, Practical, Theory, Practical, Theory, Practical, Theory, Practical, Practical",Bachelor of Science (Computer Science),31011122083
prashul.shetty@somaiya.edu,Shetty,Prashul,Prabhakar,5,"Data Mining and adaptive Business Intelligence, Information and Network Security, Information and Network Security, Software Testing and Quality Assurance, Software Testing and Quality Assurance, PL/SQL and NoSQL Databases, PL/SQL and NoSQL Databases, Artificial Intelligence, Artificial Intelligence, Data visualization & Analysis in Python, Data visualization & Analysis in Python, Data Mining and Adaptive Business Intelligence","Theory, Theory, Practical, Theory, Practical, Theory, Practical, Theory, Practical, Theory, Practical, Practical",Bachelor of Science (Computer Science),31011122084
siddhesh07@somaiya.edu,Shinde,Siddhesh,Mahadeo,5,"Data Mining and adaptive Business Intelligence, Information and Network Security, Information and Network Security, Software Testing and Quality Assurance, Software Testing and Quality Assurance, PL/SQL and NoSQL Databases, PL/SQL and NoSQL Databases, Artificial Intelligence, Artificial Intelligence, Data visualization & Analysis in Python, Data visualization & Analysis in Python, Data Mining and Adaptive Business Intelligence","Theory, Theory, Practical, Theory, Practical, Theory, Practical, Theory, Practical, Theory, Practical, Practical",Bachelor of Science (Computer Science),31011122085
shreya.shukla@somaiya.edu,Shukla,Shreya,Sanjay,5,"Data Mining and adaptive Business Intelligence, Information and Network Security, Information and Network Security, Software Testing and Quality Assurance, Software Testing and Quality Assurance, PL/SQL and NoSQL Databases, PL/SQL and NoSQL Databases, Artificial Intelligence, Artificial Intelligence, Data visualization & Analysis in Python, Data visualization & Analysis in Python, Data Mining and Adaptive Business Intelligence","Theory, Theory, Practical, Theory, Practical, Theory, Practical, Theory, Practical, Theory, Practical, Practical",Bachelor of Science (Computer Science),31011122086
yuvraj.singh@somaiya.edu,Singh,Yuvraj,Buta,5,"Data Mining and adaptive Business Intelligence, Information and Network Security, Information and Network Security, Software Testing and Quality Assurance, Software Testing and Quality Assurance, PL/SQL and NoSQL Databases, PL/SQL and NoSQL Databases, Artificial Intelligence, Artificial Intelligence, Data visualization & Analysis in Python, Data visualization & Analysis in Python, Data Mining and Adaptive Business Intelligence","Theory, Theory, Practical, Theory, Practical, Theory, Practical, Theory, Practical, Theory, Practical, Practical",Bachelor of Science (Computer Science),31011122090
vaibhav.suthar@somaiya.edu,Suthar,Vaibhav,Somaram,5,"Data Mining and adaptive Business Intelligence, Information and Network Security, Information and Network Security, Software Testing and Quality Assurance, Software Testing and Quality Assurance, PL/SQL and NoSQL Databases, PL/SQL and NoSQL Databases, Artificial Intelligence, Artificial Intelligence, Data visualization & Analysis in Python, Data visualization & Analysis in Python, Data Mining and Adaptive Business Intelligence","Theory, Theory, Practical, Theory, Practical, Theory, Practical, Theory, Practical, Theory, Practical, Practical",Bachelor of Science (Computer Science),31011122093
omkar.t@somaiya.edu,Talgaonkar,Omkar,Shankar,5,"Data Mining and adaptive Business Intelligence, Information and Network Security, Information and Network Security, Software Testing and Quality Assurance, Software Testing and Quality Assurance, PL/SQL and NoSQL Databases, PL/SQL and NoSQL Databases, Artificial Intelligence, Artificial Intelligence, Data visualization & Analysis in Python, Data visualization & Analysis in Python, Data Mining and Adaptive Business Intelligence","Theory, Theory, Practical, Theory, Practical, Theory, Practical, Theory, Practical, Theory, Practical, Practical",Bachelor of Science (Computer Science),31011122094
delna.thomas@somaiya.edu,Thomas,Delna,Sanjay,5,"Data Mining and adaptive Business Intelligence, Information and Network Security, Information and Network Security, Software Testing and Quality Assurance, Software Testing and Quality Assurance, PL/SQL and NoSQL Databases, PL/SQL and NoSQL Databases, Artificial Intelligence, Artificial Intelligence, Data visualization & Analysis in Python, Data visualization & Analysis in Python, Data Mining and Adaptive Business Intelligence","Theory, Theory, Practical, Theory, Practical, Theory, Practical, Theory, Practical, Theory, Practical, Practical",Bachelor of Science (Computer Science),31011122098
dipu.v@somaiya.edu,Vishwakarma,Dipu,Umashankar,5,"Data Mining and adaptive Business Intelligence, Information and Network Security, Information and Network Security, Software Testing and Quality Assurance, Software Testing and Quality Assurance, PL/SQL and NoSQL Databases, PL/SQL and NoSQL Databases, Artificial Intelligence, Artificial Intelligence, Data visualization & Analysis in Python, Data visualization & Analysis in Python, Data Mining and Adaptive Business Intelligence","Theory, Theory, Practical, Theory, Practical, Theory, Practical, Theory, Practical, Theory, Practical, Practical",Bachelor of Science (Computer Science),31011122099
dishank.vora@somaiya.edu,Vora,Dishank,Bhavesh,5,"Data Mining and adaptive Business Intelligence, Information and Network Security, Information and Network Security, Software Testing and Quality Assurance, Software Testing and Quality Assurance, PL/SQL and NoSQL Databases, PL/SQL and NoSQL Databases, Artificial Intelligence, Artificial Intelligence, Data visualization & Analysis in Python, Data visualization & Analysis in Python, Data Mining and Adaptive Business Intelligence","Theory, Theory, Practical, Theory, Practical, Theory, Practical, Theory, Practical, Theory, Practical, Practical",Bachelor of Science (Computer Science),31011122100
akshat.yadav@somaiya.edu,Yadav,Akshat,Samarbahadur,5,"Data Mining and adaptive Business Intelligence, Information and Network Security, Information and Network Security, Software Testing and Quality Assurance, Software Testing and Quality Assurance, PL/SQL and NoSQL Databases, PL/SQL and NoSQL Databases, Artificial Intelligence, Artificial Intelligence, Data visualization & Analysis in Python, Data visualization & Analysis in Python, Data Mining and Adaptive Business Intelligence","Theory, Theory, Practical, Theory, Practical, Theory, Practical, Theory, Practical, Theory, Practical, Practical",Bachelor of Science (Computer Science),31011122102
vivek.yadav@somaiya.edu,Yadav,Vivek,Ramharsh,5,"Data Mining and adaptive Business Intelligence, Information and Network Security, Information and Network Security, Software Testing and Quality Assurance, Software Testing and Quality Assurance, PL/SQL and NoSQL Databases, PL/SQL and NoSQL Databases, Artificial Intelligence, Artificial Intelligence, Data visualization & Analysis in Python, Data visualization & Analysis in Python, Data Mining and Adaptive Business Intelligence","Theory, Theory, Practical, Theory, Practical, Theory, Practical, Theory, Practical, Theory, Practical, Practical",Bachelor of Science (Computer Science),31011122104
a.m@somaiya.edu,Sharma,Anshu,Ramkishor,5,"Data Mining and adaptive Business Intelligence, Information and Network Security, Information and Network Security, Software Testing and Quality Assurance, Software Testing and Quality Assurance, PL/SQL and NoSQL Databases, PL/SQL and NoSQL Databases, Artificial Intelligence, Artificial Intelligence, Data visualization & Analysis in Python, Data visualization & Analysis in Python, Data Mining and Adaptive Business Intelligence","Theory, Theory, Practical, Theory, Practical, Theory, Practical, Theory, Practical, Theory, Practical, Practical",Bachelor of Science (Computer Science),31011122105
shaiza.m@somaiya.edu,Khan,Shaiza,Mohamed,5,"Data Mining and adaptive Business Intelligence, Information and Network Security, Information and Network Security, Software Testing and Quality Assurance, Software Testing and Quality Assurance, PL/SQL and NoSQL Databases, PL/SQL and NoSQL Databases, Artificial Intelligence, Artificial Intelligence, Data visualization & Analysis in Python, Data visualization & Analysis in Python, Data Mining and Adaptive Business Intelligence","Theory, Theory, Practical, Theory, Practical, Theory, Practical, Theory, Practical, Theory, Practical, Practical",Bachelor of Science (Computer Science),31011122107
parmeet.barad@somaiya.edu,Barad,Parmeet,Kaur,5,"Data Mining and adaptive Business Intelligence, Information and Network Security, Information and Network Security, Software Testing and Quality Assurance, Software Testing and Quality Assurance, PL/SQL and NoSQL Databases, PL/SQL and NoSQL Databases, Artificial Intelligence, Artificial Intelligence, Data visualization & Analysis in Python, Data visualization & Analysis in Python, Data Mining and Adaptive Business Intelligence","Theory, Theory, Practical, Theory, Practical, Theory, Practical, Theory, Practical, Theory, Practical, Practical",Bachelor of Science (Computer Science),31011122108
tejas.chafe@somaiya.edu,Chafe,Tejas,Ravindra,5,"Data Mining and adaptive Business Intelligence, Information and Network Security, Information and Network Security, Software Testing and Quality Assurance, Software Testing and Quality Assurance, PL/SQL and NoSQL Databases, PL/SQL and NoSQL Databases, Artificial Intelligence, Artificial Intelligence, Data visualization & Analysis in Python, Data visualization & Analysis in Python, Data Mining and Adaptive Business Intelligence","Theory, Theory, Practical, Theory, Practical, Theory, Practical, Theory, Practical, Theory, Practical, Practical",Bachelor of Science (Computer Science),31011122109
maahika.e@somaiya.edu,Elenjikal,Maahika,Bobby,5,"Data Mining and adaptive Business Intelligence, Information and Network Security, Information and Network Security, Software Testing and Quality Assurance, Software Testing and Quality Assurance, PL/SQL and NoSQL Databases, PL/SQL and NoSQL Databases, Artificial Intelligence, Artificial Intelligence, Data visualization & Analysis in Python, Data visualization & Analysis in Python, Data Mining and Adaptive Business Intelligence","Theory, Theory, Practical, Theory, Practical, Theory, Practical, Theory, Practical, Theory, Practical, Practical",Bachelor of Science (Computer Science),31011122110
tejal.jadhav@somaiya.edu,Jadhav,Tejal,Milind,5,"Data Mining and adaptive Business Intelligence, Information and Network Security, Information and Network Security, Software Testing and Quality Assurance, Software Testing and Quality Assurance, PL/SQL and NoSQL Databases, PL/SQL and NoSQL Databases, Artificial Intelligence, Artificial Intelligence, Data visualization & Analysis in Python, Data visualization & Analysis in Python, Data Mining and Adaptive Business Intelligence","Theory, Theory, Practical, Theory, Practical, Theory, Practical, Theory, Practical, Theory, Practical, Practical",Bachelor of Science (Computer Science),31011122111
muskaan.khan@somaiya.edu,Khan,Muskaan,Faiyaz,5,"Data Mining and adaptive Business Intelligence, Information and Network Security, Information and Network Security, Software Testing and Quality Assurance, Software Testing and Quality Assurance, PL/SQL and NoSQL Databases, PL/SQL and NoSQL Databases, Artificial Intelligence, Artificial Intelligence, Data visualization & Analysis in Python, Data visualization & Analysis in Python, Data Mining and Adaptive Business Intelligence","Theory, Theory, Practical, Theory, Practical, Theory, Practical, Theory, Practical, Theory, Practical, Practical",Bachelor of Science (Computer Science),31011122112
devanshi.kotadia@somaiya.edu,Kotadia,Devanshi,Vitthal,5,"Data Mining and adaptive Business Intelligence, Information and Network Security, Information and Network Security, Software Testing and Quality Assurance, Software Testing and Quality Assurance, PL/SQL and NoSQL Databases, PL/SQL and NoSQL Databases, Artificial Intelligence, Artificial Intelligence, Data visualization & Analysis in Python, Data visualization & Analysis in Python, Data Mining and Adaptive Business Intelligence","Theory, Theory, Practical, Theory, Practical, Theory, Practical, Theory, Practical, Theory, Practical, Practical",Bachelor of Science (Computer Science),31011122113
manisha.ram@somaiya.edu,Ram,Manisha,Ashok,5,"Data Mining and adaptive Business Intelligence, Information and Network Security, Information and Network Security, Software Testing and Quality Assurance, Software Testing and Quality Assurance, PL/SQL and NoSQL Databases, PL/SQL and NoSQL Databases, Artificial Intelligence, Artificial Intelligence, Data visualization & Analysis in Python, Data visualization & Analysis in Python, Data Mining and Adaptive Business Intelligence","Theory, Theory, Practical, Theory, Practical, Theory, Practical, Theory, Practical, Theory, Practical, Practical",Bachelor of Science (Computer Science),31011122114
arya.sharma@somaiya.edu,Sharma,Arya,Vinod,5,"Data Mining and adaptive Business Intelligence, Information and Network Security, Information and Network Security, Software Testing and Quality Assurance, Software Testing and Quality Assurance, PL/SQL and NoSQL Databases, PL/SQL and NoSQL Databases, Artificial Intelligence, Artificial Intelligence, Data visualization & Analysis in Python, Data visualization & Analysis in Python, Data Mining and Adaptive Business Intelligence","Theory, Theory, Practical, Theory, Practical, Theory, Practical, Theory, Practical, Theory, Practical, Practical",Bachelor of Science (Computer Science),31011122115
khushi.jy@somaiya.edu,Yadav,Khushi,Jaysingh,5,"Data Mining and adaptive Business Intelligence, Information and Network Security, Information and Network Security, Software Testing and Quality Assurance, Software Testing and Quality Assurance, PL/SQL and NoSQL Databases, PL/SQL and NoSQL Databases, Artificial Intelligence, Artificial Intelligence, Data visualization & Analysis in Python, Data visualization & Analysis in Python, Data Mining and Adaptive Business Intelligence","Theory, Theory, Practical, Theory, Practical, Theory, Practical, Theory, Practical, Theory, Practical, Practical",Bachelor of Science (Computer Science),31011122116
avinashi.v@somaiya.edu,Vora,Avinashi,Mahesh,5,"Data Mining and adaptive Business Intelligence, Information and Network Security, Information and Network Security, Software Testing and Quality Assurance, Software Testing and Quality Assurance, PL/SQL and NoSQL Databases, PL/SQL and NoSQL Databases, Artificial Intelligence, Artificial Intelligence, Data visualization & Analysis in Python, Data visualization & Analysis in Python, Data Mining and Adaptive Business Intelligence","Theory, Theory, Practical, Theory, Practical, Theory, Practical, Theory, Practical, Theory, Practical, Practical",Bachelor of Science (Computer Science),31011122118
maa@somaiya.edu,Ansari,Mohammed,Akdas,3,"Data Structure using python, Data Structure using python, Introduction to Data Science, Introduction to Data Science, Oracle and PL/SQL, Professional Communication Skill III, Graph Theory and Optimization","Theory, Practical, Theory, Practical, Theory, Theory, Theory",Bachelor of Science (Data Science),31013023001
mavronne.c@somaiya.edu,Claudius,Mavronne,Alwyn,3,"Data Structure using python, Data Structure using python, Introduction to Data Science, Introduction to Data Science, Oracle and PL/SQL, Professional Communication Skill III, Graph Theory and Optimization","Theory, Practical, Theory, Practical, Theory, Theory, Theory",Bachelor of Science (Data Science),31013023002
anusha.desai@somaiya.edu,Desai,Anusha,Mahesh,3,"Data Structure using python, Data Structure using python, Introduction to Data Science, Introduction to Data Science, Oracle and PL/SQL, Professional Communication Skill III, Graph Theory and Optimization","Theory, Practical, Theory, Practical, Theory, Theory, Theory",Bachelor of Science (Data Science),31013023003
bhumi.doshi1@somaiya.edu,Doshi,Bhumi,Rajesh,3,"Data Structure using python, Data Structure using python, Introduction to Data Science, Introduction to Data Science, Oracle and PL/SQL, Professional Communication Skill III, Graph Theory and Optimization","Theory, Practical, Theory, Practical, Theory, Theory, Theory",Bachelor of Science (Data Science),31013023004
ayush.gudhka@somaiya.edu,Gudhka,Ayush,Vinod,3,"Data Structure using python, Data Structure using python, Introduction to Data Science, Introduction to Data Science, Oracle and PL/SQL, Professional Communication Skill III, Graph Theory and Optimization","Theory, Practical, Theory, Practical, Theory, Theory, Theory",Bachelor of Science (Data Science),31013023005
aaliya.h@somaiya.edu,Hussain,Aaliya,Shakil,3,"Data Structure using python, Data Structure using python, Introduction to Data Science, Introduction to Data Science, Oracle and PL/SQL, Professional Communication Skill III, Graph Theory and Optimization","Theory, Practical, Theory, Practical, Theory, Theory, Theory",Bachelor of Science (Data Science),31013023006
sujay.jalui@somaiya.edu,Jalui,Sujay,Arobinda,3,"Data Structure using python, Data Structure using python, Introduction to Data Science, Introduction to Data Science, Oracle and PL/SQL, Professional Communication Skill III, Graph Theory and Optimization","Theory, Practical, Theory, Practical, Theory, Theory, Theory",Bachelor of Science (Data Science),31013023008
mitushi.j@somaiya.edu,Jethwa,Mitushi,Bhavesh,3,"Data Structure using python, Data Structure using python, Introduction to Data Science, Introduction to Data Science, Oracle and PL/SQL, Professional Communication Skill III, Graph Theory and Optimization","Theory, Practical, Theory, Practical, Theory, Theory, Theory",Bachelor of Science (Data Science),31013023009
naishil.n@somaiya.edu,Jhaveri,Naishil,Kinchit,3,"Data Structure using python, Data Structure using python, Introduction to Data Science, Introduction to Data Science, Oracle and PL/SQL, Professional Communication Skill III, Graph Theory and Optimization","Theory, Practical, Theory, Practical, Theory, Theory, Theory",Bachelor of Science (Data Science),31013023010
om.keer@somaiya.edu,Keer,Om,Prashant,3,"Data Structure using python, Data Structure using python, Introduction to Data Science, Introduction to Data Science, Oracle and PL/SQL, Professional Communication Skill III, Graph Theory and Optimization","Theory, Practical, Theory, Practical, Theory, Theory, Theory",Bachelor of Science (Data Science),31013023011
ayaan.k@somaiya.edu,Khan,Ayaan,Asif,3,"Data Structure using python, Data Structure using python, Introduction to Data Science, Introduction to Data Science, Oracle and PL/SQL, Professional Communication Skill III, Graph Theory and Optimization","Theory, Practical, Theory, Practical, Theory, Theory, Theory",Bachelor of Science (Data Science),31013023012
tanzila.k@somaiya.edu,Khwaja,Tanzila,Mujibur,3,"Data Structure using python, Data Structure using python, Introduction to Data Science, Introduction to Data Science, Oracle and PL/SQL, Professional Communication Skill III, Graph Theory and Optimization","Theory, Practical, Theory, Practical, Theory, Theory, Theory",Bachelor of Science (Data Science),31013023014
vanshika.lahoti@somaiya.edu,Lahoti,Vanshika,Vishal,3,"Data Structure using python, Data Structure using python, Introduction to Data Science, Introduction to Data Science, Oracle and PL/SQL, Professional Communication Skill III, Graph Theory and Optimization","Theory, Practical, Theory, Practical, Theory, Theory, Theory",Bachelor of Science (Data Science),31013023015
prisha.m@somaiya.edu,Metangale,Prisha,Balkrishna,3,"Data Structure using python, Data Structure using python, Introduction to Data Science, Introduction to Data Science, Oracle and PL/SQL, Professional Communication Skill III, Graph Theory and Optimization","Theory, Practical, Theory, Practical, Theory, Theory, Theory",Bachelor of Science (Data Science),31013023016
sarveshwar.m@somaiya.edu,Mishra,Sarveshwar,Patanjali,3,"Data Structure using python, Data Structure using python, Introduction to Data Science, Introduction to Data Science, Oracle and PL/SQL, Professional Communication Skill III, Graph Theory and Optimization","Theory, Practical, Theory, Practical, Theory, Theory, Theory",Bachelor of Science (Data Science),31013023017
namir.m@somaiya.edu,Mujawar,Namir,Salim,3,"Data Structure using python, Data Structure using python, Introduction to Data Science, Introduction to Data Science, Oracle and PL/SQL, Professional Communication Skill III, Graph Theory and Optimization","Theory, Practical, Theory, Practical, Theory, Theory, Theory",Bachelor of Science (Data Science),31013023018
vismaya.n@somaiya.edu,Nambiar,Vismaya,Radhakrishnan,3,"Data Structure using python, Data Structure using python, Introduction to Data Science, Introduction to Data Science, Oracle and PL/SQL, Professional Communication Skill III, Graph Theory and Optimization","Theory, Practical, Theory, Practical, Theory, Theory, Theory",Bachelor of Science (Data Science),31013023020
jeet.oberoi@somaiya.edu,Oberoi,Jeet,Satinder,3,"Data Structure using python, Data Structure using python, Introduction to Data Science, Introduction to Data Science, Oracle and PL/SQL, Professional Communication Skill III, Graph Theory and Optimization","Theory, Practical, Theory, Practical, Theory, Theory, Theory",Bachelor of Science (Data Science),31013023021
advika.p@somaiya.edu,Patkar,Advika,Amit,3,"Data Structure using python, Data Structure using python, Introduction to Data Science, Introduction to Data Science, Oracle and PL/SQL, Professional Communication Skill III, Graph Theory and Optimization","Theory, Practical, Theory, Practical, Theory, Theory, Theory",Bachelor of Science (Data Science),31013023026
c.phulpagar@somaiya.edu,Phulpagar,Chaitanya,Prashant,3,"Data Structure using python, Data Structure using python, Introduction to Data Science, Introduction to Data Science, Oracle and PL/SQL, Professional Communication Skill III, Graph Theory and Optimization","Theory, Practical, Theory, Practical, Theory, Theory, Theory",Bachelor of Science (Data Science),31013023027
bhavya.sarvaiya@somaiya.edu,Sarvaiya,Bhavya,Bharat,3,"Data Structure using python, Data Structure using python, Introduction to Data Science, Introduction to Data Science, Oracle and PL/SQL, Professional Communication Skill III, Graph Theory and Optimization","Theory, Practical, Theory, Practical, Theory, Theory, Theory",Bachelor of Science (Data Science),31013023029
eesha.singh@somaiya.edu,Singh,Eesha,Ajay,3,"Data Structure using python, Data Structure using python, Introduction to Data Science, Introduction to Data Science, Oracle and PL/SQL, Professional Communication Skill III, Graph Theory and Optimization","Theory, Practical, Theory, Practical, Theory, Theory, Theory",Bachelor of Science (Data Science),31013023033
jigar.veera@somaiya.edu,Veera,Jigar,Dejul,3,"Data Structure using python, Data Structure using python, Introduction to Data Science, Introduction to Data Science, Oracle and PL/SQL, Professional Communication Skill III, Graph Theory and Optimization","Theory, Practical, Theory, Practical, Theory, Theory, Theory",Bachelor of Science (Data Science),31013023037
kaushal.verma@somaiya.edu,Verma,Kaushal,Vinod,3,"Data Structure using python, Data Structure using python, Introduction to Data Science, Introduction to Data Science, Oracle and PL/SQL, Professional Communication Skill III, Graph Theory and Optimization","Theory, Practical, Theory, Practical, Theory, Theory, Theory",Bachelor of Science (Data Science),31013023038
jinay.vira@somaiya.edu,Vira,Jinay,Bhupesh,3,"Data Structure using python, Data Structure using python, Introduction to Data Science, Introduction to Data Science, Oracle and PL/SQL, Professional Communication Skill III, Graph Theory and Optimization","Theory, Practical, Theory, Practical, Theory, Theory, Theory",Bachelor of Science (Data Science),31013023039
swayam.pagariya@somaiya.edu,Pagariya,Swayam,Shailesh,3,"Data Structure using python, Data Structure using python, Introduction to Data Science, Introduction to Data Science, Oracle and PL/SQL, Professional Communication Skill III, Graph Theory and Optimization","Theory, Practical, Theory, Practical, Theory, Theory, Theory",Bachelor of Science (Data Science),31013023040
subia.shaikh@somaiya.edu,Shaikh,Subia,Sabir,3,"Data Structure using python, Data Structure using python, Introduction to Data Science, Introduction to Data Science, Oracle and PL/SQL, Professional Communication Skill III, Graph Theory and Optimization","Theory, Practical, Theory, Practical, Theory, Theory, Theory",Bachelor of Science (Data Science),31013023042
aarya.pendse@somaiya.edu,Pendse,Aarya,Jayant,3,"Data Structure using python, Data Structure using python, Introduction to Data Science, Introduction to Data Science, Oracle and PL/SQL, Professional Communication Skill III, Graph Theory and Optimization","Theory, Practical, Theory, Practical, Theory, Theory, Theory",Bachelor of Science (Data Science),31013023043
somil.patil@somaiya.edu,Patil,Somil,Sanjay,3,"Data Structure using python, Data Structure using python, Introduction to Data Science, Introduction to Data Science, Oracle and PL/SQL, Professional Communication Skill III, Graph Theory and Optimization","Theory, Practical, Theory, Practical, Theory, Theory, Theory",Bachelor of Science (Data Science),31013023045
shravan.nakhate@somaiya.edu,Nakhate,Shravan,Sandeep,3,"Data Structure using python, Data Structure using python, Introduction to Data Science, Introduction to Data Science, Oracle and PL/SQL, Professional Communication Skill III, Graph Theory and Optimization","Theory, Practical, Theory, Practical, Theory, Theory, Theory",Bachelor of Science (Data Science),31013023047
shaikh.a@somaiya.edu,Shaikh,Mohammed,Amaan,5,"Software Model Designing, Software Model Designing, Analytics for IOT, Analytics for IOT, Big Data Analytics, Big Data Analytics, Image Analytics, Image Analytics","Theory, Practical, Theory, Practical, Theory, Practical, Theory, Practical",Bachelor of Science (Data Science),31013022001
krishiraj.b@somaiya.edu,Bhagat,Krishiraj,Vasudeo,5,"Software Model Designing, Software Model Designing, Analytics for IOT, Analytics for IOT, Big Data Analytics, Big Data Analytics, Image Analytics, Image Analytics","Theory, Practical, Theory, Practical, Theory, Practical, Theory, Practical",Bachelor of Science (Data Science),31013022002
pradyumna.b@somaiya.edu,Bisht,Pradyumna,Rajdeep,5,"Software Model Designing, Software Model Designing, Analytics for IOT, Analytics for IOT, Big Data Analytics, Big Data Analytics, Image Analytics, Image Analytics","Theory, Practical, Theory, Practical, Theory, Practical, Theory, Practical",Bachelor of Science (Data Science),31013022003
rashi.jodhavat@somaiya.edu,Jodhavat,Rashi,Sanjeet,5,"Software Model Designing, Software Model Designing, Analytics for IOT, Analytics for IOT, Big Data Analytics, Big Data Analytics, Image Analytics, Image Analytics","Theory, Practical, Theory, Practical, Theory, Practical, Theory, Practical",Bachelor of Science (Data Science),31013022006
vedant.kadam@somaiya.edu,Kadam,Vedant,Santosh,5,"Software Model Designing, Software Model Designing, Analytics for IOT, Analytics for IOT, Big Data Analytics, Big Data Analytics, Image Analytics, Image Analytics","Theory, Practical, Theory, Practical, Theory, Practical, Theory, Practical",Bachelor of Science (Data Science),31013022007
pratham.kotiya@somaiya.edu,Kotiya,Pratham,Mahesh,5,"Software Model Designing, Software Model Designing, Analytics for IOT, Analytics for IOT, Big Data Analytics, Big Data Analytics, Image Analytics, Image Analytics","Theory, Practical, Theory, Practical, Theory, Practical, Theory, Practical",Bachelor of Science (Data Science),31013022008
shuchismita.m@somaiya.edu,Mandal,Shuchismita,Subhash,5,"Software Model Designing, Software Model Designing, Analytics for IOT, Analytics for IOT, Big Data Analytics, Big Data Analytics, Image Analytics, Image Analytics","Theory, Practical, Theory, Practical, Theory, Practical, Theory, Practical",Bachelor of Science (Data Science),31013022009
hashim.m@somaiya.edu,Mokashi,Hashim,Mohammad,5,"Software Model Designing, Software Model Designing, Analytics for IOT, Analytics for IOT, Big Data Analytics, Big Data Analytics, Image Analytics, Image Analytics","Theory, Practical, Theory, Practical, Theory, Practical, Theory, Practical",Bachelor of Science (Data Science),31013022011
khushi.musterya@somaiya.edu,Musterya,Khushi,Devendra,5,"Software Model Designing, Software Model Designing, Analytics for IOT, Analytics for IOT, Big Data Analytics, Big Data Analytics, Image Analytics, Image Analytics","Theory, Practical, Theory, Practical, Theory, Practical, Theory, Practical",Bachelor of Science (Data Science),31013022013
krisha.kp@somaiya.edu,Patel,Krisha,Karsan,5,"Software Model Designing, Software Model Designing, Analytics for IOT, Analytics for IOT, Big Data Analytics, Big Data Analytics, Image Analytics, Image Analytics","Theory, Practical, Theory, Practical, Theory, Practical, Theory, Practical",Bachelor of Science (Data Science),31013022015
taher.poonawala@somaiya.edu,Poonawala,Taher,Husaini,5,"Software Model Designing, Software Model Designing, Analytics for IOT, Analytics for IOT, Big Data Analytics, Big Data Analytics, Image Analytics, Image Analytics","Theory, Practical, Theory, Practical, Theory, Practical, Theory, Practical",Bachelor of Science (Data Science),31013022016
shubh.ruia@somaiya.edu,Ruia,Shubh,Somnath,5,"Software Model Designing, Software Model Designing, Analytics for IOT, Analytics for IOT, Big Data Analytics, Big Data Analytics, Image Analytics, Image Analytics","Theory, Practical, Theory, Practical, Theory, Practical, Theory, Practical",Bachelor of Science (Data Science),31013022018
huzaifa.sayed@somaiya.edu,Sayed,Huzaifa,Javed,5,"Software Model Designing, Software Model Designing, Analytics for IOT, Analytics for IOT, Big Data Analytics, Big Data Analytics, Image Analytics, Image Analytics","Theory, Practical, Theory, Practical, Theory, Practical, Theory, Practical",Bachelor of Science (Data Science),31013022019
bhoomi.s@somaiya.edu,Singh,Bhoomi,Firtu,5,"Software Model Designing, Software Model Designing, Analytics for IOT, Analytics for IOT, Big Data Analytics, Big Data Analytics, Image Analytics, Image Analytics","Theory, Practical, Theory, Practical, Theory, Practical, Theory, Practical",Bachelor of Science (Data Science),31013022022
harsh.thavai@somaiya.edu,Thavai,Harsh,Nitin,5,"Software Model Designing, Software Model Designing, Analytics for IOT, Analytics for IOT, Big Data Analytics, Big Data Analytics, Image Analytics, Image Analytics","Theory, Practical, Theory, Practical, Theory, Practical, Theory, Practical",Bachelor of Science (Data Science),31013022023
britti.vora@somaiya.edu,Vora,Britti,Paras,5,"Software Model Designing, Software Model Designing, Analytics for IOT, Analytics for IOT, Big Data Analytics, Big Data Analytics, Image Analytics, Image Analytics","Theory, Practical, Theory, Practical, Theory, Practical, Theory, Practical",Bachelor of Science (Data Science),31013022024
lalit.y@somaiya.edu,Yangaldas,Lalit,Kumar,5,"Software Model Designing, Software Model Designing, Analytics for IOT, Analytics for IOT, Big Data Analytics, Big Data Analytics, Image Analytics, Image Analytics","Theory, Practical, Theory, Practical, Theory, Practical, Theory, Practical",Bachelor of Science (Data Science),31013022025
jay.hc@somaiya.edu,Choudhary,Jay,Hitesh,5,"Software Model Designing, Software Model Designing, Analytics for IOT, Analytics for IOT, Big Data Analytics, Big Data Analytics, Image Analytics, Image Analytics","Theory, Practical, Theory, Practical, Theory, Practical, Theory, Practical",Bachelor of Science (Data Science),31013022026
almas.shaikh@somaiya.edu,Shaikh,Almas,Nafisuddin,5,"Software Model Designing, Software Model Designing, Analytics for IOT, Analytics for IOT, Big Data Analytics, Big Data Analytics, Image Analytics, Image Analytics","Theory, Practical, Theory, Practical, Theory, Practical, Theory, Practical",Bachelor of Science (Data Science),31013022028
anaiah.m@somaiya.edu,Miranda,Anaiah,Sanjay,5,"Software Model Designing, Software Model Designing, Analytics for IOT, Analytics for IOT, Big Data Analytics, Big Data Analytics, Image Analytics, Image Analytics","Theory, Practical, Theory, Practical, Theory, Practical, Theory, Practical",Bachelor of Science (Data Science),31013022030
sujal.shetty@somaiya.edu,Shetty,Sujal,Suresh,5,"Software Model Designing, Software Model Designing, Analytics for IOT, Analytics for IOT, Big Data Analytics, Big Data Analytics, Image Analytics, Image Analytics","Theory, Practical, Theory, Practical, Theory, Practical, Theory, Practical",Bachelor of Science (Data Science),31013022031
sejal.alpuria@somaiya.edu,Alpuria,Sejal,Mukesh,5,"Software Model Designing, Software Model Designing, Analytics for IOT, Analytics for IOT, Big Data Analytics, Big Data Analytics, Image Analytics, Image Analytics","Theory, Practical, Theory, Practical, Theory, Practical, Theory, Practical",Bachelor of Science (Data Science),31013022032
tanish.ahuja@somaiya.edu,Ahuja,Tanish,Vishal,1,"Macroeconomics, Microeconomics, Micro Economics I, Macro Economics I, Professional Communication Skill – I, Statistics in Economics I, Constitution and Public Policy","Theory, Theory, Theory, Theory, Theory, Theory, Theory",Bachelor of Science (Economics),31013124001
soham.chavare@somaiya.edu,Chavare,Soham,Girish,1,"Macroeconomics, Microeconomics, Micro Economics I, Macro Economics I, Professional Communication Skill – I, Statistics in Economics I, Constitution and Public Policy","Theory, Theory, Theory, Theory, Theory, Theory, Theory",Bachelor of Science (Economics),31013124002
reva.jain@somaiya.edu,Jain,Reva,Vivek,1,"Macroeconomics, Microeconomics, Micro Economics I, Macro Economics I, Professional Communication Skill – I, Statistics in Economics I, Constitution and Public Policy","Theory, Theory, Theory, Theory, Theory, Theory, Theory",Bachelor of Science (Economics),31013124004
vedant.kakade@somaiya.edu,Kakade,Vedant,Vijay,1,"Macroeconomics, Microeconomics, Micro Economics I, Macro Economics I, Professional Communication Skill – I, Statistics in Economics I, Constitution and Public Policy","Theory, Theory, Theory, Theory, Theory, Theory, Theory",Bachelor of Science (Economics),31013124005
gaurangee.k@somaiya.edu,Kulkarni,Gaurangee,Pradeep,1,"Macroeconomics, Microeconomics, Micro Economics I, Macro Economics I, Professional Communication Skill – I, Statistics in Economics I, Constitution and Public Policy","Theory, Theory, Theory, Theory, Theory, Theory, Theory",Bachelor of Science (Economics),31013124008
vidit.patade@somaiya.edu,Patade,Vidit,Sajan,1,"Macroeconomics, Microeconomics, Micro Economics I, Macro Economics I, Professional Communication Skill – I, Statistics in Economics I, Constitution and Public Policy","Theory, Theory, Theory, Theory, Theory, Theory, Theory",Bachelor of Science (Economics),31013124011
manav.sp@somaiya.edu,Patel,Manav,Samir,1,"Macroeconomics, Microeconomics, Micro Economics I, Macro Economics I, Professional Communication Skill – I, Statistics in Economics I, Constitution and Public Policy","Theory, Theory, Theory, Theory, Theory, Theory, Theory",Bachelor of Science (Economics),31013124012
ruturajsanjay.p@somaiya.edu,Patil,Ruturaj,Sanjay,1,"Macroeconomics, Microeconomics, Micro Economics I, Macro Economics I, Professional Communication Skill – I, Statistics in Economics I, Constitution and Public Policy","Theory, Theory, Theory, Theory, Theory, Theory, Theory",Bachelor of Science (Economics),31013124013
sanyukta.r@somaiya.edu,Rane,Sanyukta,Milind,1,"Macroeconomics, Microeconomics, Micro Economics I, Macro Economics I, Professional Communication Skill – I, Statistics in Economics I, Constitution and Public Policy","Theory, Theory, Theory, Theory, Theory, Theory, Theory",Bachelor of Science (Economics),31013124014
saumya24@somaiya.edu,Sawant,Saumya,Sachin,1,"Macroeconomics, Microeconomics, Micro Economics I, Macro Economics I, Professional Communication Skill – I, Statistics in Economics I, Constitution and Public Policy","Theory, Theory, Theory, Theory, Theory, Theory, Theory",Bachelor of Science (Economics),31013124015
simran.sawant@somaiya.edu,Sawant,Simran,Ashutosh,1,"Macroeconomics, Microeconomics, Micro Economics I, Macro Economics I, Professional Communication Skill – I, Statistics in Economics I, Constitution and Public Policy","Theory, Theory, Theory, Theory, Theory, Theory, Theory",Bachelor of Science (Economics),31013124016
sidhant.sharma@somaiya.edu,Sharma,Sidhant,Harish,1,"Macroeconomics, Microeconomics, Micro Economics I, Macro Economics I, Professional Communication Skill – I, Statistics in Economics I, Constitution and Public Policy","Theory, Theory, Theory, Theory, Theory, Theory, Theory",Bachelor of Science (Economics),31013124018
parisa.dubey@somaiya.edu,Dubey,Parisa,Ambrish,3,"Public economics, Urban Economics, Wealth management, Public Economics, Professional Skill III, Basics of Mathematical methods for Economics , Business Ethics and Corporate Social Responsibility","Theory, Theory, Theory, Theory, Theory, Theory, Theory",Bachelor of Science (Economics),31013123002
helly.gala@somaiya.edu,Gala,Helly,Praful,3,"Public economics, Urban Economics, Wealth management, Public Economics, Professional Skill III, Basics of Mathematical methods for Economics , Business Ethics and Corporate Social Responsibility","Theory, Theory, Theory, Theory, Theory, Theory, Theory",Bachelor of Science (Economics),31013123003
vidhi.gorkhe@somaiya.edu,Gorkhe,Vidhi,Shashikant,3,"Public economics, Urban Economics, Wealth management, Public Economics, Professional Skill III, Basics of Mathematical methods for Economics , Business Ethics and Corporate Social Responsibility","Theory, Theory, Theory, Theory, Theory, Theory, Theory",Bachelor of Science (Economics),31013123004
aekansh.g@somaiya.edu,Gupta,Aekansh,Ramakant,3,"Public economics, Urban Economics, Wealth management, Public Economics, Professional Skill III, Basics of Mathematical methods for Economics , Business Ethics and Corporate Social Responsibility","Theory, Theory, Theory, Theory, Theory, Theory, Theory",Bachelor of Science (Economics),31013123005
vaibhavi.lakhani@somaiya.edu,Lakhani,Vaibhavi,Upesh,3,"Public economics, Urban Economics, Wealth management, Public Economics, Professional Skill III, Basics of Mathematical methods for Economics , Business Ethics and Corporate Social Responsibility","Theory, Theory, Theory, Theory, Theory, Theory, Theory",Bachelor of Science (Economics),31013123007
swati.shanbhag@somaiya.edu,Shanbhag,Swati,Suresh,3,"Public economics, Urban Economics, Wealth management, Public Economics, Professional Skill III, Basics of Mathematical methods for Economics , Business Ethics and Corporate Social Responsibility","Theory, Theory, Theory, Theory, Theory, Theory, Theory",Bachelor of Science (Economics),31013123011
nidhi.vs@somaiya.edu,Shetty,Nidhi,Vidhat,3,"Public economics, Urban Economics, Wealth management, Public Economics, Professional Skill III, Basics of Mathematical methods for Economics , Business Ethics and Corporate Social Responsibility","Theory, Theory, Theory, Theory, Theory, Theory, Theory",Bachelor of Science (Economics),31013123012
divya.lohar@somaiya.edu,Lohar,Divya,Rajesh,1,"Foundation Course in Chemistry -I, Foundation Course in Chemistry-II, Introductory Chemistry Laboratory-I, Introductory Biology, Introductory Biology, Introductory Biology Laboratory, Introduction to Programming using Python, Introduction to Programming using Python, Foundations of Classical Physics, Foundations of Classical Physics, Physics Laboratory-I","Theory, Theory, Practical, Theory, Tutorial, Practical, Theory, Practical, Theory, Tutorial, Tutorial",Integrated Bachelor of Science-Master of Science,31017124002
christina.m@somaiya.edu,Mariapnur,Christina,Prakash,1,"Foundation Course in Chemistry -I, Foundation Course in Chemistry-II, Introductory Chemistry Laboratory-I, Introductory Biology, Introductory Biology, Introductory Biology Laboratory, Introduction to Programming using Python, Introduction to Programming using Python, Foundations of Classical Physics, Foundations of Classical Physics, Physics Laboratory-I","Theory, Theory, Practical, Theory, Tutorial, Practical, Theory, Practical, Theory, Tutorial, Tutorial",Integrated Bachelor of Science-Master of Science,31017124003
shravani.noraje@somaiya.edu,Noraje,Shravani,Ravindra,1,"Foundation Course in Chemistry -I, Foundation Course in Chemistry-II, Introductory Chemistry Laboratory-I, Introductory Biology, Introductory Biology, Introductory Biology Laboratory, Introduction to Programming using Python, Introduction to Programming using Python, Foundations of Classical Physics, Foundations of Classical Physics, Physics Laboratory-I","Theory, Theory, Practical, Theory, Tutorial, Practical, Theory, Practical, Theory, Tutorial, Tutorial",Integrated Bachelor of Science-Master of Science,31017124004
l.palavajjhala@somaiya.edu,Palavajjhala,Lakshmi,Siva,1,"Foundation Course in Chemistry -I, Foundation Course in Chemistry-II, Introductory Chemistry Laboratory-I, Introductory Biology, Introductory Biology, Introductory Biology Laboratory, Introduction to Programming using Python, Introduction to Programming using Python, Foundations of Classical Physics, Foundations of Classical Physics, Physics Laboratory-I","Theory, Theory, Practical, Theory, Tutorial, Practical, Theory, Practical, Theory, Tutorial, Tutorial",Integrated Bachelor of Science-Master of Science,31017124005
moksh.amanna@somaiya.edu,Amanna,Moksh,Jason,1,"Global Media Challenges and Perspectives, Principles and Theories of Communication, Communication for Development","Theory, Theory, Theory",Master of Arts (Communication & Journalism),31032824001
ssb6@somaiya.edu,Bhattacharya,Shreya,Sumit,1,"Global Media Challenges and Perspectives, Principles and Theories of Communication, Communication for Development","Theory, Theory, Theory",Master of Arts (Communication & Journalism),31032824002
akshaya.c@somaiya.edu,Chettiar,Akshaya,Murugan,1,"Global Media Challenges and Perspectives, Principles and Theories of Communication, Communication for Development","Theory, Theory, Theory",Master of Arts (Communication & Journalism),31032824003
ethan.fortes@somaiya.edu,Fortes,Ethan,Alvaro,1,"Global Media Challenges and Perspectives, Principles and Theories of Communication, Communication for Development","Theory, Theory, Theory",Master of Arts (Communication & Journalism),31032824004
sanket.gaokar@somaiya.edu,Gaokar,Sanket,Santosh,1,"Global Media Challenges and Perspectives, Principles and Theories of Communication, Communication for Development","Theory, Theory, Theory",Master of Arts (Communication & Journalism),31032824005
harshal.jadhav@somaiya.edu,Jadhav,Harshal,Sunil,1,"Global Media Challenges and Perspectives, Principles and Theories of Communication, Communication for Development","Theory, Theory, Theory",Master of Arts (Communication & Journalism),31032824009
payal.kakad@somaiya.edu,Kakad,Payal,Pravin,1,"Global Media Challenges and Perspectives, Principles and Theories of Communication, Communication for Development","Theory, Theory, Theory",Master of Arts (Communication & Journalism),31032824011
sakshi.rane@somaiya.edu,Rane,Sakshi,Rohidas,1,"Global Media Challenges and Perspectives, Principles and Theories of Communication, Communication for Development","Theory, Theory, Theory",Master of Arts (Communication & Journalism),31032824014
sharmin.s@somaiya.edu,Shaikh,Sharmin,Junaid,1,"Global Media Challenges and Perspectives, Principles and Theories of Communication, Communication for Development","Theory, Theory, Theory",Master of Arts (Communication & Journalism),31032824015
sakshi.swaroop@somaiya.edu,Swaroop,Sakshi,Deepak,1,"Global Media Challenges and Perspectives, Principles and Theories of Communication, Communication for Development","Theory, Theory, Theory",Master of Arts (Communication & Journalism),31032824016
aakanksha.angre@somaiya.edu,Angre,Aakanksha,Vrishal,1,"Public Finance, Microeconomics, Microeconomics I, Mathematical economics, Statistical Techniques, Economics of Demography","Theory, Theory, Theory, Theory, Theory, Theory",Master of Arts (Economics),31032624002
shravani.mc@somaiya.edu,Chavan,Shravani,Mangesh,1,"Public Finance, Microeconomics, Microeconomics I, Mathematical economics, Statistical Techniques, Economics of Demography","Theory, Theory, Theory, Theory, Theory, Theory",Master of Arts (Economics),31032624004
edlyn.c@somaiya.edu,Chiluvuri,Edlyn,Vevina,1,"Public Finance, Microeconomics, Microeconomics I, Mathematical economics, Statistical Techniques, Economics of Demography","Theory, Theory, Theory, Theory, Theory, Theory",Master of Arts (Economics),31032624005
rakshita.dixit@somaiya.edu,Dixit,Rakshita,Ajay,1,"Public Finance, Microeconomics, Microeconomics I, Mathematical economics, Statistical Techniques, Economics of Demography","Theory, Theory, Theory, Theory, Theory, Theory",Master of Arts (Economics),31032624006
farah.gouri@somaiya.edu,Gouri,Farah,Abdul,1,"Public Finance, Microeconomics, Microeconomics I, Mathematical economics, Statistical Techniques, Economics of Demography","Theory, Theory, Theory, Theory, Theory, Theory",Master of Arts (Economics),31032624007
snj@somaiya.edu,Jadhav,Sonal,Nilesh,1,"Public Finance, Microeconomics, Microeconomics I, Mathematical economics, Statistical Techniques, Economics of Demography","Theory, Theory, Theory, Theory, Theory, Theory",Master of Arts (Economics),31032624008
akash.jayewar@somaiya.edu,Jayewar,Akash,Maroti,1,"Public Finance, Microeconomics, Microeconomics I, Mathematical economics, Statistical Techniques, Economics of Demography","Theory, Theory, Theory, Theory, Theory, Theory",Master of Arts (Economics),31032624009
rudra.jogi@somaiya.edu,Jogi,Rudra,Vinodkumar,1,"Public Finance, Microeconomics, Microeconomics I, Mathematical economics, Statistical Techniques, Economics of Demography","Theory, Theory, Theory, Theory, Theory, Theory",Master of Arts (Economics),31032624010
koli.sb@somaiya.edu,Koli,Smit,Bhushan,1,"Public Finance, Microeconomics, Microeconomics I, Mathematical economics, Statistical Techniques, Economics of Demography","Theory, Theory, Theory, Theory, Theory, Theory",Master of Arts (Economics),31032624012
bhavna.kulaye@somaiya.edu,Kulaye,Bhavna,Dilip,1,"Public Finance, Microeconomics, Microeconomics I, Mathematical economics, Statistical Techniques, Economics of Demography","Theory, Theory, Theory, Theory, Theory, Theory",Master of Arts (Economics),31032624013
hemanshu.m@somaiya.edu,Malap,Hemanshu,Balkrishna,1,"Public Finance, Microeconomics, Microeconomics I, Mathematical economics, Statistical Techniques, Economics of Demography","Theory, Theory, Theory, Theory, Theory, Theory",Master of Arts (Economics),31032624014
tanmay.narkar@somaiya.edu,Narkar,Tanmay,Raghunath,1,"Public Finance, Microeconomics, Microeconomics I, Mathematical economics, Statistical Techniques, Economics of Demography","Theory, Theory, Theory, Theory, Theory, Theory",Master of Arts (Economics),31032624015
trupati.p@somaiya.edu,Pandey,Trupati,Vijaynarayan,1,"Public Finance, Microeconomics, Microeconomics I, Mathematical economics, Statistical Techniques, Economics of Demography","Theory, Theory, Theory, Theory, Theory, Theory",Master of Arts (Economics),31032624016
tanay.p@somaiya.edu,Patil,Tanay,Vilas,1,"Public Finance, Microeconomics, Microeconomics I, Mathematical economics, Statistical Techniques, Economics of Demography","Theory, Theory, Theory, Theory, Theory, Theory",Master of Arts (Economics),31032624017
vaishnavi.sanas@somaiya.edu,Sanas,Vaishnavi,Anil,1,"Public Finance, Microeconomics, Microeconomics I, Mathematical economics, Statistical Techniques, Economics of Demography","Theory, Theory, Theory, Theory, Theory, Theory",Master of Arts (Economics),31032624019
haleemabano.s@somaiya.edu,Shaikh,Haleema,Bano,1,"Public Finance, Microeconomics, Microeconomics I, Mathematical economics, Statistical Techniques, Economics of Demography","Theory, Theory, Theory, Theory, Theory, Theory",Master of Arts (Economics),31032624020
mahek.shaikh7@somaiya.edu,Shaikh,Mahek,Shakoor,1,"Public Finance, Microeconomics, Microeconomics I, Mathematical economics, Statistical Techniques, Economics of Demography","Theory, Theory, Theory, Theory, Theory, Theory",Master of Arts (Economics),31032624021
nidhi28@somaiya.edu,Shinde,Nidhi,Vijay,1,"Public Finance, Microeconomics, Microeconomics I, Mathematical economics, Statistical Techniques, Economics of Demography","Theory, Theory, Theory, Theory, Theory, Theory",Master of Arts (Economics),31032624022
ashmiza.a@somaiya.edu,Ansari,Ashmiza,Sohel,1,"Professional Communication, Principles of Entertainment Media","Theory, Theory",Master of Arts (Entertainment Media & Advertising),31032724001
mrunalini.b@somaiya.edu,Bagate,Mrunalini,Vilas,1,"Professional Communication, Principles of Entertainment Media","Theory, Theory",Master of Arts (Entertainment Media & Advertising),31032724002
pranit.baile@somaiya.edu,Baile,Pranit,Baban,1,"Professional Communication, Principles of Entertainment Media","Theory, Theory",Master of Arts (Entertainment Media & Advertising),31032724003
avani.belulkar@somaiya.edu,Belulkar,Avani,Anand,1,"Professional Communication, Principles of Entertainment Media","Theory, Theory",Master of Arts (Entertainment Media & Advertising),31032724005
tejas.chavhan@somaiya.edu,Chavhan,Tejas,Sandeep,1,"Professional Communication, Principles of Entertainment Media","Theory, Theory",Master of Arts (Entertainment Media & Advertising),31032724006
aneree.d@somaiya.edu,Dedhia,Aneree,Nimesh,1,"Professional Communication, Principles of Entertainment Media","Theory, Theory",Master of Arts (Entertainment Media & Advertising),31032724007
anuj.aj@somaiya.edu,Joshi,Anuj,Anand,1,"Professional Communication, Principles of Entertainment Media","Theory, Theory",Master of Arts (Entertainment Media & Advertising),31032724011
atharv.vj@somaiya.edu,Joshi,Atharv,Vaibhav,1,"Professional Communication, Principles of Entertainment Media","Theory, Theory",Master of Arts (Entertainment Media & Advertising),31032724012
yashvi.pj@somaiya.edu,Joshi,Yashvi,Paresh,1,"Professional Communication, Principles of Entertainment Media","Theory, Theory",Master of Arts (Entertainment Media & Advertising),31032724013
prathama.nk@somaiya.edu,Kulkarni,Prathama,Nilesh,1,"Professional Communication, Principles of Entertainment Media","Theory, Theory",Master of Arts (Entertainment Media & Advertising),31032724016
tanaya.mainkar@somaiya.edu,Mainkar,Tanaya,Vinayak,1,"Professional Communication, Principles of Entertainment Media","Theory, Theory",Master of Arts (Entertainment Media & Advertising),31032724017
pradnya.more@somaiya.edu,More,Pradnya,Gautam,1,"Professional Communication, Principles of Entertainment Media","Theory, Theory",Master of Arts (Entertainment Media & Advertising),31032724018
vashishta.n@somaiya.edu,Nair,Vashishta,Sunil,1,"Professional Communication, Principles of Entertainment Media","Theory, Theory",Master of Arts (Entertainment Media & Advertising),31032724019
shruti.nirmal@somaiya.edu,Nirmal,Shruti,Raju,1,"Professional Communication, Principles of Entertainment Media","Theory, Theory",Master of Arts (Entertainment Media & Advertising),31032724021
riannerose.p@somaiya.edu,Perumadan,Rianne,Rose,1,"Professional Communication, Principles of Entertainment Media","Theory, Theory",Master of Arts (Entertainment Media & Advertising),31032724024
karen.simon@somaiya.edu,Simon,Karen,Ann,1,"Professional Communication, Principles of Entertainment Media","Theory, Theory",Master of Arts (Entertainment Media & Advertising),31032724026
aishwary.singh@somaiya.edu,Singh,Aishwary,Niraj,1,"Professional Communication, Principles of Entertainment Media","Theory, Theory",Master of Arts (Entertainment Media & Advertising),31032724027
snehalata.s@somaiya.edu,Singh,Snehalata,Jitendra,1,"Professional Communication, Principles of Entertainment Media","Theory, Theory",Master of Arts (Entertainment Media & Advertising),31032724028
akansha.y@somaiya.edu,Yelve,Akansha,Sandesh,1,"Professional Communication, Principles of Entertainment Media","Theory, Theory",Master of Arts (Entertainment Media & Advertising),31032724029
kimaya.zemse@somaiya.edu,Zemse,Kimaya,Rajesh,1,"Professional Communication, Principles of Entertainment Media","Theory, Theory",Master of Arts (Entertainment Media & Advertising),31032724030
fathimath.z@somaiya.edu,Ziyad,Fathimath,Zidna,1,"Professional Communication, Principles of Entertainment Media","Theory, Theory",Master of Arts (Entertainment Media & Advertising),31032724031
dhiraj.bagwe@somaiya.edu,Bagwe,Dhiraj,Subhash,1,"Theories of International Relations , Contemporary Geopolitics , Public Policy Analysis , The Evolution of India's Foreign Policy ","Theory, Theory, Theory, Theory",Master of Arts (International Studies),31037224001
anurima.d@somaiya.edu,Deshmukh,Anurima,Ajay,1,"Theories of International Relations , Contemporary Geopolitics , Public Policy Analysis , The Evolution of India's Foreign Policy ","Theory, Theory, Theory, Theory",Master of Arts (International Studies),31037224002
mariyammausha.i@somaiya.edu,Ibrahim,Mariyam,Mausha,1,"Theories of International Relations , Contemporary Geopolitics , Public Policy Analysis , The Evolution of India's Foreign Policy ","Theory, Theory, Theory, Theory",Master of Arts (International Studies),31037224005
shruti.jagtap@somaiya.edu,Jagtap,Shruti,Vikrant,1,"Theories of International Relations , Contemporary Geopolitics , Public Policy Analysis , The Evolution of India's Foreign Policy ","Theory, Theory, Theory, Theory",Master of Arts (International Studies),31037224006
samarth.vk@somaiya.edu,Khandekar,Samarth,Vijay,1,"Theories of International Relations , Contemporary Geopolitics , Public Policy Analysis , The Evolution of India's Foreign Policy ","Theory, Theory, Theory, Theory",Master of Arts (International Studies),31037224007
aditi.marathe@somaiya.edu,Marathe,Aditi,Milind,1,"Theories of International Relations , Contemporary Geopolitics , Public Policy Analysis , The Evolution of India's Foreign Policy ","Theory, Theory, Theory, Theory",Master of Arts (International Studies),31037224009
trisha.nadar@somaiya.edu,Nadar,Trisha,Devi,1,"Theories of International Relations , Contemporary Geopolitics , Public Policy Analysis , The Evolution of India's Foreign Policy ","Theory, Theory, Theory, Theory",Master of Arts (International Studies),31037224010
aynaz.shaikh@somaiya.edu,Shaikh,Aynaz,Tanvir,1,"Theories of International Relations , Contemporary Geopolitics , Public Policy Analysis , The Evolution of India's Foreign Policy ","Theory, Theory, Theory, Theory",Master of Arts (International Studies),31037224011
sagar.telarkar@somaiya.edu,Telarkar,Sagar,Santosh,1,"Theories of International Relations , Contemporary Geopolitics , Public Policy Analysis , The Evolution of India's Foreign Policy ","Theory, Theory, Theory, Theory",Master of Arts (International Studies),31037224014
dolly.tiwari@somaiya.edu,Tiwari,Dolly,Jitendra,1,"Theories of International Relations , Contemporary Geopolitics , Public Policy Analysis , The Evolution of India's Foreign Policy ","Theory, Theory, Theory, Theory",Master of Arts (International Studies),31037224015
ketki.warang@somaiya.edu,Warang,Ketki,Vinayak,1,"Theories of International Relations , Contemporary Geopolitics , Public Policy Analysis , The Evolution of India's Foreign Policy ","Theory, Theory, Theory, Theory",Master of Arts (International Studies),31037224017
pranjal.wasnik@somaiya.edu,Wasnik,Pranjal,Nondeo,1,"Theories of International Relations , Contemporary Geopolitics , Public Policy Analysis , The Evolution of India's Foreign Policy ","Theory, Theory, Theory, Theory",Master of Arts (International Studies),31037224018
sonpari.a@somaiya.edu,Agrahari,Sonpari,Rameshchandra,1,"Advanced Accounting , Direct Tax, Advanced Research Methodology , Operations Research, Data Management using Spreadsheets , Research Statistical Analysis","Theory, Theory, Theory, Theory, Theory, Theory",Master of Commerce (Accounting & Finance),31032524001
khan.fatima@somaiya.edu,Fatima,Khan,Kaniz,1,"Advanced Accounting , Direct Tax, Advanced Research Methodology , Operations Research, Data Management using Spreadsheets , Research Statistical Analysis","Theory, Theory, Theory, Theory, Theory, Theory",Master of Commerce (Accounting & Finance),31032524002
aqsa.g@somaiya.edu,Golandaz,Aqsa,Altaf,1,"Advanced Accounting , Direct Tax, Advanced Research Methodology , Operations Research, Data Management using Spreadsheets , Research Statistical Analysis","Theory, Theory, Theory, Theory, Theory, Theory",Master of Commerce (Accounting & Finance),31032524003
m.gothi@somaiya.edu,Gothi,Mitali,Mahesh,1,"Advanced Accounting , Direct Tax, Advanced Research Methodology , Operations Research, Data Management using Spreadsheets , Research Statistical Analysis","Theory, Theory, Theory, Theory, Theory, Theory",Master of Commerce (Accounting & Finance),31032524004
pranay.hasolkar@somaiya.edu,Hasolkar,Pranay,Krishna,1,"Advanced Accounting , Direct Tax, Advanced Research Methodology , Operations Research, Data Management using Spreadsheets , Research Statistical Analysis","Theory, Theory, Theory, Theory, Theory, Theory",Master of Commerce (Accounting & Finance),31032524005
maheshwary.j@somaiya.edu,Jaiswar,Maheshwary,Sanjay,1,"Advanced Accounting , Direct Tax, Advanced Research Methodology , Operations Research, Data Management using Spreadsheets , Research Statistical Analysis","Theory, Theory, Theory, Theory, Theory, Theory",Master of Commerce (Accounting & Finance),31032524006
s.kajrolkar@somaiya.edu,Kajrolkar,Shravani,Milind,1,"Advanced Accounting , Direct Tax, Advanced Research Methodology , Operations Research, Data Management using Spreadsheets , Research Statistical Analysis","Theory, Theory, Theory, Theory, Theory, Theory",Master of Commerce (Accounting & Finance),31032524008
darshan.khona@somaiya.edu,Khona,Darshan,Hitesh,1,"Advanced Accounting , Direct Tax, Advanced Research Methodology , Operations Research, Data Management using Spreadsheets , Research Statistical Analysis","Theory, Theory, Theory, Theory, Theory, Theory",Master of Commerce (Accounting & Finance),31032524009
asmita.kori@somaiya.edu,Kori,Asmita,Ashok,1,"Advanced Accounting , Direct Tax, Advanced Research Methodology , Operations Research, Data Management using Spreadsheets , Research Statistical Analysis","Theory, Theory, Theory, Theory, Theory, Theory",Master of Commerce (Accounting & Finance),31032524010
kunal.kotian@somaiya.edu,Kotian,Kunal,Shekar,1,"Advanced Accounting , Direct Tax, Advanced Research Methodology , Operations Research, Data Management using Spreadsheets , Research Statistical Analysis","Theory, Theory, Theory, Theory, Theory, Theory",Master of Commerce (Accounting & Finance),31032524011
s.marchetti@somaiya.edu,Marchetti,Saikiran,Shriniwas,1,"Advanced Accounting , Direct Tax, Advanced Research Methodology , Operations Research, Data Management using Spreadsheets , Research Statistical Analysis","Theory, Theory, Theory, Theory, Theory, Theory",Master of Commerce (Accounting & Finance),31032524012
hetvi.pm@somaiya.edu,Mehta,Hetvi,Parag,1,"Advanced Accounting , Direct Tax, Advanced Research Methodology , Operations Research, Data Management using Spreadsheets , Research Statistical Analysis","Theory, Theory, Theory, Theory, Theory, Theory",Master of Commerce (Accounting & Finance),31032524013
sameer.naikawadi@somaiya.edu,Naikawadi,Sameer,Kashinath,1,"Advanced Accounting , Direct Tax, Advanced Research Methodology , Operations Research, Data Management using Spreadsheets , Research Statistical Analysis","Theory, Theory, Theory, Theory, Theory, Theory",Master of Commerce (Accounting & Finance),31032524014
hanifa.n@somaiya.edu,Nalband,Hanifa,Iqbal,1,"Advanced Accounting , Direct Tax, Advanced Research Methodology , Operations Research, Data Management using Spreadsheets , Research Statistical Analysis","Theory, Theory, Theory, Theory, Theory, Theory",Master of Commerce (Accounting & Finance),31032524015
elia.naqvi@somaiya.edu,Naqvi,Elia,Tabrez,1,"Advanced Accounting , Direct Tax, Advanced Research Methodology , Operations Research, Data Management using Spreadsheets , Research Statistical Analysis","Theory, Theory, Theory, Theory, Theory, Theory",Master of Commerce (Accounting & Finance),31032524016
hpp2@somaiya.edu,Panchal,Heena,Popatlal,1,"Advanced Accounting , Direct Tax, Advanced Research Methodology , Operations Research, Data Management using Spreadsheets , Research Statistical Analysis","Theory, Theory, Theory, Theory, Theory, Theory",Master of Commerce (Accounting & Finance),31032524017
m.rambhia@somaiya.edu,Rambhia,Mahek,Dhiraj,1,"Advanced Accounting , Direct Tax, Advanced Research Methodology , Operations Research, Data Management using Spreadsheets , Research Statistical Analysis","Theory, Theory, Theory, Theory, Theory, Theory",Master of Commerce (Accounting & Finance),31032524019
divya.vr@somaiya.edu,Rane,Divya,Vilas,1,"Advanced Accounting , Direct Tax, Advanced Research Methodology , Operations Research, Data Management using Spreadsheets , Research Statistical Analysis","Theory, Theory, Theory, Theory, Theory, Theory",Master of Commerce (Accounting & Finance),31032524021
sbs2@somaiya.edu,Sawant,Shreya,Bhaskar,1,"Advanced Accounting , Direct Tax, Advanced Research Methodology , Operations Research, Data Management using Spreadsheets , Research Statistical Analysis","Theory, Theory, Theory, Theory, Theory, Theory",Master of Commerce (Accounting & Finance),31032524022
shadma.s@somaiya.edu,Shaikh,Shadma,Atiqurrehman,1,"Advanced Accounting , Direct Tax, Advanced Research Methodology , Operations Research, Data Management using Spreadsheets , Research Statistical Analysis","Theory, Theory, Theory, Theory, Theory, Theory",Master of Commerce (Accounting & Finance),31032524023
harshvi.s@somaiya.edu,Shethia,Harshvi,Piyush,1,"Advanced Accounting , Direct Tax, Advanced Research Methodology , Operations Research, Data Management using Spreadsheets , Research Statistical Analysis","Theory, Theory, Theory, Theory, Theory, Theory",Master of Commerce (Accounting & Finance),31032524024
kritika31@somaiya.edu,Singh,Kritika,Dharmendra,1,"Advanced Accounting , Direct Tax, Advanced Research Methodology , Operations Research, Data Management using Spreadsheets , Research Statistical Analysis","Theory, Theory, Theory, Theory, Theory, Theory",Master of Commerce (Accounting & Finance),31032524025
abutalib.s@somaiya.edu,Syed,Abutalib,Kaukab,1,"Advanced Accounting , Direct Tax, Advanced Research Methodology , Operations Research, Data Management using Spreadsheets , Research Statistical Analysis","Theory, Theory, Theory, Theory, Theory, Theory",Master of Commerce (Accounting & Finance),31032524026
sharvin.t@somaiya.edu,Thanekar,Sharvin,Manish,1,"Advanced Accounting , Direct Tax, Advanced Research Methodology , Operations Research, Data Management using Spreadsheets , Research Statistical Analysis","Theory, Theory, Theory, Theory, Theory, Theory",Master of Commerce (Accounting & Finance),31032524027
d.thasale@somaiya.edu,Thasale,Diksha,Jitendra,1,"Advanced Accounting , Direct Tax, Advanced Research Methodology , Operations Research, Data Management using Spreadsheets , Research Statistical Analysis","Theory, Theory, Theory, Theory, Theory, Theory",Master of Commerce (Accounting & Finance),31032524028
srilakshmi.t@somaiya.edu,Thevar,Srilakshmi,Maharajan,1,"Advanced Accounting , Direct Tax, Advanced Research Methodology , Operations Research, Data Management using Spreadsheets , Research Statistical Analysis","Theory, Theory, Theory, Theory, Theory, Theory",Master of Commerce (Accounting & Finance),31032524029
shubham.upadhyay@somaiya.edu,Upadhyay,Shubham,Akhilesh,1,"Advanced Accounting , Direct Tax, Advanced Research Methodology , Operations Research, Data Management using Spreadsheets , Research Statistical Analysis","Theory, Theory, Theory, Theory, Theory, Theory",Master of Commerce (Accounting & Finance),31032524030
divya.nv@somaiya.edu,Vishwakarma,Divya,Nagendra,1,"Advanced Accounting , Direct Tax, Advanced Research Methodology , Operations Research, Data Management using Spreadsheets , Research Statistical Analysis","Theory, Theory, Theory, Theory, Theory, Theory",Master of Commerce (Accounting & Finance),31032524031
saahil.zawar@somaiya.edu,Zawar,Saahil,Deepak,1,"Advanced Accounting , Direct Tax, Advanced Research Methodology , Operations Research, Data Management using Spreadsheets , Research Statistical Analysis","Theory, Theory, Theory, Theory, Theory, Theory",Master of Commerce (Accounting & Finance),31032524032
durga.a@somaiya.edu,Adelkar,Durga,Mohit,1," Biochemistry , Immunology , Molecular Biology , Advanced Analytical techniques, Biochemistry, Immunology , Molecular Biology , Advanced Analytical techniques","Theory, Theory, Theory, Theory, Practical, Practical, Practical, Practical",Master of Science (Biotechnology),31031624001
iqra.ta@somaiya.edu,Ansari,Iqra,Tabassum,1," Biochemistry , Immunology , Molecular Biology , Advanced Analytical techniques, Biochemistry, Immunology , Molecular Biology , Advanced Analytical techniques","Theory, Theory, Theory, Theory, Practical, Practical, Practical, Practical",Master of Science (Biotechnology),31031624002
isha.ballal@somaiya.edu,Ballal,Isha,Ajay,1," Biochemistry , Immunology , Molecular Biology , Advanced Analytical techniques, Biochemistry, Immunology , Molecular Biology , Advanced Analytical techniques","Theory, Theory, Theory, Theory, Practical, Practical, Practical, Practical",Master of Science (Biotechnology),31031624003
parineeta.b@somaiya.edu,Bhate,Parineeta,Vinayak,1," Biochemistry , Immunology , Molecular Biology , Advanced Analytical techniques, Biochemistry, Immunology , Molecular Biology , Advanced Analytical techniques","Theory, Theory, Theory, Theory, Practical, Practical, Practical, Practical",Master of Science (Biotechnology),31031624004
srujal.g@somaiya.edu,Gahankari,Srujal,Girish,1," Biochemistry , Immunology , Molecular Biology , Advanced Analytical techniques, Biochemistry, Immunology , Molecular Biology , Advanced Analytical techniques","Theory, Theory, Theory, Theory, Practical, Practical, Practical, Practical",Master of Science (Biotechnology),31031624005
saanvi.sg@somaiya.edu,Ghadigaonkar,Saanvi,Santosh,1," Biochemistry , Immunology , Molecular Biology , Advanced Analytical techniques, Biochemistry, Immunology , Molecular Biology , Advanced Analytical techniques","Theory, Theory, Theory, Theory, Practical, Practical, Practical, Practical",Master of Science (Biotechnology),31031624006
p.ghodake@somaiya.edu,Ghodake,Pratiksha,Dadasaheb,1," Biochemistry , Immunology , Molecular Biology , Advanced Analytical techniques, Biochemistry, Immunology , Molecular Biology , Advanced Analytical techniques","Theory, Theory, Theory, Theory, Practical, Practical, Practical, Practical",Master of Science (Biotechnology),31031624007
lawannya.j@somaiya.edu,Jadhav,Lawannya,Kailas,1," Biochemistry , Immunology , Molecular Biology , Advanced Analytical techniques, Biochemistry, Immunology , Molecular Biology , Advanced Analytical techniques","Theory, Theory, Theory, Theory, Practical, Practical, Practical, Practical",Master of Science (Biotechnology),31031624010
varun.jaldi@somaiya.edu,Jaldi,Varun,Rajaram,1," Biochemistry , Immunology , Molecular Biology , Advanced Analytical techniques, Biochemistry, Immunology , Molecular Biology , Advanced Analytical techniques","Theory, Theory, Theory, Theory, Practical, Practical, Practical, Practical",Master of Science (Biotechnology),31031624011
madhur.joshi@somaiya.edu,Joshi,Madhur,Sunil,1," Biochemistry , Immunology , Molecular Biology , Advanced Analytical techniques, Biochemistry, Immunology , Molecular Biology , Advanced Analytical techniques","Theory, Theory, Theory, Theory, Practical, Practical, Practical, Practical",Master of Science (Biotechnology),31031624012
dnyaneshwari.bk@somaiya.edu,Kadam,Dnyaneshwari,Balu,1," Biochemistry , Immunology , Molecular Biology , Advanced Analytical techniques, Biochemistry, Immunology , Molecular Biology , Advanced Analytical techniques","Theory, Theory, Theory, Theory, Practical, Practical, Practical, Practical",Master of Science (Biotechnology),31031624013
shruti.mali@somaiya.edu,Mali,Shruti,Vijay,1," Biochemistry , Immunology , Molecular Biology , Advanced Analytical techniques, Biochemistry, Immunology , Molecular Biology , Advanced Analytical techniques","Theory, Theory, Theory, Theory, Practical, Practical, Practical, Practical",Master of Science (Biotechnology),31031624015
sanjyot.m@somaiya.edu,Malvankar,Sanjyot,Umesh,1," Biochemistry , Immunology , Molecular Biology , Advanced Analytical techniques, Biochemistry, Immunology , Molecular Biology , Advanced Analytical techniques","Theory, Theory, Theory, Theory, Practical, Practical, Practical, Practical",Master of Science (Biotechnology),31031624016
sanjana.mohata@somaiya.edu,Mohata,Sanjana,Rajendrakumar,1," Biochemistry , Immunology , Molecular Biology , Advanced Analytical techniques, Biochemistry, Immunology , Molecular Biology , Advanced Analytical techniques","Theory, Theory, Theory, Theory, Practical, Practical, Practical, Practical",Master of Science (Biotechnology),31031624017
purva.nishad@somaiya.edu,Nishad,Purva,Arvind,1," Biochemistry , Immunology , Molecular Biology , Advanced Analytical techniques, Biochemistry, Immunology , Molecular Biology , Advanced Analytical techniques","Theory, Theory, Theory, Theory, Practical, Practical, Practical, Practical",Master of Science (Biotechnology),31031624018
namita.p@somaiya.edu,Panchal,Namita,Rajesh,1," Biochemistry , Immunology , Molecular Biology , Advanced Analytical techniques, Biochemistry, Immunology , Molecular Biology , Advanced Analytical techniques","Theory, Theory, Theory, Theory, Practical, Practical, Practical, Practical",Master of Science (Biotechnology),31031624019
panchal.pa@somaiya.edu,Panchal,Priya,Arvind,1," Biochemistry , Immunology , Molecular Biology , Advanced Analytical techniques, Biochemistry, Immunology , Molecular Biology , Advanced Analytical techniques","Theory, Theory, Theory, Theory, Practical, Practical, Practical, Practical",Master of Science (Biotechnology),31031624020
jahnavi.panwar@somaiya.edu,Panwar,Jahnavi,Rakesh,1," Biochemistry , Immunology , Molecular Biology , Advanced Analytical techniques, Biochemistry, Immunology , Molecular Biology , Advanced Analytical techniques","Theory, Theory, Theory, Theory, Practical, Practical, Practical, Practical",Master of Science (Biotechnology),31031624021
sejal.p@somaiya.edu,Patil,Sejal,Jitendra,1," Biochemistry , Immunology , Molecular Biology , Advanced Analytical techniques, Biochemistry, Immunology , Molecular Biology , Advanced Analytical techniques","Theory, Theory, Theory, Theory, Practical, Practical, Practical, Practical",Master of Science (Biotechnology),31031624022
sneha.pote@somaiya.edu,Pote,Sneha,Sandeep,1," Biochemistry , Immunology , Molecular Biology , Advanced Analytical techniques, Biochemistry, Immunology , Molecular Biology , Advanced Analytical techniques","Theory, Theory, Theory, Theory, Practical, Practical, Practical, Practical",Master of Science (Biotechnology),31031624024
isha.raut@somaiya.edu,Raut,Isha,Dilesh,1," Biochemistry , Immunology , Molecular Biology , Advanced Analytical techniques, Biochemistry, Immunology , Molecular Biology , Advanced Analytical techniques","Theory, Theory, Theory, Theory, Practical, Practical, Practical, Practical",Master of Science (Biotechnology),31031624025
sanjana.sakpal@somaiya.edu,Sakpal,Sanjana,Mahesh,1," Biochemistry , Immunology , Molecular Biology , Advanced Analytical techniques, Biochemistry, Immunology , Molecular Biology , Advanced Analytical techniques","Theory, Theory, Theory, Theory, Practical, Practical, Practical, Practical",Master of Science (Biotechnology),31031624026
arya.sarang@somaiya.edu,Sarang,Arya,Narendra,1," Biochemistry , Immunology , Molecular Biology , Advanced Analytical techniques, Biochemistry, Immunology , Molecular Biology , Advanced Analytical techniques","Theory, Theory, Theory, Theory, Practical, Practical, Practical, Practical",Master of Science (Biotechnology),31031624027
soham.sathe@somaiya.edu,Sathe,Soham,Siddharth,1," Biochemistry , Immunology , Molecular Biology , Advanced Analytical techniques, Biochemistry, Immunology , Molecular Biology , Advanced Analytical techniques","Theory, Theory, Theory, Theory, Practical, Practical, Practical, Practical",Master of Science (Biotechnology),31031624028
yash.sawant2@somaiya.edu,Sawant,Yash,Sunil,1," Biochemistry , Immunology , Molecular Biology , Advanced Analytical techniques, Biochemistry, Immunology , Molecular Biology , Advanced Analytical techniques","Theory, Theory, Theory, Theory, Practical, Practical, Practical, Practical",Master of Science (Biotechnology),31031624029
dipesh.ds@somaiya.edu,Shinde,Dipesh,Digambar,1," Biochemistry , Immunology , Molecular Biology , Advanced Analytical techniques, Biochemistry, Immunology , Molecular Biology , Advanced Analytical techniques","Theory, Theory, Theory, Theory, Practical, Practical, Practical, Practical",Master of Science (Biotechnology),31031624030
aas21@somaiya.edu,Singh,Aditya,Ashok,1," Biochemistry , Immunology , Molecular Biology , Advanced Analytical techniques, Biochemistry, Immunology , Molecular Biology , Advanced Analytical techniques","Theory, Theory, Theory, Theory, Practical, Practical, Practical, Practical",Master of Science (Biotechnology),31031624031
yashika.s@somaiya.edu,Singh,Yashika,Dinanath,1," Biochemistry , Immunology , Molecular Biology , Advanced Analytical techniques, Biochemistry, Immunology , Molecular Biology , Advanced Analytical techniques","Theory, Theory, Theory, Theory, Practical, Practical, Practical, Practical",Master of Science (Biotechnology),31031624032
gaurav.amale@somaiya.edu,Amale,Gaurav,Atul,1,"Ecology and Biodiversity, Ecology and Biodiversity, Climate and Geology, Climate and Geology, Environmental Degradation , Environmental Degradation ","Theory, Tutorial, Theory, Tutorial, Theory, Tutorial",Master of Science (Environmental Studies),31031924001
aditi.bhogle@somaiya.edu,Bhogle,Aditi,Ashok,1,"Ecology and Biodiversity, Ecology and Biodiversity, Climate and Geology, Climate and Geology, Environmental Degradation , Environmental Degradation ","Theory, Tutorial, Theory, Tutorial, Theory, Tutorial",Master of Science (Environmental Studies),31031924002
keshav.kunj@somaiya.edu,Dattaroy,Maitreya,Tomal,1,"Ecology and Biodiversity, Ecology and Biodiversity, Climate and Geology, Climate and Geology, Environmental Degradation , Environmental Degradation ","Theory, Tutorial, Theory, Tutorial, Theory, Tutorial",Master of Science (Environmental Studies),31031924003
vaibhavi.dhurve@somaiya.edu,Dhurve,Vaibhavi,Sunil,1,"Ecology and Biodiversity, Ecology and Biodiversity, Climate and Geology, Climate and Geology, Environmental Degradation , Environmental Degradation ","Theory, Tutorial, Theory, Tutorial, Theory, Tutorial",Master of Science (Environmental Studies),31031924004
alina.gala@somaiya.edu,Gala,Alina,Ketan,1,"Ecology and Biodiversity, Ecology and Biodiversity, Climate and Geology, Climate and Geology, Environmental Degradation , Environmental Degradation ","Theory, Tutorial, Theory, Tutorial, Theory, Tutorial",Master of Science (Environmental Studies),31031924005
d.ghodmare@somaiya.edu,Ghodmare,Devendra,Rajkumar,1,"Ecology and Biodiversity, Ecology and Biodiversity, Climate and Geology, Climate and Geology, Environmental Degradation , Environmental Degradation ","Theory, Tutorial, Theory, Tutorial, Theory, Tutorial",Master of Science (Environmental Studies),31031924006
janhavi.aj@somaiya.edu,Jadhav,Janhavi,Anil,1,"Ecology and Biodiversity, Ecology and Biodiversity, Climate and Geology, Climate and Geology, Environmental Degradation , Environmental Degradation ","Theory, Tutorial, Theory, Tutorial, Theory, Tutorial",Master of Science (Environmental Studies),31031924007
sharayu.k@somaiya.edu,Kadam,Sharayu,Naina,1,"Ecology and Biodiversity, Ecology and Biodiversity, Climate and Geology, Climate and Geology, Environmental Degradation , Environmental Degradation ","Theory, Tutorial, Theory, Tutorial, Theory, Tutorial",Master of Science (Environmental Studies),31031924008
mandar.kadwe@somaiya.edu,Kadwe,Mandar,Narendra,1,"Ecology and Biodiversity, Ecology and Biodiversity, Climate and Geology, Climate and Geology, Environmental Degradation , Environmental Degradation ","Theory, Tutorial, Theory, Tutorial, Theory, Tutorial",Master of Science (Environmental Studies),31031924009
b.mahadeshwar@somaiya.edu,Mahadeshwar,Bhakti,Manoj,1,"Ecology and Biodiversity, Ecology and Biodiversity, Climate and Geology, Climate and Geology, Environmental Degradation , Environmental Degradation ","Theory, Tutorial, Theory, Tutorial, Theory, Tutorial",Master of Science (Environmental Studies),31031924010
anupkumar.m@somaiya.edu,Mourya,Anup,Kumar,1,"Ecology and Biodiversity, Ecology and Biodiversity, Climate and Geology, Climate and Geology, Environmental Degradation , Environmental Degradation ","Theory, Tutorial, Theory, Tutorial, Theory, Tutorial",Master of Science (Environmental Studies),31031924011
bhanumathi.n@somaiya.edu,Nadar,Bhanumathi,Chellapandi,1,"Ecology and Biodiversity, Ecology and Biodiversity, Climate and Geology, Climate and Geology, Environmental Degradation , Environmental Degradation ","Theory, Tutorial, Theory, Tutorial, Theory, Tutorial",Master of Science (Environmental Studies),31031924012
himanshu.p@somaiya.edu,Parab,Himanshu,Kishor,1,"Ecology and Biodiversity, Ecology and Biodiversity, Climate and Geology, Climate and Geology, Environmental Degradation , Environmental Degradation ","Theory, Tutorial, Theory, Tutorial, Theory, Tutorial",Master of Science (Environmental Studies),31031924013
ganesh.ramdas@somaiya.edu,Ramdas,Ganesh,Vasudevan,1,"Ecology and Biodiversity, Ecology and Biodiversity, Climate and Geology, Climate and Geology, Environmental Degradation , Environmental Degradation ","Theory, Tutorial, Theory, Tutorial, Theory, Tutorial",Master of Science (Environmental Studies),31031924014
akanksha.sawant@somaiya.edu,Sawant,Akanksha,Yogesh,1,"Ecology and Biodiversity, Ecology and Biodiversity, Climate and Geology, Climate and Geology, Environmental Degradation , Environmental Degradation ","Theory, Tutorial, Theory, Tutorial, Theory, Tutorial",Master of Science (Environmental Studies),31031924015
dakshali.s@somaiya.edu,Sawant,Dakshali,Arjun,1,"Ecology and Biodiversity, Ecology and Biodiversity, Climate and Geology, Climate and Geology, Environmental Degradation , Environmental Degradation ","Theory, Tutorial, Theory, Tutorial, Theory, Tutorial",Master of Science (Environmental Studies),31031924016
srujani.w@somaiya.edu,Walavalkar,Srujani,Vidyadhar,1,"Ecology and Biodiversity, Ecology and Biodiversity, Climate and Geology, Climate and Geology, Environmental Degradation , Environmental Degradation ","Theory, Tutorial, Theory, Tutorial, Theory, Tutorial",Master of Science (Environmental Studies),31031924017
ajinkya.dp@somaiya.edu,Patil,Ajinkya,Dhananjay,1,"Algebra I, Algebra I, Linear Algebra, Linear Algebra, SageMath, Probability and Statistics using R, Probability and Statistics using R, Research Methodology, Research Methodology","Theory, Tutorial, Theory, Tutorial, Practical, Theory, Practical, Theory, Tutorial",Master of Science (Mathematics),31031723002
k.rukhiyana@somaiya.edu,Rukhiyana,Kashish,Kirit,1,"Algebra I, Algebra I, Linear Algebra, Linear Algebra, SageMath, Probability and Statistics using R, Probability and Statistics using R, Research Methodology, Research Methodology","Theory, Tutorial, Theory, Tutorial, Practical, Theory, Practical, Theory, Tutorial",Master of Science (Mathematics),31031723005
shraddha.rg@somaiya.edu,Gupta,Shraddha,Rajendra,1,"Algebra I, Algebra I, Linear Algebra, Linear Algebra, SageMath, Probability and Statistics using R, Probability and Statistics using R, Research Methodology, Research Methodology","Theory, Tutorial, Theory, Tutorial, Practical, Theory, Practical, Theory, Tutorial",Master of Science (Mathematics),31031724001
akshat.mehta1@somaiya.edu,Mehta,Akshat,Hiren,1,"Algebra I, Algebra I, Linear Algebra, Linear Algebra, SageMath, Probability and Statistics using R, Probability and Statistics using R, Research Methodology, Research Methodology","Theory, Tutorial, Theory, Tutorial, Practical, Theory, Practical, Theory, Tutorial",Master of Science (Mathematics),31031724002
sonam.m@somaiya.edu,Mishra,Sonam,Abhay,1,"Algebra I, Algebra I, Linear Algebra, Linear Algebra, SageMath, Probability and Statistics using R, Probability and Statistics using R, Research Methodology, Research Methodology","Theory, Tutorial, Theory, Tutorial, Practical, Theory, Practical, Theory, Tutorial",Master of Science (Mathematics),31031724003
sameer.q@somaiya.edu,Qureshi,Sameer,Javed,1,"Algebra I, Algebra I, Linear Algebra, Linear Algebra, SageMath, Probability and Statistics using R, Probability and Statistics using R, Research Methodology, Research Methodology","Theory, Tutorial, Theory, Tutorial, Practical, Theory, Practical, Theory, Tutorial",Master of Science (Mathematics),31031724004
ashwin.raghuram@somaiya.edu,Raghuram,Ashwin,Kumar,1,"Algebra I, Algebra I, Linear Algebra, Linear Algebra, SageMath, Probability and Statistics using R, Probability and Statistics using R, Research Methodology, Research Methodology","Theory, Tutorial, Theory, Tutorial, Practical, Theory, Practical, Theory, Tutorial",Master of Science (Mathematics),31031724005
drashti.rajani@somaiya.edu,Rajani,Drashti,Milapbhai,1,"Algebra I, Algebra I, Linear Algebra, Linear Algebra, SageMath, Probability and Statistics using R, Probability and Statistics using R, Research Methodology, Research Methodology","Theory, Tutorial, Theory, Tutorial, Practical, Theory, Practical, Theory, Tutorial",Master of Science (Mathematics),31031724006
mohdadil.s@somaiya.edu,Shaikh,Mohdadil,Mohdsharif,1,"Algebra I, Algebra I, Linear Algebra, Linear Algebra, SageMath, Probability and Statistics using R, Probability and Statistics using R, Research Methodology, Research Methodology","Theory, Tutorial, Theory, Tutorial, Practical, Theory, Practical, Theory, Tutorial",Master of Science (Mathematics),31031724007
shalu.singh@somaiya.edu,Singh,Shalu,Sanjay,1,"Algebra I, Algebra I, Linear Algebra, Linear Algebra, SageMath, Probability and Statistics using R, Probability and Statistics using R, Research Methodology, Research Methodology","Theory, Tutorial, Theory, Tutorial, Practical, Theory, Practical, Theory, Tutorial",Master of Science (Mathematics),31031724009
mugdha.tembe@somaiya.edu,Tembe,Mugdha,Dinesh,1,"Algebra I, Algebra I, Linear Algebra, Linear Algebra, SageMath, Probability and Statistics using R, Probability and Statistics using R, Research Methodology, Research Methodology","Theory, Tutorial, Theory, Tutorial, Practical, Theory, Practical, Theory, Tutorial",Master of Science (Mathematics),31031724010
vaidyanath.gt@somaiya.edu,Tiwari,Vaidyanath,Gyanpraksh,1,"Algebra I, Algebra I, Linear Algebra, Linear Algebra, SageMath, Probability and Statistics using R, Probability and Statistics using R, Research Methodology, Research Methodology","Theory, Tutorial, Theory, Tutorial, Practical, Theory, Practical, Theory, Tutorial",Master of Science (Mathematics),31031724011
sunny.sv@somaiya.edu,Varma,Sunny,Satish,1,"Algebra I, Algebra I, Linear Algebra, Linear Algebra, SageMath, Probability and Statistics using R, Probability and Statistics using R, Research Methodology, Research Methodology","Theory, Tutorial, Theory, Tutorial, Practical, Theory, Practical, Theory, Tutorial",Master of Science (Mathematics),31031724012
mankirat.b@somaiya.edu,Bagga,Mankirat,Kaur,1,"Characterization of Food and Nutraceuticals, Characterization of Food and Nutraceuticals, Nutraceuticals, Nutraceuticals, Nutrigenomics_ biostatistics and bioinformatics, Nutrigenomics_ biostatistics and bioinformatics, Spectroscopy, Spectroscopy","Theory, Practical, Theory, Practical, Theory, Practical, Theory, Practical",Master of Science (Nutraceuticals),31032024001
pankaj.chavan@somaiya.edu,Chavan,Pankaj,Yogesh,1,"Characterization of Food and Nutraceuticals, Characterization of Food and Nutraceuticals, Nutraceuticals, Nutraceuticals, Nutrigenomics_ biostatistics and bioinformatics, Nutrigenomics_ biostatistics and bioinformatics, Spectroscopy, Spectroscopy","Theory, Practical, Theory, Practical, Theory, Practical, Theory, Practical",Master of Science (Nutraceuticals),31032024002
nehanaresh.d@somaiya.edu,Dedhia,Neha,Naresh,1,"Characterization of Food and Nutraceuticals, Characterization of Food and Nutraceuticals, Nutraceuticals, Nutraceuticals, Nutrigenomics_ biostatistics and bioinformatics, Nutrigenomics_ biostatistics and bioinformatics, Spectroscopy, Spectroscopy","Theory, Practical, Theory, Practical, Theory, Practical, Theory, Practical",Master of Science (Nutraceuticals),31032024003
divya.deshmukh@somaiya.edu,Deshmukh,Divya,Sachin,1,"Characterization of Food and Nutraceuticals, Characterization of Food and Nutraceuticals, Nutraceuticals, Nutraceuticals, Nutrigenomics_ biostatistics and bioinformatics, Nutrigenomics_ biostatistics and bioinformatics, Spectroscopy, Spectroscopy","Theory, Practical, Theory, Practical, Theory, Practical, Theory, Practical",Master of Science (Nutraceuticals),31032024004
tanvi.dhenge@somaiya.edu,Dhenge,Tanvi,Shirish,1,"Characterization of Food and Nutraceuticals, Characterization of Food and Nutraceuticals, Nutraceuticals, Nutraceuticals, Nutrigenomics_ biostatistics and bioinformatics, Nutrigenomics_ biostatistics and bioinformatics, Spectroscopy, Spectroscopy","Theory, Practical, Theory, Practical, Theory, Practical, Theory, Practical",Master of Science (Nutraceuticals),31032024005
het.gala@somaiya.edu,Gala,Het,Narendra,1,"Characterization of Food and Nutraceuticals, Characterization of Food and Nutraceuticals, Nutraceuticals, Nutraceuticals, Nutrigenomics_ biostatistics and bioinformatics, Nutrigenomics_ biostatistics and bioinformatics, Spectroscopy, Spectroscopy","Theory, Practical, Theory, Practical, Theory, Practical, Theory, Practical",Master of Science (Nutraceuticals),31032024006
shravani.jagtap@somaiya.edu,Jagtap,Shravani,Shriniwas,1,"Characterization of Food and Nutraceuticals, Characterization of Food and Nutraceuticals, Nutraceuticals, Nutraceuticals, Nutrigenomics_ biostatistics and bioinformatics, Nutrigenomics_ biostatistics and bioinformatics, Spectroscopy, Spectroscopy","Theory, Practical, Theory, Practical, Theory, Practical, Theory, Practical",Master of Science (Nutraceuticals),31032024007
mahek.jodhavat@somaiya.edu,Jodhavat,Mahek,Dinesh,1,"Characterization of Food and Nutraceuticals, Characterization of Food and Nutraceuticals, Nutraceuticals, Nutraceuticals, Nutrigenomics_ biostatistics and bioinformatics, Nutrigenomics_ biostatistics and bioinformatics, Spectroscopy, Spectroscopy","Theory, Practical, Theory, Practical, Theory, Practical, Theory, Practical",Master of Science (Nutraceuticals),31032024008
saniya.sk@somaiya.edu,Khan,Saniya,Shamim,1,"Characterization of Food and Nutraceuticals, Characterization of Food and Nutraceuticals, Nutraceuticals, Nutraceuticals, Nutrigenomics_ biostatistics and bioinformatics, Nutrigenomics_ biostatistics and bioinformatics, Spectroscopy, Spectroscopy","Theory, Practical, Theory, Practical, Theory, Practical, Theory, Practical",Master of Science (Nutraceuticals),31032024010
zoya.jk@somaiya.edu,Khan,Zoya,Javed,1,"Characterization of Food and Nutraceuticals, Characterization of Food and Nutraceuticals, Nutraceuticals, Nutraceuticals, Nutrigenomics_ biostatistics and bioinformatics, Nutrigenomics_ biostatistics and bioinformatics, Spectroscopy, Spectroscopy","Theory, Practical, Theory, Practical, Theory, Practical, Theory, Practical",Master of Science (Nutraceuticals),31032024011
sakshi.khole@somaiya.edu,Khole,Sakshi,Dinesh,1,"Characterization of Food and Nutraceuticals, Characterization of Food and Nutraceuticals, Nutraceuticals, Nutraceuticals, Nutrigenomics_ biostatistics and bioinformatics, Nutrigenomics_ biostatistics and bioinformatics, Spectroscopy, Spectroscopy","Theory, Practical, Theory, Practical, Theory, Practical, Theory, Practical",Master of Science (Nutraceuticals),31032024012
simran.nn@somaiya.edu,Naik,Simran,Nilesh,1,"Characterization of Food and Nutraceuticals, Characterization of Food and Nutraceuticals, Nutraceuticals, Nutraceuticals, Nutrigenomics_ biostatistics and bioinformatics, Nutrigenomics_ biostatistics and bioinformatics, Spectroscopy, Spectroscopy","Theory, Practical, Theory, Practical, Theory, Practical, Theory, Practical",Master of Science (Nutraceuticals),31032024013
purva.nalawade@somaiya.edu,Nalawade,Purva,Anil,1,"Characterization of Food and Nutraceuticals, Characterization of Food and Nutraceuticals, Nutraceuticals, Nutraceuticals, Nutrigenomics_ biostatistics and bioinformatics, Nutrigenomics_ biostatistics and bioinformatics, Spectroscopy, Spectroscopy","Theory, Practical, Theory, Practical, Theory, Practical, Theory, Practical",Master of Science (Nutraceuticals),31032024014
aakanksha.padwal@somaiya.edu,Padwal,Aakanksha,Suresh,1,"Characterization of Food and Nutraceuticals, Characterization of Food and Nutraceuticals, Nutraceuticals, Nutraceuticals, Nutrigenomics_ biostatistics and bioinformatics, Nutrigenomics_ biostatistics and bioinformatics, Spectroscopy, Spectroscopy","Theory, Practical, Theory, Practical, Theory, Practical, Theory, Practical",Master of Science (Nutraceuticals),31032024016
somaiya.p@somaiya.edu,Pawane,Somaiya,Moosa,1,"Characterization of Food and Nutraceuticals, Characterization of Food and Nutraceuticals, Nutraceuticals, Nutraceuticals, Nutrigenomics_ biostatistics and bioinformatics, Nutrigenomics_ biostatistics and bioinformatics, Spectroscopy, Spectroscopy","Theory, Practical, Theory, Practical, Theory, Practical, Theory, Practical",Master of Science (Nutraceuticals),31032024017
khushi.samanta@somaiya.edu,Samanta,Khushi,Nabakumar,1,"Characterization of Food and Nutraceuticals, Characterization of Food and Nutraceuticals, Nutraceuticals, Nutraceuticals, Nutrigenomics_ biostatistics and bioinformatics, Nutrigenomics_ biostatistics and bioinformatics, Spectroscopy, Spectroscopy","Theory, Practical, Theory, Practical, Theory, Practical, Theory, Practical",Master of Science (Nutraceuticals),31032024018
rohini.salunkhe@somaiya.edu,Salunkhe,Rohini,Kantilal,1,"Theory of Estimation, Theory of Estimation, Linear Models , Linear Models , Statistical Computing using R and Python, Statistical Computing using R and Python, Research Methodology I, Sampling Techniques, Sampling Techniques","Theory, Practical, Theory, Practical, Theory, Practical, Theory, Theory, Practical",Master of Science (Statistics),31031823020
durvesh.ghanekar@somaiya.edu,Ghanekar,Durvesh,Satish,1,"Theory of Estimation, Theory of Estimation, Linear Models , Linear Models , Statistical Computing using R and Python, Statistical Computing using R and Python, Research Methodology I, Sampling Techniques, Sampling Techniques","Theory, Practical, Theory, Practical, Theory, Practical, Theory, Theory, Practical",Master of Science (Statistics),31031824001
angelmary.j@somaiya.edu,John,Samuel,Angel,1,"Theory of Estimation, Theory of Estimation, Linear Models , Linear Models , Statistical Computing using R and Python, Statistical Computing using R and Python, Research Methodology I, Sampling Techniques, Sampling Techniques","Theory, Practical, Theory, Practical, Theory, Practical, Theory, Theory, Practical",Master of Science (Statistics),31031824002
kamble.ss@somaiya.edu,Kamble,Sneha,Shamrao,1,"Theory of Estimation, Theory of Estimation, Linear Models , Linear Models , Statistical Computing using R and Python, Statistical Computing using R and Python, Research Methodology I, Sampling Techniques, Sampling Techniques","Theory, Practical, Theory, Practical, Theory, Practical, Theory, Theory, Practical",Master of Science (Statistics),31031824003
mayuri.katre@somaiya.edu,Katre,Mayuri,Aagand,1,"Theory of Estimation, Theory of Estimation, Linear Models , Linear Models , Statistical Computing using R and Python, Statistical Computing using R and Python, Research Methodology I, Sampling Techniques, Sampling Techniques","Theory, Practical, Theory, Practical, Theory, Practical, Theory, Theory, Practical",Master of Science (Statistics),31031824004
vedant.dn@somaiya.edu,Naik,Vedant,Damodar,1,"Theory of Estimation, Theory of Estimation, Linear Models , Linear Models , Statistical Computing using R and Python, Statistical Computing using R and Python, Research Methodology I, Sampling Techniques, Sampling Techniques","Theory, Practical, Theory, Practical, Theory, Practical, Theory, Theory, Practical",Master of Science (Statistics),31031824005
pranali26@somaiya.edu,Patil,Pranali,Shailesh,1,"Theory of Estimation, Theory of Estimation, Linear Models , Linear Models , Statistical Computing using R and Python, Statistical Computing using R and Python, Research Methodology I, Sampling Techniques, Sampling Techniques","Theory, Practical, Theory, Practical, Theory, Practical, Theory, Theory, Practical",Master of Science (Statistics),31031824008
naresh.sala@somaiya.edu,Sala,Naresh,Laxman,1,"Theory of Estimation, Theory of Estimation, Linear Models , Linear Models , Statistical Computing using R and Python, Statistical Computing using R and Python, Research Methodology I, Sampling Techniques, Sampling Techniques","Theory, Practical, Theory, Practical, Theory, Practical, Theory, Theory, Practical",Master of Science (Statistics),31031824009
salunkhe.t@somaiya.edu,Salunkhe,Tanvi,Sandip,1,"Theory of Estimation, Theory of Estimation, Linear Models , Linear Models , Statistical Computing using R and Python, Statistical Computing using R and Python, Research Methodology I, Sampling Techniques, Sampling Techniques","Theory, Practical, Theory, Practical, Theory, Practical, Theory, Theory, Practical",Master of Science (Statistics),31031824010
sakshi.singh7@somaiya.edu,Singh,Sakshi,Kawlesh,1,"Theory of Estimation, Theory of Estimation, Linear Models , Linear Models , Statistical Computing using R and Python, Statistical Computing using R and Python, Research Methodology I, Sampling Techniques, Sampling Techniques","Theory, Practical, Theory, Practical, Theory, Practical, Theory, Theory, Practical",Master of Science (Statistics),31031824012
rahul.thachilath@somaiya.edu,Thachilath,Rahul,Gopalakrishnan,1,"Theory of Estimation, Theory of Estimation, Linear Models , Linear Models , Statistical Computing using R and Python, Statistical Computing using R and Python, Research Methodology I, Sampling Techniques, Sampling Techniques","Theory, Practical, Theory, Practical, Theory, Practical, Theory, Theory, Practical",Master of Science (Statistics),31031824013
disha.borse@somaiya.edu,Borse,Disha,NULL,1,"Fundamentals of Mass Communication, Minor- Creative Writing, Visual Communication, Contemporary Issues, Contemporary Issues , Constitution and Public Policy, Language Skills in Media","Theory, Theory, Theory, Theory, Theory, Theory, Theory",Bachelor of Arts (Mass Communication & Journalism),31010824004
abhishri.c@somaiya.edu,Chaturvedi,Abhishri,NULL,1,"Fundamentals of Mass Communication, Minor- Creative Writing, Visual Communication, Contemporary Issues, Contemporary Issues , Constitution and Public Policy, Language Skills in Media","Theory, Theory, Theory, Theory, Theory, Theory, Theory",Bachelor of Arts (Mass Communication & Journalism),31010824007
sunaina.guha@somaiya.edu,Guha,Sunaina,NULL,1,"Fundamentals of Mass Communication, Minor- Creative Writing, Visual Communication, Contemporary Issues, Contemporary Issues , Constitution and Public Policy, Language Skills in Media","Theory, Theory, Theory, Theory, Theory, Theory, Theory",Bachelor of Arts (Mass Communication & Journalism),31010824014
navya.gupta@somaiya.edu,Gupta,Navya,NULL,1,"Fundamentals of Mass Communication, Minor- Creative Writing, Visual Communication, Contemporary Issues, Contemporary Issues , Constitution and Public Policy, Language Skills in Media","Theory, Theory, Theory, Theory, Theory, Theory, Theory",Bachelor of Arts (Mass Communication & Journalism),31010824016
prianjali.h@somaiya.edu,Hada,Prianjali,NULL,1,"Fundamentals of Mass Communication, Minor- Creative Writing, Visual Communication, Contemporary Issues, Contemporary Issues , Constitution and Public Policy, Language Skills in Media","Theory, Theory, Theory, Theory, Theory, Theory, Theory",Bachelor of Arts (Mass Communication & Journalism),31010824017
shlok08@somaiya.edu,Shetty,Shlok,NULL,1,"Fundamentals of Mass Communication, Minor- Creative Writing, Visual Communication, Contemporary Issues, Contemporary Issues , Constitution and Public Policy, Language Skills in Media","Theory, Theory, Theory, Theory, Theory, Theory, Theory",Bachelor of Arts (Mass Communication & Journalism),31010824045
maahira.s@somaiya.edu,Shoree,Maahira,NULL,1,"Fundamentals of Mass Communication, Minor- Creative Writing, Visual Communication, Contemporary Issues, Contemporary Issues , Constitution and Public Policy, Language Skills in Media","Theory, Theory, Theory, Theory, Theory, Theory, Theory",Bachelor of Arts (Mass Communication & Journalism),31010824048
aishwarya.vinod@somaiya.edu,Vinod,Aishwarya,NULL,1,"Fundamentals of Mass Communication, Minor- Creative Writing, Visual Communication, Contemporary Issues, Contemporary Issues , Constitution and Public Policy, Language Skills in Media","Theory, Theory, Theory, Theory, Theory, Theory, Theory",Bachelor of Arts (Mass Communication & Journalism),31010824052
shashank.rawat@somaiya.edu,Rawat,Shashank,NULL,1,"Fundamentals of Mass Communication, Minor- Creative Writing, Visual Communication, Contemporary Issues, Contemporary Issues , Constitution and Public Policy, Language Skills in Media","Theory, Theory, Theory, Theory, Theory, Theory, Theory",Bachelor of Arts (Mass Communication & Journalism),31010824056
jhanvi.swarup@somaiya.edu,Swarup,Jhanvi,NULL,1,"Fundamentals of Mass Communication, Minor- Creative Writing, Visual Communication, Contemporary Issues, Contemporary Issues , Constitution and Public Policy, Language Skills in Media","Theory, Theory, Theory, Theory, Theory, Theory, Theory",Bachelor of Arts (Mass Communication & Journalism),31010824060
abhinav.dutt@somaiya.edu,Dutt,Abhinav,NULL,3,"Public Relations and Corporate Communication, Creative Writing, Film Studies, Ethical Practices in Media","Theory, Theory, Theory, Theory",Bachelor of Arts (Mass Communication & Journalism),31010823005
ashfee.khan@somaiya.edu,Khan,Ashfee,NULL,3,"Public Relations and Corporate Communication, Creative Writing, Film Studies, Ethical Practices in Media","Theory, Theory, Theory, Theory",Bachelor of Arts (Mass Communication & Journalism),31010823020
pranav.kulkarni@somaiya.edu,Kulkarni,Pranav,NULL,3,"Public Relations and Corporate Communication, Creative Writing, Film Studies, Ethical Practices in Media","Theory, Theory, Theory, Theory",Bachelor of Arts (Mass Communication & Journalism),31010823023
rutuja.more@somaiya.edu,More,Rutuja,NULL,3,"Public Relations and Corporate Communication, Creative Writing, Film Studies, Ethical Practices in Media","Theory, Theory, Theory, Theory",Bachelor of Arts (Mass Communication & Journalism),31010823029
prajapati.s@somaiya.edu,Prajapati,Sheetal,NULL,3,"Public Relations and Corporate Communication, Creative Writing, Film Studies, Ethical Practices in Media","Theory, Theory, Theory, Theory",Bachelor of Arts (Mass Communication & Journalism),31010823036
aishwrya.s@somaiya.edu,Singh,Aishwrya,NULL,3,"Public Relations and Corporate Communication, Creative Writing, Film Studies, Ethical Practices in Media","Theory, Theory, Theory, Theory",Bachelor of Arts (Mass Communication & Journalism),31010823050
seeya.s@somaiya.edu,Somaiya,Seeya,NULL,3,"Public Relations and Corporate Communication, Creative Writing, Film Studies, Ethical Practices in Media","Theory, Theory, Theory, Theory",Bachelor of Arts (Mass Communication & Journalism),31010823053
sambhavi.t@somaiya.edu,Tewari,Sambhavi,NULL,3,"Public Relations and Corporate Communication, Creative Writing, Film Studies, Ethical Practices in Media","Theory, Theory, Theory, Theory",Bachelor of Arts (Mass Communication & Journalism),31010823055
debarjya.m@somaiya.edu,Mazumder,Debarjya,NULL,3,"Public Relations and Corporate Communication, Creative Writing, Film Studies, Ethical Practices in Media","Theory, Theory, Theory, Theory",Bachelor of Arts (Mass Communication & Journalism),31010823072
shivam.singh3@somaiya.edu,Singh,Shivam,NULL,3,"Public Relations and Corporate Communication, Creative Writing, Film Studies, Ethical Practices in Media","Theory, Theory, Theory, Theory",Bachelor of Arts (Mass Communication & Journalism),31010823075
pooja.a@somaiya.edu,Anand,Pooja,NULL,5,"Advertising Design, Consumer Behaviour, Professional Ethics","Theory, Theory, Theory",Bachelor of Arts (Mass Communication & Journalism),31010822003
tejaswini.g@somaiya.edu,Gannavarapu,Tejaswini,NULL,5,"Advertising Design, Consumer Behaviour, Professional Ethics","Theory, Theory, Theory",Bachelor of Arts (Mass Communication & Journalism),31010822019
piya26@somaiya.edu,Jain,Piya,NULL,5,"Advertising Design, Consumer Behaviour, Professional Ethics","Theory, Theory, Theory",Bachelor of Arts (Mass Communication & Journalism),31010822027
devna.p@somaiya.edu,Padmakumar,Devna,NULL,5,"Advertising Design, Consumer Behaviour, Professional Ethics","Theory, Theory, Theory",Bachelor of Arts (Mass Communication & Journalism),31010822037
arin.parab@somaiya.edu,Parab,Arin,NULL,5,"Advertising Design, Consumer Behaviour, Professional Ethics","Theory, Theory, Theory",Bachelor of Arts (Mass Communication & Journalism),31010822042
anushka.r@somaiya.edu,Rathod,Anushka,NULL,5,"Advertising Design, Consumer Behaviour, Professional Ethics","Theory, Theory, Theory",Bachelor of Arts (Mass Communication & Journalism),31010822053
a.satyarthi@somaiya.edu,Satyarthi,Aayushi,NULL,5,"Advertising Design, Consumer Behaviour, Professional Ethics","Theory, Theory, Theory",Bachelor of Arts (Mass Communication & Journalism),31010822055
k.tadipatri@somaiya.edu,Tadipatri,Kaustubh,NULL,5,"Advertising Design, Consumer Behaviour, Professional Ethics","Theory, Theory, Theory",Bachelor of Arts (Mass Communication & Journalism),31010822069
priyanshi.kar@somaiya.edu,Kar,Priyanshi,NULL,3,"Strategic Management, Consumer Behaviour and Consumer Insights, Sales and Distribution Management , Management Accounting, Technical Analysis of Financial Markets, Human Resource Accounting and Compensation Management, Human resource development, German, French, Spanish , Professional communication  Skill III -, Event  management","Theory, Theory, Theory, Theory, Theory, Theory, Theory, Theory, Theory, Theory, Theory, Theory",Bachelor of Business Administration,31010723001
viti.khosla@somaiya.edu,Khosla,Viti,NULL,3,"Strategic Management, Consumer Behaviour and Consumer Insights, Sales and Distribution Management , Management Accounting, Technical Analysis of Financial Markets, Human Resource Accounting and Compensation Management, Human resource development, German, French, Spanish , Professional communication  Skill III -, Event  management","Theory, Theory, Theory, Theory, Theory, Theory, Theory, Theory, Theory, Theory, Theory, Theory",Bachelor of Business Administration,31010723002
sukriti.v@somaiya.edu,Vajpeyee,Sukriti,NULL,3,"Strategic Management, Consumer Behaviour and Consumer Insights, Sales and Distribution Management , Management Accounting, Technical Analysis of Financial Markets, Human Resource Accounting and Compensation Management, Human resource development, German, French, Spanish , Professional communication  Skill III -, Event  management","Theory, Theory, Theory, Theory, Theory, Theory, Theory, Theory, Theory, Theory, Theory, Theory",Bachelor of Business Administration,31010723015
vainavi.j@somaiya.edu,Jakhia,Vainavi,NULL,3,"Strategic Management, Consumer Behaviour and Consumer Insights, Sales and Distribution Management , Management Accounting, Technical Analysis of Financial Markets, Human Resource Accounting and Compensation Management, Human resource development, German, French, Spanish , Professional communication  Skill III -, Event  management","Theory, Theory, Theory, Theory, Theory, Theory, Theory, Theory, Theory, Theory, Theory, Theory",Bachelor of Business Administration,31010723026
joan.jojy@somaiya.edu,Jojy,Joan,NULL,3,"Strategic Management, Consumer Behaviour and Consumer Insights, Sales and Distribution Management , Management Accounting, Technical Analysis of Financial Markets, Human Resource Accounting and Compensation Management, Human resource development, German, French, Spanish , Professional communication  Skill III -, Event  management","Theory, Theory, Theory, Theory, Theory, Theory, Theory, Theory, Theory, Theory, Theory, Theory",Bachelor of Business Administration,31010723027
aashi.m@somaiya.edu,Madiyar,Aashi,NULL,3,"Strategic Management, Consumer Behaviour and Consumer Insights, Sales and Distribution Management , Management Accounting, Technical Analysis of Financial Markets, Human Resource Accounting and Compensation Management, Human resource development, German, French, Spanish , Professional communication  Skill III -, Event  management","Theory, Theory, Theory, Theory, Theory, Theory, Theory, Theory, Theory, Theory, Theory, Theory",Bachelor of Business Administration,31010723035
im@somaiya.edu,Mehta,Ishika,NULL,3,"Strategic Management, Consumer Behaviour and Consumer Insights, Sales and Distribution Management , Management Accounting, Technical Analysis of Financial Markets, Human Resource Accounting and Compensation Management, Human resource development, German, French, Spanish , Professional communication  Skill III -, Event  management","Theory, Theory, Theory, Theory, Theory, Theory, Theory, Theory, Theory, Theory, Theory, Theory",Bachelor of Business Administration,31010723039
gayathri.menon@somaiya.edu,Menon,Gayathri,NULL,3,"Strategic Management, Consumer Behaviour and Consumer Insights, Sales and Distribution Management , Management Accounting, Technical Analysis of Financial Markets, Human Resource Accounting and Compensation Management, Human resource development, German, French, Spanish , Professional communication  Skill III -, Event  management","Theory, Theory, Theory, Theory, Theory, Theory, Theory, Theory, Theory, Theory, Theory, Theory",Bachelor of Business Administration,31010723042
anubhav.saha@somaiya.edu,Saha,Anubhav,NULL,3,"Strategic Management, Consumer Behaviour and Consumer Insights, Sales and Distribution Management , Management Accounting, Technical Analysis of Financial Markets, Human Resource Accounting and Compensation Management, Human resource development, German, French, Spanish , Professional communication  Skill III -, Event  management","Theory, Theory, Theory, Theory, Theory, Theory, Theory, Theory, Theory, Theory, Theory, Theory",Bachelor of Business Administration,31010723046
shreeya.wankhede@somaiya.edu,Wankhede,Shreeya,NULL,3,"Strategic Management, Consumer Behaviour and Consumer Insights, Sales and Distribution Management , Management Accounting, Technical Analysis of Financial Markets, Human Resource Accounting and Compensation Management, Human resource development, German, French, Spanish , Professional communication  Skill III -, Event  management","Theory, Theory, Theory, Theory, Theory, Theory, Theory, Theory, Theory, Theory, Theory, Theory",Bachelor of Business Administration,31010723054
aryan.anand@somaiya.edu,Anand,Aryan,NULL,3,"Strategic Management, Consumer Behaviour and Consumer Insights, Sales and Distribution Management , Management Accounting, Technical Analysis of Financial Markets, Human Resource Accounting and Compensation Management, Human resource development, German, French, Spanish , Professional communication  Skill III -, Event  management","Theory, Theory, Theory, Theory, Theory, Theory, Theory, Theory, Theory, Theory, Theory, Theory",Bachelor of Business Administration,31010723055
shifa.chawdhary@somaiya.edu,Chawdhary,Shifa,NULL,3,"Strategic Management, Consumer Behaviour and Consumer Insights, Sales and Distribution Management , Management Accounting, Technical Analysis of Financial Markets, Human Resource Accounting and Compensation Management, Human resource development, German, French, Spanish , Professional communication  Skill III -, Event  management","Theory, Theory, Theory, Theory, Theory, Theory, Theory, Theory, Theory, Theory, Theory, Theory",Bachelor of Business Administration,31010723063
dipanshu.g@somaiya.edu,Ghosh,Dipanshu,NULL,3,"Strategic Management, Consumer Behaviour and Consumer Insights, Sales and Distribution Management , Management Accounting, Technical Analysis of Financial Markets, Human Resource Accounting and Compensation Management, Human resource development, German, French, Spanish , Professional communication  Skill III -, Event  management","Theory, Theory, Theory, Theory, Theory, Theory, Theory, Theory, Theory, Theory, Theory, Theory",Bachelor of Business Administration,31010723074
kaydhaarini.j@somaiya.edu,Jeyakumar,Kaydhaarini,NULL,3,"Strategic Management, Consumer Behaviour and Consumer Insights, Sales and Distribution Management , Management Accounting, Technical Analysis of Financial Markets, Human Resource Accounting and Compensation Management, Human resource development, German, French, Spanish , Professional communication  Skill III -, Event  management","Theory, Theory, Theory, Theory, Theory, Theory, Theory, Theory, Theory, Theory, Theory, Theory",Bachelor of Business Administration,31010723080
yash.kaushik@somaiya.edu,Kaushik,Yash,NULL,3,"Strategic Management, Consumer Behaviour and Consumer Insights, Sales and Distribution Management , Management Accounting, Technical Analysis of Financial Markets, Human Resource Accounting and Compensation Management, Human resource development, German, French, Spanish , Professional communication  Skill III -, Event  management","Theory, Theory, Theory, Theory, Theory, Theory, Theory, Theory, Theory, Theory, Theory, Theory",Bachelor of Business Administration,31010723085
divyansh.patodi@somaiya.edu,Patodi,Divyansh,NULL,3,"Strategic Management, Consumer Behaviour and Consumer Insights, Sales and Distribution Management , Management Accounting, Technical Analysis of Financial Markets, Human Resource Accounting and Compensation Management, Human resource development, German, French, Spanish , Professional communication  Skill III -, Event  management","Theory, Theory, Theory, Theory, Theory, Theory, Theory, Theory, Theory, Theory, Theory, Theory",Bachelor of Business Administration,31010723108
prateeksha.s@somaiya.edu,Sahu,Prateeksha,NULL,3,"Strategic Management, Consumer Behaviour and Consumer Insights, Sales and Distribution Management , Management Accounting, Technical Analysis of Financial Markets, Human Resource Accounting and Compensation Management, Human resource development, German, French, Spanish , Professional communication  Skill III -, Event  management","Theory, Theory, Theory, Theory, Theory, Theory, Theory, Theory, Theory, Theory, Theory, Theory",Bachelor of Business Administration,31010723111
mahek06@somaiya.edu,Shah,Mahek,NULL,3,"Strategic Management, Consumer Behaviour and Consumer Insights, Sales and Distribution Management , Management Accounting, Technical Analysis of Financial Markets, Human Resource Accounting and Compensation Management, Human resource development, German, French, Spanish , Professional communication  Skill III -, Event  management","Theory, Theory, Theory, Theory, Theory, Theory, Theory, Theory, Theory, Theory, Theory, Theory",Bachelor of Business Administration,31010723116
vidit.sharma@somaiya.edu,Sharma,Vidit,NULL,3,"Strategic Management, Consumer Behaviour and Consumer Insights, Sales and Distribution Management , Management Accounting, Technical Analysis of Financial Markets, Human Resource Accounting and Compensation Management, Human resource development, German, French, Spanish , Professional communication  Skill III -, Event  management","Theory, Theory, Theory, Theory, Theory, Theory, Theory, Theory, Theory, Theory, Theory, Theory",Bachelor of Business Administration,31010723121
krish.shetty@somaiya.edu,Shetty,Krish,NULL,3,"Strategic Management, Consumer Behaviour and Consumer Insights, Sales and Distribution Management , Management Accounting, Technical Analysis of Financial Markets, Human Resource Accounting and Compensation Management, Human resource development, German, French, Spanish , Professional communication  Skill III -, Event  management","Theory, Theory, Theory, Theory, Theory, Theory, Theory, Theory, Theory, Theory, Theory, Theory",Bachelor of Business Administration,31010723122
pratyussh.s@somaiya.edu,Singh,Pratyussh,NULL,3,"Strategic Management, Consumer Behaviour and Consumer Insights, Sales and Distribution Management , Management Accounting, Technical Analysis of Financial Markets, Human Resource Accounting and Compensation Management, Human resource development, German, French, Spanish , Professional communication  Skill III -, Event  management","Theory, Theory, Theory, Theory, Theory, Theory, Theory, Theory, Theory, Theory, Theory, Theory",Bachelor of Business Administration,31010723123
archita.t@somaiya.edu,Thakur,Archita,NULL,3,"Strategic Management, Consumer Behaviour and Consumer Insights, Sales and Distribution Management , Management Accounting, Technical Analysis of Financial Markets, Human Resource Accounting and Compensation Management, Human resource development, German, French, Spanish , Professional communication  Skill III -, Event  management","Theory, Theory, Theory, Theory, Theory, Theory, Theory, Theory, Theory, Theory, Theory, Theory",Bachelor of Business Administration,31010723128
pratikhya.t@somaiya.edu,Tripathy,Pratikhya,NULL,3,"Strategic Management, Consumer Behaviour and Consumer Insights, Sales and Distribution Management , Management Accounting, Technical Analysis of Financial Markets, Human Resource Accounting and Compensation Management, Human resource development, German, French, Spanish , Professional communication  Skill III -, Event  management","Theory, Theory, Theory, Theory, Theory, Theory, Theory, Theory, Theory, Theory, Theory, Theory",Bachelor of Business Administration,31010723129
shreya.vaish@somaiya.edu,Vaish,Shreya,NULL,3,"Strategic Management, Consumer Behaviour and Consumer Insights, Sales and Distribution Management , Management Accounting, Technical Analysis of Financial Markets, Human Resource Accounting and Compensation Management, Human resource development, German, French, Spanish , Professional communication  Skill III -, Event  management","Theory, Theory, Theory, Theory, Theory, Theory, Theory, Theory, Theory, Theory, Theory, Theory",Bachelor of Business Administration,31010723131
suhana.h@somaiya.edu,Suhana,NULL,NULL,3,"Strategic Management, Consumer Behaviour and Consumer Insights, Sales and Distribution Management , Management Accounting, Technical Analysis of Financial Markets, Human Resource Accounting and Compensation Management, Human resource development, German, French, Spanish , Professional communication  Skill III -, Event  management","Theory, Theory, Theory, Theory, Theory, Theory, Theory, Theory, Theory, Theory, Theory, Theory",Bachelor of Business Administration,31010723132
zenaida.f@somaiya.edu,Fernandes,Zenaida,NULL,3,"Strategic Management, Consumer Behaviour and Consumer Insights, Sales and Distribution Management , Management Accounting, Technical Analysis of Financial Markets, Human Resource Accounting and Compensation Management, Human resource development, German, French, Spanish , Professional communication  Skill III -, Event  management","Theory, Theory, Theory, Theory, Theory, Theory, Theory, Theory, Theory, Theory, Theory, Theory",Bachelor of Business Administration,31010723135
soumya.gupte@somaiya.edu,Gupte,Soumya,NULL,3,"Strategic Management, Consumer Behaviour and Consumer Insights, Sales and Distribution Management , Management Accounting, Technical Analysis of Financial Markets, Human Resource Accounting and Compensation Management, Human resource development, German, French, Spanish , Professional communication  Skill III -, Event  management","Theory, Theory, Theory, Theory, Theory, Theory, Theory, Theory, Theory, Theory, Theory, Theory",Bachelor of Business Administration,31010723149
shlesha.n@somaiya.edu,Nahta,Shlesha,NULL,3,"Strategic Management, Consumer Behaviour and Consumer Insights, Sales and Distribution Management , Management Accounting, Technical Analysis of Financial Markets, Human Resource Accounting and Compensation Management, Human resource development, German, French, Spanish , Professional communication  Skill III -, Event  management","Theory, Theory, Theory, Theory, Theory, Theory, Theory, Theory, Theory, Theory, Theory, Theory",Bachelor of Business Administration,31010723152
i.khobragade@somaiya.edu,Khobragade,Ishika,NULL,3,"Strategic Management, Consumer Behaviour and Consumer Insights, Sales and Distribution Management , Management Accounting, Technical Analysis of Financial Markets, Human Resource Accounting and Compensation Management, Human resource development, German, French, Spanish , Professional communication  Skill III -, Event  management","Theory, Theory, Theory, Theory, Theory, Theory, Theory, Theory, Theory, Theory, Theory, Theory",Bachelor of Business Administration,31010723162
kabir.r@somaiya.edu,Rao,Kabir,NULL,3,"Strategic Management, Consumer Behaviour and Consumer Insights, Sales and Distribution Management , Management Accounting, Technical Analysis of Financial Markets, Human Resource Accounting and Compensation Management, Human resource development, German, French, Spanish , Professional communication  Skill III -, Event  management","Theory, Theory, Theory, Theory, Theory, Theory, Theory, Theory, Theory, Theory, Theory, Theory",Bachelor of Business Administration,31010723163
aditya.brijesh@somaiya.edu,Brijesh,Aditya,NULL,5,"Logistics and supply chain management, Entrepreneurship Management and Business Planning, French, German, Finance 4.0, Event management, Marketing 4.0, Retail Management, Sales and Distribution Management, Strategic cost management, Direct Tax, HR Accounting and Audit, Performance Management and Career Planning","Theory, Theory, Theory, Theory, Theory, Theory, Theory, Theory, Theory, Theory, Theory, Theory, Theory",Bachelor of Business Administration,31010722003
a.patankar@somaiya.edu,Patankar,Abhishek,NULL,5,"Logistics and supply chain management, Entrepreneurship Management and Business Planning, French, German, Finance 4.0, Event management, Marketing 4.0, Retail Management, Sales and Distribution Management, Strategic cost management, Direct Tax, HR Accounting and Audit, Performance Management and Career Planning","Theory, Theory, Theory, Theory, Theory, Theory, Theory, Theory, Theory, Theory, Theory, Theory, Theory",Bachelor of Business Administration,31010722012
gauri.singh@somaiya.edu,Singh,Gauri,NULL,5,"Logistics and supply chain management, Entrepreneurship Management and Business Planning, French, German, Finance 4.0, Event management, Marketing 4.0, Retail Management, Sales and Distribution Management, Strategic cost management, Direct Tax, HR Accounting and Audit, Performance Management and Career Planning","Theory, Theory, Theory, Theory, Theory, Theory, Theory, Theory, Theory, Theory, Theory, Theory, Theory",Bachelor of Business Administration,31010722018
saanvi.goyal@somaiya.edu,Goyal,Saanvi,NULL,5,"Logistics and supply chain management, Entrepreneurship Management and Business Planning, French, German, Finance 4.0, Event management, Marketing 4.0, Retail Management, Sales and Distribution Management, Strategic cost management, Direct Tax, HR Accounting and Audit, Performance Management and Career Planning","Theory, Theory, Theory, Theory, Theory, Theory, Theory, Theory, Theory, Theory, Theory, Theory, Theory",Bachelor of Business Administration,31010722035
gaurasi.k@somaiya.edu,Kaple,Gaurasi,NULL,5,"Logistics and supply chain management, Entrepreneurship Management and Business Planning, French, German, Finance 4.0, Event management, Marketing 4.0, Retail Management, Sales and Distribution Management, Strategic cost management, Direct Tax, HR Accounting and Audit, Performance Management and Career Planning","Theory, Theory, Theory, Theory, Theory, Theory, Theory, Theory, Theory, Theory, Theory, Theory, Theory",Bachelor of Business Administration,31010722039
naman.purohit@somaiya.edu,Purohit,Naman,NULL,5,"Logistics and supply chain management, Entrepreneurship Management and Business Planning, French, German, Finance 4.0, Event management, Marketing 4.0, Retail Management, Sales and Distribution Management, Strategic cost management, Direct Tax, HR Accounting and Audit, Performance Management and Career Planning","Theory, Theory, Theory, Theory, Theory, Theory, Theory, Theory, Theory, Theory, Theory, Theory, Theory",Bachelor of Business Administration,31010722061
shrinjoy.sen@somaiya.edu,Sen,Shrinjoy,NULL,5,"Logistics and supply chain management, Entrepreneurship Management and Business Planning, French, German, Finance 4.0, Event management, Marketing 4.0, Retail Management, Sales and Distribution Management, Strategic cost management, Direct Tax, HR Accounting and Audit, Performance Management and Career Planning","Theory, Theory, Theory, Theory, Theory, Theory, Theory, Theory, Theory, Theory, Theory, Theory, Theory",Bachelor of Business Administration,31010722065
shankareshwari.s@somaiya.edu,Sriraman,Shankareshwari,NULL,5,"Logistics and supply chain management, Entrepreneurship Management and Business Planning, French, German, Finance 4.0, Event management, Marketing 4.0, Retail Management, Sales and Distribution Management, Strategic cost management, Direct Tax, HR Accounting and Audit, Performance Management and Career Planning","Theory, Theory, Theory, Theory, Theory, Theory, Theory, Theory, Theory, Theory, Theory, Theory, Theory",Bachelor of Business Administration,31010722085
dd@somaiya.edu,Doshi,Dhruv,NULL,5,"Logistics and supply chain management, Entrepreneurship Management and Business Planning, French, German, Finance 4.0, Event management, Marketing 4.0, Retail Management, Sales and Distribution Management, Strategic cost management, Direct Tax, HR Accounting and Audit, Performance Management and Career Planning","Theory, Theory, Theory, Theory, Theory, Theory, Theory, Theory, Theory, Theory, Theory, Theory, Theory",Bachelor of Business Administration,31010722102
sidharth.gogri@somaiya.edu,Gogri,Sidharth,NULL,5,"Logistics and supply chain management, Entrepreneurship Management and Business Planning, French, German, Finance 4.0, Event management, Marketing 4.0, Retail Management, Sales and Distribution Management, Strategic cost management, Direct Tax, HR Accounting and Audit, Performance Management and Career Planning","Theory, Theory, Theory, Theory, Theory, Theory, Theory, Theory, Theory, Theory, Theory, Theory, Theory",Bachelor of Business Administration,31010722107
riya.k@somaiya.edu,Kushwaha,Riya,NULL,5,"Logistics and supply chain management, Entrepreneurship Management and Business Planning, French, German, Finance 4.0, Event management, Marketing 4.0, Retail Management, Sales and Distribution Management, Strategic cost management, Direct Tax, HR Accounting and Audit, Performance Management and Career Planning","Theory, Theory, Theory, Theory, Theory, Theory, Theory, Theory, Theory, Theory, Theory, Theory, Theory",Bachelor of Business Administration,31010722120
anokhi22@somaiya.edu,Patel,Anokhi,NULL,5,"Logistics and supply chain management, Entrepreneurship Management and Business Planning, French, German, Finance 4.0, Event management, Marketing 4.0, Retail Management, Sales and Distribution Management, Strategic cost management, Direct Tax, HR Accounting and Audit, Performance Management and Career Planning","Theory, Theory, Theory, Theory, Theory, Theory, Theory, Theory, Theory, Theory, Theory, Theory, Theory",Bachelor of Business Administration,31010722127
sujal.savla@somaiya.edu,Savla,Sujal,NULL,5,"Logistics and supply chain management, Entrepreneurship Management and Business Planning, French, German, Finance 4.0, Event management, Marketing 4.0, Retail Management, Sales and Distribution Management, Strategic cost management, Direct Tax, HR Accounting and Audit, Performance Management and Career Planning","Theory, Theory, Theory, Theory, Theory, Theory, Theory, Theory, Theory, Theory, Theory, Theory, Theory",Bachelor of Business Administration,31010722136
aditi.sharma2@somaiya.edu,Sharma,Aditi,NULL,5,"Logistics and supply chain management, Entrepreneurship Management and Business Planning, French, German, Finance 4.0, Event management, Marketing 4.0, Retail Management, Sales and Distribution Management, Strategic cost management, Direct Tax, HR Accounting and Audit, Performance Management and Career Planning","Theory, Theory, Theory, Theory, Theory, Theory, Theory, Theory, Theory, Theory, Theory, Theory, Theory",Bachelor of Business Administration,31010722144
jay.agrawal@somaiya.edu,Agrawal,Jay,NULL,1,"Principles of Marketing, Corporate accounting, Professional Communication Skill I, Technical Skills for Business, Technical Skills for Business, Fundamentals of Economics, Constitution and Public Policy","Theory, Theory, Theory, Theory, Practical, Theory, Theory",Bachelor of Business Management,31010624001
sudeep.b@somaiya.edu,Banerjee,Sudeep,NULL,1,"Principles of Marketing, Corporate accounting, Professional Communication Skill I, Technical Skills for Business, Technical Skills for Business, Fundamentals of Economics, Constitution and Public Policy","Theory, Theory, Theory, Theory, Practical, Theory, Theory",Bachelor of Business Management,31010624006
anushka.daga@somaiya.edu,Daga,Anushka,NULL,1,"Principles of Marketing, Corporate accounting, Professional Communication Skill I, Technical Skills for Business, Technical Skills for Business, Fundamentals of Economics, Constitution and Public Policy","Theory, Theory, Theory, Theory, Practical, Theory, Theory",Bachelor of Business Management,31010624014
darsh.gandhi@somaiya.edu,Gandhi,Darsh,NULL,1,"Principles of Marketing, Corporate accounting, Professional Communication Skill I, Technical Skills for Business, Technical Skills for Business, Fundamentals of Economics, Constitution and Public Policy","Theory, Theory, Theory, Theory, Practical, Theory, Theory",Bachelor of Business Management,31010624020
laksh.jaiswal@somaiya.edu,Jaiswal,Laksh,NULL,1,"Principles of Marketing, Corporate accounting, Professional Communication Skill I, Technical Skills for Business, Technical Skills for Business, Fundamentals of Economics, Constitution and Public Policy","Theory, Theory, Theory, Theory, Practical, Theory, Theory",Bachelor of Business Management,31010624031
arshad.mk@somaiya.edu,Khan,Arshad,NULL,1,"Principles of Marketing, Corporate accounting, Professional Communication Skill I, Technical Skills for Business, Technical Skills for Business, Fundamentals of Economics, Constitution and Public Policy","Theory, Theory, Theory, Theory, Practical, Theory, Theory",Bachelor of Business Management,31010624038
uk@somaiya.edu,Khandelwal,Unnati,NULL,1,"Principles of Marketing, Corporate accounting, Professional Communication Skill I, Technical Skills for Business, Technical Skills for Business, Fundamentals of Economics, Constitution and Public Policy","Theory, Theory, Theory, Theory, Practical, Theory, Theory",Bachelor of Business Management,31010624040
kirtanaa.k@somaiya.edu,Krishnan,Kirtanaa,NULL,1,"Principles of Marketing, Corporate accounting, Professional Communication Skill I, Technical Skills for Business, Technical Skills for Business, Fundamentals of Economics, Constitution and Public Policy","Theory, Theory, Theory, Theory, Practical, Theory, Theory",Bachelor of Business Management,31010624045
dhruvi.maloo@somaiya.edu,Maloo,Dhruvi,NULL,1,"Principles of Marketing, Corporate accounting, Professional Communication Skill I, Technical Skills for Business, Technical Skills for Business, Fundamentals of Economics, Constitution and Public Policy","Theory, Theory, Theory, Theory, Practical, Theory, Theory",Bachelor of Business Management,31010624052
aadya.misra@somaiya.edu,Misra,Aadya,NULL,1,"Principles of Marketing, Corporate accounting, Professional Communication Skill I, Technical Skills for Business, Technical Skills for Business, Fundamentals of Economics, Constitution and Public Policy","Theory, Theory, Theory, Theory, Practical, Theory, Theory",Bachelor of Business Management,31010624058
riangsh.m@somaiya.edu,Mondal,Riangsh,NULL,1,"Principles of Marketing, Corporate accounting, Professional Communication Skill I, Technical Skills for Business, Technical Skills for Business, Fundamentals of Economics, Constitution and Public Policy","Theory, Theory, Theory, Theory, Practical, Theory, Theory",Bachelor of Business Management,31010624060
megh.mota@somaiya.edu,Mota,Megh,NULL,1,"Principles of Marketing, Corporate accounting, Professional Communication Skill I, Technical Skills for Business, Technical Skills for Business, Fundamentals of Economics, Constitution and Public Policy","Theory, Theory, Theory, Theory, Practical, Theory, Theory",Bachelor of Business Management,31010624061
kamakshi.m@somaiya.edu,Moyal,Kamakshi,NULL,1,"Principles of Marketing, Corporate accounting, Professional Communication Skill I, Technical Skills for Business, Technical Skills for Business, Fundamentals of Economics, Constitution and Public Policy","Theory, Theory, Theory, Theory, Practical, Theory, Theory",Bachelor of Business Management,31010624062
krish.navani@somaiya.edu,Navani,Krish,NULL,1,"Principles of Marketing, Corporate accounting, Professional Communication Skill I, Technical Skills for Business, Technical Skills for Business, Fundamentals of Economics, Constitution and Public Policy","Theory, Theory, Theory, Theory, Practical, Theory, Theory",Bachelor of Business Management,31010624064
aayushi.padmaja@somaiya.edu,Padmaja,Aayushi,NULL,1,"Principles of Marketing, Corporate accounting, Professional Communication Skill I, Technical Skills for Business, Technical Skills for Business, Fundamentals of Economics, Constitution and Public Policy","Theory, Theory, Theory, Theory, Practical, Theory, Theory",Bachelor of Business Management,31010624066
ronak.patel6@somaiya.edu,Patel,Ronak,NULL,1,"Principles of Marketing, Corporate accounting, Professional Communication Skill I, Technical Skills for Business, Technical Skills for Business, Fundamentals of Economics, Constitution and Public Policy","Theory, Theory, Theory, Theory, Practical, Theory, Theory",Bachelor of Business Management,31010624075
shubhangi.pathak@somaiya.edu,Pathak,Shubhangi,NULL,1,"Principles of Marketing, Corporate accounting, Professional Communication Skill I, Technical Skills for Business, Technical Skills for Business, Fundamentals of Economics, Constitution and Public Policy","Theory, Theory, Theory, Theory, Practical, Theory, Theory",Bachelor of Business Management,31010624076
samruddhi.rathi@somaiya.edu,Rathi,Samruddhi,NULL,1,"Principles of Marketing, Corporate accounting, Professional Communication Skill I, Technical Skills for Business, Technical Skills for Business, Fundamentals of Economics, Constitution and Public Policy","Theory, Theory, Theory, Theory, Practical, Theory, Theory",Bachelor of Business Management,31010624086
ss46@somaiya.edu,Sharma,Shivam,NULL,1,"Principles of Marketing, Corporate accounting, Professional Communication Skill I, Technical Skills for Business, Technical Skills for Business, Fundamentals of Economics, Constitution and Public Policy","Theory, Theory, Theory, Theory, Practical, Theory, Theory",Bachelor of Business Management,31010624099
harmeet.s@somaiya.edu,Singh,Harmeet,NULL,1,"Principles of Marketing, Corporate accounting, Professional Communication Skill I, Technical Skills for Business, Technical Skills for Business, Fundamentals of Economics, Constitution and Public Policy","Theory, Theory, Theory, Theory, Practical, Theory, Theory",Bachelor of Business Management,31010624105
p.thakur@somaiya.edu,Thakur,Priyanshu,NULL,1,"Principles of Marketing, Corporate accounting, Professional Communication Skill I, Technical Skills for Business, Technical Skills for Business, Fundamentals of Economics, Constitution and Public Policy","Theory, Theory, Theory, Theory, Practical, Theory, Theory",Bachelor of Business Management,31010624116
sairaksha.v@somaiya.edu,Venkatesh,Sairaksha,NULL,1,"Principles of Marketing, Corporate accounting, Professional Communication Skill I, Technical Skills for Business, Technical Skills for Business, Fundamentals of Economics, Constitution and Public Policy","Theory, Theory, Theory, Theory, Practical, Theory, Theory",Bachelor of Business Management,31010624124
abhinav.vikram@somaiya.edu,Vikram,Abhinav,NULL,1,"Principles of Marketing, Corporate accounting, Professional Communication Skill I, Technical Skills for Business, Technical Skills for Business, Fundamentals of Economics, Constitution and Public Policy","Theory, Theory, Theory, Theory, Practical, Theory, Theory",Bachelor of Business Management,31010624126
yagyaa.v@somaiya.edu,Vurity,Yagyaa,NULL,1,"Principles of Marketing, Corporate accounting, Professional Communication Skill I, Technical Skills for Business, Technical Skills for Business, Fundamentals of Economics, Constitution and Public Policy","Theory, Theory, Theory, Theory, Practical, Theory, Theory",Bachelor of Business Management,31010624127
aryan.pradeep@somaiya.edu,Aryan,NULL,NULL,1,"Principles of Marketing, Corporate accounting, Professional Communication Skill I, Technical Skills for Business, Technical Skills for Business, Fundamentals of Economics, Constitution and Public Policy","Theory, Theory, Theory, Theory, Practical, Theory, Theory",Bachelor of Business Management,31010624130
suhani.mukherjee@somaiya.edu,Mukherjee,Suhani,NULL,1,"Principles of Marketing, Corporate accounting, Professional Communication Skill I, Technical Skills for Business, Technical Skills for Business, Fundamentals of Economics, Constitution and Public Policy","Theory, Theory, Theory, Theory, Practical, Theory, Theory",Bachelor of Business Management,31010624133
aarav.sisodiya@somaiya.edu,Sisodiya,Aarav,NULL,1,"Principles of Marketing, Corporate accounting, Professional Communication Skill I, Technical Skills for Business, Technical Skills for Business, Fundamentals of Economics, Constitution and Public Policy","Theory, Theory, Theory, Theory, Practical, Theory, Theory",Bachelor of Business Management,31010624140
agrim.a@somaiya.edu,Aggarwal,Agrim,NULL,3,"Strategic Management, Consumer Behaviour and Consumer Insights, Advertising & Sales, Management Accounting, Financial Markets and services, Professional Skill III , Event  management","Theory, Theory, Theory, Theory, Theory, Theory, Theory",Bachelor of Business Management,31010623002
aanish.arun@somaiya.edu,Arun,Aanish,NULL,3,"Strategic Management, Consumer Behaviour and Consumer Insights, Advertising & Sales, Management Accounting, Financial Markets and services, Professional Skill III , Event  management","Theory, Theory, Theory, Theory, Theory, Theory, Theory",Bachelor of Business Management,31010623005
s.banerjee@somaiya.edu,Banerjee,Shinjini,NULL,3,"Strategic Management, Consumer Behaviour and Consumer Insights, Advertising & Sales, Management Accounting, Financial Markets and services, Professional Skill III , Event  management","Theory, Theory, Theory, Theory, Theory, Theory, Theory",Bachelor of Business Management,31010623009
pratham.barola@somaiya.edu,Barola,Pratham,NULL,3,"Strategic Management, Consumer Behaviour and Consumer Insights, Advertising & Sales, Management Accounting, Financial Markets and services, Professional Skill III , Event  management","Theory, Theory, Theory, Theory, Theory, Theory, Theory",Bachelor of Business Management,31010623011
tia.dadia@somaiya.edu,Dadia,Tia,NULL,3,"Strategic Management, Consumer Behaviour and Consumer Insights, Advertising & Sales, Management Accounting, Financial Markets and services, Professional Skill III , Event  management","Theory, Theory, Theory, Theory, Theory, Theory, Theory",Bachelor of Business Management,31010623030
dama.jn@somaiya.edu,Dama,Janvi,NULL,3,"Strategic Management, Consumer Behaviour and Consumer Insights, Advertising & Sales, Management Accounting, Financial Markets and services, Professional Skill III , Event  management","Theory, Theory, Theory, Theory, Theory, Theory, Theory",Bachelor of Business Management,31010623032
sarvesh.g@somaiya.edu,Gawand,Sarvesh,NULL,3,"Strategic Management, Consumer Behaviour and Consumer Insights, Advertising & Sales, Management Accounting, Financial Markets and services, Professional Skill III , Event  management","Theory, Theory, Theory, Theory, Theory, Theory, Theory",Bachelor of Business Management,31010623050
daksh09@somaiya.edu,Jain,Daksh,NULL,3,"Strategic Management, Consumer Behaviour and Consumer Insights, Advertising & Sales, Management Accounting, Financial Markets and services, Professional Skill III , Event  management","Theory, Theory, Theory, Theory, Theory, Theory, Theory",Bachelor of Business Management,31010623058
shambhavi.j@somaiya.edu,Jha,Shambhavi,NULL,3,"Strategic Management, Consumer Behaviour and Consumer Insights, Advertising & Sales, Management Accounting, Financial Markets and services, Professional Skill III , Event  management","Theory, Theory, Theory, Theory, Theory, Theory, Theory",Bachelor of Business Management,31010623066
princy.k@somaiya.edu,Karani,Princy,NULL,3,"Strategic Management, Consumer Behaviour and Consumer Insights, Advertising & Sales, Management Accounting, Financial Markets and services, Professional Skill III , Event  management","Theory, Theory, Theory, Theory, Theory, Theory, Theory",Bachelor of Business Management,31010623071
palak.luniya@somaiya.edu,Luniya,Palak,NULL,3,"Strategic Management, Consumer Behaviour and Consumer Insights, Advertising & Sales, Management Accounting, Financial Markets and services, Professional Skill III , Event  management","Theory, Theory, Theory, Theory, Theory, Theory, Theory",Bachelor of Business Management,31010623082
jyoti.m@somaiya.edu,Mundhra,Jyoti,NULL,3,"Strategic Management, Consumer Behaviour and Consumer Insights, Advertising & Sales, Management Accounting, Financial Markets and services, Professional Skill III , Event  management","Theory, Theory, Theory, Theory, Theory, Theory, Theory",Bachelor of Business Management,31010623092
pawan.ojha@somaiya.edu,Ojha,Pawan,NULL,3,"Strategic Management, Consumer Behaviour and Consumer Insights, Advertising & Sales, Management Accounting, Financial Markets and services, Professional Skill III , Event  management","Theory, Theory, Theory, Theory, Theory, Theory, Theory",Bachelor of Business Management,31010623097
rahul.ramaswamy@somaiya.edu,Ramaswamy,Rahul,NULL,3,"Strategic Management, Consumer Behaviour and Consumer Insights, Advertising & Sales, Management Accounting, Financial Markets and services, Professional Skill III , Event  management","Theory, Theory, Theory, Theory, Theory, Theory, Theory",Bachelor of Business Management,31010623109
praval.singh@somaiya.edu,Singh,Praval,NULL,3,"Strategic Management, Consumer Behaviour and Consumer Insights, Advertising & Sales, Management Accounting, Financial Markets and services, Professional Skill III , Event  management","Theory, Theory, Theory, Theory, Theory, Theory, Theory",Bachelor of Business Management,31010623132
anvi.thakur@somaiya.edu,Thakur,Anvi,NULL,3,"Strategic Management, Consumer Behaviour and Consumer Insights, Advertising & Sales, Management Accounting, Financial Markets and services, Professional Skill III , Event  management","Theory, Theory, Theory, Theory, Theory, Theory, Theory",Bachelor of Business Management,31010623141
ashray.t@somaiya.edu,Tripathi,Ashray,NULL,3,"Strategic Management, Consumer Behaviour and Consumer Insights, Advertising & Sales, Management Accounting, Financial Markets and services, Professional Skill III , Event  management","Theory, Theory, Theory, Theory, Theory, Theory, Theory",Bachelor of Business Management,31010623143
qulsumbano.s@somaiya.edu,Qulsum,Bano,NULL,3,"Strategic Management, Consumer Behaviour and Consumer Insights, Advertising & Sales, Management Accounting, Financial Markets and services, Professional Skill III , Event  management","Theory, Theory, Theory, Theory, Theory, Theory, Theory",Bachelor of Business Management,31010623151
priyanshu23@somaiya.edu,Jain,Priyanshu,NULL,3,"Strategic Management, Consumer Behaviour and Consumer Insights, Advertising & Sales, Management Accounting, Financial Markets and services, Professional Skill III , Event  management","Theory, Theory, Theory, Theory, Theory, Theory, Theory",Bachelor of Business Management,31010623164
arjun.timbadia@somaiya.edu,Timbadia,Arjun,NULL,3,"Strategic Management, Consumer Behaviour and Consumer Insights, Advertising & Sales, Management Accounting, Financial Markets and services, Professional Skill III , Event  management","Theory, Theory, Theory, Theory, Theory, Theory, Theory",Bachelor of Business Management,31010623175
vanshikha.a@somaiya.edu,Agarwal,Vanshikha,NULL,5,"Direct Tax, Strategic Financial Management, Risk Management, Portfolio Management, Service Marketing, Media Planning and Management, Tourism Marketing, Customer Relationship Management, Logistics and supply chain management","Theory, Theory, Theory, Theory, Theory, Theory, Theory, Theory, Theory",Bachelor of Business Management,31010622001
gautam.bhojane@somaiya.edu,Bhojane,Gautam,NULL,5,"Direct Tax, Strategic Financial Management, Risk Management, Portfolio Management, Service Marketing, Media Planning and Management, Tourism Marketing, Customer Relationship Management, Logistics and supply chain management","Theory, Theory, Theory, Theory, Theory, Theory, Theory, Theory, Theory",Bachelor of Business Management,31010622010
chaubey.s@somaiya.edu,Chaubey,Sameeksha,NULL,5,"Direct Tax, Strategic Financial Management, Risk Management, Portfolio Management, Service Marketing, Media Planning and Management, Tourism Marketing, Customer Relationship Management, Logistics and supply chain management","Theory, Theory, Theory, Theory, Theory, Theory, Theory, Theory, Theory",Bachelor of Business Management,31010622015
tanish.chipper@somaiya.edu,Chipper,Tanish,NULL,5,"Direct Tax, Strategic Financial Management, Risk Management, Portfolio Management, Service Marketing, Media Planning and Management, Tourism Marketing, Customer Relationship Management, Logistics and supply chain management","Theory, Theory, Theory, Theory, Theory, Theory, Theory, Theory, Theory",Bachelor of Business Management,31010622018
anwesha.d@somaiya.edu,Dubey,Anwesha,NULL,5,"Direct Tax, Strategic Financial Management, Risk Management, Portfolio Management, Service Marketing, Media Planning and Management, Tourism Marketing, Customer Relationship Management, Logistics and supply chain management","Theory, Theory, Theory, Theory, Theory, Theory, Theory, Theory, Theory",Bachelor of Business Management,31010622027
joshi.r@somaiya.edu,Joshi,Rishita,NULL,5,"Direct Tax, Strategic Financial Management, Risk Management, Portfolio Management, Service Marketing, Media Planning and Management, Tourism Marketing, Customer Relationship Management, Logistics and supply chain management","Theory, Theory, Theory, Theory, Theory, Theory, Theory, Theory, Theory",Bachelor of Business Management,31010622057
shreya.j@somaiya.edu,Joshi,Shreya,NULL,5,"Direct Tax, Strategic Financial Management, Risk Management, Portfolio Management, Service Marketing, Media Planning and Management, Tourism Marketing, Customer Relationship Management, Logistics and supply chain management","Theory, Theory, Theory, Theory, Theory, Theory, Theory, Theory, Theory",Bachelor of Business Management,31010622058
aayan.khan@somaiya.edu,Khan,Aayan,NULL,5,"Direct Tax, Strategic Financial Management, Risk Management, Portfolio Management, Service Marketing, Media Planning and Management, Tourism Marketing, Customer Relationship Management, Logistics and supply chain management","Theory, Theory, Theory, Theory, Theory, Theory, Theory, Theory, Theory",Bachelor of Business Management,31010622065
sahil.lakum@somaiya.edu,Lakum,Sahil,NULL,5,"Direct Tax, Strategic Financial Management, Risk Management, Portfolio Management, Service Marketing, Media Planning and Management, Tourism Marketing, Customer Relationship Management, Logistics and supply chain management","Theory, Theory, Theory, Theory, Theory, Theory, Theory, Theory, Theory",Bachelor of Business Management,31010622074
d.mishra@somaiya.edu,Mishra,Dhruv,NULL,5,"Direct Tax, Strategic Financial Management, Risk Management, Portfolio Management, Service Marketing, Media Planning and Management, Tourism Marketing, Customer Relationship Management, Logistics and supply chain management","Theory, Theory, Theory, Theory, Theory, Theory, Theory, Theory, Theory",Bachelor of Business Management,31010622091
rudra.p@somaiya.edu,Pillai,Rudra,NULL,5,"Direct Tax, Strategic Financial Management, Risk Management, Portfolio Management, Service Marketing, Media Planning and Management, Tourism Marketing, Customer Relationship Management, Logistics and supply chain management","Theory, Theory, Theory, Theory, Theory, Theory, Theory, Theory, Theory",Bachelor of Business Management,31010622108
prachi.rai@somaiya.edu,Rai,Prachi,NULL,5,"Direct Tax, Strategic Financial Management, Risk Management, Portfolio Management, Service Marketing, Media Planning and Management, Tourism Marketing, Customer Relationship Management, Logistics and supply chain management","Theory, Theory, Theory, Theory, Theory, Theory, Theory, Theory, Theory",Bachelor of Business Management,31010622112
aishani.sitani@somaiya.edu,Sitani,Aishani,NULL,5,"Direct Tax, Strategic Financial Management, Risk Management, Portfolio Management, Service Marketing, Media Planning and Management, Tourism Marketing, Customer Relationship Management, Logistics and supply chain management","Theory, Theory, Theory, Theory, Theory, Theory, Theory, Theory, Theory",Bachelor of Business Management,31010622144
h.veera@somaiya.edu,Veera,Harsh,NULL,5,"Direct Tax, Strategic Financial Management, Risk Management, Portfolio Management, Service Marketing, Media Planning and Management, Tourism Marketing, Customer Relationship Management, Logistics and supply chain management","Theory, Theory, Theory, Theory, Theory, Theory, Theory, Theory, Theory",Bachelor of Business Management,31010622159
jessintha@somaiya.edu,Jessintha,Justin,NULL,5,"Direct Tax, Strategic Financial Management, Risk Management, Portfolio Management, Service Marketing, Media Planning and Management, Tourism Marketing, Customer Relationship Management, Logistics and supply chain management","Theory, Theory, Theory, Theory, Theory, Theory, Theory, Theory, Theory",Bachelor of Business Management,31010622164
as29@somaiya.edu,Sharma,Ayushi,NULL,5,"Direct Tax, Strategic Financial Management, Risk Management, Portfolio Management, Service Marketing, Media Planning and Management, Tourism Marketing, Customer Relationship Management, Logistics and supply chain management","Theory, Theory, Theory, Theory, Theory, Theory, Theory, Theory, Theory",Bachelor of Business Management,31010622168
immanuel.t@somaiya.edu,Thoppeas,Immanuel,NULL,5,"Direct Tax, Strategic Financial Management, Risk Management, Portfolio Management, Service Marketing, Media Planning and Management, Tourism Marketing, Customer Relationship Management, Logistics and supply chain management","Theory, Theory, Theory, Theory, Theory, Theory, Theory, Theory, Theory",Bachelor of Business Management,31010622170
aakash.anand@somaiya.edu,Anand,Aakash,NULL,1,"Financial Accounting I, Cost Accounting I, Corporate Finance I, Statistical Techniques and Logical Reasoning , Minor in Tax, Minor in Finance, Professional Communication Skill I, Constitution and Public Policy","Theory, Theory, Theory, Theory, Theory, Theory, Theory, Theory",Bachelor of Commerce (Accounting & Finance),31010224004
himanshu.anand@somaiya.edu,Anand,Himanshu,NULL,1,"Financial Accounting I, Cost Accounting I, Corporate Finance I, Statistical Techniques and Logical Reasoning , Minor in Tax, Minor in Finance, Professional Communication Skill I, Constitution and Public Policy","Theory, Theory, Theory, Theory, Theory, Theory, Theory, Theory",Bachelor of Commerce (Accounting & Finance),31010224005
krrisha.b@somaiya.edu,Bhojane,Krrisha,NULL,1,"Financial Accounting I, Cost Accounting I, Corporate Finance I, Statistical Techniques and Logical Reasoning , Minor in Tax, Minor in Finance, Professional Communication Skill I, Constitution and Public Policy","Theory, Theory, Theory, Theory, Theory, Theory, Theory, Theory",Bachelor of Commerce (Accounting & Finance),31010224010
tanishka.bisht@somaiya.edu,Bisht,Tanishka,NULL,1,"Financial Accounting I, Cost Accounting I, Corporate Finance I, Statistical Techniques and Logical Reasoning , Minor in Tax, Minor in Finance, Professional Communication Skill I, Constitution and Public Policy","Theory, Theory, Theory, Theory, Theory, Theory, Theory, Theory",Bachelor of Commerce (Accounting & Finance),31010224011
aryan17@somaiya.edu,Chatterjee,Aryan,NULL,1,"Financial Accounting I, Cost Accounting I, Corporate Finance I, Statistical Techniques and Logical Reasoning , Minor in Tax, Minor in Finance, Professional Communication Skill I, Constitution and Public Policy","Theory, Theory, Theory, Theory, Theory, Theory, Theory, Theory",Bachelor of Commerce (Accounting & Finance),31010224013
lakshya.d@somaiya.edu,Doshi,Lakshya,NULL,1,"Financial Accounting I, Cost Accounting I, Corporate Finance I, Statistical Techniques and Logical Reasoning , Minor in Tax, Minor in Finance, Professional Communication Skill I, Constitution and Public Policy","Theory, Theory, Theory, Theory, Theory, Theory, Theory, Theory",Bachelor of Commerce (Accounting & Finance),31010224022
rudra.gharat@somaiya.edu,Gharat,Rudra,NULL,1,"Financial Accounting I, Cost Accounting I, Corporate Finance I, Statistical Techniques and Logical Reasoning , Minor in Tax, Minor in Finance, Professional Communication Skill I, Constitution and Public Policy","Theory, Theory, Theory, Theory, Theory, Theory, Theory, Theory",Bachelor of Commerce (Accounting & Finance),31010224029
mithil.g@somaiya.edu,Gundecha,Mithil,NULL,1,"Financial Accounting I, Cost Accounting I, Corporate Finance I, Statistical Techniques and Logical Reasoning , Minor in Tax, Minor in Finance, Professional Communication Skill I, Constitution and Public Policy","Theory, Theory, Theory, Theory, Theory, Theory, Theory, Theory",Bachelor of Commerce (Accounting & Finance),31010224032
arnab.halder@somaiya.edu,Halder,Arnab,NULL,1,"Financial Accounting I, Cost Accounting I, Corporate Finance I, Statistical Techniques and Logical Reasoning , Minor in Tax, Minor in Finance, Professional Communication Skill I, Constitution and Public Policy","Theory, Theory, Theory, Theory, Theory, Theory, Theory, Theory",Bachelor of Commerce (Accounting & Finance),31010224035
kriya.j@somaiya.edu,Jain,Kriya,NULL,1,"Financial Accounting I, Cost Accounting I, Corporate Finance I, Statistical Techniques and Logical Reasoning , Minor in Tax, Minor in Finance, Professional Communication Skill I, Constitution and Public Policy","Theory, Theory, Theory, Theory, Theory, Theory, Theory, Theory",Bachelor of Commerce (Accounting & Finance),31010224044
hridaya.k@somaiya.edu,Kothari,Hridaya,NULL,1,"Financial Accounting I, Cost Accounting I, Corporate Finance I, Statistical Techniques and Logical Reasoning , Minor in Tax, Minor in Finance, Professional Communication Skill I, Constitution and Public Policy","Theory, Theory, Theory, Theory, Theory, Theory, Theory, Theory",Bachelor of Commerce (Accounting & Finance),31010224055
rhea.manoj@somaiya.edu,Manoj,Rhea,NULL,1,"Financial Accounting I, Cost Accounting I, Corporate Finance I, Statistical Techniques and Logical Reasoning , Minor in Tax, Minor in Finance, Professional Communication Skill I, Constitution and Public Policy","Theory, Theory, Theory, Theory, Theory, Theory, Theory, Theory",Bachelor of Commerce (Accounting & Finance),31010224062
soham.maru@somaiya.edu,Maru,Soham,NULL,1,"Financial Accounting I, Cost Accounting I, Corporate Finance I, Statistical Techniques and Logical Reasoning , Minor in Tax, Minor in Finance, Professional Communication Skill I, Constitution and Public Policy","Theory, Theory, Theory, Theory, Theory, Theory, Theory, Theory",Bachelor of Commerce (Accounting & Finance),31010224065
tavishka.m@somaiya.edu,Mishra,Tavishka,NULL,1,"Financial Accounting I, Cost Accounting I, Corporate Finance I, Statistical Techniques and Logical Reasoning , Minor in Tax, Minor in Finance, Professional Communication Skill I, Constitution and Public Policy","Theory, Theory, Theory, Theory, Theory, Theory, Theory, Theory",Bachelor of Commerce (Accounting & Finance),31010224070
narayanan.k@somaiya.edu,Narayanan,Kshitij,NULL,1,"Financial Accounting I, Cost Accounting I, Corporate Finance I, Statistical Techniques and Logical Reasoning , Minor in Tax, Minor in Finance, Professional Communication Skill I, Constitution and Public Policy","Theory, Theory, Theory, Theory, Theory, Theory, Theory, Theory",Bachelor of Commerce (Accounting & Finance),31010224073
aaron.paul@somaiya.edu,Paul,Aaron,NULL,1,"Financial Accounting I, Cost Accounting I, Corporate Finance I, Statistical Techniques and Logical Reasoning , Minor in Tax, Minor in Finance, Professional Communication Skill I, Constitution and Public Policy","Theory, Theory, Theory, Theory, Theory, Theory, Theory, Theory",Bachelor of Commerce (Accounting & Finance),31010224082
yashvi.ravraiya@somaiya.edu,Ravariya,Yashvi,NULL,1,"Financial Accounting I, Cost Accounting I, Corporate Finance I, Statistical Techniques and Logical Reasoning , Minor in Tax, Minor in Finance, Professional Communication Skill I, Constitution and Public Policy","Theory, Theory, Theory, Theory, Theory, Theory, Theory, Theory",Bachelor of Commerce (Accounting & Finance),31010224085
nakul.salilkumar@somaiya.edu,Salilkumar,Nakul,NULL,1,"Financial Accounting I, Cost Accounting I, Corporate Finance I, Statistical Techniques and Logical Reasoning , Minor in Tax, Minor in Finance, Professional Communication Skill I, Constitution and Public Policy","Theory, Theory, Theory, Theory, Theory, Theory, Theory, Theory",Bachelor of Commerce (Accounting & Finance),31010224089
vrinda.singh@somaiya.edu,Singh,Vrinda,NULL,1,"Financial Accounting I, Cost Accounting I, Corporate Finance I, Statistical Techniques and Logical Reasoning , Minor in Tax, Minor in Finance, Professional Communication Skill I, Constitution and Public Policy","Theory, Theory, Theory, Theory, Theory, Theory, Theory, Theory",Bachelor of Commerce (Accounting & Finance),31010224103
saniya.wavekar@somaiya.edu,Wavekar,Sania,NULL,1,"Financial Accounting I, Cost Accounting I, Corporate Finance I, Statistical Techniques and Logical Reasoning , Minor in Tax, Minor in Finance, Professional Communication Skill I, Constitution and Public Policy","Theory, Theory, Theory, Theory, Theory, Theory, Theory, Theory",Bachelor of Commerce (Accounting & Finance),31010224114
prabha.b@somaiya.edu,Prabha,NULL,NULL,1,"Financial Accounting I, Cost Accounting I, Corporate Finance I, Statistical Techniques and Logical Reasoning , Minor in Tax, Minor in Finance, Professional Communication Skill I, Constitution and Public Policy","Theory, Theory, Theory, Theory, Theory, Theory, Theory, Theory",Bachelor of Commerce (Accounting & Finance),31010224115
leeza.aslam@somaiya.edu,Aslam,Leeza,NULL,1,"Financial Accounting I, Cost Accounting I, Corporate Finance I, Statistical Techniques and Logical Reasoning , Minor in Tax, Minor in Finance, Professional Communication Skill I, Constitution and Public Policy","Theory, Theory, Theory, Theory, Theory, Theory, Theory, Theory",Bachelor of Commerce (Accounting & Finance),31010224118
sheeba.khan@somaiya.edu,Khan,Sheeba,NULL,1,"Financial Accounting I, Cost Accounting I, Corporate Finance I, Statistical Techniques and Logical Reasoning , Minor in Tax, Minor in Finance, Professional Communication Skill I, Constitution and Public Policy","Theory, Theory, Theory, Theory, Theory, Theory, Theory, Theory",Bachelor of Commerce (Accounting & Finance),31010224120
mahak.mishra@somaiya.edu,Mishra,Mahak,NULL,1,"Financial Accounting I, Cost Accounting I, Corporate Finance I, Statistical Techniques and Logical Reasoning , Minor in Tax, Minor in Finance, Professional Communication Skill I, Constitution and Public Policy","Theory, Theory, Theory, Theory, Theory, Theory, Theory, Theory",Bachelor of Commerce (Accounting & Finance),31010224122
madhurta.p@somaiya.edu,Pathak,Madhurta,NULL,1,"Financial Accounting I, Cost Accounting I, Corporate Finance I, Statistical Techniques and Logical Reasoning , Minor in Tax, Minor in Finance, Professional Communication Skill I, Constitution and Public Policy","Theory, Theory, Theory, Theory, Theory, Theory, Theory, Theory",Bachelor of Commerce (Accounting & Finance),31010224123
rudransh.h@somaiya.edu,Harjai,Rudransh,NULL,3,"Taxation I, Cost and Management Accounting , Corporate Accounting I , Cost and Management Accounting, Professional Communication Skill III, Equity and Debt Markets, Strategic Management, Corporate Accounting I, Equity and Debt Market","Theory, Theory, Theory, Theory, Theory, Theory, Theory, Theory, Theory",Bachelor of Commerce (Accounting & Finance),31010223029
gyan.hingu@somaiya.edu,Hingu,Gyan,NULL,3,"Taxation I, Cost and Management Accounting , Corporate Accounting I , Cost and Management Accounting, Professional Communication Skill III, Equity and Debt Markets, Strategic Management, Corporate Accounting I, Equity and Debt Market","Theory, Theory, Theory, Theory, Theory, Theory, Theory, Theory, Theory",Bachelor of Commerce (Accounting & Finance),31010223030
garv.j@somaiya.edu,Jain,Garv,NULL,3,"Taxation I, Cost and Management Accounting , Corporate Accounting I , Cost and Management Accounting, Professional Communication Skill III, Equity and Debt Markets, Strategic Management, Corporate Accounting I, Equity and Debt Market","Theory, Theory, Theory, Theory, Theory, Theory, Theory, Theory, Theory",Bachelor of Commerce (Accounting & Finance),31010223037
prabhav.jain@somaiya.edu,Jain,Prabhav,NULL,3,"Taxation I, Cost and Management Accounting , Corporate Accounting I , Cost and Management Accounting, Professional Communication Skill III, Equity and Debt Markets, Strategic Management, Corporate Accounting I, Equity and Debt Market","Theory, Theory, Theory, Theory, Theory, Theory, Theory, Theory, Theory",Bachelor of Commerce (Accounting & Finance),31010223040
shivleela.k@somaiya.edu,Khajuri,Shivleela,NULL,3,"Taxation I, Cost and Management Accounting , Corporate Accounting I , Cost and Management Accounting, Professional Communication Skill III, Equity and Debt Markets, Strategic Management, Corporate Accounting I, Equity and Debt Market","Theory, Theory, Theory, Theory, Theory, Theory, Theory, Theory, Theory",Bachelor of Commerce (Accounting & Finance),31010223051
idhant.nair@somaiya.edu,Nair,Idhant,NULL,3,"Taxation I, Cost and Management Accounting , Corporate Accounting I , Cost and Management Accounting, Professional Communication Skill III, Equity and Debt Markets, Strategic Management, Corporate Accounting I, Equity and Debt Market","Theory, Theory, Theory, Theory, Theory, Theory, Theory, Theory, Theory",Bachelor of Commerce (Accounting & Finance),31010223071
vp4@somaiya.edu,Pandey,Vaibhav,NULL,3,"Taxation I, Cost and Management Accounting , Corporate Accounting I , Cost and Management Accounting, Professional Communication Skill III, Equity and Debt Markets, Strategic Management, Corporate Accounting I, Equity and Debt Market","Theory, Theory, Theory, Theory, Theory, Theory, Theory, Theory, Theory",Bachelor of Commerce (Accounting & Finance),31010223075
gouravi.p@somaiya.edu,Poddar,Gouravi,NULL,3,"Taxation I, Cost and Management Accounting , Corporate Accounting I , Cost and Management Accounting, Professional Communication Skill III, Equity and Debt Markets, Strategic Management, Corporate Accounting I, Equity and Debt Market","Theory, Theory, Theory, Theory, Theory, Theory, Theory, Theory, Theory",Bachelor of Commerce (Accounting & Finance),31010223083
ekansh.s@somaiya.edu,Shaloo,Ekansh,NULL,3,"Taxation I, Cost and Management Accounting , Corporate Accounting I , Cost and Management Accounting, Professional Communication Skill III, Equity and Debt Markets, Strategic Management, Corporate Accounting I, Equity and Debt Market","Theory, Theory, Theory, Theory, Theory, Theory, Theory, Theory, Theory",Bachelor of Commerce (Accounting & Finance),31010223104
abhinav.pokharna@somaiya.edu,Pokharna,Abhinav,NULL,3,"Taxation I, Cost and Management Accounting , Corporate Accounting I , Cost and Management Accounting, Professional Communication Skill III, Equity and Debt Markets, Strategic Management, Corporate Accounting I, Equity and Debt Market","Theory, Theory, Theory, Theory, Theory, Theory, Theory, Theory, Theory",Bachelor of Commerce (Accounting & Finance),31010223125
shreya.das1@somaiya.edu,Das,Shreya,NULL,3,"Taxation I, Cost and Management Accounting , Corporate Accounting I , Cost and Management Accounting, Professional Communication Skill III, Equity and Debt Markets, Strategic Management, Corporate Accounting I, Equity and Debt Market","Theory, Theory, Theory, Theory, Theory, Theory, Theory, Theory, Theory",Bachelor of Commerce (Accounting & Finance),31010223136
aryaman.chandel@somaiya.edu,Chandel,Aryaman,NULL,5,"Corporate Accounting III, Cost and Management Accounting III, Direct Tax II, Research Methodology , Corporate Accounting, Financial Management II, Strategic Management","Theory, Theory, Theory, Theory, Theory, Theory, Theory",Bachelor of Commerce (Accounting & Finance),31010222010
ic@somaiya.edu,Chauhan,Ishita,NULL,5,"Corporate Accounting III, Cost and Management Accounting III, Direct Tax II, Research Methodology , Corporate Accounting, Financial Management II, Strategic Management","Theory, Theory, Theory, Theory, Theory, Theory, Theory",Bachelor of Commerce (Accounting & Finance),31010222011
kevin.hd@somaiya.edu,Dedhia,Kevin,NULL,5,"Corporate Accounting III, Cost and Management Accounting III, Direct Tax II, Research Methodology , Corporate Accounting, Financial Management II, Strategic Management","Theory, Theory, Theory, Theory, Theory, Theory, Theory",Bachelor of Commerce (Accounting & Finance),31010222018
krupa.rg@somaiya.edu,Gajra,Krupa,NULL,5,"Corporate Accounting III, Cost and Management Accounting III, Direct Tax II, Research Methodology , Corporate Accounting, Financial Management II, Strategic Management","Theory, Theory, Theory, Theory, Theory, Theory, Theory",Bachelor of Commerce (Accounting & Finance),31010222022
kashish03@somaiya.edu,Jain,Kashish,NULL,5,"Corporate Accounting III, Cost and Management Accounting III, Direct Tax II, Research Methodology , Corporate Accounting, Financial Management II, Strategic Management","Theory, Theory, Theory, Theory, Theory, Theory, Theory",Bachelor of Commerce (Accounting & Finance),31010222029
devansh.k@somaiya.edu,Kagrana,Devansh,NULL,5,"Corporate Accounting III, Cost and Management Accounting III, Direct Tax II, Research Methodology , Corporate Accounting, Financial Management II, Strategic Management","Theory, Theory, Theory, Theory, Theory, Theory, Theory",Bachelor of Commerce (Accounting & Finance),31010222036
mk@somaiya.edu,Khandelwal,Madhur,NULL,5,"Corporate Accounting III, Cost and Management Accounting III, Direct Tax II, Research Methodology , Corporate Accounting, Financial Management II, Strategic Management","Theory, Theory, Theory, Theory, Theory, Theory, Theory",Bachelor of Commerce (Accounting & Finance),31010222037
sejal.kumath@somaiya.edu,Kumath,Sejal,NULL,5,"Corporate Accounting III, Cost and Management Accounting III, Direct Tax II, Research Methodology , Corporate Accounting, Financial Management II, Strategic Management","Theory, Theory, Theory, Theory, Theory, Theory, Theory",Bachelor of Commerce (Accounting & Finance),31010222039
b.motwani@somaiya.edu,Motwani,Bhavika,NULL,5,"Corporate Accounting III, Cost and Management Accounting III, Direct Tax II, Research Methodology , Corporate Accounting, Financial Management II, Strategic Management","Theory, Theory, Theory, Theory, Theory, Theory, Theory",Bachelor of Commerce (Accounting & Finance),31010222049
kaustabh.s@somaiya.edu,Shaw,Kaustabh,NULL,5,"Corporate Accounting III, Cost and Management Accounting III, Direct Tax II, Research Methodology , Corporate Accounting, Financial Management II, Strategic Management","Theory, Theory, Theory, Theory, Theory, Theory, Theory",Bachelor of Commerce (Accounting & Finance),31010222067
siya.veera@somaiya.edu,Veera,Siya,NULL,5,"Corporate Accounting III, Cost and Management Accounting III, Direct Tax II, Research Methodology , Corporate Accounting, Financial Management II, Strategic Management","Theory, Theory, Theory, Theory, Theory, Theory, Theory",Bachelor of Commerce (Accounting & Finance),31010222083
aditi.dalvi@somaiya.edu,Dalvi,Aditi,NULL,5,"Corporate Accounting III, Cost and Management Accounting III , International Taxation , Direct Tax II, Research Methodology","Theory, Theory, Theory, Theory, Theory",Bachelor of Commerce (Accounting & Finance) Honour,31010322003
anushka09@somaiya.edu,Shrivastava,Anushka,NULL,5,"Corporate Accounting III, Cost and Management Accounting III , International Taxation , Direct Tax II, Research Methodology","Theory, Theory, Theory, Theory, Theory",Bachelor of Commerce (Accounting & Finance) Honour,31010322026
prisha.sanghavi@somaiya.edu,Sanghavi,Prisha,NULL,5,"Corporate Accounting III, Cost and Management Accounting III , International Taxation , Direct Tax II, Research Methodology","Theory, Theory, Theory, Theory, Theory",Bachelor of Commerce (Accounting & Finance) Honour,31010322031
sameera.f@somaiya.edu,Fatima,Sameera,NULL,3,"Mutual Fund Management , Accounting for Bankers, Strategic Management, Digital Banking , Computer Application in Business, Professional Communication Skills - III, Minor in Banking -  Digital Banking ","Theory, Theory, Theory, Theory, Practical, Theory, Theory",Bachelor of Commerce (Banking & Finance),31010523004
mayank17@somaiya.edu,Jain,Mayank,NULL,3,"Mutual Fund Management , Accounting for Bankers, Strategic Management, Digital Banking , Computer Application in Business, Professional Communication Skills - III, Minor in Banking -  Digital Banking ","Theory, Theory, Theory, Theory, Practical, Theory, Theory",Bachelor of Commerce (Banking & Finance),31010523007
milind.tandi@somaiya.edu,Tandi,Milind,NULL,3,"Mutual Fund Management , Accounting for Bankers, Strategic Management, Digital Banking , Computer Application in Business, Professional Communication Skills - III, Minor in Banking -  Digital Banking ","Theory, Theory, Theory, Theory, Practical, Theory, Theory",Bachelor of Commerce (Banking & Finance),31010523013
harit.gada@somaiya.edu,Gada,Harit,NULL,5,"International Banking & Finance , Management Accounting , Reserach Methodology , Marketing of Financial Services ","Theory, Theory, Theory, Theory",Bachelor of Commerce (Banking & Finance),31010522003
kunal.marathe@somaiya.edu,Marathe,Kunal,NULL,5,"International Banking & Finance , Management Accounting , Reserach Methodology , Marketing of Financial Services ","Theory, Theory, Theory, Theory",Bachelor of Commerce (Banking & Finance),31010522014
devasruta.dp@somaiya.edu,Dp,Devasruta,NULL,3,"Fixed Income Securities, Equity Market, Corporate Finance, Professional Communication Skills, Research Methodology, Strategic Management","Theory, Theory, Theory, Theory, Theory, Theory",Bachelor of Commerce (Financial Markets),31010423011
vansh.shah4@somaiya.edu,Shah,Vansh,NULL,3,"Fixed Income Securities, Equity Market, Corporate Finance, Professional Communication Skills, Research Methodology, Strategic Management","Theory, Theory, Theory, Theory, Theory, Theory",Bachelor of Commerce (Financial Markets),31010423059
bikash.singh@somaiya.edu,Singh,Bikash,NULL,3,"Fixed Income Securities, Equity Market, Corporate Finance, Professional Communication Skills, Research Methodology, Strategic Management","Theory, Theory, Theory, Theory, Theory, Theory",Bachelor of Commerce (Financial Markets),31010423092
anushka21@somaiya.edu,Bhattacharjee,Anushka,NULL,5,"Direct Taxation, Introduction to Fintech, Technical Analysis, Research Methodology, Derivative Market, Marketing in Financial Service","Theory, Theory, Theory, Theory, Theory, Theory",Bachelor of Commerce (Financial Markets),31010422006
akash.deb@somaiya.edu,Deb,Akash,NULL,5,"Direct Taxation, Introduction to Fintech, Technical Analysis, Research Methodology, Derivative Market, Marketing in Financial Service","Theory, Theory, Theory, Theory, Theory, Theory",Bachelor of Commerce (Financial Markets),31010422015
samyukta.m@somaiya.edu,Madhusudan,Samyukta,NULL,5,"Direct Taxation, Introduction to Fintech, Technical Analysis, Research Methodology, Derivative Market, Marketing in Financial Service","Theory, Theory, Theory, Theory, Theory, Theory",Bachelor of Commerce (Financial Markets),31010422052
bhavya.ostwal@somaiya.edu,Ostwal,Bhavya,NULL,5,"Direct Taxation, Introduction to Fintech, Technical Analysis, Research Methodology, Derivative Market, Marketing in Financial Service","Theory, Theory, Theory, Theory, Theory, Theory",Bachelor of Commerce (Financial Markets),31010422060
madesh.balan@somaiya.edu,Balan,Madesh,NULL,5,"Direct Taxation, Introduction to Fintech, Technical Analysis, Research Methodology, Derivative Market, Marketing in Financial Service","Theory, Theory, Theory, Theory, Theory, Theory",Bachelor of Commerce (Financial Markets),31010422093
eden.tamang@somaiya.edu,Tamang,Eden,NULL,3,"corporate accounting, Direct Taxation, Professional Communication skills - 3, Statistics - II, Digital Marketing, Company Law","Theory, Theory, Theory, Theory, Theory, Theory",Bachelor of Commerce (Specialization in Data Science),31017623012
suhani.t@somaiya.edu,Suhani,NULL,NULL,3,"corporate accounting, Direct Taxation, Professional Communication skills - 3, Statistics - II, Digital Marketing, Company Law","Theory, Theory, Theory, Theory, Theory, Theory",Bachelor of Commerce (Specialization in Data Science),31017623014
noya.ali@somaiya.edu,Ali,Noya,NULL,1,"Principles of Algorithms and Programming, Principles of Algorithms and Programming, Digital Computer Fundamentals, Digital Computer Fundamentals, Organizational Behaviour","Theory, Practical, Theory, Practical, Practical",Bachelor of Computer Applications,31011224002
navya.jose@somaiya.edu,Jose,Navya,NULL,1,"Principles of Algorithms and Programming, Principles of Algorithms and Programming, Digital Computer Fundamentals, Digital Computer Fundamentals, Organizational Behaviour","Theory, Practical, Theory, Practical, Practical",Bachelor of Computer Applications,31011224032
krish.pancholi@somaiya.edu,Pancholi,Krish,NULL,1,"Principles of Algorithms and Programming, Principles of Algorithms and Programming, Digital Computer Fundamentals, Digital Computer Fundamentals, Organizational Behaviour","Theory, Practical, Theory, Practical, Practical",Bachelor of Computer Applications,31011224045
ayushka.rao@somaiya.edu,Rao,Ayushka,NULL,1,"Principles of Algorithms and Programming, Principles of Algorithms and Programming, Digital Computer Fundamentals, Digital Computer Fundamentals, Organizational Behaviour","Theory, Practical, Theory, Practical, Practical",Bachelor of Computer Applications,31011224054
neel.santhumayor@somaiya.edu,Santhumayor,Neel,NULL,1,"Principles of Algorithms and Programming, Principles of Algorithms and Programming, Digital Computer Fundamentals, Digital Computer Fundamentals, Organizational Behaviour","Theory, Practical, Theory, Practical, Practical",Bachelor of Computer Applications,31011224055
ds@somaiya.edu,Shah,Diti,NULL,1,"Principles of Algorithms and Programming, Principles of Algorithms and Programming, Digital Computer Fundamentals, Digital Computer Fundamentals, Organizational Behaviour","Theory, Practical, Theory, Practical, Practical",Bachelor of Computer Applications,31011224056
gagandeep09@somaiya.edu,Singh,Gagandeep,NULL,1,"Principles of Algorithms and Programming, Principles of Algorithms and Programming, Digital Computer Fundamentals, Digital Computer Fundamentals, Organizational Behaviour","Theory, Practical, Theory, Practical, Practical",Bachelor of Computer Applications,31011224064
shivam.batra@somaiya.edu,Batra,Shivam,NULL,3,"Database Management System, Database Management System, Operating System, Operating System, Python Programming, Python Programming, Elements of Statistics, Elements of Statistics, Arduino Programming, Arduino Programming","Theory, Practical, Theory, Practical, Theory, Practical, Theory, Practical, Theory, Practical",Bachelor of Computer Applications,31011223004
amam.jain@somaiya.edu,Jain,Amam,NULL,3,"Database Management System, Database Management System, Operating System, Operating System, Python Programming, Python Programming, Elements of Statistics, Elements of Statistics, Arduino Programming, Arduino Programming","Theory, Practical, Theory, Practical, Theory, Practical, Theory, Practical, Theory, Practical",Bachelor of Computer Applications,31011223027
jasleen.kaur@somaiya.edu,Kaur,Jasleen,NULL,3,"Database Management System, Database Management System, Operating System, Operating System, Python Programming, Python Programming, Elements of Statistics, Elements of Statistics, Arduino Programming, Arduino Programming","Theory, Practical, Theory, Practical, Theory, Practical, Theory, Practical, Theory, Practical",Bachelor of Computer Applications,31011223032
t.khanvilkar@somaiya.edu,Khanvilkar,Trusha,NULL,3,"Database Management System, Database Management System, Operating System, Operating System, Python Programming, Python Programming, Elements of Statistics, Elements of Statistics, Arduino Programming, Arduino Programming","Theory, Practical, Theory, Practical, Theory, Practical, Theory, Practical, Theory, Practical",Bachelor of Computer Applications,31011223035
aadya.mathur@somaiya.edu,Mathur,Aadya,NULL,3,"Database Management System, Database Management System, Operating System, Operating System, Python Programming, Python Programming, Elements of Statistics, Elements of Statistics, Arduino Programming, Arduino Programming","Theory, Practical, Theory, Practical, Theory, Practical, Theory, Practical, Theory, Practical",Bachelor of Computer Applications,31011223039
karthik.g@somaiya.edu,Karthik,Govindraju,NULL,3,"Database Management System, Database Management System, Operating System, Operating System, Python Programming, Python Programming, Elements of Statistics, Elements of Statistics, Arduino Programming, Arduino Programming","Theory, Practical, Theory, Practical, Theory, Practical, Theory, Practical, Theory, Practical",Bachelor of Computer Applications,31011223080
satwik.pandey@somaiya.edu,Pandey,Satwik,NULL,3,"Database Management System, Database Management System, Operating System, Operating System, Python Programming, Python Programming, Elements of Statistics, Elements of Statistics, Arduino Programming, Arduino Programming","Theory, Practical, Theory, Practical, Theory, Practical, Theory, Practical, Theory, Practical",Bachelor of Computer Applications,31011223081
prachi.arora@somaiya.edu,Arora,Prachi,NULL,3,"Database Management System, Database Management System, Operating System, Operating System, Python Programming, Python Programming, Elements of Statistics, Elements of Statistics, Arduino Programming, Arduino Programming","Theory, Practical, Theory, Practical, Theory, Practical, Theory, Practical, Theory, Practical",Bachelor of Computer Applications,31011223083
priyanshu.l@somaiya.edu,Lahiri,Priyanshu,NULL,3,"Database Management System, Database Management System, Operating System, Operating System, Python Programming, Python Programming, Elements of Statistics, Elements of Statistics, Arduino Programming, Arduino Programming","Theory, Practical, Theory, Practical, Theory, Practical, Theory, Practical, Theory, Practical",Bachelor of Computer Applications,31011223085
melanie.f@somaiya.edu,Fernandes,Melanie,NULL,5,"Software Project Management, Software Project Management, Artificial Intelligence and Machine Learning, Artificial Intelligence and Machine Learning, MERN Stack, MERN Stack, Cloud Computing, Cloud Computing","Theory, Practical, Theory, Practical, Theory, Practical, Theory, Practical",Bachelor of Computer Applications,31011222011
oishee.g@somaiya.edu,Goswami,Oishee,NULL,5,"Software Project Management, Software Project Management, Artificial Intelligence and Machine Learning, Artificial Intelligence and Machine Learning, MERN Stack, MERN Stack, Cloud Computing, Cloud Computing","Theory, Practical, Theory, Practical, Theory, Practical, Theory, Practical",Bachelor of Computer Applications,31011222018
sohaib.iqbal@somaiya.edu,Iqbal,Sohaib,NULL,5,"Software Project Management, Software Project Management, Artificial Intelligence and Machine Learning, Artificial Intelligence and Machine Learning, MERN Stack, MERN Stack, Cloud Computing, Cloud Computing","Theory, Practical, Theory, Practical, Theory, Practical, Theory, Practical",Bachelor of Computer Applications,31011222022
a.joshi@somaiya.edu,Joshi,Ananya,NULL,5,"Software Project Management, Software Project Management, Artificial Intelligence and Machine Learning, Artificial Intelligence and Machine Learning, MERN Stack, MERN Stack, Cloud Computing, Cloud Computing","Theory, Practical, Theory, Practical, Theory, Practical, Theory, Practical",Bachelor of Computer Applications,31011222026
shazeb.khan@somaiya.edu,Khan,Shazeb,NULL,5,"Software Project Management, Software Project Management, Artificial Intelligence and Machine Learning, Artificial Intelligence and Machine Learning, MERN Stack, MERN Stack, Cloud Computing, Cloud Computing","Theory, Practical, Theory, Practical, Theory, Practical, Theory, Practical",Bachelor of Computer Applications,31011222031
mehak.pillai@somaiya.edu,Pillai,Mehak,NULL,5,"Software Project Management, Software Project Management, Artificial Intelligence and Machine Learning, Artificial Intelligence and Machine Learning, MERN Stack, MERN Stack, Cloud Computing, Cloud Computing","Theory, Practical, Theory, Practical, Theory, Practical, Theory, Practical",Bachelor of Computer Applications,31011222051
akshay.r@somaiya.edu,Ramakrishna,Akshay,NULL,5,"Software Project Management, Software Project Management, Artificial Intelligence and Machine Learning, Artificial Intelligence and Machine Learning, MERN Stack, MERN Stack, Cloud Computing, Cloud Computing","Theory, Practical, Theory, Practical, Theory, Practical, Theory, Practical",Bachelor of Computer Applications,31011222055
ramesh.pratyush@somaiya.edu,Ramesh,Pratyush,NULL,5,"Software Project Management, Software Project Management, Artificial Intelligence and Machine Learning, Artificial Intelligence and Machine Learning, MERN Stack, MERN Stack, Cloud Computing, Cloud Computing","Theory, Practical, Theory, Practical, Theory, Practical, Theory, Practical",Bachelor of Computer Applications,31011222056
shawn.s@somaiya.edu,Sequeira,Shawn,NULL,5,"Software Project Management, Software Project Management, Artificial Intelligence and Machine Learning, Artificial Intelligence and Machine Learning, MERN Stack, MERN Stack, Cloud Computing, Cloud Computing","Theory, Practical, Theory, Practical, Theory, Practical, Theory, Practical",Bachelor of Computer Applications,31011222060
sirishti.s@somaiya.edu,Singh,Sirishti,NULL,5,"Software Project Management, Software Project Management, Artificial Intelligence and Machine Learning, Artificial Intelligence and Machine Learning, MERN Stack, MERN Stack, Cloud Computing, Cloud Computing","Theory, Practical, Theory, Practical, Theory, Practical, Theory, Practical",Bachelor of Computer Applications,31011222072
surajnarayan.m@somaiya.edu,Suraj,Narayan,NULL,5,"Software Project Management, Software Project Management, Artificial Intelligence and Machine Learning, Artificial Intelligence and Machine Learning, MERN Stack, MERN Stack, Cloud Computing, Cloud Computing","Theory, Practical, Theory, Practical, Theory, Practical, Theory, Practical",Bachelor of Computer Applications,31011222089
priyadarshiny.d@somaiya.edu,Das,Priyadarshiny,NULL,1,"Biochemistry-I, CELL BIOLOGY 1, Chemistry I, Role of Computers in Biology, Microbiology 1, Biochemistry 1, CELL BIOLOGY 1, Chemistry I, Role of Computers in Biology, Microbiology 1","Theory, Theory, Theory, Theory, Theory, Practical, Practical, Practical, Practical, Practical",Bachelor of Science (Biotechnology),31011324006
tanishka.gupta@somaiya.edu,Gupta,Tanishka,NULL,1,"Biochemistry-I, CELL BIOLOGY 1, Chemistry I, Role of Computers in Biology, Microbiology 1, Biochemistry 1, CELL BIOLOGY 1, Chemistry I, Role of Computers in Biology, Microbiology 1","Theory, Theory, Theory, Theory, Theory, Practical, Practical, Practical, Practical, Practical",Bachelor of Science (Biotechnology),31011324010
epsita.k@somaiya.edu,Khanra,Epsita,NULL,1,"Biochemistry-I, CELL BIOLOGY 1, Chemistry I, Role of Computers in Biology, Microbiology 1, Biochemistry 1, CELL BIOLOGY 1, Chemistry I, Role of Computers in Biology, Microbiology 1","Theory, Theory, Theory, Theory, Theory, Practical, Practical, Practical, Practical, Practical",Bachelor of Science (Biotechnology),31011324014
lavanya.meel@somaiya.edu,Meel,Lavanya,NULL,1,"Biochemistry-I, CELL BIOLOGY 1, Chemistry I, Role of Computers in Biology, Microbiology 1, Biochemistry 1, CELL BIOLOGY 1, Chemistry I, Role of Computers in Biology, Microbiology 1","Theory, Theory, Theory, Theory, Theory, Practical, Practical, Practical, Practical, Practical",Bachelor of Science (Biotechnology),31011324016
sneha.mishra@somaiya.edu,Mishra,Sneha,NULL,1,"Biochemistry-I, CELL BIOLOGY 1, Chemistry I, Role of Computers in Biology, Microbiology 1, Biochemistry 1, CELL BIOLOGY 1, Chemistry I, Role of Computers in Biology, Microbiology 1","Theory, Theory, Theory, Theory, Theory, Practical, Practical, Practical, Practical, Practical",Bachelor of Science (Biotechnology),31011324017
anushree.nabar@somaiya.edu,Nabar,Anushree,NULL,1,"Biochemistry-I, CELL BIOLOGY 1, Chemistry I, Role of Computers in Biology, Microbiology 1, Biochemistry 1, CELL BIOLOGY 1, Chemistry I, Role of Computers in Biology, Microbiology 1","Theory, Theory, Theory, Theory, Theory, Practical, Practical, Practical, Practical, Practical",Bachelor of Science (Biotechnology),31011324019
spruha.sahoo@somaiya.edu,Sahoo,Spruha,NULL,1,"Biochemistry-I, CELL BIOLOGY 1, Chemistry I, Role of Computers in Biology, Microbiology 1, Biochemistry 1, CELL BIOLOGY 1, Chemistry I, Role of Computers in Biology, Microbiology 1","Theory, Theory, Theory, Theory, Theory, Practical, Practical, Practical, Practical, Practical",Bachelor of Science (Biotechnology),31011324025
krishnpriya.s@somaiya.edu,Singhal,Krishnpriya,NULL,1,"Biochemistry-I, CELL BIOLOGY 1, Chemistry I, Role of Computers in Biology, Microbiology 1, Biochemistry 1, CELL BIOLOGY 1, Chemistry I, Role of Computers in Biology, Microbiology 1","Theory, Theory, Theory, Theory, Theory, Practical, Practical, Practical, Practical, Practical",Bachelor of Science (Biotechnology),31011324030
devanshi30@somaiya.edu,Srivastava,Devanshi,NULL,1,"Biochemistry-I, CELL BIOLOGY 1, Chemistry I, Role of Computers in Biology, Microbiology 1, Biochemistry 1, CELL BIOLOGY 1, Chemistry I, Role of Computers in Biology, Microbiology 1","Theory, Theory, Theory, Theory, Theory, Practical, Practical, Practical, Practical, Practical",Bachelor of Science (Biotechnology),31011324031
pratham.a@somaiya.edu,Advani,Pratham,NULL,3,"Cellular metabolism 1, Genetics and Molecular Biology-I, Basic Bioanalytical Techniques, Cellular metabolism 1, Genetics and Molecular Biology-I, Basic Bioanalytical Techniques, Basics of Plant and Animal Tissue Culture, Basics of Plant and Animal Tissue Culture, Environmental Pollution and Bioethics, Genomic sequence analysis, Genomic sequence analysis","Theory, Theory, Theory, Practical, Practical, Practical, Theory, Practical, Theory, Theory, Practical",Bachelor of Science (Biotechnology),31011323003
rohit.guchhait@somaiya.edu,Guchhait,Rohit,NULL,3,"Cellular metabolism 1, Genetics and Molecular Biology-I, Basic Bioanalytical Techniques, Cellular metabolism 1, Genetics and Molecular Biology-I, Basic Bioanalytical Techniques, Basics of Plant and Animal Tissue Culture, Basics of Plant and Animal Tissue Culture, Environmental Pollution and Bioethics, Genomic sequence analysis, Genomic sequence analysis","Theory, Theory, Theory, Practical, Practical, Practical, Theory, Practical, Theory, Theory, Practical",Bachelor of Science (Biotechnology),31011323010
ashita.h@somaiya.edu,Harish,Ashita,NULL,3,"Cellular metabolism 1, Genetics and Molecular Biology-I, Basic Bioanalytical Techniques, Cellular metabolism 1, Genetics and Molecular Biology-I, Basic Bioanalytical Techniques, Basics of Plant and Animal Tissue Culture, Basics of Plant and Animal Tissue Culture, Environmental Pollution and Bioethics, Genomic sequence analysis, Genomic sequence analysis","Theory, Theory, Theory, Practical, Practical, Practical, Theory, Practical, Theory, Theory, Practical",Bachelor of Science (Biotechnology),31011323011
abhigyan.jha@somaiya.edu,Jha,Abhigyan,NULL,3,"Cellular metabolism 1, Genetics and Molecular Biology-I, Basic Bioanalytical Techniques, Cellular metabolism 1, Genetics and Molecular Biology-I, Basic Bioanalytical Techniques, Basics of Plant and Animal Tissue Culture, Basics of Plant and Animal Tissue Culture, Environmental Pollution and Bioethics, Genomic sequence analysis, Genomic sequence analysis","Theory, Theory, Theory, Practical, Practical, Practical, Theory, Practical, Theory, Theory, Practical",Bachelor of Science (Biotechnology),31011323013
nneharika.b@somaiya.edu,N,Neharika,NULL,3,"Cellular metabolism 1, Genetics and Molecular Biology-I, Basic Bioanalytical Techniques, Cellular metabolism 1, Genetics and Molecular Biology-I, Basic Bioanalytical Techniques, Basics of Plant and Animal Tissue Culture, Basics of Plant and Animal Tissue Culture, Environmental Pollution and Bioethics, Genomic sequence analysis, Genomic sequence analysis","Theory, Theory, Theory, Practical, Practical, Practical, Theory, Practical, Theory, Theory, Practical",Bachelor of Science (Biotechnology),31011323018
nandita.shetty@somaiya.edu,Shetty,Nandita,NULL,3,"Cellular metabolism 1, Genetics and Molecular Biology-I, Basic Bioanalytical Techniques, Cellular metabolism 1, Genetics and Molecular Biology-I, Basic Bioanalytical Techniques, Basics of Plant and Animal Tissue Culture, Basics of Plant and Animal Tissue Culture, Environmental Pollution and Bioethics, Genomic sequence analysis, Genomic sequence analysis","Theory, Theory, Theory, Practical, Practical, Practical, Theory, Practical, Theory, Theory, Practical",Bachelor of Science (Biotechnology),31011323029
sherin.d@somaiya.edu,Daniel,Sherin,NULL,5,"Bioprocess technology, Recombinant DNA technology, Recombinant DNA technology, Bioprocess technology, Plant_ Agriculture and Animal Biotechnology , Food Biotechnology , Plant_ Agriculture and Animal Biotechnology , Food Biotechnology","Theory, Theory, Practical, Practical, Theory, Theory, Practical, Practical",Bachelor of Science (Biotechnology),31011322006
kunal.chauhan@somaiya.edu,Chauhan,Kunal,NULL,5,"Data Mining and adaptive Business Intelligence, Information and Network Security, Information and Network Security, Software Testing and Quality Assurance, Software Testing and Quality Assurance, PL/SQL and NoSQL Databases, PL/SQL and NoSQL Databases, Artificial Intelligence, Artificial Intelligence, Data visualization & Analysis in Python, Data visualization & Analysis in Python, Data Mining and Adaptive Business Intelligence","Theory, Theory, Practical, Theory, Practical, Theory, Practical, Theory, Practical, Theory, Practical, Practical",Bachelor of Science (Computer Science),31011122010
dc1@somaiya.edu,Choudhary,Deepak,NULL,5,"Data Mining and adaptive Business Intelligence, Information and Network Security, Information and Network Security, Software Testing and Quality Assurance, Software Testing and Quality Assurance, PL/SQL and NoSQL Databases, PL/SQL and NoSQL Databases, Artificial Intelligence, Artificial Intelligence, Data visualization & Analysis in Python, Data visualization & Analysis in Python, Data Mining and Adaptive Business Intelligence","Theory, Theory, Practical, Theory, Practical, Theory, Practical, Theory, Practical, Theory, Practical, Practical",Bachelor of Science (Computer Science),31011122018
meenal.sharma@somaiya.edu,Sharma,Meenal,NULL,5,"Data Mining and adaptive Business Intelligence, Information and Network Security, Information and Network Security, Software Testing and Quality Assurance, Software Testing and Quality Assurance, PL/SQL and NoSQL Databases, PL/SQL and NoSQL Databases, Artificial Intelligence, Artificial Intelligence, Data visualization & Analysis in Python, Data visualization & Analysis in Python, Data Mining and Adaptive Business Intelligence","Theory, Theory, Practical, Theory, Practical, Theory, Practical, Theory, Practical, Theory, Practical, Practical",Bachelor of Science (Computer Science),31011122081
aditi.singh@somaiya.edu,Singh,Aditi,NULL,5,"Data Mining and adaptive Business Intelligence, Information and Network Security, Information and Network Security, Software Testing and Quality Assurance, Software Testing and Quality Assurance, PL/SQL and NoSQL Databases, PL/SQL and NoSQL Databases, Artificial Intelligence, Artificial Intelligence, Data visualization & Analysis in Python, Data visualization & Analysis in Python, Data Mining and Adaptive Business Intelligence","Theory, Theory, Practical, Theory, Practical, Theory, Practical, Theory, Practical, Theory, Practical, Practical",Bachelor of Science (Computer Science),31011122087
aishwarya.singh@somaiya.edu,Singh,Aishwarya,NULL,5,"Data Mining and adaptive Business Intelligence, Information and Network Security, Information and Network Security, Software Testing and Quality Assurance, Software Testing and Quality Assurance, PL/SQL and NoSQL Databases, PL/SQL and NoSQL Databases, Artificial Intelligence, Artificial Intelligence, Data visualization & Analysis in Python, Data visualization & Analysis in Python, Data Mining and Adaptive Business Intelligence","Theory, Theory, Practical, Theory, Practical, Theory, Practical, Theory, Practical, Theory, Practical, Practical",Bachelor of Science (Computer Science),31011122088
dhanesh.n@somaiya.edu,Dhanesh,Narayanan,NULL,5,"Data Mining and adaptive Business Intelligence, Information and Network Security, Information and Network Security, Software Testing and Quality Assurance, Software Testing and Quality Assurance, PL/SQL and NoSQL Databases, PL/SQL and NoSQL Databases, Artificial Intelligence, Artificial Intelligence, Data visualization & Analysis in Python, Data visualization & Analysis in Python, Data Mining and Adaptive Business Intelligence","Theory, Theory, Practical, Theory, Practical, Theory, Practical, Theory, Practical, Theory, Practical, Practical",Bachelor of Science (Computer Science),31011122106
mahi.jaiswal@somaiya.edu,Jaiswal,Mahi,NULL,3,"Data Structure using python, Data Structure using python, Introduction to Data Science, Introduction to Data Science, Oracle and PL/SQL, Professional Communication Skill III, Graph Theory and Optimization","Theory, Practical, Theory, Practical, Theory, Theory, Theory",Bachelor of Science (Data Science),31013023007
nandini.n@somaiya.edu,Nair,Nandini,NULL,3,"Data Structure using python, Data Structure using python, Introduction to Data Science, Introduction to Data Science, Oracle and PL/SQL, Professional Communication Skill III, Graph Theory and Optimization","Theory, Practical, Theory, Practical, Theory, Theory, Theory",Bachelor of Science (Data Science),31013023019
vedant.padhy@somaiya.edu,Padhy,Vedant,NULL,3,"Data Structure using python, Data Structure using python, Introduction to Data Science, Introduction to Data Science, Oracle and PL/SQL, Professional Communication Skill III, Graph Theory and Optimization","Theory, Practical, Theory, Practical, Theory, Theory, Theory",Bachelor of Science (Data Science),31013023022
rishu.r@somaiya.edu,Raveendran,Rishu,NULL,3,"Data Structure using python, Data Structure using python, Introduction to Data Science, Introduction to Data Science, Oracle and PL/SQL, Professional Communication Skill III, Graph Theory and Optimization","Theory, Practical, Theory, Practical, Theory, Theory, Theory",Bachelor of Science (Data Science),31013023028
jiya.sinha@somaiya.edu,Sinha,Jiya,NULL,3,"Data Structure using python, Data Structure using python, Introduction to Data Science, Introduction to Data Science, Oracle and PL/SQL, Professional Communication Skill III, Graph Theory and Optimization","Theory, Practical, Theory, Practical, Theory, Theory, Theory",Bachelor of Science (Data Science),31013023035
aryan.syam@somaiya.edu,Syam,Aryan,NULL,3,"Data Structure using python, Data Structure using python, Introduction to Data Science, Introduction to Data Science, Oracle and PL/SQL, Professional Communication Skill III, Graph Theory and Optimization","Theory, Practical, Theory, Practical, Theory, Theory, Theory",Bachelor of Science (Data Science),31013023036
sahil.mony@somaiya.edu,Mony,Sahil,NULL,5,"Software Model Designing, Software Model Designing, Analytics for IOT, Analytics for IOT, Big Data Analytics, Big Data Analytics, Image Analytics, Image Analytics","Theory, Practical, Theory, Practical, Theory, Practical, Theory, Practical",Bachelor of Science (Data Science),31013022012
janhavi.sikarwar@somaiya.edu,Sikarwar,Janhavi,NULL,5,"Software Model Designing, Software Model Designing, Analytics for IOT, Analytics for IOT, Big Data Analytics, Big Data Analytics, Image Analytics, Image Analytics","Theory, Practical, Theory, Practical, Theory, Practical, Theory, Practical",Bachelor of Science (Data Science),31013022021
akashlina.d@somaiya.edu,Dhar,Akashlina,NULL,1,"Macroeconomics, Microeconomics, Micro Economics I, Macro Economics I, Professional Communication Skill – I, Statistics in Economics I, Constitution and Public Policy","Theory, Theory, Theory, Theory, Theory, Theory, Theory",Bachelor of Science (Economics),31013124003
tarit.kamboj@somaiya.edu,Kamboj,Tarit,NULL,1,"Macroeconomics, Microeconomics, Micro Economics I, Macro Economics I, Professional Communication Skill – I, Statistics in Economics I, Constitution and Public Policy","Theory, Theory, Theory, Theory, Theory, Theory, Theory",Bachelor of Science (Economics),31013124006
v.maheshwari@somaiya.edu,Maheshwari,Vedant,NULL,1,"Macroeconomics, Microeconomics, Micro Economics I, Macro Economics I, Professional Communication Skill – I, Statistics in Economics I, Constitution and Public Policy","Theory, Theory, Theory, Theory, Theory, Theory, Theory",Bachelor of Science (Economics),31013124009
gungun.m@somaiya.edu,Malani,Gungun,NULL,1,"Macroeconomics, Microeconomics, Micro Economics I, Macro Economics I, Professional Communication Skill – I, Statistics in Economics I, Constitution and Public Policy","Theory, Theory, Theory, Theory, Theory, Theory, Theory",Bachelor of Science (Economics),31013124010
ved.s@somaiya.edu,Ved,Suriyakumar,NULL,1,"Macroeconomics, Microeconomics, Micro Economics I, Macro Economics I, Professional Communication Skill – I, Statistics in Economics I, Constitution and Public Policy","Theory, Theory, Theory, Theory, Theory, Theory, Theory",Bachelor of Science (Economics),31013124017
sameek.s@somaiya.edu,Sameek,NULL,NULL,1,"Macroeconomics, Microeconomics, Micro Economics I, Macro Economics I, Professional Communication Skill – I, Statistics in Economics I, Constitution and Public Policy","Theory, Theory, Theory, Theory, Theory, Theory, Theory",Bachelor of Science (Economics),31013124019
shristi26@somaiya.edu,Agarwal,Shristi,NULL,3,"Public economics, Urban Economics, Wealth management, Public Economics, Professional Skill III, Basics of Mathematical methods for Economics , Business Ethics and Corporate Social Responsibility","Theory, Theory, Theory, Theory, Theory, Theory, Theory",Bachelor of Science (Economics),31013123001
sugandha.h@somaiya.edu,Haty,Sugandha,NULL,3,"Public economics, Urban Economics, Wealth management, Public Economics, Professional Skill III, Basics of Mathematical methods for Economics , Business Ethics and Corporate Social Responsibility","Theory, Theory, Theory, Theory, Theory, Theory, Theory",Bachelor of Science (Economics),31013123006
saniya.mukherjee@somaiya.edu,Mukherjee,Saniya,NULL,3,"Public economics, Urban Economics, Wealth management, Public Economics, Professional Skill III, Basics of Mathematical methods for Economics , Business Ethics and Corporate Social Responsibility","Theory, Theory, Theory, Theory, Theory, Theory, Theory",Bachelor of Science (Economics),31013123009
ikshita.salecha@somaiya.edu,Salecha,Ikshita,NULL,3,"Public economics, Urban Economics, Wealth management, Public Economics, Professional Skill III, Basics of Mathematical methods for Economics , Business Ethics and Corporate Social Responsibility","Theory, Theory, Theory, Theory, Theory, Theory, Theory",Bachelor of Science (Economics),31013123010
suvarna.s@somaiya.edu,Suvarna,Siddharth,NULL,3,"Public economics, Urban Economics, Wealth management, Public Economics, Professional Skill III, Basics of Mathematical methods for Economics , Business Ethics and Corporate Social Responsibility","Theory, Theory, Theory, Theory, Theory, Theory, Theory",Bachelor of Science (Economics),31013123013
alysha.r@somaiya.edu,Rozario,Alysha,NULL,1,"Foundation Course in Chemistry -I, Foundation Course in Chemistry-II, Introductory Chemistry Laboratory-I, Introductory Biology, Introductory Biology, Introductory Biology Laboratory, Introduction to Programming using Python, Introduction to Programming using Python, Foundations of Classical Physics, Foundations of Classical Physics, Physics Laboratory-I","Theory, Theory, Practical, Theory, Tutorial, Practical, Theory, Practical, Theory, Tutorial, Tutorial",Integrated Bachelor of Science-Master of Science,31017124006
kashmita.g@somaiya.edu,Gogoi,Kashmita,NULL,1,"Global Media Challenges and Perspectives, Principles and Theories of Communication, Communication for Development","Theory, Theory, Theory",Master of Arts (Communication & Journalism),31032824006
sowmya.i@somaiya.edu,Iyer,Sowmya,NULL,1,"Global Media Challenges and Perspectives, Principles and Theories of Communication, Communication for Development","Theory, Theory, Theory",Master of Arts (Communication & Journalism),31032824008
shreya.jha1@somaiya.edu,Jha,Shreya,NULL,1,"Global Media Challenges and Perspectives, Principles and Theories of Communication, Communication for Development","Theory, Theory, Theory",Master of Arts (Communication & Journalism),31032824010
shayani.m@somaiya.edu,Mahapatra,Shayani,NULL,1,"Global Media Challenges and Perspectives, Principles and Theories of Communication, Communication for Development","Theory, Theory, Theory",Master of Arts (Communication & Journalism),31032824012
anjaneya.m@somaiya.edu,Mulekar,Anjaneya,NULL,1,"Global Media Challenges and Perspectives, Principles and Theories of Communication, Communication for Development","Theory, Theory, Theory",Master of Arts (Communication & Journalism),31032824013
aa10@somaiya.edu,Agrawal,Ayush,NULL,1,"Public Finance, Microeconomics, Microeconomics I, Mathematical economics, Statistical Techniques, Economics of Demography","Theory, Theory, Theory, Theory, Theory, Theory",Master of Arts (Economics),31032624001
meenal.b@somaiya.edu,Bishnoi,Meenal,NULL,1,"Public Finance, Microeconomics, Microeconomics I, Mathematical economics, Statistical Techniques, Economics of Demography","Theory, Theory, Theory, Theory, Theory, Theory",Master of Arts (Economics),31032624003
vedika.kakde@somaiya.edu,Kakde,Vedika,NULL,1,"Public Finance, Microeconomics, Microeconomics I, Mathematical economics, Statistical Techniques, Economics of Demography","Theory, Theory, Theory, Theory, Theory, Theory",Master of Arts (Economics),31032624011
saakshi.prakash@somaiya.edu,Prakash,Saakshi,NULL,1,"Public Finance, Microeconomics, Microeconomics I, Mathematical economics, Statistical Techniques, Economics of Demography","Theory, Theory, Theory, Theory, Theory, Theory",Master of Arts (Economics),31032624018
vaishali25@somaiya.edu,Singh,Vaishali,NULL,1,"Public Finance, Microeconomics, Microeconomics I, Mathematical economics, Statistical Techniques, Economics of Demography","Theory, Theory, Theory, Theory, Theory, Theory",Master of Arts (Economics),31032624023
kashish.bajaj@somaiya.edu,Bajaj,Kashish,NULL,1,"Professional Communication, Principles of Entertainment Media","Theory, Theory",Master of Arts (Entertainment Media & Advertising),31032724004
mansi.dixit@somaiya.edu,Dixit,Mansi,NULL,1,"Professional Communication, Principles of Entertainment Media","Theory, Theory",Master of Arts (Entertainment Media & Advertising),31032724008
yugadya.d@somaiya.edu,Dubey,Yugadya,NULL,1,"Professional Communication, Principles of Entertainment Media","Theory, Theory",Master of Arts (Entertainment Media & Advertising),31032724009
kanishka.jalan@somaiya.edu,Jalan,Kanishka,NULL,1,"Professional Communication, Principles of Entertainment Media","Theory, Theory",Master of Arts (Entertainment Media & Advertising),31032724010
sakshi.kasabe@somaiya.edu,Kasabe,Sakshi,NULL,1,"Professional Communication, Principles of Entertainment Media","Theory, Theory",Master of Arts (Entertainment Media & Advertising),31032724014
sreya.ks@somaiya.edu,Ks,Sreya,NULL,1,"Professional Communication, Principles of Entertainment Media","Theory, Theory",Master of Arts (Entertainment Media & Advertising),31032724015
v.neelakantan@somaiya.edu,Neelakantan,Vaishnavi,NULL,1,"Professional Communication, Principles of Entertainment Media","Theory, Theory",Master of Arts (Entertainment Media & Advertising),31032724020
tushar10@somaiya.edu,Patel,Tushar,NULL,1,"Professional Communication, Principles of Entertainment Media","Theory, Theory",Master of Arts (Entertainment Media & Advertising),31032724022
mansi.patil1@somaiya.edu,Patil,Mansi,NULL,1,"Professional Communication, Principles of Entertainment Media","Theory, Theory",Master of Arts (Entertainment Media & Advertising),31032724023
harshal.rathore@somaiya.edu,Rathore,Harshal,NULL,1,"Professional Communication, Principles of Entertainment Media","Theory, Theory",Master of Arts (Entertainment Media & Advertising),31032724025
sanjeevani.d@somaiya.edu,Dhavare,Sanjeevani,NULL,1,"Theories of International Relations , Contemporary Geopolitics , Public Policy Analysis , The Evolution of India's Foreign Policy ","Theory, Theory, Theory, Theory",Master of Arts (International Studies),31037224003
anagha.ganesh@somaiya.edu,Ganesh,Anagha,NULL,1,"Theories of International Relations , Contemporary Geopolitics , Public Policy Analysis , The Evolution of India's Foreign Policy ","Theory, Theory, Theory, Theory",Master of Arts (International Studies),31037224004
jenis.lalu@somaiya.edu,Lalu,Jenis,NULL,1,"Theories of International Relations , Contemporary Geopolitics , Public Policy Analysis , The Evolution of India's Foreign Policy ","Theory, Theory, Theory, Theory",Master of Arts (International Studies),31037224008
tasha.sharma@somaiya.edu,Sharma,Tasha,NULL,1,"Theories of International Relations , Contemporary Geopolitics , Public Policy Analysis , The Evolution of India's Foreign Policy ","Theory, Theory, Theory, Theory",Master of Arts (International Studies),31037224012
diya.shelke@somaiya.edu,Shelke,Diya,NULL,1,"Theories of International Relations , Contemporary Geopolitics , Public Policy Analysis , The Evolution of India's Foreign Policy ","Theory, Theory, Theory, Theory",Master of Arts (International Studies),31037224013
jayashrinidhi.v@somaiya.edu,Venkatesh,Jayashrinidhi,NULL,1,"Theories of International Relations , Contemporary Geopolitics , Public Policy Analysis , The Evolution of India's Foreign Policy ","Theory, Theory, Theory, Theory",Master of Arts (International Studies),31037224016
kasturi.kadam@somaiya.edu,Kadam,Kasturi,NULL,1,"Advanced Accounting , Direct Tax, Advanced Research Methodology , Operations Research, Data Management using Spreadsheets , Research Statistical Analysis","Theory, Theory, Theory, Theory, Theory, Theory",Master of Commerce (Accounting & Finance),31032524007
malavika.r@somaiya.edu,Ramesan,Malavika,NULL,1,"Advanced Accounting , Direct Tax, Advanced Research Methodology , Operations Research, Data Management using Spreadsheets , Research Statistical Analysis","Theory, Theory, Theory, Theory, Theory, Theory",Master of Commerce (Accounting & Finance),31032524020
deepanshi.g@somaiya.edu,Gupta,Deepanshi,NULL,1," Biochemistry , Immunology , Molecular Biology , Advanced Analytical techniques, Biochemistry, Immunology , Molecular Biology , Advanced Analytical techniques","Theory, Theory, Theory, Theory, Practical, Practical, Practical, Practical",Master of Science (Biotechnology),31031624008
isha.h@somaiya.edu,Hattangadi,Isha,NULL,1," Biochemistry , Immunology , Molecular Biology , Advanced Analytical techniques, Biochemistry, Immunology , Molecular Biology , Advanced Analytical techniques","Theory, Theory, Theory, Theory, Practical, Practical, Practical, Practical",Master of Science (Biotechnology),31031624009
nidhi.kumari@somaiya.edu,Kumari,Nidhi,NULL,1," Biochemistry , Immunology , Molecular Biology , Advanced Analytical techniques, Biochemistry, Immunology , Molecular Biology , Advanced Analytical techniques","Theory, Theory, Theory, Theory, Practical, Practical, Practical, Practical",Master of Science (Biotechnology),31031624014
anash.s@somaiya.edu,Siddique,Anash,NULL,1,"Algebra I, Algebra I, Linear Algebra, Linear Algebra, SageMath, Probability and Statistics using R, Probability and Statistics using R, Research Methodology, Research Methodology","Theory, Tutorial, Theory, Tutorial, Practical, Theory, Practical, Theory, Tutorial",Master of Science (Mathematics),31031724008
smita.khambal@somaiya.edu,Khambal,Smita,NULL,1,"Characterization of Food and Nutraceuticals, Characterization of Food and Nutraceuticals, Nutraceuticals, Nutraceuticals, Nutrigenomics_ biostatistics and bioinformatics, Nutrigenomics_ biostatistics and bioinformatics, Spectroscopy, Spectroscopy","Theory, Practical, Theory, Practical, Theory, Practical, Theory, Practical",Master of Science (Nutraceuticals),31032024009
yash.nanaware@somaiya.edu,Nanaware,Yash,NULL,1,"Characterization of Food and Nutraceuticals, Characterization of Food and Nutraceuticals, Nutraceuticals, Nutraceuticals, Nutrigenomics_ biostatistics and bioinformatics, Nutrigenomics_ biostatistics and bioinformatics, Spectroscopy, Spectroscopy","Theory, Practical, Theory, Practical, Theory, Practical, Theory, Practical",Master of Science (Nutraceuticals),31032024015
sara.sarwar@somaiya.edu,Sarwar,Sara,NULL,1,"Characterization of Food and Nutraceuticals, Characterization of Food and Nutraceuticals, Nutraceuticals, Nutraceuticals, Nutrigenomics_ biostatistics and bioinformatics, Nutrigenomics_ biostatistics and bioinformatics, Spectroscopy, Spectroscopy","Theory, Practical, Theory, Practical, Theory, Practical, Theory, Practical",Master of Science (Nutraceuticals),31032024019
duba.nandini@somaiya.edu,Nandini,Duba,NULL,1,"Theory of Estimation, Theory of Estimation, Linear Models , Linear Models , Statistical Computing using R and Python, Statistical Computing using R and Python, Research Methodology I, Sampling Techniques, Sampling Techniques","Theory, Practical, Theory, Practical, Theory, Practical, Theory, Theory, Practical",Master of Science (Statistics),31031824006
megha.patel@somaiya.edu,Patel,Megha,NULL,1,"Theory of Estimation, Theory of Estimation, Linear Models , Linear Models , Statistical Computing using R and Python, Statistical Computing using R and Python, Research Methodology I, Sampling Techniques, Sampling Techniques","Theory, Practical, Theory, Practical, Theory, Practical, Theory, Theory, Practical",Master of Science (Statistics),31031824007
as41@somaiya.edu,Sharma,Abhishek,NULL,1,"Theory of Estimation, Theory of Estimation, Linear Models , Linear Models , Statistical Computing using R and Python, Statistical Computing using R and Python, Research Methodology I, Sampling Techniques, Sampling Techniques","Theory, Practical, Theory, Practical, Theory, Practical, Theory, Theory, Practical",Master of Science (Statistics),31031824011
